
 /----------------------------------------------------------------------------\
 |  yosys -- Yosys Open SYnthesis Suite                                       |
 |  Copyright (C) 2012 - 2026  Claire Xenia Wolf <claire@yosyshq.com>         |
 |  Distributed under an ISC-like license, type "license" to see terms        |
 \----------------------------------------------------------------------------/
 Yosys 0.68+ (git sha1 36d0660ff-dirty, Release, GNU /home/conda/feedstock_root/build_artifacts/yosys_1786465780695/_build_env/bin/x86_64-conda-linux-gnu-c++ 14.4.0) [github.com/conda-forge/yosys-feedstock at main]

-- Executing script file `/home/rithwik/model2rtl/build/stage5/sweep/sweep_256x32/sweep_256x32_portable_sky130.ys' --

1. Executing Liberty frontend: /home/rithwik/pdk/sky130A/libs.ref/sky130_fd_sc_hd/lib/sky130_fd_sc_hd__tt_025C_1v80.lib
Imported 428 cell types from liberty file.

2. Executing Verilog-2005 frontend: /home/rithwik/model2rtl/build/stage5/sweep/sweep_256x32/sweep_256x32_portable.v
Parsing Verilog input from `/home/rithwik/model2rtl/build/stage5/sweep/sweep_256x32/sweep_256x32_portable.v' to AST representation.
Generating RTLIL representation for module `\sweep_256x32_portable'.
Successfully finished Verilog frontend.

3. Executing HIERARCHY pass (managing design hierarchy).

3.1. Analyzing design hierarchy..
Top module:  \sweep_256x32_portable

3.2. Analyzing design hierarchy..
Top module:  \sweep_256x32_portable
Removed 0 unused modules.

4. Executing PROC pass (convert processes to netlists).

4.1. Executing PROC_CLEAN pass (remove empty switches from decision trees).
Cleaned up 0 empty switches.

4.2. Executing PROC_RMDEAD pass (remove dead branches from decision trees).
Removed 1 dead cases from process $proc$/home/rithwik/model2rtl/build/stage5/sweep/sweep_256x32/sweep_256x32_portable.v:10$1 in module sweep_256x32_portable.
Marked 1 switch rules as full_case in process $proc$/home/rithwik/model2rtl/build/stage5/sweep/sweep_256x32/sweep_256x32_portable.v:10$1 in module sweep_256x32_portable.
Removed a total of 1 dead cases.

4.3. Executing PROC_PRUNE pass (remove redundant assignments in processes).
Removed 0 redundant assignments.
Promoted 0 assignments to connections.

4.4. Executing PROC_INIT pass (extract init attributes).

4.5. Executing PROC_ARST pass (detect async resets in processes).

4.6. Executing PROC_ROM pass (convert switches to ROMs).
Converted 1 switch.
<suppressed ~1 debug messages>

4.7. Executing PROC_MUX pass (convert decision trees to multiplexers).
Creating decoders for process `\sweep_256x32_portable.$proc$/home/rithwik/model2rtl/build/stage5/sweep/sweep_256x32/sweep_256x32_portable.v:10$1'.
     1/1: $0\dout[31:0]

4.8. Executing PROC_DLATCH pass (convert process syncs to latches).

4.9. Executing PROC_DFF pass (convert process syncs to FFs).
Creating register for signal `\sweep_256x32_portable.\dout' using process `\sweep_256x32_portable.$proc$/home/rithwik/model2rtl/build/stage5/sweep/sweep_256x32/sweep_256x32_portable.v:10$1'.
  created $dff cell `$procdff$9' with positive edge clock.

4.10. Executing PROC_MEMWR pass (convert process memory writes to cells).

4.11. Executing PROC_CLEAN pass (remove empty switches from decision trees).
Found and cleaned up 2 empty switches in `\sweep_256x32_portable.$proc$/home/rithwik/model2rtl/build/stage5/sweep/sweep_256x32/sweep_256x32_portable.v:10$1'.
Removing empty process `sweep_256x32_portable.$proc$/home/rithwik/model2rtl/build/stage5/sweep/sweep_256x32/sweep_256x32_portable.v:10$1'.
Cleaned up 2 empty switches.

4.12. Executing OPT_EXPR pass (perform const folding).
Optimizing module sweep_256x32_portable.

5. Executing FLATTEN pass (flatten design).

6. Executing OPT pass (performing simple optimizations).

6.1. Executing OPT_EXPR pass (perform const folding).
Optimizing module sweep_256x32_portable.

6.2. Executing OPT_MERGE pass (detect identical cells).
Finding identical cells in module `\sweep_256x32_portable'.
Computing hashes of 4 cells of `\sweep_256x32_portable'.
Finding duplicate cells in `\sweep_256x32_portable'.
Removed a total of 0 cells.

6.3. Executing OPT_MUXTREE pass (detect dead branches in mux trees).
Running muxtree optimizer on module \sweep_256x32_portable..
  Creating internal representation of mux trees.
  Evaluating internal representation of mux trees.
  Analyzing evaluation results.
Removed 0 multiplexer ports.
<suppressed ~2 debug messages>

6.4. Executing OPT_REDUCE pass (consolidate $*mux and $reduce_* inputs).
  Optimizing cells in module \sweep_256x32_portable.
Performed a total of 0 changes.

6.5. Executing OPT_MERGE pass (detect identical cells).
Finding identical cells in module `\sweep_256x32_portable'.
Computing hashes of 4 cells of `\sweep_256x32_portable'.
Finding duplicate cells in `\sweep_256x32_portable'.
Removed a total of 0 cells.

6.6. Executing OPT_SHARE pass.

6.7. Executing OPT_DFF pass (perform DFF optimizations).
Adding EN signal on $procdff$9 ($dff) from module sweep_256x32_portable (D = $auto$proc_rom.cc:154:do_switch$2, Q = \dout).

6.8. Executing OPT_CLEAN pass (remove unused cells and wires).
Finding unused cells or wires in module \sweep_256x32_portable..
Removed 1 unused cells and 3 unused wires.
<suppressed ~2 debug messages>

6.9. Executing OPT_EXPR pass (perform const folding).
Optimizing module sweep_256x32_portable.

6.10. Rerunning OPT passes. (Maybe there is more to do..)

6.11. Executing OPT_MUXTREE pass (detect dead branches in mux trees).
Running muxtree optimizer on module \sweep_256x32_portable..
  Creating internal representation of mux trees.
  No muxes found in this module.
Removed 0 multiplexer ports.

6.12. Executing OPT_REDUCE pass (consolidate $*mux and $reduce_* inputs).
  Optimizing cells in module \sweep_256x32_portable.
Performed a total of 0 changes.

6.13. Executing OPT_MERGE pass (detect identical cells).
Finding identical cells in module `\sweep_256x32_portable'.
Computing hashes of 3 cells of `\sweep_256x32_portable'.
Finding duplicate cells in `\sweep_256x32_portable'.
Removed a total of 0 cells.

6.14. Executing OPT_SHARE pass.

6.15. Executing OPT_DFF pass (perform DFF optimizations).

6.16. Executing OPT_CLEAN pass (remove unused cells and wires).
Finding unused cells or wires in module \sweep_256x32_portable..

6.17. Executing OPT_EXPR pass (perform const folding).
Optimizing module sweep_256x32_portable.

6.18. Finished fast OPT passes. (There is nothing left to do.)

7. Executing MEMORY pass.

7.1. Executing OPT_MEM pass (optimize memories).
Performed a total of 0 transformations.

7.2. Executing OPT_MEM_PRIORITY pass (removing unnecessary memory write priority relations).
Performed a total of 0 transformations.

7.3. Executing OPT_MEM_FEEDBACK pass (finding memory read-to-write feedback paths).

7.4. Executing MEMORY_BMUX2ROM pass (converting muxes to ROMs).

7.5. Executing MEMORY_DFF pass (merging $dff cells to $memrd).
Checking read port `$auto$proc_rom.cc:155:do_switch$3'[0] in module `\sweep_256x32_portable': merging output FF to cell.

7.6. Executing OPT_CLEAN pass (remove unused cells and wires).
Finding unused cells or wires in module \sweep_256x32_portable..
Removed 1 unused cells and 33 unused wires.
<suppressed ~2 debug messages>

7.7. Executing MEMORY_SHARE pass (consolidating $memrd/$memwr cells).

7.8. Executing OPT_MEM_WIDEN pass (optimize memories where all ports are wide).
Performed a total of 0 transformations.

7.9. Executing OPT_CLEAN pass (remove unused cells and wires).
Finding unused cells or wires in module \sweep_256x32_portable..

7.10. Executing MEMORY_COLLECT pass (generating $mem cells).

7.11. Executing MEMORY_MAP pass (converting memories to logic and flip-flops).
Mapping memory $auto$proc_rom.cc:155:do_switch$3 in module \sweep_256x32_portable:
  created 256 $dff cells and 0 static cells of width 32.
Extracted data FF from read port 0 of sweep_256x32_portable.$auto$proc_rom.cc:155:do_switch$3: $$auto$proc_rom.cc:155:do_switch$3$rdreg[0]
  read interface: 1 $dff and 255 $mux cells.
  write interface: 0 write mux blocks.

8. Executing OPT pass (performing simple optimizations).

8.1. Executing OPT_EXPR pass (perform const folding).
Optimizing module sweep_256x32_portable.

8.2. Executing OPT_MERGE pass (detect identical cells).
Finding identical cells in module `\sweep_256x32_portable'.
Computing hashes of 256 cells of `\sweep_256x32_portable'.
Finding duplicate cells in `\sweep_256x32_portable'.
Removed a total of 0 cells.

8.3. Executing OPT_MUXTREE pass (detect dead branches in mux trees).
Running muxtree optimizer on module \sweep_256x32_portable..
  Creating internal representation of mux trees.
  Evaluating internal representation of mux trees.
  Analyzing evaluation results.
Removed 0 multiplexer ports.
<suppressed ~256 debug messages>

8.4. Executing OPT_REDUCE pass (consolidate $*mux and $reduce_* inputs).
  Optimizing cells in module \sweep_256x32_portable.
    Consolidated identical input bits for $mux cell $memory$auto$proc_rom.cc:155:do_switch$3$rdmux[0][7][126]$803:
      Old ports: A=32'10101011110010011101100101101000, B=751433544, Y=$memory$auto$proc_rom.cc:155:do_switch$3$rdmux[0][6][63]$a$423
      New ports: A=2'01, B=2'10, Y={ $memory$auto$proc_rom.cc:155:do_switch$3$rdmux[0][6][63]$a$423 [9] $memory$auto$proc_rom.cc:155:do_switch$3$rdmux[0][6][63]$a$423 [5] }
      New connections: { $memory$auto$proc_rom.cc:155:do_switch$3$rdmux[0][6][63]$a$423 [31:10] $memory$auto$proc_rom.cc:155:do_switch$3$rdmux[0][6][63]$a$423 [8:6] $memory$auto$proc_rom.cc:155:do_switch$3$rdmux[0][6][63]$a$423 [4:0] } = { $memory$auto$proc_rom.cc:155:do_switch$3$rdmux[0][6][63]$a$423 [5] 4'0101 $memory$auto$proc_rom.cc:155:do_switch$3$rdmux[0][6][63]$a$423 [9] $memory$auto$proc_rom.cc:155:do_switch$3$rdmux[0][6][63]$a$423 [5] $memory$auto$proc_rom.cc:155:do_switch$3$rdmux[0][6][63]$a$423 [5] 10'1100100111 $memory$auto$proc_rom.cc:155:do_switch$3$rdmux[0][6][63]$a$423 [9] 1'1 $memory$auto$proc_rom.cc:155:do_switch$3$rdmux[0][6][63]$a$423 [5] $memory$auto$proc_rom.cc:155:do_switch$3$rdmux[0][6][63]$a$423 [9] 8'10101000 }
    Consolidated identical input bits for $mux cell $memory$auto$proc_rom.cc:155:do_switch$3$rdmux[0][7][125]$800:
      Old ports: A=403151409, B=2055291236, Y=$memory$auto$proc_rom.cc:155:do_switch$3$rdmux[0][6][62]$b$421
      New ports: A=2'01, B=2'10, Y={ $memory$auto$proc_rom.cc:155:do_switch$3$rdmux[0][6][62]$b$421 [2] $memory$auto$proc_rom.cc:155:do_switch$3$rdmux[0][6][62]$b$421 [0] }
      New connections: { $memory$auto$proc_rom.cc:155:do_switch$3$rdmux[0][6][62]$b$421 [31:3] $memory$auto$proc_rom.cc:155:do_switch$3$rdmux[0][6][62]$b$421 [1] } = { 1'0 $memory$auto$proc_rom.cc:155:do_switch$3$rdmux[0][6][62]$b$421 [2] $memory$auto$proc_rom.cc:155:do_switch$3$rdmux[0][6][62]$b$421 [2] 3'110 $memory$auto$proc_rom.cc:155:do_switch$3$rdmux[0][6][62]$b$421 [2] 1'0 $memory$auto$proc_rom.cc:155:do_switch$3$rdmux[0][6][62]$b$421 [2] 4'0000 $memory$auto$proc_rom.cc:155:do_switch$3$rdmux[0][6][62]$b$421 [0] $memory$auto$proc_rom.cc:155:do_switch$3$rdmux[0][6][62]$b$421 [0] 1'1 $memory$auto$proc_rom.cc:155:do_switch$3$rdmux[0][6][62]$b$421 [0] $memory$auto$proc_rom.cc:155:do_switch$3$rdmux[0][6][62]$b$421 [2] 1'0 $memory$auto$proc_rom.cc:155:do_switch$3$rdmux[0][6][62]$b$421 [0] $memory$auto$proc_rom.cc:155:do_switch$3$rdmux[0][6][62]$b$421 [0] 1'0 $memory$auto$proc_rom.cc:155:do_switch$3$rdmux[0][6][62]$b$421 [0] $memory$auto$proc_rom.cc:155:do_switch$3$rdmux[0][6][62]$b$421 [2] 1'0 $memory$auto$proc_rom.cc:155:do_switch$3$rdmux[0][6][62]$b$421 [2] 1'1 $memory$auto$proc_rom.cc:155:do_switch$3$rdmux[0][6][62]$b$421 [0] 2'00 }
    Consolidated identical input bits for $mux cell $memory$auto$proc_rom.cc:155:do_switch$3$rdmux[0][7][124]$797:
      Old ports: A=81089780, B=2048406064, Y=$memory$auto$proc_rom.cc:155:do_switch$3$rdmux[0][6][62]$a$420
      New ports: A=2'01, B=2'10, Y={ $memory$auto$proc_rom.cc:155:do_switch$3$rdmux[0][6][62]$a$420 [9] $memory$auto$proc_rom.cc:155:do_switch$3$rdmux[0][6][62]$a$420 [2] }
      New connections: { $memory$auto$proc_rom.cc:155:do_switch$3$rdmux[0][6][62]$a$420 [31:10] $memory$auto$proc_rom.cc:155:do_switch$3$rdmux[0][6][62]$a$420 [8:3] $memory$auto$proc_rom.cc:155:do_switch$3$rdmux[0][6][62]$a$420 [1:0] } = { 1'0 $memory$auto$proc_rom.cc:155:do_switch$3$rdmux[0][6][62]$a$420 [9] $memory$auto$proc_rom.cc:155:do_switch$3$rdmux[0][6][62]$a$420 [9] $memory$auto$proc_rom.cc:155:do_switch$3$rdmux[0][6][62]$a$420 [9] $memory$auto$proc_rom.cc:155:do_switch$3$rdmux[0][6][62]$a$420 [9] $memory$auto$proc_rom.cc:155:do_switch$3$rdmux[0][6][62]$a$420 [2] $memory$auto$proc_rom.cc:155:do_switch$3$rdmux[0][6][62]$a$420 [9] 1'0 $memory$auto$proc_rom.cc:155:do_switch$3$rdmux[0][6][62]$a$420 [2] $memory$auto$proc_rom.cc:155:do_switch$3$rdmux[0][6][62]$a$420 [2] 2'01 $memory$auto$proc_rom.cc:155:do_switch$3$rdmux[0][6][62]$a$420 [9] $memory$auto$proc_rom.cc:155:do_switch$3$rdmux[0][6][62]$a$420 [2] 1'0 $memory$auto$proc_rom.cc:155:do_switch$3$rdmux[0][6][62]$a$420 [2] 1'0 $memory$auto$proc_rom.cc:155:do_switch$3$rdmux[0][6][62]$a$420 [2] $memory$auto$proc_rom.cc:155:do_switch$3$rdmux[0][6][62]$a$420 [9] 2'10 $memory$auto$proc_rom.cc:155:do_switch$3$rdmux[0][6][62]$a$420 [2] 1'0 $memory$auto$proc_rom.cc:155:do_switch$3$rdmux[0][6][62]$a$420 [2] $memory$auto$proc_rom.cc:155:do_switch$3$rdmux[0][6][62]$a$420 [2] 5'11000 }
    Consolidated identical input bits for $mux cell $memory$auto$proc_rom.cc:155:do_switch$3$rdmux[0][7][123]$794:
      Old ports: A=544142347, B=247025379, Y=$memory$auto$proc_rom.cc:155:do_switch$3$rdmux[0][6][61]$b$418
      New ports: A=2'01, B=2'10, Y={ $memory$auto$proc_rom.cc:155:do_switch$3$rdmux[0][6][61]$b$418 [5] $memory$auto$proc_rom.cc:155:do_switch$3$rdmux[0][6][61]$b$418 [3] }
      New connections: { $memory$auto$proc_rom.cc:155:do_switch$3$rdmux[0][6][61]$b$418 [31:6] $memory$auto$proc_rom.cc:155:do_switch$3$rdmux[0][6][61]$b$418 [4] $memory$auto$proc_rom.cc:155:do_switch$3$rdmux[0][6][61]$b$418 [2:0] } = { 2'00 $memory$auto$proc_rom.cc:155:do_switch$3$rdmux[0][6][61]$b$418 [3] 1'0 $memory$auto$proc_rom.cc:155:do_switch$3$rdmux[0][6][61]$b$418 [5] $memory$auto$proc_rom.cc:155:do_switch$3$rdmux[0][6][61]$b$418 [5] $memory$auto$proc_rom.cc:155:do_switch$3$rdmux[0][6][61]$b$418 [5] 1'0 $memory$auto$proc_rom.cc:155:do_switch$3$rdmux[0][6][61]$b$418 [5] $memory$auto$proc_rom.cc:155:do_switch$3$rdmux[0][6][61]$b$418 [3] 1'1 $memory$auto$proc_rom.cc:155:do_switch$3$rdmux[0][6][61]$b$418 [5] 1'1 $memory$auto$proc_rom.cc:155:do_switch$3$rdmux[0][6][61]$b$418 [3] $memory$auto$proc_rom.cc:155:do_switch$3$rdmux[0][6][61]$b$418 [3] $memory$auto$proc_rom.cc:155:do_switch$3$rdmux[0][6][61]$b$418 [5] $memory$auto$proc_rom.cc:155:do_switch$3$rdmux[0][6][61]$b$418 [3] 1'1 $memory$auto$proc_rom.cc:155:do_switch$3$rdmux[0][6][61]$b$418 [3] $memory$auto$proc_rom.cc:155:do_switch$3$rdmux[0][6][61]$b$418 [3] $memory$auto$proc_rom.cc:155:do_switch$3$rdmux[0][6][61]$b$418 [5] 1'1 $memory$auto$proc_rom.cc:155:do_switch$3$rdmux[0][6][61]$b$418 [5] 1'0 $memory$auto$proc_rom.cc:155:do_switch$3$rdmux[0][6][61]$b$418 [5] $memory$auto$proc_rom.cc:155:do_switch$3$rdmux[0][6][61]$b$418 [5] 4'0011 }
    Consolidated identical input bits for $mux cell $memory$auto$proc_rom.cc:155:do_switch$3$rdmux[0][7][122]$791:
      Old ports: A=267503059, B=32'11111100000101011011110011001111, Y=$memory$auto$proc_rom.cc:155:do_switch$3$rdmux[0][6][61]$a$417
      New ports: A=2'10, B=2'01, Y={ $memory$auto$proc_rom.cc:155:do_switch$3$rdmux[0][6][61]$a$417 [4] $memory$auto$proc_rom.cc:155:do_switch$3$rdmux[0][6][61]$a$417 [2] }
      New connections: { $memory$auto$proc_rom.cc:155:do_switch$3$rdmux[0][6][61]$a$417 [31:5] $memory$auto$proc_rom.cc:155:do_switch$3$rdmux[0][6][61]$a$417 [3] $memory$auto$proc_rom.cc:155:do_switch$3$rdmux[0][6][61]$a$417 [1:0] } = { $memory$auto$proc_rom.cc:155:do_switch$3$rdmux[0][6][61]$a$417 [2] $memory$auto$proc_rom.cc:155:do_switch$3$rdmux[0][6][61]$a$417 [2] $memory$auto$proc_rom.cc:155:do_switch$3$rdmux[0][6][61]$a$417 [2] $memory$auto$proc_rom.cc:155:do_switch$3$rdmux[0][6][61]$a$417 [2] 2'11 $memory$auto$proc_rom.cc:155:do_switch$3$rdmux[0][6][61]$a$417 [4] $memory$auto$proc_rom.cc:155:do_switch$3$rdmux[0][6][61]$a$417 [4] $memory$auto$proc_rom.cc:155:do_switch$3$rdmux[0][6][61]$a$417 [4] $memory$auto$proc_rom.cc:155:do_switch$3$rdmux[0][6][61]$a$417 [4] $memory$auto$proc_rom.cc:155:do_switch$3$rdmux[0][6][61]$a$417 [4] 2'10 $memory$auto$proc_rom.cc:155:do_switch$3$rdmux[0][6][61]$a$417 [2] 3'011 $memory$auto$proc_rom.cc:155:do_switch$3$rdmux[0][6][61]$a$417 [4] $memory$auto$proc_rom.cc:155:do_switch$3$rdmux[0][6][61]$a$417 [2] $memory$auto$proc_rom.cc:155:do_switch$3$rdmux[0][6][61]$a$417 [2] $memory$auto$proc_rom.cc:155:do_switch$3$rdmux[0][6][61]$a$417 [2] 2'10 $memory$auto$proc_rom.cc:155:do_switch$3$rdmux[0][6][61]$a$417 [4] 3'110 $memory$auto$proc_rom.cc:155:do_switch$3$rdmux[0][6][61]$a$417 [2] 2'11 }
    Consolidated identical input bits for $mux cell $memory$auto$proc_rom.cc:155:do_switch$3$rdmux[0][7][121]$788:
      Old ports: A=927027069, B=32'11010110100111000100101111100001, Y=$memory$auto$proc_rom.cc:155:do_switch$3$rdmux[0][6][60]$b$415
      New ports: A=2'01, B=2'10, Y={ $memory$auto$proc_rom.cc:155:do_switch$3$rdmux[0][6][60]$b$415 [7] $memory$auto$proc_rom.cc:155:do_switch$3$rdmux[0][6][60]$b$415 [2] }
      New connections: { $memory$auto$proc_rom.cc:155:do_switch$3$rdmux[0][6][60]$b$415 [31:8] $memory$auto$proc_rom.cc:155:do_switch$3$rdmux[0][6][60]$b$415 [6:3] $memory$auto$proc_rom.cc:155:do_switch$3$rdmux[0][6][60]$b$415 [1:0] } = { $memory$auto$proc_rom.cc:155:do_switch$3$rdmux[0][6][60]$b$415 [7] $memory$auto$proc_rom.cc:155:do_switch$3$rdmux[0][6][60]$b$415 [7] $memory$auto$proc_rom.cc:155:do_switch$3$rdmux[0][6][60]$b$415 [2] 4'1011 $memory$auto$proc_rom.cc:155:do_switch$3$rdmux[0][6][60]$b$415 [2] $memory$auto$proc_rom.cc:155:do_switch$3$rdmux[0][6][60]$b$415 [7] $memory$auto$proc_rom.cc:155:do_switch$3$rdmux[0][6][60]$b$415 [2] 1'0 $memory$auto$proc_rom.cc:155:do_switch$3$rdmux[0][6][60]$b$415 [7] $memory$auto$proc_rom.cc:155:do_switch$3$rdmux[0][6][60]$b$415 [7] $memory$auto$proc_rom.cc:155:do_switch$3$rdmux[0][6][60]$b$415 [7] 1'0 $memory$auto$proc_rom.cc:155:do_switch$3$rdmux[0][6][60]$b$415 [2] 5'01001 $memory$auto$proc_rom.cc:155:do_switch$3$rdmux[0][6][60]$b$415 [2] 4'1111 $memory$auto$proc_rom.cc:155:do_switch$3$rdmux[0][6][60]$b$415 [2] $memory$auto$proc_rom.cc:155:do_switch$3$rdmux[0][6][60]$b$415 [2] 2'01 }
    Consolidated identical input bits for $mux cell $memory$auto$proc_rom.cc:155:do_switch$3$rdmux[0][7][120]$785:
      Old ports: A=32'10111110011111111001101111011000, B=1846074588, Y=$memory$auto$proc_rom.cc:155:do_switch$3$rdmux[0][6][60]$a$414
      New ports: A=2'10, B=2'01, Y={ $memory$auto$proc_rom.cc:155:do_switch$3$rdmux[0][6][60]$a$414 [8] $memory$auto$proc_rom.cc:155:do_switch$3$rdmux[0][6][60]$a$414 [2] }
      New connections: { $memory$auto$proc_rom.cc:155:do_switch$3$rdmux[0][6][60]$a$414 [31:9] $memory$auto$proc_rom.cc:155:do_switch$3$rdmux[0][6][60]$a$414 [7:3] $memory$auto$proc_rom.cc:155:do_switch$3$rdmux[0][6][60]$a$414 [1:0] } = { $memory$auto$proc_rom.cc:155:do_switch$3$rdmux[0][6][60]$a$414 [8] $memory$auto$proc_rom.cc:155:do_switch$3$rdmux[0][6][60]$a$414 [2] 1'1 $memory$auto$proc_rom.cc:155:do_switch$3$rdmux[0][6][60]$a$414 [8] 5'11100 $memory$auto$proc_rom.cc:155:do_switch$3$rdmux[0][6][60]$a$414 [8] $memory$auto$proc_rom.cc:155:do_switch$3$rdmux[0][6][60]$a$414 [8] $memory$auto$proc_rom.cc:155:do_switch$3$rdmux[0][6][60]$a$414 [8] 1'1 $memory$auto$proc_rom.cc:155:do_switch$3$rdmux[0][6][60]$a$414 [8] $memory$auto$proc_rom.cc:155:do_switch$3$rdmux[0][6][60]$a$414 [8] $memory$auto$proc_rom.cc:155:do_switch$3$rdmux[0][6][60]$a$414 [8] 1'1 $memory$auto$proc_rom.cc:155:do_switch$3$rdmux[0][6][60]$a$414 [2] 3'011 $memory$auto$proc_rom.cc:155:do_switch$3$rdmux[0][6][60]$a$414 [2] $memory$auto$proc_rom.cc:155:do_switch$3$rdmux[0][6][60]$a$414 [8] 7'1101100 }
    Consolidated identical input bits for $mux cell $memory$auto$proc_rom.cc:155:do_switch$3$rdmux[0][7][119]$782:
      Old ports: A=32'10110110100001000001000101110000, B=32'10111001101001011010111101001111, Y=$memory$auto$proc_rom.cc:155:do_switch$3$rdmux[0][6][59]$b$412
      New ports: A=2'10, B=2'01, Y={ $memory$auto$proc_rom.cc:155:do_switch$3$rdmux[0][6][59]$b$412 [4] $memory$auto$proc_rom.cc:155:do_switch$3$rdmux[0][6][59]$b$412 [0] }
      New connections: { $memory$auto$proc_rom.cc:155:do_switch$3$rdmux[0][6][59]$b$412 [31:5] $memory$auto$proc_rom.cc:155:do_switch$3$rdmux[0][6][59]$b$412 [3:1] } = { 4'1011 $memory$auto$proc_rom.cc:155:do_switch$3$rdmux[0][6][59]$b$412 [0] $memory$auto$proc_rom.cc:155:do_switch$3$rdmux[0][6][59]$b$412 [4] $memory$auto$proc_rom.cc:155:do_switch$3$rdmux[0][6][59]$b$412 [4] $memory$auto$proc_rom.cc:155:do_switch$3$rdmux[0][6][59]$b$412 [0] 2'10 $memory$auto$proc_rom.cc:155:do_switch$3$rdmux[0][6][59]$b$412 [0] 4'0010 $memory$auto$proc_rom.cc:155:do_switch$3$rdmux[0][6][59]$b$412 [0] $memory$auto$proc_rom.cc:155:do_switch$3$rdmux[0][6][59]$b$412 [0] 1'0 $memory$auto$proc_rom.cc:155:do_switch$3$rdmux[0][6][59]$b$412 [0] $memory$auto$proc_rom.cc:155:do_switch$3$rdmux[0][6][59]$b$412 [4] $memory$auto$proc_rom.cc:155:do_switch$3$rdmux[0][6][59]$b$412 [0] $memory$auto$proc_rom.cc:155:do_switch$3$rdmux[0][6][59]$b$412 [0] $memory$auto$proc_rom.cc:155:do_switch$3$rdmux[0][6][59]$b$412 [0] 3'101 $memory$auto$proc_rom.cc:155:do_switch$3$rdmux[0][6][59]$b$412 [4] $memory$auto$proc_rom.cc:155:do_switch$3$rdmux[0][6][59]$b$412 [0] $memory$auto$proc_rom.cc:155:do_switch$3$rdmux[0][6][59]$b$412 [0] $memory$auto$proc_rom.cc:155:do_switch$3$rdmux[0][6][59]$b$412 [0] }
    Consolidated identical input bits for $mux cell $memory$auto$proc_rom.cc:155:do_switch$3$rdmux[0][7][118]$779:
      Old ports: A=2000878804, B=32'11001110000101111011101110011110, Y=$memory$auto$proc_rom.cc:155:do_switch$3$rdmux[0][6][59]$a$411
      New ports: A=2'10, B=2'01, Y={ $memory$auto$proc_rom.cc:155:do_switch$3$rdmux[0][6][59]$a$411 [6] $memory$auto$proc_rom.cc:155:do_switch$3$rdmux[0][6][59]$a$411 [1] }
      New connections: { $memory$auto$proc_rom.cc:155:do_switch$3$rdmux[0][6][59]$a$411 [31:7] $memory$auto$proc_rom.cc:155:do_switch$3$rdmux[0][6][59]$a$411 [5:2] $memory$auto$proc_rom.cc:155:do_switch$3$rdmux[0][6][59]$a$411 [0] } = { $memory$auto$proc_rom.cc:155:do_switch$3$rdmux[0][6][59]$a$411 [1] 1'1 $memory$auto$proc_rom.cc:155:do_switch$3$rdmux[0][6][59]$a$411 [6] $memory$auto$proc_rom.cc:155:do_switch$3$rdmux[0][6][59]$a$411 [6] $memory$auto$proc_rom.cc:155:do_switch$3$rdmux[0][6][59]$a$411 [1] 2'11 $memory$auto$proc_rom.cc:155:do_switch$3$rdmux[0][6][59]$a$411 [6] 1'0 $memory$auto$proc_rom.cc:155:do_switch$3$rdmux[0][6][59]$a$411 [6] 1'0 $memory$auto$proc_rom.cc:155:do_switch$3$rdmux[0][6][59]$a$411 [1] 1'0 $memory$auto$proc_rom.cc:155:do_switch$3$rdmux[0][6][59]$a$411 [1] 1'1 $memory$auto$proc_rom.cc:155:do_switch$3$rdmux[0][6][59]$a$411 [1] 1'1 $memory$auto$proc_rom.cc:155:do_switch$3$rdmux[0][6][59]$a$411 [6] 3'111 $memory$auto$proc_rom.cc:155:do_switch$3$rdmux[0][6][59]$a$411 [6] $memory$auto$proc_rom.cc:155:do_switch$3$rdmux[0][6][59]$a$411 [1] $memory$auto$proc_rom.cc:155:do_switch$3$rdmux[0][6][59]$a$411 [1] 3'101 $memory$auto$proc_rom.cc:155:do_switch$3$rdmux[0][6][59]$a$411 [1] 2'10 }
    Consolidated identical input bits for $mux cell $memory$auto$proc_rom.cc:155:do_switch$3$rdmux[0][7][117]$776:
      Old ports: A=32'11010000010010110000101011110001, B=32'10011011010110011010101111001000, Y=$memory$auto$proc_rom.cc:155:do_switch$3$rdmux[0][6][58]$b$409
      New ports: A=2'01, B=2'10, Y={ $memory$auto$proc_rom.cc:155:do_switch$3$rdmux[0][6][58]$b$409 [3] $memory$auto$proc_rom.cc:155:do_switch$3$rdmux[0][6][58]$b$409 [0] }
      New connections: { $memory$auto$proc_rom.cc:155:do_switch$3$rdmux[0][6][58]$b$409 [31:4] $memory$auto$proc_rom.cc:155:do_switch$3$rdmux[0][6][58]$b$409 [2:1] } = { 1'1 $memory$auto$proc_rom.cc:155:do_switch$3$rdmux[0][6][58]$b$409 [0] 2'01 $memory$auto$proc_rom.cc:155:do_switch$3$rdmux[0][6][58]$b$409 [3] 1'0 $memory$auto$proc_rom.cc:155:do_switch$3$rdmux[0][6][58]$b$409 [3] $memory$auto$proc_rom.cc:155:do_switch$3$rdmux[0][6][58]$b$409 [3] 3'010 $memory$auto$proc_rom.cc:155:do_switch$3$rdmux[0][6][58]$b$409 [3] 2'10 $memory$auto$proc_rom.cc:155:do_switch$3$rdmux[0][6][58]$b$409 [0] 1'1 $memory$auto$proc_rom.cc:155:do_switch$3$rdmux[0][6][58]$b$409 [3] 1'0 $memory$auto$proc_rom.cc:155:do_switch$3$rdmux[0][6][58]$b$409 [3] 4'0101 $memory$auto$proc_rom.cc:155:do_switch$3$rdmux[0][6][58]$b$409 [3] 2'11 $memory$auto$proc_rom.cc:155:do_switch$3$rdmux[0][6][58]$b$409 [0] $memory$auto$proc_rom.cc:155:do_switch$3$rdmux[0][6][58]$b$409 [0] 2'00 }
    Consolidated identical input bits for $mux cell $memory$auto$proc_rom.cc:155:do_switch$3$rdmux[0][7][116]$773:
      Old ports: A=1608694967, B=32'11000111010100111101100110101000, Y=$memory$auto$proc_rom.cc:155:do_switch$3$rdmux[0][6][58]$a$408
      New ports: A=2'01, B=2'10, Y={ $memory$auto$proc_rom.cc:155:do_switch$3$rdmux[0][6][58]$a$408 [3] $memory$auto$proc_rom.cc:155:do_switch$3$rdmux[0][6][58]$a$408 [0] }
      New connections: { $memory$auto$proc_rom.cc:155:do_switch$3$rdmux[0][6][58]$a$408 [31:4] $memory$auto$proc_rom.cc:155:do_switch$3$rdmux[0][6][58]$a$408 [2:1] } = { $memory$auto$proc_rom.cc:155:do_switch$3$rdmux[0][6][58]$a$408 [3] 2'10 $memory$auto$proc_rom.cc:155:do_switch$3$rdmux[0][6][58]$a$408 [0] $memory$auto$proc_rom.cc:155:do_switch$3$rdmux[0][6][58]$a$408 [0] 3'111 $memory$auto$proc_rom.cc:155:do_switch$3$rdmux[0][6][58]$a$408 [0] 1'1 $memory$auto$proc_rom.cc:155:do_switch$3$rdmux[0][6][58]$a$408 [0] $memory$auto$proc_rom.cc:155:do_switch$3$rdmux[0][6][58]$a$408 [3] 3'001 $memory$auto$proc_rom.cc:155:do_switch$3$rdmux[0][6][58]$a$408 [3] 1'1 $memory$auto$proc_rom.cc:155:do_switch$3$rdmux[0][6][58]$a$408 [3] $memory$auto$proc_rom.cc:155:do_switch$3$rdmux[0][6][58]$a$408 [0] 2'11 $memory$auto$proc_rom.cc:155:do_switch$3$rdmux[0][6][58]$a$408 [0] 1'0 $memory$auto$proc_rom.cc:155:do_switch$3$rdmux[0][6][58]$a$408 [3] 3'101 $memory$auto$proc_rom.cc:155:do_switch$3$rdmux[0][6][58]$a$408 [0] $memory$auto$proc_rom.cc:155:do_switch$3$rdmux[0][6][58]$a$408 [0] $memory$auto$proc_rom.cc:155:do_switch$3$rdmux[0][6][58]$a$408 [0] }
    Consolidated identical input bits for $mux cell $memory$auto$proc_rom.cc:155:do_switch$3$rdmux[0][7][115]$770:
      Old ports: A=32'10101111100010111011100010000100, B=1409942502, Y=$memory$auto$proc_rom.cc:155:do_switch$3$rdmux[0][6][57]$b$406
      New ports: A=2'10, B=2'01, Y={ $memory$auto$proc_rom.cc:155:do_switch$3$rdmux[0][6][57]$b$406 [11] $memory$auto$proc_rom.cc:155:do_switch$3$rdmux[0][6][57]$b$406 [1] }
      New connections: { $memory$auto$proc_rom.cc:155:do_switch$3$rdmux[0][6][57]$b$406 [31:12] $memory$auto$proc_rom.cc:155:do_switch$3$rdmux[0][6][57]$b$406 [10:2] $memory$auto$proc_rom.cc:155:do_switch$3$rdmux[0][6][57]$b$406 [0] } = { $memory$auto$proc_rom.cc:155:do_switch$3$rdmux[0][6][57]$b$406 [11] $memory$auto$proc_rom.cc:155:do_switch$3$rdmux[0][6][57]$b$406 [1] $memory$auto$proc_rom.cc:155:do_switch$3$rdmux[0][6][57]$b$406 [11] $memory$auto$proc_rom.cc:155:do_switch$3$rdmux[0][6][57]$b$406 [1] $memory$auto$proc_rom.cc:155:do_switch$3$rdmux[0][6][57]$b$406 [11] 1'1 $memory$auto$proc_rom.cc:155:do_switch$3$rdmux[0][6][57]$b$406 [11] $memory$auto$proc_rom.cc:155:do_switch$3$rdmux[0][6][57]$b$406 [11] $memory$auto$proc_rom.cc:155:do_switch$3$rdmux[0][6][57]$b$406 [11] 6'000101 $memory$auto$proc_rom.cc:155:do_switch$3$rdmux[0][6][57]$b$406 [11] $memory$auto$proc_rom.cc:155:do_switch$3$rdmux[0][6][57]$b$406 [11] 1'0 $memory$auto$proc_rom.cc:155:do_switch$3$rdmux[0][6][57]$b$406 [11] $memory$auto$proc_rom.cc:155:do_switch$3$rdmux[0][6][57]$b$406 [11] 1'0 $memory$auto$proc_rom.cc:155:do_switch$3$rdmux[0][6][57]$b$406 [1] $memory$auto$proc_rom.cc:155:do_switch$3$rdmux[0][6][57]$b$406 [1] 1'1 $memory$auto$proc_rom.cc:155:do_switch$3$rdmux[0][6][57]$b$406 [1] $memory$auto$proc_rom.cc:155:do_switch$3$rdmux[0][6][57]$b$406 [1] 4'0010 }
    Consolidated identical input bits for $mux cell $memory$auto$proc_rom.cc:155:do_switch$3$rdmux[0][7][114]$767:
      Old ports: A=73242376, B=32'11000100101011011011101011010100, Y=$memory$auto$proc_rom.cc:155:do_switch$3$rdmux[0][6][57]$a$405
      New ports: A=2'10, B=2'01, Y=$memory$auto$proc_rom.cc:155:do_switch$3$rdmux[0][6][57]$a$405 [3:2]
      New connections: { $memory$auto$proc_rom.cc:155:do_switch$3$rdmux[0][6][57]$a$405 [31:4] $memory$auto$proc_rom.cc:155:do_switch$3$rdmux[0][6][57]$a$405 [1:0] } = { $memory$auto$proc_rom.cc:155:do_switch$3$rdmux[0][6][57]$a$405 [2] $memory$auto$proc_rom.cc:155:do_switch$3$rdmux[0][6][57]$a$405 [2] 6'000100 $memory$auto$proc_rom.cc:155:do_switch$3$rdmux[0][6][57]$a$405 [2] $memory$auto$proc_rom.cc:155:do_switch$3$rdmux[0][6][57]$a$405 [3:2] $memory$auto$proc_rom.cc:155:do_switch$3$rdmux[0][6][57]$a$405 [3] 6'110110 $memory$auto$proc_rom.cc:155:do_switch$3$rdmux[0][6][57]$a$405 [2] 1'1 $memory$auto$proc_rom.cc:155:do_switch$3$rdmux[0][6][57]$a$405 [2] $memory$auto$proc_rom.cc:155:do_switch$3$rdmux[0][6][57]$a$405 [3] 1'1 $memory$auto$proc_rom.cc:155:do_switch$3$rdmux[0][6][57]$a$405 [3:2] $memory$auto$proc_rom.cc:155:do_switch$3$rdmux[0][6][57]$a$405 [2] 1'0 $memory$auto$proc_rom.cc:155:do_switch$3$rdmux[0][6][57]$a$405 [2] 2'00 }
    Consolidated identical input bits for $mux cell $memory$auto$proc_rom.cc:155:do_switch$3$rdmux[0][7][113]$764:
      Old ports: A=637907113, B=2030365923, Y=$memory$auto$proc_rom.cc:155:do_switch$3$rdmux[0][6][56]$b$403
      New ports: A=2'10, B=2'01, Y={ $memory$auto$proc_rom.cc:155:do_switch$3$rdmux[0][6][56]$b$403 [3] $memory$auto$proc_rom.cc:155:do_switch$3$rdmux[0][6][56]$b$403 [1] }
      New connections: { $memory$auto$proc_rom.cc:155:do_switch$3$rdmux[0][6][56]$b$403 [31:4] $memory$auto$proc_rom.cc:155:do_switch$3$rdmux[0][6][56]$b$403 [2] $memory$auto$proc_rom.cc:155:do_switch$3$rdmux[0][6][56]$b$403 [0] } = { 1'0 $memory$auto$proc_rom.cc:155:do_switch$3$rdmux[0][6][56]$b$403 [1] 1'1 $memory$auto$proc_rom.cc:155:do_switch$3$rdmux[0][6][56]$b$403 [1] $memory$auto$proc_rom.cc:155:do_switch$3$rdmux[0][6][56]$b$403 [1] $memory$auto$proc_rom.cc:155:do_switch$3$rdmux[0][6][56]$b$403 [3] $memory$auto$proc_rom.cc:155:do_switch$3$rdmux[0][6][56]$b$403 [3] $memory$auto$proc_rom.cc:155:do_switch$3$rdmux[0][6][56]$b$403 [1] 7'0000010 $memory$auto$proc_rom.cc:155:do_switch$3$rdmux[0][6][56]$b$403 [3] 1'1 $memory$auto$proc_rom.cc:155:do_switch$3$rdmux[0][6][56]$b$403 [1] 1'1 $memory$auto$proc_rom.cc:155:do_switch$3$rdmux[0][6][56]$b$403 [3] $memory$auto$proc_rom.cc:155:do_switch$3$rdmux[0][6][56]$b$403 [1] $memory$auto$proc_rom.cc:155:do_switch$3$rdmux[0][6][56]$b$403 [1] 3'001 $memory$auto$proc_rom.cc:155:do_switch$3$rdmux[0][6][56]$b$403 [1] 4'1001 }
    Consolidated identical input bits for $mux cell $memory$auto$proc_rom.cc:155:do_switch$3$rdmux[0][7][112]$761:
      Old ports: A=32'11110011110000010101010110000111, B=32'11101011011100100000011010000001, Y=$memory$auto$proc_rom.cc:155:do_switch$3$rdmux[0][6][56]$a$402
      New ports: A=2'01, B=2'10, Y={ $memory$auto$proc_rom.cc:155:do_switch$3$rdmux[0][6][56]$a$402 [9] $memory$auto$proc_rom.cc:155:do_switch$3$rdmux[0][6][56]$a$402 [1] }
      New connections: { $memory$auto$proc_rom.cc:155:do_switch$3$rdmux[0][6][56]$a$402 [31:10] $memory$auto$proc_rom.cc:155:do_switch$3$rdmux[0][6][56]$a$402 [8:2] $memory$auto$proc_rom.cc:155:do_switch$3$rdmux[0][6][56]$a$402 [0] } = { 3'111 $memory$auto$proc_rom.cc:155:do_switch$3$rdmux[0][6][56]$a$402 [1] $memory$auto$proc_rom.cc:155:do_switch$3$rdmux[0][6][56]$a$402 [9] 3'011 $memory$auto$proc_rom.cc:155:do_switch$3$rdmux[0][6][56]$a$402 [1] 1'1 $memory$auto$proc_rom.cc:155:do_switch$3$rdmux[0][6][56]$a$402 [9] $memory$auto$proc_rom.cc:155:do_switch$3$rdmux[0][6][56]$a$402 [9] 2'00 $memory$auto$proc_rom.cc:155:do_switch$3$rdmux[0][6][56]$a$402 [9] $memory$auto$proc_rom.cc:155:do_switch$3$rdmux[0][6][56]$a$402 [1] 1'0 $memory$auto$proc_rom.cc:155:do_switch$3$rdmux[0][6][56]$a$402 [1] 1'0 $memory$auto$proc_rom.cc:155:do_switch$3$rdmux[0][6][56]$a$402 [1] 2'01 $memory$auto$proc_rom.cc:155:do_switch$3$rdmux[0][6][56]$a$402 [1] 5'10000 $memory$auto$proc_rom.cc:155:do_switch$3$rdmux[0][6][56]$a$402 [1] 1'1 }
    Consolidated identical input bits for $mux cell $memory$auto$proc_rom.cc:155:do_switch$3$rdmux[0][7][111]$758:
      Old ports: A=981929390, B=1926486899, Y=$memory$auto$proc_rom.cc:155:do_switch$3$rdmux[0][6][55]$b$400
      New ports: A=2'10, B=2'01, Y={ $memory$auto$proc_rom.cc:155:do_switch$3$rdmux[0][6][55]$b$400 [2] $memory$auto$proc_rom.cc:155:do_switch$3$rdmux[0][6][55]$b$400 [0] }
      New connections: { $memory$auto$proc_rom.cc:155:do_switch$3$rdmux[0][6][55]$b$400 [31:3] $memory$auto$proc_rom.cc:155:do_switch$3$rdmux[0][6][55]$b$400 [1] } = { 1'0 $memory$auto$proc_rom.cc:155:do_switch$3$rdmux[0][6][55]$b$400 [0] 2'11 $memory$auto$proc_rom.cc:155:do_switch$3$rdmux[0][6][55]$b$400 [2] 4'0101 $memory$auto$proc_rom.cc:155:do_switch$3$rdmux[0][6][55]$b$400 [0] 1'0 $memory$auto$proc_rom.cc:155:do_switch$3$rdmux[0][6][55]$b$400 [0] 1'0 $memory$auto$proc_rom.cc:155:do_switch$3$rdmux[0][6][55]$b$400 [2] 2'11 $memory$auto$proc_rom.cc:155:do_switch$3$rdmux[0][6][55]$b$400 [0] $memory$auto$proc_rom.cc:155:do_switch$3$rdmux[0][6][55]$b$400 [0] 1'0 $memory$auto$proc_rom.cc:155:do_switch$3$rdmux[0][6][55]$b$400 [0] 1'1 $memory$auto$proc_rom.cc:155:do_switch$3$rdmux[0][6][55]$b$400 [2] $memory$auto$proc_rom.cc:155:do_switch$3$rdmux[0][6][55]$b$400 [0] 1'1 $memory$auto$proc_rom.cc:155:do_switch$3$rdmux[0][6][55]$b$400 [2] $memory$auto$proc_rom.cc:155:do_switch$3$rdmux[0][6][55]$b$400 [0] 1'1 $memory$auto$proc_rom.cc:155:do_switch$3$rdmux[0][6][55]$b$400 [0] $memory$auto$proc_rom.cc:155:do_switch$3$rdmux[0][6][55]$b$400 [2] 1'1 }
    Consolidated identical input bits for $mux cell $memory$auto$proc_rom.cc:155:do_switch$3$rdmux[0][7][110]$755:
      Old ports: A=486068256, B=32'10100001110100011001100000001111, Y=$memory$auto$proc_rom.cc:155:do_switch$3$rdmux[0][6][55]$a$399
      New ports: A=2'10, B=2'01, Y={ $memory$auto$proc_rom.cc:155:do_switch$3$rdmux[0][6][55]$a$399 [5] $memory$auto$proc_rom.cc:155:do_switch$3$rdmux[0][6][55]$a$399 [0] }
      New connections: { $memory$auto$proc_rom.cc:155:do_switch$3$rdmux[0][6][55]$a$399 [31:6] $memory$auto$proc_rom.cc:155:do_switch$3$rdmux[0][6][55]$a$399 [4:1] } = { $memory$auto$proc_rom.cc:155:do_switch$3$rdmux[0][6][55]$a$399 [0] 1'0 $memory$auto$proc_rom.cc:155:do_switch$3$rdmux[0][6][55]$a$399 [0] $memory$auto$proc_rom.cc:155:do_switch$3$rdmux[0][6][55]$a$399 [5] $memory$auto$proc_rom.cc:155:do_switch$3$rdmux[0][6][55]$a$399 [5] $memory$auto$proc_rom.cc:155:do_switch$3$rdmux[0][6][55]$a$399 [5] 1'0 $memory$auto$proc_rom.cc:155:do_switch$3$rdmux[0][6][55]$a$399 [0] 2'11 $memory$auto$proc_rom.cc:155:do_switch$3$rdmux[0][6][55]$a$399 [5] 1'1 $memory$auto$proc_rom.cc:155:do_switch$3$rdmux[0][6][55]$a$399 [5] 2'00 $memory$auto$proc_rom.cc:155:do_switch$3$rdmux[0][6][55]$a$399 [0] 1'1 $memory$auto$proc_rom.cc:155:do_switch$3$rdmux[0][6][55]$a$399 [5] 2'01 $memory$auto$proc_rom.cc:155:do_switch$3$rdmux[0][6][55]$a$399 [0] 6'000000 $memory$auto$proc_rom.cc:155:do_switch$3$rdmux[0][6][55]$a$399 [0] $memory$auto$proc_rom.cc:155:do_switch$3$rdmux[0][6][55]$a$399 [0] $memory$auto$proc_rom.cc:155:do_switch$3$rdmux[0][6][55]$a$399 [0] }
    Consolidated identical input bits for $mux cell $memory$auto$proc_rom.cc:155:do_switch$3$rdmux[0][7][109]$752:
      Old ports: A=32'10011110000010101101111010110110, B=32'10001001101001100101011011100001, Y=$memory$auto$proc_rom.cc:155:do_switch$3$rdmux[0][6][54]$b$397
      New ports: A=2'10, B=2'01, Y=$memory$auto$proc_rom.cc:155:do_switch$3$rdmux[0][6][54]$b$397 [1:0]
      New connections: $memory$auto$proc_rom.cc:155:do_switch$3$rdmux[0][6][54]$b$397 [31:2] = { 3'100 $memory$auto$proc_rom.cc:155:do_switch$3$rdmux[0][6][54]$b$397 [1] 1'1 $memory$auto$proc_rom.cc:155:do_switch$3$rdmux[0][6][54]$b$397 [1] $memory$auto$proc_rom.cc:155:do_switch$3$rdmux[0][6][54]$b$397 [1:0] $memory$auto$proc_rom.cc:155:do_switch$3$rdmux[0][6][54]$b$397 [0] 1'0 $memory$auto$proc_rom.cc:155:do_switch$3$rdmux[0][6][54]$b$397 [0] 1'0 $memory$auto$proc_rom.cc:155:do_switch$3$rdmux[0][6][54]$b$397 [1:0] 2'10 $memory$auto$proc_rom.cc:155:do_switch$3$rdmux[0][6][54]$b$397 [1] 3'101 $memory$auto$proc_rom.cc:155:do_switch$3$rdmux[0][6][54]$b$397 [1] 4'1101 $memory$auto$proc_rom.cc:155:do_switch$3$rdmux[0][6][54]$b$397 [0] 1'1 $memory$auto$proc_rom.cc:155:do_switch$3$rdmux[0][6][54]$b$397 [1] 1'0 $memory$auto$proc_rom.cc:155:do_switch$3$rdmux[0][6][54]$b$397 [1] }
    Consolidated identical input bits for $mux cell $memory$auto$proc_rom.cc:155:do_switch$3$rdmux[0][7][108]$749:
      Old ports: A=32'10111001001110101111001000010010, B=32'11101010100100100011101110011011, Y=$memory$auto$proc_rom.cc:155:do_switch$3$rdmux[0][6][54]$a$396
      New ports: A=2'10, B=2'01, Y={ $memory$auto$proc_rom.cc:155:do_switch$3$rdmux[0][6][54]$a$396 [14] $memory$auto$proc_rom.cc:155:do_switch$3$rdmux[0][6][54]$a$396 [0] }
      New connections: { $memory$auto$proc_rom.cc:155:do_switch$3$rdmux[0][6][54]$a$396 [31:15] $memory$auto$proc_rom.cc:155:do_switch$3$rdmux[0][6][54]$a$396 [13:1] } = { 1'1 $memory$auto$proc_rom.cc:155:do_switch$3$rdmux[0][6][54]$a$396 [0] 1'1 $memory$auto$proc_rom.cc:155:do_switch$3$rdmux[0][6][54]$a$396 [14] 2'10 $memory$auto$proc_rom.cc:155:do_switch$3$rdmux[0][6][54]$a$396 [0] $memory$auto$proc_rom.cc:155:do_switch$3$rdmux[0][6][54]$a$396 [14] $memory$auto$proc_rom.cc:155:do_switch$3$rdmux[0][6][54]$a$396 [0] 1'0 $memory$auto$proc_rom.cc:155:do_switch$3$rdmux[0][6][54]$a$396 [14] 1'1 $memory$auto$proc_rom.cc:155:do_switch$3$rdmux[0][6][54]$a$396 [14] 3'010 $memory$auto$proc_rom.cc:155:do_switch$3$rdmux[0][6][54]$a$396 [14] 2'11 $memory$auto$proc_rom.cc:155:do_switch$3$rdmux[0][6][54]$a$396 [0] 2'01 $memory$auto$proc_rom.cc:155:do_switch$3$rdmux[0][6][54]$a$396 [0] $memory$auto$proc_rom.cc:155:do_switch$3$rdmux[0][6][54]$a$396 [0] 3'001 $memory$auto$proc_rom.cc:155:do_switch$3$rdmux[0][6][54]$a$396 [0] 2'01 }
    Consolidated identical input bits for $mux cell $memory$auto$proc_rom.cc:155:do_switch$3$rdmux[0][7][107]$746:
      Old ports: A=32'10111111101100101110110000001010, B=550973032, Y=$memory$auto$proc_rom.cc:155:do_switch$3$rdmux[0][6][53]$b$394
      New ports: A=2'01, B=2'10, Y={ $memory$auto$proc_rom.cc:155:do_switch$3$rdmux[0][6][53]$b$394 [5] $memory$auto$proc_rom.cc:155:do_switch$3$rdmux[0][6][53]$b$394 [1] }
      New connections: { $memory$auto$proc_rom.cc:155:do_switch$3$rdmux[0][6][53]$b$394 [31:6] $memory$auto$proc_rom.cc:155:do_switch$3$rdmux[0][6][53]$b$394 [4:2] $memory$auto$proc_rom.cc:155:do_switch$3$rdmux[0][6][53]$b$394 [0] } = { $memory$auto$proc_rom.cc:155:do_switch$3$rdmux[0][6][53]$b$394 [1] 2'01 $memory$auto$proc_rom.cc:155:do_switch$3$rdmux[0][6][53]$b$394 [1] $memory$auto$proc_rom.cc:155:do_switch$3$rdmux[0][6][53]$b$394 [1] $memory$auto$proc_rom.cc:155:do_switch$3$rdmux[0][6][53]$b$394 [1] $memory$auto$proc_rom.cc:155:do_switch$3$rdmux[0][6][53]$b$394 [1] $memory$auto$proc_rom.cc:155:do_switch$3$rdmux[0][6][53]$b$394 [1] 1'1 $memory$auto$proc_rom.cc:155:do_switch$3$rdmux[0][6][53]$b$394 [5] $memory$auto$proc_rom.cc:155:do_switch$3$rdmux[0][6][53]$b$394 [1] 2'10 $memory$auto$proc_rom.cc:155:do_switch$3$rdmux[0][6][53]$b$394 [5] 1'1 $memory$auto$proc_rom.cc:155:do_switch$3$rdmux[0][6][53]$b$394 [5] $memory$auto$proc_rom.cc:155:do_switch$3$rdmux[0][6][53]$b$394 [1] $memory$auto$proc_rom.cc:155:do_switch$3$rdmux[0][6][53]$b$394 [1] 4'1011 $memory$auto$proc_rom.cc:155:do_switch$3$rdmux[0][6][53]$b$394 [5] 2'00 $memory$auto$proc_rom.cc:155:do_switch$3$rdmux[0][6][53]$b$394 [5] 4'0100 }
    Consolidated identical input bits for $mux cell $memory$auto$proc_rom.cc:155:do_switch$3$rdmux[0][7][106]$743:
      Old ports: A=885403743, B=1251873527, Y=$memory$auto$proc_rom.cc:155:do_switch$3$rdmux[0][6][53]$a$393
      New ports: A=2'01, B=2'10, Y={ $memory$auto$proc_rom.cc:155:do_switch$3$rdmux[0][6][53]$a$393 [5] $memory$auto$proc_rom.cc:155:do_switch$3$rdmux[0][6][53]$a$393 [3] }
      New connections: { $memory$auto$proc_rom.cc:155:do_switch$3$rdmux[0][6][53]$a$393 [31:6] $memory$auto$proc_rom.cc:155:do_switch$3$rdmux[0][6][53]$a$393 [4] $memory$auto$proc_rom.cc:155:do_switch$3$rdmux[0][6][53]$a$393 [2:0] } = { 1'0 $memory$auto$proc_rom.cc:155:do_switch$3$rdmux[0][6][53]$a$393 [5] $memory$auto$proc_rom.cc:155:do_switch$3$rdmux[0][6][53]$a$393 [3] $memory$auto$proc_rom.cc:155:do_switch$3$rdmux[0][6][53]$a$393 [3] $memory$auto$proc_rom.cc:155:do_switch$3$rdmux[0][6][53]$a$393 [5] $memory$auto$proc_rom.cc:155:do_switch$3$rdmux[0][6][53]$a$393 [3] $memory$auto$proc_rom.cc:155:do_switch$3$rdmux[0][6][53]$a$393 [5] 2'01 $memory$auto$proc_rom.cc:155:do_switch$3$rdmux[0][6][53]$a$393 [3] 1'0 $memory$auto$proc_rom.cc:155:do_switch$3$rdmux[0][6][53]$a$393 [5] $memory$auto$proc_rom.cc:155:do_switch$3$rdmux[0][6][53]$a$393 [5] 5'11000 $memory$auto$proc_rom.cc:155:do_switch$3$rdmux[0][6][53]$a$393 [3] 3'100 $memory$auto$proc_rom.cc:155:do_switch$3$rdmux[0][6][53]$a$393 [5] 1'0 $memory$auto$proc_rom.cc:155:do_switch$3$rdmux[0][6][53]$a$393 [5] 5'11111 }
    Consolidated identical input bits for $mux cell $memory$auto$proc_rom.cc:155:do_switch$3$rdmux[0][7][105]$740:
      Old ports: A=648895135, B=820554963, Y=$memory$auto$proc_rom.cc:155:do_switch$3$rdmux[0][6][52]$b$391
      New ports: A=2'01, B=2'10, Y={ $memory$auto$proc_rom.cc:155:do_switch$3$rdmux[0][6][52]$b$391 [6] $memory$auto$proc_rom.cc:155:do_switch$3$rdmux[0][6][52]$b$391 [2] }
      New connections: { $memory$auto$proc_rom.cc:155:do_switch$3$rdmux[0][6][52]$b$391 [31:7] $memory$auto$proc_rom.cc:155:do_switch$3$rdmux[0][6][52]$b$391 [5:3] $memory$auto$proc_rom.cc:155:do_switch$3$rdmux[0][6][52]$b$391 [1:0] } = { 3'001 $memory$auto$proc_rom.cc:155:do_switch$3$rdmux[0][6][52]$b$391 [6] 1'0 $memory$auto$proc_rom.cc:155:do_switch$3$rdmux[0][6][52]$b$391 [2] $memory$auto$proc_rom.cc:155:do_switch$3$rdmux[0][6][52]$b$391 [2] 2'01 $memory$auto$proc_rom.cc:155:do_switch$3$rdmux[0][6][52]$b$391 [6] 3'101 $memory$auto$proc_rom.cc:155:do_switch$3$rdmux[0][6][52]$b$391 [2] 1'0 $memory$auto$proc_rom.cc:155:do_switch$3$rdmux[0][6][52]$b$391 [2] $memory$auto$proc_rom.cc:155:do_switch$3$rdmux[0][6][52]$b$391 [6] $memory$auto$proc_rom.cc:155:do_switch$3$rdmux[0][6][52]$b$391 [2] $memory$auto$proc_rom.cc:155:do_switch$3$rdmux[0][6][52]$b$391 [6] $memory$auto$proc_rom.cc:155:do_switch$3$rdmux[0][6][52]$b$391 [2] 1'1 $memory$auto$proc_rom.cc:155:do_switch$3$rdmux[0][6][52]$b$391 [6] $memory$auto$proc_rom.cc:155:do_switch$3$rdmux[0][6][52]$b$391 [2] 4'0101 $memory$auto$proc_rom.cc:155:do_switch$3$rdmux[0][6][52]$b$391 [2] 2'11 }
    Consolidated identical input bits for $mux cell $memory$auto$proc_rom.cc:155:do_switch$3$rdmux[0][7][104]$737:
      Old ports: A=1197546870, B=32'11100011111110111101111011101100, Y=$memory$auto$proc_rom.cc:155:do_switch$3$rdmux[0][6][52]$a$390
      New ports: A=2'01, B=2'10, Y={ $memory$auto$proc_rom.cc:155:do_switch$3$rdmux[0][6][52]$a$390 [3] $memory$auto$proc_rom.cc:155:do_switch$3$rdmux[0][6][52]$a$390 [1] }
      New connections: { $memory$auto$proc_rom.cc:155:do_switch$3$rdmux[0][6][52]$a$390 [31:4] $memory$auto$proc_rom.cc:155:do_switch$3$rdmux[0][6][52]$a$390 [2] $memory$auto$proc_rom.cc:155:do_switch$3$rdmux[0][6][52]$a$390 [0] } = { $memory$auto$proc_rom.cc:155:do_switch$3$rdmux[0][6][52]$a$390 [3] 1'1 $memory$auto$proc_rom.cc:155:do_switch$3$rdmux[0][6][52]$a$390 [3] 2'00 $memory$auto$proc_rom.cc:155:do_switch$3$rdmux[0][6][52]$a$390 [1] 2'11 $memory$auto$proc_rom.cc:155:do_switch$3$rdmux[0][6][52]$a$390 [3] 2'11 $memory$auto$proc_rom.cc:155:do_switch$3$rdmux[0][6][52]$a$390 [3] $memory$auto$proc_rom.cc:155:do_switch$3$rdmux[0][6][52]$a$390 [3] 1'0 $memory$auto$proc_rom.cc:155:do_switch$3$rdmux[0][6][52]$a$390 [3] 1'1 $memory$auto$proc_rom.cc:155:do_switch$3$rdmux[0][6][52]$a$390 [3] $memory$auto$proc_rom.cc:155:do_switch$3$rdmux[0][6][52]$a$390 [3] 4'0111 $memory$auto$proc_rom.cc:155:do_switch$3$rdmux[0][6][52]$a$390 [3] $memory$auto$proc_rom.cc:155:do_switch$3$rdmux[0][6][52]$a$390 [1] $memory$auto$proc_rom.cc:155:do_switch$3$rdmux[0][6][52]$a$390 [3] 2'11 $memory$auto$proc_rom.cc:155:do_switch$3$rdmux[0][6][52]$a$390 [1] 2'10 }
    Consolidated identical input bits for $mux cell $memory$auto$proc_rom.cc:155:do_switch$3$rdmux[0][7][103]$734:
      Old ports: A=32'11110000111100011111101011100111, B=32'11100101100111101010011001010111, Y=$memory$auto$proc_rom.cc:155:do_switch$3$rdmux[0][6][51]$b$388
      New ports: A=2'10, B=2'01, Y=$memory$auto$proc_rom.cc:155:do_switch$3$rdmux[0][6][51]$b$388 [5:4]
      New connections: { $memory$auto$proc_rom.cc:155:do_switch$3$rdmux[0][6][51]$b$388 [31:6] $memory$auto$proc_rom.cc:155:do_switch$3$rdmux[0][6][51]$b$388 [3:0] } = { 3'111 $memory$auto$proc_rom.cc:155:do_switch$3$rdmux[0][6][51]$b$388 [5] 1'0 $memory$auto$proc_rom.cc:155:do_switch$3$rdmux[0][6][51]$b$388 [4] 1'0 $memory$auto$proc_rom.cc:155:do_switch$3$rdmux[0][6][51]$b$388 [4] 1'1 $memory$auto$proc_rom.cc:155:do_switch$3$rdmux[0][6][51]$b$388 [5] $memory$auto$proc_rom.cc:155:do_switch$3$rdmux[0][6][51]$b$388 [5] 1'1 $memory$auto$proc_rom.cc:155:do_switch$3$rdmux[0][6][51]$b$388 [4] $memory$auto$proc_rom.cc:155:do_switch$3$rdmux[0][6][51]$b$388 [4] $memory$auto$proc_rom.cc:155:do_switch$3$rdmux[0][6][51]$b$388 [4] $memory$auto$proc_rom.cc:155:do_switch$3$rdmux[0][6][51]$b$388 [5] 1'1 $memory$auto$proc_rom.cc:155:do_switch$3$rdmux[0][6][51]$b$388 [5] 1'1 $memory$auto$proc_rom.cc:155:do_switch$3$rdmux[0][6][51]$b$388 [5] $memory$auto$proc_rom.cc:155:do_switch$3$rdmux[0][6][51]$b$388 [5:4] 2'10 $memory$auto$proc_rom.cc:155:do_switch$3$rdmux[0][6][51]$b$388 [5] 5'10111 }
    Consolidated identical input bits for $mux cell $memory$auto$proc_rom.cc:155:do_switch$3$rdmux[0][7][102]$731:
      Old ports: A=32'10110101110100100000011000011111, B=873113778, Y=$memory$auto$proc_rom.cc:155:do_switch$3$rdmux[0][6][51]$a$387
      New ports: A=2'01, B=2'10, Y={ $memory$auto$proc_rom.cc:155:do_switch$3$rdmux[0][6][51]$a$387 [5] $memory$auto$proc_rom.cc:155:do_switch$3$rdmux[0][6][51]$a$387 [0] }
      New connections: { $memory$auto$proc_rom.cc:155:do_switch$3$rdmux[0][6][51]$a$387 [31:6] $memory$auto$proc_rom.cc:155:do_switch$3$rdmux[0][6][51]$a$387 [4:1] } = { $memory$auto$proc_rom.cc:155:do_switch$3$rdmux[0][6][51]$a$387 [0] 6'011010 $memory$auto$proc_rom.cc:155:do_switch$3$rdmux[0][6][51]$a$387 [0] $memory$auto$proc_rom.cc:155:do_switch$3$rdmux[0][6][51]$a$387 [0] $memory$auto$proc_rom.cc:155:do_switch$3$rdmux[0][6][51]$a$387 [0] 1'0 $memory$auto$proc_rom.cc:155:do_switch$3$rdmux[0][6][51]$a$387 [0] $memory$auto$proc_rom.cc:155:do_switch$3$rdmux[0][6][51]$a$387 [5] 3'010 $memory$auto$proc_rom.cc:155:do_switch$3$rdmux[0][6][51]$a$387 [5] 1'0 $memory$auto$proc_rom.cc:155:do_switch$3$rdmux[0][6][51]$a$387 [5] 1'0 $memory$auto$proc_rom.cc:155:do_switch$3$rdmux[0][6][51]$a$387 [5] $memory$auto$proc_rom.cc:155:do_switch$3$rdmux[0][6][51]$a$387 [0] $memory$auto$proc_rom.cc:155:do_switch$3$rdmux[0][6][51]$a$387 [0] 1'0 $memory$auto$proc_rom.cc:155:do_switch$3$rdmux[0][6][51]$a$387 [5] 2'01 $memory$auto$proc_rom.cc:155:do_switch$3$rdmux[0][6][51]$a$387 [0] $memory$auto$proc_rom.cc:155:do_switch$3$rdmux[0][6][51]$a$387 [0] 1'1 }
    Consolidated identical input bits for $mux cell $memory$auto$proc_rom.cc:155:do_switch$3$rdmux[0][7][101]$728:
      Old ports: A=32'11101101101010100100111011011100, B=32'11110010010000110111110010101111, Y=$memory$auto$proc_rom.cc:155:do_switch$3$rdmux[0][6][50]$b$385
      New ports: A=2'10, B=2'01, Y={ $memory$auto$proc_rom.cc:155:do_switch$3$rdmux[0][6][50]$b$385 [4] $memory$auto$proc_rom.cc:155:do_switch$3$rdmux[0][6][50]$b$385 [0] }
      New connections: { $memory$auto$proc_rom.cc:155:do_switch$3$rdmux[0][6][50]$b$385 [31:5] $memory$auto$proc_rom.cc:155:do_switch$3$rdmux[0][6][50]$b$385 [3:1] } = { 3'111 $memory$auto$proc_rom.cc:155:do_switch$3$rdmux[0][6][50]$b$385 [0] $memory$auto$proc_rom.cc:155:do_switch$3$rdmux[0][6][50]$b$385 [4] $memory$auto$proc_rom.cc:155:do_switch$3$rdmux[0][6][50]$b$385 [4] $memory$auto$proc_rom.cc:155:do_switch$3$rdmux[0][6][50]$b$385 [0] $memory$auto$proc_rom.cc:155:do_switch$3$rdmux[0][6][50]$b$385 [4] $memory$auto$proc_rom.cc:155:do_switch$3$rdmux[0][6][50]$b$385 [4] $memory$auto$proc_rom.cc:155:do_switch$3$rdmux[0][6][50]$b$385 [0] $memory$auto$proc_rom.cc:155:do_switch$3$rdmux[0][6][50]$b$385 [4] 1'0 $memory$auto$proc_rom.cc:155:do_switch$3$rdmux[0][6][50]$b$385 [4] 2'01 $memory$auto$proc_rom.cc:155:do_switch$3$rdmux[0][6][50]$b$385 [0] 2'01 $memory$auto$proc_rom.cc:155:do_switch$3$rdmux[0][6][50]$b$385 [0] $memory$auto$proc_rom.cc:155:do_switch$3$rdmux[0][6][50]$b$385 [0] 2'11 $memory$auto$proc_rom.cc:155:do_switch$3$rdmux[0][6][50]$b$385 [4] 2'01 $memory$auto$proc_rom.cc:155:do_switch$3$rdmux[0][6][50]$b$385 [4] $memory$auto$proc_rom.cc:155:do_switch$3$rdmux[0][6][50]$b$385 [0] 2'11 $memory$auto$proc_rom.cc:155:do_switch$3$rdmux[0][6][50]$b$385 [0] }
    Consolidated identical input bits for $mux cell $memory$auto$proc_rom.cc:155:do_switch$3$rdmux[0][7][100]$725:
      Old ports: A=32'10011001011001001100001110100110, B=1827112879, Y=$memory$auto$proc_rom.cc:155:do_switch$3$rdmux[0][6][50]$a$384
      New ports: A=2'10, B=2'01, Y={ $memory$auto$proc_rom.cc:155:do_switch$3$rdmux[0][6][50]$a$384 [14] $memory$auto$proc_rom.cc:155:do_switch$3$rdmux[0][6][50]$a$384 [0] }
      New connections: { $memory$auto$proc_rom.cc:155:do_switch$3$rdmux[0][6][50]$a$384 [31:15] $memory$auto$proc_rom.cc:155:do_switch$3$rdmux[0][6][50]$a$384 [13:1] } = { $memory$auto$proc_rom.cc:155:do_switch$3$rdmux[0][6][50]$a$384 [14] $memory$auto$proc_rom.cc:155:do_switch$3$rdmux[0][6][50]$a$384 [0] $memory$auto$proc_rom.cc:155:do_switch$3$rdmux[0][6][50]$a$384 [0] $memory$auto$proc_rom.cc:155:do_switch$3$rdmux[0][6][50]$a$384 [14] 1'1 $memory$auto$proc_rom.cc:155:do_switch$3$rdmux[0][6][50]$a$384 [0] 1'0 $memory$auto$proc_rom.cc:155:do_switch$3$rdmux[0][6][50]$a$384 [14] $memory$auto$proc_rom.cc:155:do_switch$3$rdmux[0][6][50]$a$384 [0] 5'11001 $memory$auto$proc_rom.cc:155:do_switch$3$rdmux[0][6][50]$a$384 [0] $memory$auto$proc_rom.cc:155:do_switch$3$rdmux[0][6][50]$a$384 [0] 4'1000 $memory$auto$proc_rom.cc:155:do_switch$3$rdmux[0][6][50]$a$384 [0] 6'111010 $memory$auto$proc_rom.cc:155:do_switch$3$rdmux[0][6][50]$a$384 [0] 2'11 }
    Consolidated identical input bits for $mux cell $memory$auto$proc_rom.cc:155:do_switch$3$rdmux[0][7][99]$722:
      Old ports: A=625644361, B=32'11100010111001110111010101111001, Y=$memory$auto$proc_rom.cc:155:do_switch$3$rdmux[0][6][49]$b$382
      New ports: A=2'10, B=2'01, Y={ $memory$auto$proc_rom.cc:155:do_switch$3$rdmux[0][6][49]$b$382 [9] $memory$auto$proc_rom.cc:155:do_switch$3$rdmux[0][6][49]$b$382 [4] }
      New connections: { $memory$auto$proc_rom.cc:155:do_switch$3$rdmux[0][6][49]$b$382 [31:10] $memory$auto$proc_rom.cc:155:do_switch$3$rdmux[0][6][49]$b$382 [8:5] $memory$auto$proc_rom.cc:155:do_switch$3$rdmux[0][6][49]$b$382 [3:0] } = { $memory$auto$proc_rom.cc:155:do_switch$3$rdmux[0][6][49]$b$382 [4] $memory$auto$proc_rom.cc:155:do_switch$3$rdmux[0][6][49]$b$382 [4] 3'100 $memory$auto$proc_rom.cc:155:do_switch$3$rdmux[0][6][49]$b$382 [9] $memory$auto$proc_rom.cc:155:do_switch$3$rdmux[0][6][49]$b$382 [4] $memory$auto$proc_rom.cc:155:do_switch$3$rdmux[0][6][49]$b$382 [9] $memory$auto$proc_rom.cc:155:do_switch$3$rdmux[0][6][49]$b$382 [4] 1'1 $memory$auto$proc_rom.cc:155:do_switch$3$rdmux[0][6][49]$b$382 [4] 1'0 $memory$auto$proc_rom.cc:155:do_switch$3$rdmux[0][6][49]$b$382 [9] $memory$auto$proc_rom.cc:155:do_switch$3$rdmux[0][6][49]$b$382 [4] 1'1 $memory$auto$proc_rom.cc:155:do_switch$3$rdmux[0][6][49]$b$382 [4] $memory$auto$proc_rom.cc:155:do_switch$3$rdmux[0][6][49]$b$382 [9] $memory$auto$proc_rom.cc:155:do_switch$3$rdmux[0][6][49]$b$382 [4] $memory$auto$proc_rom.cc:155:do_switch$3$rdmux[0][6][49]$b$382 [4] 2'10 $memory$auto$proc_rom.cc:155:do_switch$3$rdmux[0][6][49]$b$382 [4] 3'101 $memory$auto$proc_rom.cc:155:do_switch$3$rdmux[0][6][49]$b$382 [4] 4'1001 }
    Consolidated identical input bits for $mux cell $memory$auto$proc_rom.cc:155:do_switch$3$rdmux[0][7][98]$719:
      Old ports: A=32'10001011111001110010111101001011, B=32'10101011111011000111111101101111, Y=$memory$auto$proc_rom.cc:155:do_switch$3$rdmux[0][6][49]$a$381
      New ports: A=2'10, B=2'01, Y={ $memory$auto$proc_rom.cc:155:do_switch$3$rdmux[0][6][49]$a$381 [16] $memory$auto$proc_rom.cc:155:do_switch$3$rdmux[0][6][49]$a$381 [2] }
      New connections: { $memory$auto$proc_rom.cc:155:do_switch$3$rdmux[0][6][49]$a$381 [31:17] $memory$auto$proc_rom.cc:155:do_switch$3$rdmux[0][6][49]$a$381 [15:3] $memory$auto$proc_rom.cc:155:do_switch$3$rdmux[0][6][49]$a$381 [1:0] } = { 2'10 $memory$auto$proc_rom.cc:155:do_switch$3$rdmux[0][6][49]$a$381 [2] 9'010111110 $memory$auto$proc_rom.cc:155:do_switch$3$rdmux[0][6][49]$a$381 [2] 1'1 $memory$auto$proc_rom.cc:155:do_switch$3$rdmux[0][6][49]$a$381 [16] 1'0 $memory$auto$proc_rom.cc:155:do_switch$3$rdmux[0][6][49]$a$381 [2] 1'1 $memory$auto$proc_rom.cc:155:do_switch$3$rdmux[0][6][49]$a$381 [2] 6'111101 $memory$auto$proc_rom.cc:155:do_switch$3$rdmux[0][6][49]$a$381 [2] 4'0111 }
    Consolidated identical input bits for $mux cell $memory$auto$proc_rom.cc:155:do_switch$3$rdmux[0][7][97]$716:
      Old ports: A=32'10101111001000010101100001011011, B=1019739856, Y=$memory$auto$proc_rom.cc:155:do_switch$3$rdmux[0][6][48]$b$379
      New ports: A=2'01, B=2'10, Y={ $memory$auto$proc_rom.cc:155:do_switch$3$rdmux[0][6][48]$b$379 [7] $memory$auto$proc_rom.cc:155:do_switch$3$rdmux[0][6][48]$b$379 [0] }
      New connections: { $memory$auto$proc_rom.cc:155:do_switch$3$rdmux[0][6][48]$b$379 [31:8] $memory$auto$proc_rom.cc:155:do_switch$3$rdmux[0][6][48]$b$379 [6:1] } = { $memory$auto$proc_rom.cc:155:do_switch$3$rdmux[0][6][48]$b$379 [0] 2'01 $memory$auto$proc_rom.cc:155:do_switch$3$rdmux[0][6][48]$b$379 [7] 2'11 $memory$auto$proc_rom.cc:155:do_switch$3$rdmux[0][6][48]$b$379 [0] $memory$auto$proc_rom.cc:155:do_switch$3$rdmux[0][6][48]$b$379 [0] $memory$auto$proc_rom.cc:155:do_switch$3$rdmux[0][6][48]$b$379 [7] $memory$auto$proc_rom.cc:155:do_switch$3$rdmux[0][6][48]$b$379 [7] $memory$auto$proc_rom.cc:155:do_switch$3$rdmux[0][6][48]$b$379 [0] 2'00 $memory$auto$proc_rom.cc:155:do_switch$3$rdmux[0][6][48]$b$379 [7] $memory$auto$proc_rom.cc:155:do_switch$3$rdmux[0][6][48]$b$379 [7] 1'1 $memory$auto$proc_rom.cc:155:do_switch$3$rdmux[0][6][48]$b$379 [7] 1'1 $memory$auto$proc_rom.cc:155:do_switch$3$rdmux[0][6][48]$b$379 [7] 2'11 $memory$auto$proc_rom.cc:155:do_switch$3$rdmux[0][6][48]$b$379 [7] $memory$auto$proc_rom.cc:155:do_switch$3$rdmux[0][6][48]$b$379 [7] 4'0101 $memory$auto$proc_rom.cc:155:do_switch$3$rdmux[0][6][48]$b$379 [0] 1'0 $memory$auto$proc_rom.cc:155:do_switch$3$rdmux[0][6][48]$b$379 [0] }
    Consolidated identical input bits for $mux cell $memory$auto$proc_rom.cc:155:do_switch$3$rdmux[0][7][96]$713:
      Old ports: A=1652679401, B=32'10001101011110111011000111100011, Y=$memory$auto$proc_rom.cc:155:do_switch$3$rdmux[0][6][48]$a$378
      New ports: A=2'10, B=2'01, Y={ $memory$auto$proc_rom.cc:155:do_switch$3$rdmux[0][6][48]$a$378 [3] $memory$auto$proc_rom.cc:155:do_switch$3$rdmux[0][6][48]$a$378 [1] }
      New connections: { $memory$auto$proc_rom.cc:155:do_switch$3$rdmux[0][6][48]$a$378 [31:4] $memory$auto$proc_rom.cc:155:do_switch$3$rdmux[0][6][48]$a$378 [2] $memory$auto$proc_rom.cc:155:do_switch$3$rdmux[0][6][48]$a$378 [0] } = { $memory$auto$proc_rom.cc:155:do_switch$3$rdmux[0][6][48]$a$378 [1] $memory$auto$proc_rom.cc:155:do_switch$3$rdmux[0][6][48]$a$378 [3] $memory$auto$proc_rom.cc:155:do_switch$3$rdmux[0][6][48]$a$378 [3] 1'0 $memory$auto$proc_rom.cc:155:do_switch$3$rdmux[0][6][48]$a$378 [1] $memory$auto$proc_rom.cc:155:do_switch$3$rdmux[0][6][48]$a$378 [1] $memory$auto$proc_rom.cc:155:do_switch$3$rdmux[0][6][48]$a$378 [3] $memory$auto$proc_rom.cc:155:do_switch$3$rdmux[0][6][48]$a$378 [1] $memory$auto$proc_rom.cc:155:do_switch$3$rdmux[0][6][48]$a$378 [3] $memory$auto$proc_rom.cc:155:do_switch$3$rdmux[0][6][48]$a$378 [1] $memory$auto$proc_rom.cc:155:do_switch$3$rdmux[0][6][48]$a$378 [1] $memory$auto$proc_rom.cc:155:do_switch$3$rdmux[0][6][48]$a$378 [1] $memory$auto$proc_rom.cc:155:do_switch$3$rdmux[0][6][48]$a$378 [1] 1'0 $memory$auto$proc_rom.cc:155:do_switch$3$rdmux[0][6][48]$a$378 [1] 2'11 $memory$auto$proc_rom.cc:155:do_switch$3$rdmux[0][6][48]$a$378 [3] 1'1 $memory$auto$proc_rom.cc:155:do_switch$3$rdmux[0][6][48]$a$378 [1] 2'00 $memory$auto$proc_rom.cc:155:do_switch$3$rdmux[0][6][48]$a$378 [3] $memory$auto$proc_rom.cc:155:do_switch$3$rdmux[0][6][48]$a$378 [1] 6'111001 }
    Consolidated identical input bits for $mux cell $memory$auto$proc_rom.cc:155:do_switch$3$rdmux[0][7][95]$710:
      Old ports: A=799962471, B=1279704617, Y=$memory$auto$proc_rom.cc:155:do_switch$3$rdmux[0][6][47]$b$376
      New ports: A=2'01, B=2'10, Y={ $memory$auto$proc_rom.cc:155:do_switch$3$rdmux[0][6][47]$b$376 [3] $memory$auto$proc_rom.cc:155:do_switch$3$rdmux[0][6][47]$b$376 [1] }
      New connections: { $memory$auto$proc_rom.cc:155:do_switch$3$rdmux[0][6][47]$b$376 [31:4] $memory$auto$proc_rom.cc:155:do_switch$3$rdmux[0][6][47]$b$376 [2] $memory$auto$proc_rom.cc:155:do_switch$3$rdmux[0][6][47]$b$376 [0] } = { 1'0 $memory$auto$proc_rom.cc:155:do_switch$3$rdmux[0][6][47]$b$376 [3] $memory$auto$proc_rom.cc:155:do_switch$3$rdmux[0][6][47]$b$376 [1] 3'011 $memory$auto$proc_rom.cc:155:do_switch$3$rdmux[0][6][47]$b$376 [1] $memory$auto$proc_rom.cc:155:do_switch$3$rdmux[0][6][47]$b$376 [1] $memory$auto$proc_rom.cc:155:do_switch$3$rdmux[0][6][47]$b$376 [1] $memory$auto$proc_rom.cc:155:do_switch$3$rdmux[0][6][47]$b$376 [3] $memory$auto$proc_rom.cc:155:do_switch$3$rdmux[0][6][47]$b$376 [1] 1'0 $memory$auto$proc_rom.cc:155:do_switch$3$rdmux[0][6][47]$b$376 [1] 3'110 $memory$auto$proc_rom.cc:155:do_switch$3$rdmux[0][6][47]$b$376 [3] $memory$auto$proc_rom.cc:155:do_switch$3$rdmux[0][6][47]$b$376 [1] 2'11 $memory$auto$proc_rom.cc:155:do_switch$3$rdmux[0][6][47]$b$376 [3] 1'1 $memory$auto$proc_rom.cc:155:do_switch$3$rdmux[0][6][47]$b$376 [3] $memory$auto$proc_rom.cc:155:do_switch$3$rdmux[0][6][47]$b$376 [1] 1'0 $memory$auto$proc_rom.cc:155:do_switch$3$rdmux[0][6][47]$b$376 [1] 2'10 $memory$auto$proc_rom.cc:155:do_switch$3$rdmux[0][6][47]$b$376 [1] 1'1 }
    Consolidated identical input bits for $mux cell $memory$auto$proc_rom.cc:155:do_switch$3$rdmux[0][7][94]$707:
      Old ports: A=32'11010001101111000011001011100100, B=32'10000001000010100110000111011110, Y=$memory$auto$proc_rom.cc:155:do_switch$3$rdmux[0][6][47]$a$375
      New ports: A=2'10, B=2'01, Y={ $memory$auto$proc_rom.cc:155:do_switch$3$rdmux[0][6][47]$a$375 [5] $memory$auto$proc_rom.cc:155:do_switch$3$rdmux[0][6][47]$a$375 [1] }
      New connections: { $memory$auto$proc_rom.cc:155:do_switch$3$rdmux[0][6][47]$a$375 [31:6] $memory$auto$proc_rom.cc:155:do_switch$3$rdmux[0][6][47]$a$375 [4:2] $memory$auto$proc_rom.cc:155:do_switch$3$rdmux[0][6][47]$a$375 [0] } = { 1'1 $memory$auto$proc_rom.cc:155:do_switch$3$rdmux[0][6][47]$a$375 [5] 1'0 $memory$auto$proc_rom.cc:155:do_switch$3$rdmux[0][6][47]$a$375 [5] 4'0001 $memory$auto$proc_rom.cc:155:do_switch$3$rdmux[0][6][47]$a$375 [5] 1'0 $memory$auto$proc_rom.cc:155:do_switch$3$rdmux[0][6][47]$a$375 [5] $memory$auto$proc_rom.cc:155:do_switch$3$rdmux[0][6][47]$a$375 [5] 1'1 $memory$auto$proc_rom.cc:155:do_switch$3$rdmux[0][6][47]$a$375 [5] $memory$auto$proc_rom.cc:155:do_switch$3$rdmux[0][6][47]$a$375 [1] 2'00 $memory$auto$proc_rom.cc:155:do_switch$3$rdmux[0][6][47]$a$375 [1] 1'1 $memory$auto$proc_rom.cc:155:do_switch$3$rdmux[0][6][47]$a$375 [5] 2'00 $memory$auto$proc_rom.cc:155:do_switch$3$rdmux[0][6][47]$a$375 [5] $memory$auto$proc_rom.cc:155:do_switch$3$rdmux[0][6][47]$a$375 [1] 2'11 $memory$auto$proc_rom.cc:155:do_switch$3$rdmux[0][6][47]$a$375 [1] $memory$auto$proc_rom.cc:155:do_switch$3$rdmux[0][6][47]$a$375 [1] 2'10 }
    Consolidated identical input bits for $mux cell $memory$auto$proc_rom.cc:155:do_switch$3$rdmux[0][7][93]$704:
      Old ports: A=195650557, B=32'11010010001011101000010101110010, Y=$memory$auto$proc_rom.cc:155:do_switch$3$rdmux[0][6][46]$b$373
      New ports: A=2'01, B=2'10, Y=$memory$auto$proc_rom.cc:155:do_switch$3$rdmux[0][6][46]$b$373 [1:0]
      New connections: $memory$auto$proc_rom.cc:155:do_switch$3$rdmux[0][6][46]$b$373 [31:2] = { $memory$auto$proc_rom.cc:155:do_switch$3$rdmux[0][6][46]$b$373 [1] $memory$auto$proc_rom.cc:155:do_switch$3$rdmux[0][6][46]$b$373 [1] 1'0 $memory$auto$proc_rom.cc:155:do_switch$3$rdmux[0][6][46]$b$373 [1:0] 2'01 $memory$auto$proc_rom.cc:155:do_switch$3$rdmux[0][6][46]$b$373 [0] $memory$auto$proc_rom.cc:155:do_switch$3$rdmux[0][6][46]$b$373 [0] 4'0101 $memory$auto$proc_rom.cc:155:do_switch$3$rdmux[0][6][46]$b$373 [1] $memory$auto$proc_rom.cc:155:do_switch$3$rdmux[0][6][46]$b$373 [1:0] $memory$auto$proc_rom.cc:155:do_switch$3$rdmux[0][6][46]$b$373 [1:0] $memory$auto$proc_rom.cc:155:do_switch$3$rdmux[0][6][46]$b$373 [0] 2'00 $memory$auto$proc_rom.cc:155:do_switch$3$rdmux[0][6][46]$b$373 [1:0] 1'1 $memory$auto$proc_rom.cc:155:do_switch$3$rdmux[0][6][46]$b$373 [0] 3'111 $memory$auto$proc_rom.cc:155:do_switch$3$rdmux[0][6][46]$b$373 [0] $memory$auto$proc_rom.cc:155:do_switch$3$rdmux[0][6][46]$b$373 [0] }
    Consolidated identical input bits for $mux cell $memory$auto$proc_rom.cc:155:do_switch$3$rdmux[0][7][92]$701:
      Old ports: A=772771160, B=870023628, Y=$memory$auto$proc_rom.cc:155:do_switch$3$rdmux[0][6][46]$a$372
      New ports: A=2'10, B=2'01, Y={ $memory$auto$proc_rom.cc:155:do_switch$3$rdmux[0][6][46]$a$372 [4] $memory$auto$proc_rom.cc:155:do_switch$3$rdmux[0][6][46]$a$372 [2] }
      New connections: { $memory$auto$proc_rom.cc:155:do_switch$3$rdmux[0][6][46]$a$372 [31:5] $memory$auto$proc_rom.cc:155:do_switch$3$rdmux[0][6][46]$a$372 [3] $memory$auto$proc_rom.cc:155:do_switch$3$rdmux[0][6][46]$a$372 [1:0] } = { 3'001 $memory$auto$proc_rom.cc:155:do_switch$3$rdmux[0][6][46]$a$372 [2] $memory$auto$proc_rom.cc:155:do_switch$3$rdmux[0][6][46]$a$372 [4] $memory$auto$proc_rom.cc:155:do_switch$3$rdmux[0][6][46]$a$372 [4] 1'1 $memory$auto$proc_rom.cc:155:do_switch$3$rdmux[0][6][46]$a$372 [2] $memory$auto$proc_rom.cc:155:do_switch$3$rdmux[0][6][46]$a$372 [2] $memory$auto$proc_rom.cc:155:do_switch$3$rdmux[0][6][46]$a$372 [2] 1'0 $memory$auto$proc_rom.cc:155:do_switch$3$rdmux[0][6][46]$a$372 [2] 1'1 $memory$auto$proc_rom.cc:155:do_switch$3$rdmux[0][6][46]$a$372 [4] 6'111000 $memory$auto$proc_rom.cc:155:do_switch$3$rdmux[0][6][46]$a$372 [4] $memory$auto$proc_rom.cc:155:do_switch$3$rdmux[0][6][46]$a$372 [4] 2'01 $memory$auto$proc_rom.cc:155:do_switch$3$rdmux[0][6][46]$a$372 [2] 5'10100 }
    Consolidated identical input bits for $mux cell $memory$auto$proc_rom.cc:155:do_switch$3$rdmux[0][7][91]$698:
      Old ports: A=1417825837, B=2125892200, Y=$memory$auto$proc_rom.cc:155:do_switch$3$rdmux[0][6][45]$b$370
      New ports: A=2'01, B=2'10, Y={ $memory$auto$proc_rom.cc:155:do_switch$3$rdmux[0][6][45]$b$370 [6] $memory$auto$proc_rom.cc:155:do_switch$3$rdmux[0][6][45]$b$370 [0] }
      New connections: { $memory$auto$proc_rom.cc:155:do_switch$3$rdmux[0][6][45]$b$370 [31:7] $memory$auto$proc_rom.cc:155:do_switch$3$rdmux[0][6][45]$b$370 [5:1] } = { 2'01 $memory$auto$proc_rom.cc:155:do_switch$3$rdmux[0][6][45]$b$370 [6] 1'1 $memory$auto$proc_rom.cc:155:do_switch$3$rdmux[0][6][45]$b$370 [6] 1'1 $memory$auto$proc_rom.cc:155:do_switch$3$rdmux[0][6][45]$b$370 [6] 3'010 $memory$auto$proc_rom.cc:155:do_switch$3$rdmux[0][6][45]$b$370 [6] $memory$auto$proc_rom.cc:155:do_switch$3$rdmux[0][6][45]$b$370 [6] 1'0 $memory$auto$proc_rom.cc:155:do_switch$3$rdmux[0][6][45]$b$370 [6] 2'10 $memory$auto$proc_rom.cc:155:do_switch$3$rdmux[0][6][45]$b$370 [6] $memory$auto$proc_rom.cc:155:do_switch$3$rdmux[0][6][45]$b$370 [0] 3'001 $memory$auto$proc_rom.cc:155:do_switch$3$rdmux[0][6][45]$b$370 [0] 6'100101 $memory$auto$proc_rom.cc:155:do_switch$3$rdmux[0][6][45]$b$370 [0] 1'0 }
    Consolidated identical input bits for $mux cell $memory$auto$proc_rom.cc:155:do_switch$3$rdmux[0][7][90]$695:
      Old ports: A=32'10101111111011111010101001111111, B=32'11010101010100011100101010110100, Y=$memory$auto$proc_rom.cc:155:do_switch$3$rdmux[0][6][45]$a$369
      New ports: A=2'01, B=2'10, Y={ $memory$auto$proc_rom.cc:155:do_switch$3$rdmux[0][6][45]$a$369 [7] $memory$auto$proc_rom.cc:155:do_switch$3$rdmux[0][6][45]$a$369 [0] }
      New connections: { $memory$auto$proc_rom.cc:155:do_switch$3$rdmux[0][6][45]$a$369 [31:8] $memory$auto$proc_rom.cc:155:do_switch$3$rdmux[0][6][45]$a$369 [6:1] } = { 1'1 $memory$auto$proc_rom.cc:155:do_switch$3$rdmux[0][6][45]$a$369 [7] $memory$auto$proc_rom.cc:155:do_switch$3$rdmux[0][6][45]$a$369 [0] $memory$auto$proc_rom.cc:155:do_switch$3$rdmux[0][6][45]$a$369 [7] $memory$auto$proc_rom.cc:155:do_switch$3$rdmux[0][6][45]$a$369 [0] 1'1 $memory$auto$proc_rom.cc:155:do_switch$3$rdmux[0][6][45]$a$369 [0] 1'1 $memory$auto$proc_rom.cc:155:do_switch$3$rdmux[0][6][45]$a$369 [0] 1'1 $memory$auto$proc_rom.cc:155:do_switch$3$rdmux[0][6][45]$a$369 [0] $memory$auto$proc_rom.cc:155:do_switch$3$rdmux[0][6][45]$a$369 [7] $memory$auto$proc_rom.cc:155:do_switch$3$rdmux[0][6][45]$a$369 [0] $memory$auto$proc_rom.cc:155:do_switch$3$rdmux[0][6][45]$a$369 [0] $memory$auto$proc_rom.cc:155:do_switch$3$rdmux[0][6][45]$a$369 [0] 2'11 $memory$auto$proc_rom.cc:155:do_switch$3$rdmux[0][6][45]$a$369 [7] $memory$auto$proc_rom.cc:155:do_switch$3$rdmux[0][6][45]$a$369 [0] 5'01010 $memory$auto$proc_rom.cc:155:do_switch$3$rdmux[0][6][45]$a$369 [0] 2'11 $memory$auto$proc_rom.cc:155:do_switch$3$rdmux[0][6][45]$a$369 [0] 1'1 $memory$auto$proc_rom.cc:155:do_switch$3$rdmux[0][6][45]$a$369 [0] }
    Consolidated identical input bits for $mux cell $memory$auto$proc_rom.cc:155:do_switch$3$rdmux[0][7][89]$692:
      Old ports: A=1402493975, B=218266680, Y=$memory$auto$proc_rom.cc:155:do_switch$3$rdmux[0][6][44]$b$367
      New ports: A=2'01, B=2'10, Y={ $memory$auto$proc_rom.cc:155:do_switch$3$rdmux[0][6][44]$b$367 [3] $memory$auto$proc_rom.cc:155:do_switch$3$rdmux[0][6][44]$b$367 [0] }
      New connections: { $memory$auto$proc_rom.cc:155:do_switch$3$rdmux[0][6][44]$b$367 [31:4] $memory$auto$proc_rom.cc:155:do_switch$3$rdmux[0][6][44]$b$367 [2:1] } = { 1'0 $memory$auto$proc_rom.cc:155:do_switch$3$rdmux[0][6][44]$b$367 [0] 1'0 $memory$auto$proc_rom.cc:155:do_switch$3$rdmux[0][6][44]$b$367 [0] $memory$auto$proc_rom.cc:155:do_switch$3$rdmux[0][6][44]$b$367 [3] $memory$auto$proc_rom.cc:155:do_switch$3$rdmux[0][6][44]$b$367 [3] $memory$auto$proc_rom.cc:155:do_switch$3$rdmux[0][6][44]$b$367 [0] 1'1 $memory$auto$proc_rom.cc:155:do_switch$3$rdmux[0][6][44]$b$367 [0] 2'00 $memory$auto$proc_rom.cc:155:do_switch$3$rdmux[0][6][44]$b$367 [0] $memory$auto$proc_rom.cc:155:do_switch$3$rdmux[0][6][44]$b$367 [0] 1'0 $memory$auto$proc_rom.cc:155:do_switch$3$rdmux[0][6][44]$b$367 [3] 3'001 $memory$auto$proc_rom.cc:155:do_switch$3$rdmux[0][6][44]$b$367 [3] 7'1110000 $memory$auto$proc_rom.cc:155:do_switch$3$rdmux[0][6][44]$b$367 [3] 1'1 $memory$auto$proc_rom.cc:155:do_switch$3$rdmux[0][6][44]$b$367 [0] $memory$auto$proc_rom.cc:155:do_switch$3$rdmux[0][6][44]$b$367 [0] }
    Consolidated identical input bits for $mux cell $memory$auto$proc_rom.cc:155:do_switch$3$rdmux[0][7][88]$689:
      Old ports: A=224016994, B=32'10000001011101011001011101101111, Y=$memory$auto$proc_rom.cc:155:do_switch$3$rdmux[0][6][44]$a$366
      New ports: A=2'10, B=2'01, Y={ $memory$auto$proc_rom.cc:155:do_switch$3$rdmux[0][6][44]$a$366 [11] $memory$auto$proc_rom.cc:155:do_switch$3$rdmux[0][6][44]$a$366 [0] }
      New connections: { $memory$auto$proc_rom.cc:155:do_switch$3$rdmux[0][6][44]$a$366 [31:12] $memory$auto$proc_rom.cc:155:do_switch$3$rdmux[0][6][44]$a$366 [10:1] } = { $memory$auto$proc_rom.cc:155:do_switch$3$rdmux[0][6][44]$a$366 [0] 3'000 $memory$auto$proc_rom.cc:155:do_switch$3$rdmux[0][6][44]$a$366 [11] $memory$auto$proc_rom.cc:155:do_switch$3$rdmux[0][6][44]$a$366 [11] 4'0101 $memory$auto$proc_rom.cc:155:do_switch$3$rdmux[0][6][44]$a$366 [0] 1'1 $memory$auto$proc_rom.cc:155:do_switch$3$rdmux[0][6][44]$a$366 [11] $memory$auto$proc_rom.cc:155:do_switch$3$rdmux[0][6][44]$a$366 [0] $memory$auto$proc_rom.cc:155:do_switch$3$rdmux[0][6][44]$a$366 [11] $memory$auto$proc_rom.cc:155:do_switch$3$rdmux[0][6][44]$a$366 [0] $memory$auto$proc_rom.cc:155:do_switch$3$rdmux[0][6][44]$a$366 [0] 1'0 $memory$auto$proc_rom.cc:155:do_switch$3$rdmux[0][6][44]$a$366 [11] 1'1 $memory$auto$proc_rom.cc:155:do_switch$3$rdmux[0][6][44]$a$366 [0] 1'1 $memory$auto$proc_rom.cc:155:do_switch$3$rdmux[0][6][44]$a$366 [0] 4'0110 $memory$auto$proc_rom.cc:155:do_switch$3$rdmux[0][6][44]$a$366 [0] $memory$auto$proc_rom.cc:155:do_switch$3$rdmux[0][6][44]$a$366 [0] 1'1 }
    Consolidated identical input bits for $mux cell $memory$auto$proc_rom.cc:155:do_switch$3$rdmux[0][7][87]$686:
      Old ports: A=32'11001100100110110000110010111001, B=2013811545, Y=$memory$auto$proc_rom.cc:155:do_switch$3$rdmux[0][6][43]$b$364
      New ports: A=2'01, B=2'10, Y=$memory$auto$proc_rom.cc:155:do_switch$3$rdmux[0][6][43]$b$364 [6:5]
      New connections: { $memory$auto$proc_rom.cc:155:do_switch$3$rdmux[0][6][43]$b$364 [31:7] $memory$auto$proc_rom.cc:155:do_switch$3$rdmux[0][6][43]$b$364 [4:0] } = { $memory$auto$proc_rom.cc:155:do_switch$3$rdmux[0][6][43]$b$364 [5] 1'1 $memory$auto$proc_rom.cc:155:do_switch$3$rdmux[0][6][43]$b$364 [6] $memory$auto$proc_rom.cc:155:do_switch$3$rdmux[0][6][43]$b$364 [6] 1'1 $memory$auto$proc_rom.cc:155:do_switch$3$rdmux[0][6][43]$b$364 [5] 2'00 $memory$auto$proc_rom.cc:155:do_switch$3$rdmux[0][6][43]$b$364 [5] 2'00 $memory$auto$proc_rom.cc:155:do_switch$3$rdmux[0][6][43]$b$364 [5] 2'10 $memory$auto$proc_rom.cc:155:do_switch$3$rdmux[0][6][43]$b$364 [5] $memory$auto$proc_rom.cc:155:do_switch$3$rdmux[0][6][43]$b$364 [5] 1'0 $memory$auto$proc_rom.cc:155:do_switch$3$rdmux[0][6][43]$b$364 [6] 1'0 $memory$auto$proc_rom.cc:155:do_switch$3$rdmux[0][6][43]$b$364 [6:5] $memory$auto$proc_rom.cc:155:do_switch$3$rdmux[0][6][43]$b$364 [5] $memory$auto$proc_rom.cc:155:do_switch$3$rdmux[0][6][43]$b$364 [6] $memory$auto$proc_rom.cc:155:do_switch$3$rdmux[0][6][43]$b$364 [6:5] 5'11001 }
    Consolidated identical input bits for $mux cell $memory$auto$proc_rom.cc:155:do_switch$3$rdmux[0][7][86]$683:
      Old ports: A=32'10100111000110011111101111000011, B=32'11100101011110110000000000101001, Y=$memory$auto$proc_rom.cc:155:do_switch$3$rdmux[0][6][43]$a$363
      New ports: A=2'01, B=2'10, Y={ $memory$auto$proc_rom.cc:155:do_switch$3$rdmux[0][6][43]$a$363 [3] $memory$auto$proc_rom.cc:155:do_switch$3$rdmux[0][6][43]$a$363 [1] }
      New connections: { $memory$auto$proc_rom.cc:155:do_switch$3$rdmux[0][6][43]$a$363 [31:4] $memory$auto$proc_rom.cc:155:do_switch$3$rdmux[0][6][43]$a$363 [2] $memory$auto$proc_rom.cc:155:do_switch$3$rdmux[0][6][43]$a$363 [0] } = { 1'1 $memory$auto$proc_rom.cc:155:do_switch$3$rdmux[0][6][43]$a$363 [3] 4'1001 $memory$auto$proc_rom.cc:155:do_switch$3$rdmux[0][6][43]$a$363 [1] 2'10 $memory$auto$proc_rom.cc:155:do_switch$3$rdmux[0][6][43]$a$363 [3] $memory$auto$proc_rom.cc:155:do_switch$3$rdmux[0][6][43]$a$363 [3] 3'110 $memory$auto$proc_rom.cc:155:do_switch$3$rdmux[0][6][43]$a$363 [3] 1'1 $memory$auto$proc_rom.cc:155:do_switch$3$rdmux[0][6][43]$a$363 [1] $memory$auto$proc_rom.cc:155:do_switch$3$rdmux[0][6][43]$a$363 [1] $memory$auto$proc_rom.cc:155:do_switch$3$rdmux[0][6][43]$a$363 [1] $memory$auto$proc_rom.cc:155:do_switch$3$rdmux[0][6][43]$a$363 [1] $memory$auto$proc_rom.cc:155:do_switch$3$rdmux[0][6][43]$a$363 [1] 1'0 $memory$auto$proc_rom.cc:155:do_switch$3$rdmux[0][6][43]$a$363 [1] $memory$auto$proc_rom.cc:155:do_switch$3$rdmux[0][6][43]$a$363 [1] $memory$auto$proc_rom.cc:155:do_switch$3$rdmux[0][6][43]$a$363 [1] $memory$auto$proc_rom.cc:155:do_switch$3$rdmux[0][6][43]$a$363 [1] $memory$auto$proc_rom.cc:155:do_switch$3$rdmux[0][6][43]$a$363 [3] 3'001 }
    Consolidated identical input bits for $mux cell $memory$auto$proc_rom.cc:155:do_switch$3$rdmux[0][7][85]$680:
      Old ports: A=215197172, B=32'11100000000010101111011110101000, Y=$memory$auto$proc_rom.cc:155:do_switch$3$rdmux[0][6][42]$b$361
      New ports: A=2'01, B=2'10, Y=$memory$auto$proc_rom.cc:155:do_switch$3$rdmux[0][6][42]$b$361 [3:2]
      New connections: { $memory$auto$proc_rom.cc:155:do_switch$3$rdmux[0][6][42]$b$361 [31:4] $memory$auto$proc_rom.cc:155:do_switch$3$rdmux[0][6][42]$b$361 [1:0] } = { $memory$auto$proc_rom.cc:155:do_switch$3$rdmux[0][6][42]$b$361 [3] $memory$auto$proc_rom.cc:155:do_switch$3$rdmux[0][6][42]$b$361 [3] $memory$auto$proc_rom.cc:155:do_switch$3$rdmux[0][6][42]$b$361 [3] 1'0 $memory$auto$proc_rom.cc:155:do_switch$3$rdmux[0][6][42]$b$361 [2] $memory$auto$proc_rom.cc:155:do_switch$3$rdmux[0][6][42]$b$361 [2] 2'00 $memory$auto$proc_rom.cc:155:do_switch$3$rdmux[0][6][42]$b$361 [2] $memory$auto$proc_rom.cc:155:do_switch$3$rdmux[0][6][42]$b$361 [2] 1'0 $memory$auto$proc_rom.cc:155:do_switch$3$rdmux[0][6][42]$b$361 [2] $memory$auto$proc_rom.cc:155:do_switch$3$rdmux[0][6][42]$b$361 [3] 2'01 $memory$auto$proc_rom.cc:155:do_switch$3$rdmux[0][6][42]$b$361 [2] 1'1 $memory$auto$proc_rom.cc:155:do_switch$3$rdmux[0][6][42]$b$361 [3] 1'1 $memory$auto$proc_rom.cc:155:do_switch$3$rdmux[0][6][42]$b$361 [3] 2'01 $memory$auto$proc_rom.cc:155:do_switch$3$rdmux[0][6][42]$b$361 [3] 2'11 $memory$auto$proc_rom.cc:155:do_switch$3$rdmux[0][6][42]$b$361 [2] 1'1 $memory$auto$proc_rom.cc:155:do_switch$3$rdmux[0][6][42]$b$361 [2] 2'00 }
    Consolidated identical input bits for $mux cell $memory$auto$proc_rom.cc:155:do_switch$3$rdmux[0][7][84]$677:
      Old ports: A=32'11101010001011100110100001001010, B=318829080, Y=$memory$auto$proc_rom.cc:155:do_switch$3$rdmux[0][6][42]$a$360
      New ports: A=2'01, B=2'10, Y={ $memory$auto$proc_rom.cc:155:do_switch$3$rdmux[0][6][42]$a$360 [4] $memory$auto$proc_rom.cc:155:do_switch$3$rdmux[0][6][42]$a$360 [1] }
      New connections: { $memory$auto$proc_rom.cc:155:do_switch$3$rdmux[0][6][42]$a$360 [31:5] $memory$auto$proc_rom.cc:155:do_switch$3$rdmux[0][6][42]$a$360 [3:2] $memory$auto$proc_rom.cc:155:do_switch$3$rdmux[0][6][42]$a$360 [0] } = { $memory$auto$proc_rom.cc:155:do_switch$3$rdmux[0][6][42]$a$360 [1] $memory$auto$proc_rom.cc:155:do_switch$3$rdmux[0][6][42]$a$360 [1] $memory$auto$proc_rom.cc:155:do_switch$3$rdmux[0][6][42]$a$360 [1] $memory$auto$proc_rom.cc:155:do_switch$3$rdmux[0][6][42]$a$360 [4] $memory$auto$proc_rom.cc:155:do_switch$3$rdmux[0][6][42]$a$360 [1] 2'01 $memory$auto$proc_rom.cc:155:do_switch$3$rdmux[0][6][42]$a$360 [4] 2'00 $memory$auto$proc_rom.cc:155:do_switch$3$rdmux[0][6][42]$a$360 [1] 1'0 $memory$auto$proc_rom.cc:155:do_switch$3$rdmux[0][6][42]$a$360 [1] $memory$auto$proc_rom.cc:155:do_switch$3$rdmux[0][6][42]$a$360 [1] $memory$auto$proc_rom.cc:155:do_switch$3$rdmux[0][6][42]$a$360 [1] 1'0 $memory$auto$proc_rom.cc:155:do_switch$3$rdmux[0][6][42]$a$360 [4] 2'11 $memory$auto$proc_rom.cc:155:do_switch$3$rdmux[0][6][42]$a$360 [4] $memory$auto$proc_rom.cc:155:do_switch$3$rdmux[0][6][42]$a$360 [1] 1'0 $memory$auto$proc_rom.cc:155:do_switch$3$rdmux[0][6][42]$a$360 [4] 2'00 $memory$auto$proc_rom.cc:155:do_switch$3$rdmux[0][6][42]$a$360 [1] 4'0100 }
    Consolidated identical input bits for $mux cell $memory$auto$proc_rom.cc:155:do_switch$3$rdmux[0][7][83]$674:
      Old ports: A=1738999775, B=1618680004, Y=$memory$auto$proc_rom.cc:155:do_switch$3$rdmux[0][6][41]$b$358
      New ports: A=2'01, B=2'10, Y={ $memory$auto$proc_rom.cc:155:do_switch$3$rdmux[0][6][41]$b$358 [11] $memory$auto$proc_rom.cc:155:do_switch$3$rdmux[0][6][41]$b$358 [0] }
      New connections: { $memory$auto$proc_rom.cc:155:do_switch$3$rdmux[0][6][41]$b$358 [31:12] $memory$auto$proc_rom.cc:155:do_switch$3$rdmux[0][6][41]$b$358 [10:1] } = { 5'01100 $memory$auto$proc_rom.cc:155:do_switch$3$rdmux[0][6][41]$b$358 [0] $memory$auto$proc_rom.cc:155:do_switch$3$rdmux[0][6][41]$b$358 [0] $memory$auto$proc_rom.cc:155:do_switch$3$rdmux[0][6][41]$b$358 [0] $memory$auto$proc_rom.cc:155:do_switch$3$rdmux[0][6][41]$b$358 [0] $memory$auto$proc_rom.cc:155:do_switch$3$rdmux[0][6][41]$b$358 [11] 1'1 $memory$auto$proc_rom.cc:155:do_switch$3$rdmux[0][6][41]$b$358 [11] $memory$auto$proc_rom.cc:155:do_switch$3$rdmux[0][6][41]$b$358 [11] $memory$auto$proc_rom.cc:155:do_switch$3$rdmux[0][6][41]$b$358 [0] 5'11000 $memory$auto$proc_rom.cc:155:do_switch$3$rdmux[0][6][41]$b$358 [11] $memory$auto$proc_rom.cc:155:do_switch$3$rdmux[0][6][41]$b$358 [0] $memory$auto$proc_rom.cc:155:do_switch$3$rdmux[0][6][41]$b$358 [0] $memory$auto$proc_rom.cc:155:do_switch$3$rdmux[0][6][41]$b$358 [0] 3'110 $memory$auto$proc_rom.cc:155:do_switch$3$rdmux[0][6][41]$b$358 [0] $memory$auto$proc_rom.cc:155:do_switch$3$rdmux[0][6][41]$b$358 [0] 1'1 $memory$auto$proc_rom.cc:155:do_switch$3$rdmux[0][6][41]$b$358 [0] }
    Consolidated identical input bits for $mux cell $memory$auto$proc_rom.cc:155:do_switch$3$rdmux[0][7][82]$671:
      Old ports: A=1064985070, B=1235894139, Y=$memory$auto$proc_rom.cc:155:do_switch$3$rdmux[0][6][41]$a$357
      New ports: A=2'10, B=2'01, Y={ $memory$auto$proc_rom.cc:155:do_switch$3$rdmux[0][6][41]$a$357 [2] $memory$auto$proc_rom.cc:155:do_switch$3$rdmux[0][6][41]$a$357 [0] }
      New connections: { $memory$auto$proc_rom.cc:155:do_switch$3$rdmux[0][6][41]$a$357 [31:3] $memory$auto$proc_rom.cc:155:do_switch$3$rdmux[0][6][41]$a$357 [1] } = { 1'0 $memory$auto$proc_rom.cc:155:do_switch$3$rdmux[0][6][41]$a$357 [0] $memory$auto$proc_rom.cc:155:do_switch$3$rdmux[0][6][41]$a$357 [2] $memory$auto$proc_rom.cc:155:do_switch$3$rdmux[0][6][41]$a$357 [2] 1'1 $memory$auto$proc_rom.cc:155:do_switch$3$rdmux[0][6][41]$a$357 [2] $memory$auto$proc_rom.cc:155:do_switch$3$rdmux[0][6][41]$a$357 [2] 1'1 $memory$auto$proc_rom.cc:155:do_switch$3$rdmux[0][6][41]$a$357 [0] $memory$auto$proc_rom.cc:155:do_switch$3$rdmux[0][6][41]$a$357 [2] 1'1 $memory$auto$proc_rom.cc:155:do_switch$3$rdmux[0][6][41]$a$357 [2] 5'10100 $memory$auto$proc_rom.cc:155:do_switch$3$rdmux[0][6][41]$a$357 [2] 1'1 $memory$auto$proc_rom.cc:155:do_switch$3$rdmux[0][6][41]$a$357 [0] $memory$auto$proc_rom.cc:155:do_switch$3$rdmux[0][6][41]$a$357 [0] $memory$auto$proc_rom.cc:155:do_switch$3$rdmux[0][6][41]$a$357 [0] $memory$auto$proc_rom.cc:155:do_switch$3$rdmux[0][6][41]$a$357 [0] 1'1 $memory$auto$proc_rom.cc:155:do_switch$3$rdmux[0][6][41]$a$357 [2] 2'11 $memory$auto$proc_rom.cc:155:do_switch$3$rdmux[0][6][41]$a$357 [0] 2'11 }
    Consolidated identical input bits for $mux cell $memory$auto$proc_rom.cc:155:do_switch$3$rdmux[0][7][81]$668:
      Old ports: A=666857296, B=32'11110111010011011101010010101011, Y=$memory$auto$proc_rom.cc:155:do_switch$3$rdmux[0][6][40]$b$355
      New ports: A=2'10, B=2'01, Y={ $memory$auto$proc_rom.cc:155:do_switch$3$rdmux[0][6][40]$b$355 [4] $memory$auto$proc_rom.cc:155:do_switch$3$rdmux[0][6][40]$b$355 [0] }
      New connections: { $memory$auto$proc_rom.cc:155:do_switch$3$rdmux[0][6][40]$b$355 [31:5] $memory$auto$proc_rom.cc:155:do_switch$3$rdmux[0][6][40]$b$355 [3:1] } = { $memory$auto$proc_rom.cc:155:do_switch$3$rdmux[0][6][40]$b$355 [0] $memory$auto$proc_rom.cc:155:do_switch$3$rdmux[0][6][40]$b$355 [0] 1'1 $memory$auto$proc_rom.cc:155:do_switch$3$rdmux[0][6][40]$b$355 [0] 4'0111 $memory$auto$proc_rom.cc:155:do_switch$3$rdmux[0][6][40]$b$355 [4] $memory$auto$proc_rom.cc:155:do_switch$3$rdmux[0][6][40]$b$355 [0] $memory$auto$proc_rom.cc:155:do_switch$3$rdmux[0][6][40]$b$355 [4] $memory$auto$proc_rom.cc:155:do_switch$3$rdmux[0][6][40]$b$355 [4] 2'11 $memory$auto$proc_rom.cc:155:do_switch$3$rdmux[0][6][40]$b$355 [4] 1'1 $memory$auto$proc_rom.cc:155:do_switch$3$rdmux[0][6][40]$b$355 [0] 1'1 $memory$auto$proc_rom.cc:155:do_switch$3$rdmux[0][6][40]$b$355 [4] $memory$auto$proc_rom.cc:155:do_switch$3$rdmux[0][6][40]$b$355 [0] $memory$auto$proc_rom.cc:155:do_switch$3$rdmux[0][6][40]$b$355 [4] 1'1 $memory$auto$proc_rom.cc:155:do_switch$3$rdmux[0][6][40]$b$355 [4] $memory$auto$proc_rom.cc:155:do_switch$3$rdmux[0][6][40]$b$355 [4] $memory$auto$proc_rom.cc:155:do_switch$3$rdmux[0][6][40]$b$355 [0] $memory$auto$proc_rom.cc:155:do_switch$3$rdmux[0][6][40]$b$355 [4] $memory$auto$proc_rom.cc:155:do_switch$3$rdmux[0][6][40]$b$355 [0] $memory$auto$proc_rom.cc:155:do_switch$3$rdmux[0][6][40]$b$355 [0] 1'0 $memory$auto$proc_rom.cc:155:do_switch$3$rdmux[0][6][40]$b$355 [0] }
    Consolidated identical input bits for $mux cell $memory$auto$proc_rom.cc:155:do_switch$3$rdmux[0][7][80]$665:
      Old ports: A=37326245, B=1473635286, Y=$memory$auto$proc_rom.cc:155:do_switch$3$rdmux[0][6][40]$a$354
      New ports: A=2'01, B=2'10, Y=$memory$auto$proc_rom.cc:155:do_switch$3$rdmux[0][6][40]$a$354 [1:0]
      New connections: $memory$auto$proc_rom.cc:155:do_switch$3$rdmux[0][6][40]$a$354 [31:2] = { 1'0 $memory$auto$proc_rom.cc:155:do_switch$3$rdmux[0][6][40]$a$354 [1] 1'0 $memory$auto$proc_rom.cc:155:do_switch$3$rdmux[0][6][40]$a$354 [1] 1'0 $memory$auto$proc_rom.cc:155:do_switch$3$rdmux[0][6][40]$a$354 [1] 1'1 $memory$auto$proc_rom.cc:155:do_switch$3$rdmux[0][6][40]$a$354 [1] $memory$auto$proc_rom.cc:155:do_switch$3$rdmux[0][6][40]$a$354 [1] $memory$auto$proc_rom.cc:155:do_switch$3$rdmux[0][6][40]$a$354 [1:0] 1'1 $memory$auto$proc_rom.cc:155:do_switch$3$rdmux[0][6][40]$a$354 [0] $memory$auto$proc_rom.cc:155:do_switch$3$rdmux[0][6][40]$a$354 [1] 3'011 $memory$auto$proc_rom.cc:155:do_switch$3$rdmux[0][6][40]$a$354 [1] $memory$auto$proc_rom.cc:155:do_switch$3$rdmux[0][6][40]$a$354 [1] 1'0 $memory$auto$proc_rom.cc:155:do_switch$3$rdmux[0][6][40]$a$354 [0] $memory$auto$proc_rom.cc:155:do_switch$3$rdmux[0][6][40]$a$354 [0] $memory$auto$proc_rom.cc:155:do_switch$3$rdmux[0][6][40]$a$354 [1] 2'11 $memory$auto$proc_rom.cc:155:do_switch$3$rdmux[0][6][40]$a$354 [1:0] $memory$auto$proc_rom.cc:155:do_switch$3$rdmux[0][6][40]$a$354 [1] 2'01 }
    Consolidated identical input bits for $mux cell $memory$auto$proc_rom.cc:155:do_switch$3$rdmux[0][7][79]$662:
      Old ports: A=1530459047, B=1123223701, Y=$memory$auto$proc_rom.cc:155:do_switch$3$rdmux[0][6][39]$b$352
      New ports: A=2'01, B=2'10, Y={ $memory$auto$proc_rom.cc:155:do_switch$3$rdmux[0][6][39]$b$352 [4] $memory$auto$proc_rom.cc:155:do_switch$3$rdmux[0][6][39]$b$352 [1] }
      New connections: { $memory$auto$proc_rom.cc:155:do_switch$3$rdmux[0][6][39]$b$352 [31:5] $memory$auto$proc_rom.cc:155:do_switch$3$rdmux[0][6][39]$b$352 [3:2] $memory$auto$proc_rom.cc:155:do_switch$3$rdmux[0][6][39]$b$352 [0] } = { 3'010 $memory$auto$proc_rom.cc:155:do_switch$3$rdmux[0][6][39]$b$352 [1] $memory$auto$proc_rom.cc:155:do_switch$3$rdmux[0][6][39]$b$352 [1] 2'01 $memory$auto$proc_rom.cc:155:do_switch$3$rdmux[0][6][39]$b$352 [1] $memory$auto$proc_rom.cc:155:do_switch$3$rdmux[0][6][39]$b$352 [4] $memory$auto$proc_rom.cc:155:do_switch$3$rdmux[0][6][39]$b$352 [4] 2'11 $memory$auto$proc_rom.cc:155:do_switch$3$rdmux[0][6][39]$b$352 [1] 1'0 $memory$auto$proc_rom.cc:155:do_switch$3$rdmux[0][6][39]$b$352 [4] $memory$auto$proc_rom.cc:155:do_switch$3$rdmux[0][6][39]$b$352 [4] $memory$auto$proc_rom.cc:155:do_switch$3$rdmux[0][6][39]$b$352 [1] $memory$auto$proc_rom.cc:155:do_switch$3$rdmux[0][6][39]$b$352 [1] $memory$auto$proc_rom.cc:155:do_switch$3$rdmux[0][6][39]$b$352 [1] $memory$auto$proc_rom.cc:155:do_switch$3$rdmux[0][6][39]$b$352 [1] $memory$auto$proc_rom.cc:155:do_switch$3$rdmux[0][6][39]$b$352 [4] 1'0 $memory$auto$proc_rom.cc:155:do_switch$3$rdmux[0][6][39]$b$352 [1] $memory$auto$proc_rom.cc:155:do_switch$3$rdmux[0][6][39]$b$352 [1] 2'10 $memory$auto$proc_rom.cc:155:do_switch$3$rdmux[0][6][39]$b$352 [1] 3'011 }
    Consolidated identical input bits for $mux cell $memory$auto$proc_rom.cc:155:do_switch$3$rdmux[0][7][78]$659:
      Old ports: A=1912948559, B=32'10100010110110111111100001101011, Y=$memory$auto$proc_rom.cc:155:do_switch$3$rdmux[0][6][39]$a$351
      New ports: A=2'01, B=2'10, Y={ $memory$auto$proc_rom.cc:155:do_switch$3$rdmux[0][6][39]$a$351 [5] $memory$auto$proc_rom.cc:155:do_switch$3$rdmux[0][6][39]$a$351 [2] }
      New connections: { $memory$auto$proc_rom.cc:155:do_switch$3$rdmux[0][6][39]$a$351 [31:6] $memory$auto$proc_rom.cc:155:do_switch$3$rdmux[0][6][39]$a$351 [4:3] $memory$auto$proc_rom.cc:155:do_switch$3$rdmux[0][6][39]$a$351 [1:0] } = { $memory$auto$proc_rom.cc:155:do_switch$3$rdmux[0][6][39]$a$351 [5] $memory$auto$proc_rom.cc:155:do_switch$3$rdmux[0][6][39]$a$351 [2] 1'1 $memory$auto$proc_rom.cc:155:do_switch$3$rdmux[0][6][39]$a$351 [2] 4'0010 $memory$auto$proc_rom.cc:155:do_switch$3$rdmux[0][6][39]$a$351 [5] $memory$auto$proc_rom.cc:155:do_switch$3$rdmux[0][6][39]$a$351 [5] 1'0 $memory$auto$proc_rom.cc:155:do_switch$3$rdmux[0][6][39]$a$351 [5] $memory$auto$proc_rom.cc:155:do_switch$3$rdmux[0][6][39]$a$351 [5] $memory$auto$proc_rom.cc:155:do_switch$3$rdmux[0][6][39]$a$351 [2] $memory$auto$proc_rom.cc:155:do_switch$3$rdmux[0][6][39]$a$351 [5] 1'1 $memory$auto$proc_rom.cc:155:do_switch$3$rdmux[0][6][39]$a$351 [5] 1'1 $memory$auto$proc_rom.cc:155:do_switch$3$rdmux[0][6][39]$a$351 [5] $memory$auto$proc_rom.cc:155:do_switch$3$rdmux[0][6][39]$a$351 [5] $memory$auto$proc_rom.cc:155:do_switch$3$rdmux[0][6][39]$a$351 [5] $memory$auto$proc_rom.cc:155:do_switch$3$rdmux[0][6][39]$a$351 [2] $memory$auto$proc_rom.cc:155:do_switch$3$rdmux[0][6][39]$a$351 [2] $memory$auto$proc_rom.cc:155:do_switch$3$rdmux[0][6][39]$a$351 [2] 6'010111 }
    Consolidated identical input bits for $mux cell $memory$auto$proc_rom.cc:155:do_switch$3$rdmux[0][7][77]$656:
      Old ports: A=1596115932, B=32'11101001010010110110100000010000, Y=$memory$auto$proc_rom.cc:155:do_switch$3$rdmux[0][6][38]$b$349
      New ports: A=2'01, B=2'10, Y={ $memory$auto$proc_rom.cc:155:do_switch$3$rdmux[0][6][38]$b$349 [13] $memory$auto$proc_rom.cc:155:do_switch$3$rdmux[0][6][38]$b$349 [2] }
      New connections: { $memory$auto$proc_rom.cc:155:do_switch$3$rdmux[0][6][38]$b$349 [31:14] $memory$auto$proc_rom.cc:155:do_switch$3$rdmux[0][6][38]$b$349 [12:3] $memory$auto$proc_rom.cc:155:do_switch$3$rdmux[0][6][38]$b$349 [1:0] } = { $memory$auto$proc_rom.cc:155:do_switch$3$rdmux[0][6][38]$b$349 [13] 1'1 $memory$auto$proc_rom.cc:155:do_switch$3$rdmux[0][6][38]$b$349 [13] $memory$auto$proc_rom.cc:155:do_switch$3$rdmux[0][6][38]$b$349 [2] 1'1 $memory$auto$proc_rom.cc:155:do_switch$3$rdmux[0][6][38]$b$349 [2] $memory$auto$proc_rom.cc:155:do_switch$3$rdmux[0][6][38]$b$349 [2] 2'10 $memory$auto$proc_rom.cc:155:do_switch$3$rdmux[0][6][38]$b$349 [13] $memory$auto$proc_rom.cc:155:do_switch$3$rdmux[0][6][38]$b$349 [2] 1'0 $memory$auto$proc_rom.cc:155:do_switch$3$rdmux[0][6][38]$b$349 [13] 2'01 $memory$auto$proc_rom.cc:155:do_switch$3$rdmux[0][6][38]$b$349 [13] $memory$auto$proc_rom.cc:155:do_switch$3$rdmux[0][6][38]$b$349 [2] 4'1010 $memory$auto$proc_rom.cc:155:do_switch$3$rdmux[0][6][38]$b$349 [2] $memory$auto$proc_rom.cc:155:do_switch$3$rdmux[0][6][38]$b$349 [2] $memory$auto$proc_rom.cc:155:do_switch$3$rdmux[0][6][38]$b$349 [2] $memory$auto$proc_rom.cc:155:do_switch$3$rdmux[0][6][38]$b$349 [2] 2'01 $memory$auto$proc_rom.cc:155:do_switch$3$rdmux[0][6][38]$b$349 [2] 2'00 }
    Consolidated identical input bits for $mux cell $memory$auto$proc_rom.cc:155:do_switch$3$rdmux[0][7][76]$653:
      Old ports: A=32'10010100101001110101101011011111, B=965809403, Y=$memory$auto$proc_rom.cc:155:do_switch$3$rdmux[0][6][38]$a$348
      New ports: A=2'01, B=2'10, Y={ $memory$auto$proc_rom.cc:155:do_switch$3$rdmux[0][6][38]$a$348 [5] $memory$auto$proc_rom.cc:155:do_switch$3$rdmux[0][6][38]$a$348 [2] }
      New connections: { $memory$auto$proc_rom.cc:155:do_switch$3$rdmux[0][6][38]$a$348 [31:6] $memory$auto$proc_rom.cc:155:do_switch$3$rdmux[0][6][38]$a$348 [4:3] $memory$auto$proc_rom.cc:155:do_switch$3$rdmux[0][6][38]$a$348 [1:0] } = { $memory$auto$proc_rom.cc:155:do_switch$3$rdmux[0][6][38]$a$348 [2] 1'0 $memory$auto$proc_rom.cc:155:do_switch$3$rdmux[0][6][38]$a$348 [5] 1'1 $memory$auto$proc_rom.cc:155:do_switch$3$rdmux[0][6][38]$a$348 [5] $memory$auto$proc_rom.cc:155:do_switch$3$rdmux[0][6][38]$a$348 [2] 1'0 $memory$auto$proc_rom.cc:155:do_switch$3$rdmux[0][6][38]$a$348 [5] 2'10 $memory$auto$proc_rom.cc:155:do_switch$3$rdmux[0][6][38]$a$348 [2] $memory$auto$proc_rom.cc:155:do_switch$3$rdmux[0][6][38]$a$348 [5] 1'0 $memory$auto$proc_rom.cc:155:do_switch$3$rdmux[0][6][38]$a$348 [2] $memory$auto$proc_rom.cc:155:do_switch$3$rdmux[0][6][38]$a$348 [2] 2'10 $memory$auto$proc_rom.cc:155:do_switch$3$rdmux[0][6][38]$a$348 [2] 2'01 $memory$auto$proc_rom.cc:155:do_switch$3$rdmux[0][6][38]$a$348 [2] $memory$auto$proc_rom.cc:155:do_switch$3$rdmux[0][6][38]$a$348 [5] $memory$auto$proc_rom.cc:155:do_switch$3$rdmux[0][6][38]$a$348 [2] 7'0111111 }
    Consolidated identical input bits for $mux cell $memory$auto$proc_rom.cc:155:do_switch$3$rdmux[0][7][75]$650:
      Old ports: A=518694603, B=32'11110010100100001011011001011100, Y=$memory$auto$proc_rom.cc:155:do_switch$3$rdmux[0][6][37]$b$346
      New ports: A=2'01, B=2'10, Y={ $memory$auto$proc_rom.cc:155:do_switch$3$rdmux[0][6][37]$b$346 [2] $memory$auto$proc_rom.cc:155:do_switch$3$rdmux[0][6][37]$b$346 [0] }
      New connections: { $memory$auto$proc_rom.cc:155:do_switch$3$rdmux[0][6][37]$b$346 [31:3] $memory$auto$proc_rom.cc:155:do_switch$3$rdmux[0][6][37]$b$346 [1] } = { $memory$auto$proc_rom.cc:155:do_switch$3$rdmux[0][6][37]$b$346 [2] $memory$auto$proc_rom.cc:155:do_switch$3$rdmux[0][6][37]$b$346 [2] $memory$auto$proc_rom.cc:155:do_switch$3$rdmux[0][6][37]$b$346 [2] 1'1 $memory$auto$proc_rom.cc:155:do_switch$3$rdmux[0][6][37]$b$346 [0] $memory$auto$proc_rom.cc:155:do_switch$3$rdmux[0][6][37]$b$346 [0] 3'101 $memory$auto$proc_rom.cc:155:do_switch$3$rdmux[0][6][37]$b$346 [0] $memory$auto$proc_rom.cc:155:do_switch$3$rdmux[0][6][37]$b$346 [0] $memory$auto$proc_rom.cc:155:do_switch$3$rdmux[0][6][37]$b$346 [2] $memory$auto$proc_rom.cc:155:do_switch$3$rdmux[0][6][37]$b$346 [0] 1'0 $memory$auto$proc_rom.cc:155:do_switch$3$rdmux[0][6][37]$b$346 [0] 4'0101 $memory$auto$proc_rom.cc:155:do_switch$3$rdmux[0][6][37]$b$346 [2] 4'0110 $memory$auto$proc_rom.cc:155:do_switch$3$rdmux[0][6][37]$b$346 [0] 2'10 $memory$auto$proc_rom.cc:155:do_switch$3$rdmux[0][6][37]$b$346 [2] 1'1 $memory$auto$proc_rom.cc:155:do_switch$3$rdmux[0][6][37]$b$346 [0] }
    Consolidated identical input bits for $mux cell $memory$auto$proc_rom.cc:155:do_switch$3$rdmux[0][7][74]$647:
      Old ports: A=265940682, B=32'11010001001010100001100010111110, Y=$memory$auto$proc_rom.cc:155:do_switch$3$rdmux[0][6][37]$a$345
      New ports: A=2'10, B=2'01, Y={ $memory$auto$proc_rom.cc:155:do_switch$3$rdmux[0][6][37]$a$345 [6] $memory$auto$proc_rom.cc:155:do_switch$3$rdmux[0][6][37]$a$345 [2] }
      New connections: { $memory$auto$proc_rom.cc:155:do_switch$3$rdmux[0][6][37]$a$345 [31:7] $memory$auto$proc_rom.cc:155:do_switch$3$rdmux[0][6][37]$a$345 [5:3] $memory$auto$proc_rom.cc:155:do_switch$3$rdmux[0][6][37]$a$345 [1:0] } = { $memory$auto$proc_rom.cc:155:do_switch$3$rdmux[0][6][37]$a$345 [2] $memory$auto$proc_rom.cc:155:do_switch$3$rdmux[0][6][37]$a$345 [2] 1'0 $memory$auto$proc_rom.cc:155:do_switch$3$rdmux[0][6][37]$a$345 [2] $memory$auto$proc_rom.cc:155:do_switch$3$rdmux[0][6][37]$a$345 [6] $memory$auto$proc_rom.cc:155:do_switch$3$rdmux[0][6][37]$a$345 [6] $memory$auto$proc_rom.cc:155:do_switch$3$rdmux[0][6][37]$a$345 [6] 1'1 $memory$auto$proc_rom.cc:155:do_switch$3$rdmux[0][6][37]$a$345 [6] $memory$auto$proc_rom.cc:155:do_switch$3$rdmux[0][6][37]$a$345 [6] $memory$auto$proc_rom.cc:155:do_switch$3$rdmux[0][6][37]$a$345 [2] $memory$auto$proc_rom.cc:155:do_switch$3$rdmux[0][6][37]$a$345 [6] 2'10 $memory$auto$proc_rom.cc:155:do_switch$3$rdmux[0][6][37]$a$345 [2] $memory$auto$proc_rom.cc:155:do_switch$3$rdmux[0][6][37]$a$345 [6] $memory$auto$proc_rom.cc:155:do_switch$3$rdmux[0][6][37]$a$345 [6] $memory$auto$proc_rom.cc:155:do_switch$3$rdmux[0][6][37]$a$345 [6] $memory$auto$proc_rom.cc:155:do_switch$3$rdmux[0][6][37]$a$345 [6] $memory$auto$proc_rom.cc:155:do_switch$3$rdmux[0][6][37]$a$345 [2] 1'1 $memory$auto$proc_rom.cc:155:do_switch$3$rdmux[0][6][37]$a$345 [6] $memory$auto$proc_rom.cc:155:do_switch$3$rdmux[0][6][37]$a$345 [6] 2'01 $memory$auto$proc_rom.cc:155:do_switch$3$rdmux[0][6][37]$a$345 [2] $memory$auto$proc_rom.cc:155:do_switch$3$rdmux[0][6][37]$a$345 [2] 3'110 }
    Consolidated identical input bits for $mux cell $memory$auto$proc_rom.cc:155:do_switch$3$rdmux[0][7][73]$644:
      Old ports: A=32'10011110000101101010001010111110, B=32'11100101010100001011111000001000, Y=$memory$auto$proc_rom.cc:155:do_switch$3$rdmux[0][6][36]$b$343
      New ports: A=2'01, B=2'10, Y={ $memory$auto$proc_rom.cc:155:do_switch$3$rdmux[0][6][36]$b$343 [10] $memory$auto$proc_rom.cc:155:do_switch$3$rdmux[0][6][36]$b$343 [1] }
      New connections: { $memory$auto$proc_rom.cc:155:do_switch$3$rdmux[0][6][36]$b$343 [31:11] $memory$auto$proc_rom.cc:155:do_switch$3$rdmux[0][6][36]$b$343 [9:2] $memory$auto$proc_rom.cc:155:do_switch$3$rdmux[0][6][36]$b$343 [0] } = { 1'1 $memory$auto$proc_rom.cc:155:do_switch$3$rdmux[0][6][36]$b$343 [10] $memory$auto$proc_rom.cc:155:do_switch$3$rdmux[0][6][36]$b$343 [10] $memory$auto$proc_rom.cc:155:do_switch$3$rdmux[0][6][36]$b$343 [1] $memory$auto$proc_rom.cc:155:do_switch$3$rdmux[0][6][36]$b$343 [1] 1'1 $memory$auto$proc_rom.cc:155:do_switch$3$rdmux[0][6][36]$b$343 [1] $memory$auto$proc_rom.cc:155:do_switch$3$rdmux[0][6][36]$b$343 [10] 1'0 $memory$auto$proc_rom.cc:155:do_switch$3$rdmux[0][6][36]$b$343 [10] 3'010 $memory$auto$proc_rom.cc:155:do_switch$3$rdmux[0][6][36]$b$343 [1] $memory$auto$proc_rom.cc:155:do_switch$3$rdmux[0][6][36]$b$343 [1] 4'0101 $memory$auto$proc_rom.cc:155:do_switch$3$rdmux[0][6][36]$b$343 [10] $memory$auto$proc_rom.cc:155:do_switch$3$rdmux[0][6][36]$b$343 [10] 2'10 $memory$auto$proc_rom.cc:155:do_switch$3$rdmux[0][6][36]$b$343 [1] 1'0 $memory$auto$proc_rom.cc:155:do_switch$3$rdmux[0][6][36]$b$343 [1] $memory$auto$proc_rom.cc:155:do_switch$3$rdmux[0][6][36]$b$343 [1] 1'1 $memory$auto$proc_rom.cc:155:do_switch$3$rdmux[0][6][36]$b$343 [1] 1'0 }
    Consolidated identical input bits for $mux cell $memory$auto$proc_rom.cc:155:do_switch$3$rdmux[0][7][72]$641:
      Old ports: A=1755401141, B=32'10111001001011101001011110011111, Y=$memory$auto$proc_rom.cc:155:do_switch$3$rdmux[0][6][36]$a$342
      New ports: A=2'10, B=2'01, Y={ $memory$auto$proc_rom.cc:155:do_switch$3$rdmux[0][6][36]$a$342 [5] $memory$auto$proc_rom.cc:155:do_switch$3$rdmux[0][6][36]$a$342 [1] }
      New connections: { $memory$auto$proc_rom.cc:155:do_switch$3$rdmux[0][6][36]$a$342 [31:6] $memory$auto$proc_rom.cc:155:do_switch$3$rdmux[0][6][36]$a$342 [4:2] $memory$auto$proc_rom.cc:155:do_switch$3$rdmux[0][6][36]$a$342 [0] } = { $memory$auto$proc_rom.cc:155:do_switch$3$rdmux[0][6][36]$a$342 [1] $memory$auto$proc_rom.cc:155:do_switch$3$rdmux[0][6][36]$a$342 [5] 1'1 $memory$auto$proc_rom.cc:155:do_switch$3$rdmux[0][6][36]$a$342 [1] 3'100 $memory$auto$proc_rom.cc:155:do_switch$3$rdmux[0][6][36]$a$342 [1] $memory$auto$proc_rom.cc:155:do_switch$3$rdmux[0][6][36]$a$342 [5] 3'010 $memory$auto$proc_rom.cc:155:do_switch$3$rdmux[0][6][36]$a$342 [1] $memory$auto$proc_rom.cc:155:do_switch$3$rdmux[0][6][36]$a$342 [1] $memory$auto$proc_rom.cc:155:do_switch$3$rdmux[0][6][36]$a$342 [1] $memory$auto$proc_rom.cc:155:do_switch$3$rdmux[0][6][36]$a$342 [5] $memory$auto$proc_rom.cc:155:do_switch$3$rdmux[0][6][36]$a$342 [1] $memory$auto$proc_rom.cc:155:do_switch$3$rdmux[0][6][36]$a$342 [5] 1'0 $memory$auto$proc_rom.cc:155:do_switch$3$rdmux[0][6][36]$a$342 [1] $memory$auto$proc_rom.cc:155:do_switch$3$rdmux[0][6][36]$a$342 [5] $memory$auto$proc_rom.cc:155:do_switch$3$rdmux[0][6][36]$a$342 [1] 5'11101 $memory$auto$proc_rom.cc:155:do_switch$3$rdmux[0][6][36]$a$342 [1] 2'11 }
    Consolidated identical input bits for $mux cell $memory$auto$proc_rom.cc:155:do_switch$3$rdmux[0][7][71]$638:
      Old ports: A=1632481340, B=1990582988, Y=$memory$auto$proc_rom.cc:155:do_switch$3$rdmux[0][6][35]$b$340
      New ports: A=2'01, B=2'10, Y={ $memory$auto$proc_rom.cc:155:do_switch$3$rdmux[0][6][35]$b$340 [6] $memory$auto$proc_rom.cc:155:do_switch$3$rdmux[0][6][35]$b$340 [4] }
      New connections: { $memory$auto$proc_rom.cc:155:do_switch$3$rdmux[0][6][35]$b$340 [31:7] $memory$auto$proc_rom.cc:155:do_switch$3$rdmux[0][6][35]$b$340 [5] $memory$auto$proc_rom.cc:155:do_switch$3$rdmux[0][6][35]$b$340 [3:0] } = { 3'011 $memory$auto$proc_rom.cc:155:do_switch$3$rdmux[0][6][35]$b$340 [6] 1'0 $memory$auto$proc_rom.cc:155:do_switch$3$rdmux[0][6][35]$b$340 [6] $memory$auto$proc_rom.cc:155:do_switch$3$rdmux[0][6][35]$b$340 [6] $memory$auto$proc_rom.cc:155:do_switch$3$rdmux[0][6][35]$b$340 [4] $memory$auto$proc_rom.cc:155:do_switch$3$rdmux[0][6][35]$b$340 [6] $memory$auto$proc_rom.cc:155:do_switch$3$rdmux[0][6][35]$b$340 [4] $memory$auto$proc_rom.cc:155:do_switch$3$rdmux[0][6][35]$b$340 [6] 1'0 $memory$auto$proc_rom.cc:155:do_switch$3$rdmux[0][6][35]$b$340 [4] 4'1011 $memory$auto$proc_rom.cc:155:do_switch$3$rdmux[0][6][35]$b$340 [6] 1'1 $memory$auto$proc_rom.cc:155:do_switch$3$rdmux[0][6][35]$b$340 [4] 2'00 $memory$auto$proc_rom.cc:155:do_switch$3$rdmux[0][6][35]$b$340 [6] 1'0 $memory$auto$proc_rom.cc:155:do_switch$3$rdmux[0][6][35]$b$340 [6] $memory$auto$proc_rom.cc:155:do_switch$3$rdmux[0][6][35]$b$340 [4] 4'1100 }
    Consolidated identical input bits for $mux cell $memory$auto$proc_rom.cc:155:do_switch$3$rdmux[0][7][70]$635:
      Old ports: A=32'11110110011001010110110101011001, B=32'10101111001110000110011110111011, Y=$memory$auto$proc_rom.cc:155:do_switch$3$rdmux[0][6][35]$a$339
      New ports: A=2'10, B=2'01, Y={ $memory$auto$proc_rom.cc:155:do_switch$3$rdmux[0][6][35]$a$339 [6] $memory$auto$proc_rom.cc:155:do_switch$3$rdmux[0][6][35]$a$339 [1] }
      New connections: { $memory$auto$proc_rom.cc:155:do_switch$3$rdmux[0][6][35]$a$339 [31:7] $memory$auto$proc_rom.cc:155:do_switch$3$rdmux[0][6][35]$a$339 [5:2] $memory$auto$proc_rom.cc:155:do_switch$3$rdmux[0][6][35]$a$339 [0] } = { 1'1 $memory$auto$proc_rom.cc:155:do_switch$3$rdmux[0][6][35]$a$339 [6] 1'1 $memory$auto$proc_rom.cc:155:do_switch$3$rdmux[0][6][35]$a$339 [6] $memory$auto$proc_rom.cc:155:do_switch$3$rdmux[0][6][35]$a$339 [1] 2'11 $memory$auto$proc_rom.cc:155:do_switch$3$rdmux[0][6][35]$a$339 [1] 1'0 $memory$auto$proc_rom.cc:155:do_switch$3$rdmux[0][6][35]$a$339 [6] 1'1 $memory$auto$proc_rom.cc:155:do_switch$3$rdmux[0][6][35]$a$339 [1] $memory$auto$proc_rom.cc:155:do_switch$3$rdmux[0][6][35]$a$339 [1] $memory$auto$proc_rom.cc:155:do_switch$3$rdmux[0][6][35]$a$339 [6] 1'0 $memory$auto$proc_rom.cc:155:do_switch$3$rdmux[0][6][35]$a$339 [6] 4'0110 $memory$auto$proc_rom.cc:155:do_switch$3$rdmux[0][6][35]$a$339 [6] 1'1 $memory$auto$proc_rom.cc:155:do_switch$3$rdmux[0][6][35]$a$339 [1] 1'1 $memory$auto$proc_rom.cc:155:do_switch$3$rdmux[0][6][35]$a$339 [1] $memory$auto$proc_rom.cc:155:do_switch$3$rdmux[0][6][35]$a$339 [1] 4'1101 }
    Consolidated identical input bits for $mux cell $memory$auto$proc_rom.cc:155:do_switch$3$rdmux[0][7][69]$632:
      Old ports: A=2119527440, B=32'11000001111111100110100110101001, Y=$memory$auto$proc_rom.cc:155:do_switch$3$rdmux[0][6][34]$b$337
      New ports: A=2'10, B=2'01, Y={ $memory$auto$proc_rom.cc:155:do_switch$3$rdmux[0][6][34]$b$337 [4] $memory$auto$proc_rom.cc:155:do_switch$3$rdmux[0][6][34]$b$337 [0] }
      New connections: { $memory$auto$proc_rom.cc:155:do_switch$3$rdmux[0][6][34]$b$337 [31:5] $memory$auto$proc_rom.cc:155:do_switch$3$rdmux[0][6][34]$b$337 [3:1] } = { $memory$auto$proc_rom.cc:155:do_switch$3$rdmux[0][6][34]$b$337 [0] 1'1 $memory$auto$proc_rom.cc:155:do_switch$3$rdmux[0][6][34]$b$337 [4] $memory$auto$proc_rom.cc:155:do_switch$3$rdmux[0][6][34]$b$337 [4] $memory$auto$proc_rom.cc:155:do_switch$3$rdmux[0][6][34]$b$337 [4] $memory$auto$proc_rom.cc:155:do_switch$3$rdmux[0][6][34]$b$337 [4] $memory$auto$proc_rom.cc:155:do_switch$3$rdmux[0][6][34]$b$337 [4] $memory$auto$proc_rom.cc:155:do_switch$3$rdmux[0][6][34]$b$337 [0] $memory$auto$proc_rom.cc:155:do_switch$3$rdmux[0][6][34]$b$337 [0] 1'1 $memory$auto$proc_rom.cc:155:do_switch$3$rdmux[0][6][34]$b$337 [0] 1'1 $memory$auto$proc_rom.cc:155:do_switch$3$rdmux[0][6][34]$b$337 [0] 1'1 $memory$auto$proc_rom.cc:155:do_switch$3$rdmux[0][6][34]$b$337 [0] $memory$auto$proc_rom.cc:155:do_switch$3$rdmux[0][6][34]$b$337 [4] 5'01101 $memory$auto$proc_rom.cc:155:do_switch$3$rdmux[0][6][34]$b$337 [4] 1'0 $memory$auto$proc_rom.cc:155:do_switch$3$rdmux[0][6][34]$b$337 [0] $memory$auto$proc_rom.cc:155:do_switch$3$rdmux[0][6][34]$b$337 [0] 1'0 $memory$auto$proc_rom.cc:155:do_switch$3$rdmux[0][6][34]$b$337 [0] $memory$auto$proc_rom.cc:155:do_switch$3$rdmux[0][6][34]$b$337 [0] 2'00 }
    Consolidated identical input bits for $mux cell $memory$auto$proc_rom.cc:155:do_switch$3$rdmux[0][7][68]$629:
      Old ports: A=32'10001000100101101000100010111001, B=32'11000011000010110000101100011100, Y=$memory$auto$proc_rom.cc:155:do_switch$3$rdmux[0][6][34]$a$336
      New ports: A=2'01, B=2'10, Y={ $memory$auto$proc_rom.cc:155:do_switch$3$rdmux[0][6][34]$a$336 [2] $memory$auto$proc_rom.cc:155:do_switch$3$rdmux[0][6][34]$a$336 [0] }
      New connections: { $memory$auto$proc_rom.cc:155:do_switch$3$rdmux[0][6][34]$a$336 [31:3] $memory$auto$proc_rom.cc:155:do_switch$3$rdmux[0][6][34]$a$336 [1] } = { 1'1 $memory$auto$proc_rom.cc:155:do_switch$3$rdmux[0][6][34]$a$336 [2] 2'00 $memory$auto$proc_rom.cc:155:do_switch$3$rdmux[0][6][34]$a$336 [0] 1'0 $memory$auto$proc_rom.cc:155:do_switch$3$rdmux[0][6][34]$a$336 [2] $memory$auto$proc_rom.cc:155:do_switch$3$rdmux[0][6][34]$a$336 [2] $memory$auto$proc_rom.cc:155:do_switch$3$rdmux[0][6][34]$a$336 [0] 2'00 $memory$auto$proc_rom.cc:155:do_switch$3$rdmux[0][6][34]$a$336 [0] $memory$auto$proc_rom.cc:155:do_switch$3$rdmux[0][6][34]$a$336 [2] $memory$auto$proc_rom.cc:155:do_switch$3$rdmux[0][6][34]$a$336 [0] 1'1 $memory$auto$proc_rom.cc:155:do_switch$3$rdmux[0][6][34]$a$336 [2] $memory$auto$proc_rom.cc:155:do_switch$3$rdmux[0][6][34]$a$336 [0] 5'00010 $memory$auto$proc_rom.cc:155:do_switch$3$rdmux[0][6][34]$a$336 [2] $memory$auto$proc_rom.cc:155:do_switch$3$rdmux[0][6][34]$a$336 [2] $memory$auto$proc_rom.cc:155:do_switch$3$rdmux[0][6][34]$a$336 [0] 1'0 $memory$auto$proc_rom.cc:155:do_switch$3$rdmux[0][6][34]$a$336 [0] 3'110 }
    Consolidated identical input bits for $mux cell $memory$auto$proc_rom.cc:155:do_switch$3$rdmux[0][7][67]$626:
      Old ports: A=32'10100100100111111011110010011100, B=675664702, Y=$memory$auto$proc_rom.cc:155:do_switch$3$rdmux[0][6][33]$b$334
      New ports: A=2'10, B=2'01, Y={ $memory$auto$proc_rom.cc:155:do_switch$3$rdmux[0][6][33]$b$334 [7] $memory$auto$proc_rom.cc:155:do_switch$3$rdmux[0][6][33]$b$334 [1] }
      New connections: { $memory$auto$proc_rom.cc:155:do_switch$3$rdmux[0][6][33]$b$334 [31:8] $memory$auto$proc_rom.cc:155:do_switch$3$rdmux[0][6][33]$b$334 [6:2] $memory$auto$proc_rom.cc:155:do_switch$3$rdmux[0][6][33]$b$334 [0] } = { $memory$auto$proc_rom.cc:155:do_switch$3$rdmux[0][6][33]$b$334 [7] 3'010 $memory$auto$proc_rom.cc:155:do_switch$3$rdmux[0][6][33]$b$334 [1] $memory$auto$proc_rom.cc:155:do_switch$3$rdmux[0][6][33]$b$334 [7] 2'00 $memory$auto$proc_rom.cc:155:do_switch$3$rdmux[0][6][33]$b$334 [7] $memory$auto$proc_rom.cc:155:do_switch$3$rdmux[0][6][33]$b$334 [1] 1'0 $memory$auto$proc_rom.cc:155:do_switch$3$rdmux[0][6][33]$b$334 [7] $memory$auto$proc_rom.cc:155:do_switch$3$rdmux[0][6][33]$b$334 [7] 1'1 $memory$auto$proc_rom.cc:155:do_switch$3$rdmux[0][6][33]$b$334 [7] 2'11 $memory$auto$proc_rom.cc:155:do_switch$3$rdmux[0][6][33]$b$334 [1] $memory$auto$proc_rom.cc:155:do_switch$3$rdmux[0][6][33]$b$334 [7] 1'1 $memory$auto$proc_rom.cc:155:do_switch$3$rdmux[0][6][33]$b$334 [7] $memory$auto$proc_rom.cc:155:do_switch$3$rdmux[0][6][33]$b$334 [7] $memory$auto$proc_rom.cc:155:do_switch$3$rdmux[0][6][33]$b$334 [1] $memory$auto$proc_rom.cc:155:do_switch$3$rdmux[0][6][33]$b$334 [1] 1'0 $memory$auto$proc_rom.cc:155:do_switch$3$rdmux[0][6][33]$b$334 [1] 4'1110 }
    Consolidated identical input bits for $mux cell $memory$auto$proc_rom.cc:155:do_switch$3$rdmux[0][7][66]$623:
      Old ports: A=32'11111111101110001111001110001000, B=32'11100111010101011111000110110001, Y=$memory$auto$proc_rom.cc:155:do_switch$3$rdmux[0][6][33]$a$333
      New ports: A=2'10, B=2'01, Y={ $memory$auto$proc_rom.cc:155:do_switch$3$rdmux[0][6][33]$a$333 [3] $memory$auto$proc_rom.cc:155:do_switch$3$rdmux[0][6][33]$a$333 [0] }
      New connections: { $memory$auto$proc_rom.cc:155:do_switch$3$rdmux[0][6][33]$a$333 [31:4] $memory$auto$proc_rom.cc:155:do_switch$3$rdmux[0][6][33]$a$333 [2:1] } = { 3'111 $memory$auto$proc_rom.cc:155:do_switch$3$rdmux[0][6][33]$a$333 [3] $memory$auto$proc_rom.cc:155:do_switch$3$rdmux[0][6][33]$a$333 [3] 3'111 $memory$auto$proc_rom.cc:155:do_switch$3$rdmux[0][6][33]$a$333 [3] $memory$auto$proc_rom.cc:155:do_switch$3$rdmux[0][6][33]$a$333 [0] $memory$auto$proc_rom.cc:155:do_switch$3$rdmux[0][6][33]$a$333 [3] 1'1 $memory$auto$proc_rom.cc:155:do_switch$3$rdmux[0][6][33]$a$333 [3] $memory$auto$proc_rom.cc:155:do_switch$3$rdmux[0][6][33]$a$333 [0] 1'0 $memory$auto$proc_rom.cc:155:do_switch$3$rdmux[0][6][33]$a$333 [0] 6'111100 $memory$auto$proc_rom.cc:155:do_switch$3$rdmux[0][6][33]$a$333 [3] 3'110 $memory$auto$proc_rom.cc:155:do_switch$3$rdmux[0][6][33]$a$333 [0] $memory$auto$proc_rom.cc:155:do_switch$3$rdmux[0][6][33]$a$333 [0] 2'00 }
    Consolidated identical input bits for $mux cell $memory$auto$proc_rom.cc:155:do_switch$3$rdmux[0][7][65]$620:
      Old ports: A=8502879, B=32'10111101011000011110010001101101, Y=$memory$auto$proc_rom.cc:155:do_switch$3$rdmux[0][6][32]$b$331
      New ports: A=2'01, B=2'10, Y={ $memory$auto$proc_rom.cc:155:do_switch$3$rdmux[0][6][32]$b$331 [5] $memory$auto$proc_rom.cc:155:do_switch$3$rdmux[0][6][32]$b$331 [1] }
      New connections: { $memory$auto$proc_rom.cc:155:do_switch$3$rdmux[0][6][32]$b$331 [31:6] $memory$auto$proc_rom.cc:155:do_switch$3$rdmux[0][6][32]$b$331 [4:2] $memory$auto$proc_rom.cc:155:do_switch$3$rdmux[0][6][32]$b$331 [0] } = { $memory$auto$proc_rom.cc:155:do_switch$3$rdmux[0][6][32]$b$331 [5] 1'0 $memory$auto$proc_rom.cc:155:do_switch$3$rdmux[0][6][32]$b$331 [5] $memory$auto$proc_rom.cc:155:do_switch$3$rdmux[0][6][32]$b$331 [5] $memory$auto$proc_rom.cc:155:do_switch$3$rdmux[0][6][32]$b$331 [5] $memory$auto$proc_rom.cc:155:do_switch$3$rdmux[0][6][32]$b$331 [5] 1'0 $memory$auto$proc_rom.cc:155:do_switch$3$rdmux[0][6][32]$b$331 [5] $memory$auto$proc_rom.cc:155:do_switch$3$rdmux[0][6][32]$b$331 [1] $memory$auto$proc_rom.cc:155:do_switch$3$rdmux[0][6][32]$b$331 [5] $memory$auto$proc_rom.cc:155:do_switch$3$rdmux[0][6][32]$b$331 [5] 6'000011 $memory$auto$proc_rom.cc:155:do_switch$3$rdmux[0][6][32]$b$331 [5] 1'1 $memory$auto$proc_rom.cc:155:do_switch$3$rdmux[0][6][32]$b$331 [1] $memory$auto$proc_rom.cc:155:do_switch$3$rdmux[0][6][32]$b$331 [1] 1'1 $memory$auto$proc_rom.cc:155:do_switch$3$rdmux[0][6][32]$b$331 [1] 3'001 $memory$auto$proc_rom.cc:155:do_switch$3$rdmux[0][6][32]$b$331 [1] 3'111 }
    Consolidated identical input bits for $mux cell $memory$auto$proc_rom.cc:155:do_switch$3$rdmux[0][7][64]$617:
      Old ports: A=1534204116, B=1333317520, Y=$memory$auto$proc_rom.cc:155:do_switch$3$rdmux[0][6][32]$a$330
      New ports: A=2'01, B=2'10, Y={ $memory$auto$proc_rom.cc:155:do_switch$3$rdmux[0][6][32]$a$330 [8] $memory$auto$proc_rom.cc:155:do_switch$3$rdmux[0][6][32]$a$330 [2] }
      New connections: { $memory$auto$proc_rom.cc:155:do_switch$3$rdmux[0][6][32]$a$330 [31:9] $memory$auto$proc_rom.cc:155:do_switch$3$rdmux[0][6][32]$a$330 [7:3] $memory$auto$proc_rom.cc:155:do_switch$3$rdmux[0][6][32]$a$330 [1:0] } = { 3'010 $memory$auto$proc_rom.cc:155:do_switch$3$rdmux[0][6][32]$a$330 [2] 1'1 $memory$auto$proc_rom.cc:155:do_switch$3$rdmux[0][6][32]$a$330 [8] 6'110111 $memory$auto$proc_rom.cc:155:do_switch$3$rdmux[0][6][32]$a$330 [8] 1'0 $memory$auto$proc_rom.cc:155:do_switch$3$rdmux[0][6][32]$a$330 [2] 1'0 $memory$auto$proc_rom.cc:155:do_switch$3$rdmux[0][6][32]$a$330 [8] $memory$auto$proc_rom.cc:155:do_switch$3$rdmux[0][6][32]$a$330 [8] 1'0 $memory$auto$proc_rom.cc:155:do_switch$3$rdmux[0][6][32]$a$330 [2] 1'1 $memory$auto$proc_rom.cc:155:do_switch$3$rdmux[0][6][32]$a$330 [8] $memory$auto$proc_rom.cc:155:do_switch$3$rdmux[0][6][32]$a$330 [8] 1'1 $memory$auto$proc_rom.cc:155:do_switch$3$rdmux[0][6][32]$a$330 [2] 5'01000 }
    Consolidated identical input bits for $mux cell $memory$auto$proc_rom.cc:155:do_switch$3$rdmux[0][7][63]$614:
      Old ports: A=32'11101101011110001100101111000100, B=32'11110110111011110011100100101110, Y=$memory$auto$proc_rom.cc:155:do_switch$3$rdmux[0][6][31]$b$328
      New ports: A=2'10, B=2'01, Y={ $memory$auto$proc_rom.cc:155:do_switch$3$rdmux[0][6][31]$b$328 [6] $memory$auto$proc_rom.cc:155:do_switch$3$rdmux[0][6][31]$b$328 [1] }
      New connections: { $memory$auto$proc_rom.cc:155:do_switch$3$rdmux[0][6][31]$b$328 [31:7] $memory$auto$proc_rom.cc:155:do_switch$3$rdmux[0][6][31]$b$328 [5:2] $memory$auto$proc_rom.cc:155:do_switch$3$rdmux[0][6][31]$b$328 [0] } = { 3'111 $memory$auto$proc_rom.cc:155:do_switch$3$rdmux[0][6][31]$b$328 [1] $memory$auto$proc_rom.cc:155:do_switch$3$rdmux[0][6][31]$b$328 [6] 1'1 $memory$auto$proc_rom.cc:155:do_switch$3$rdmux[0][6][31]$b$328 [1] $memory$auto$proc_rom.cc:155:do_switch$3$rdmux[0][6][31]$b$328 [6] $memory$auto$proc_rom.cc:155:do_switch$3$rdmux[0][6][31]$b$328 [1] 2'11 $memory$auto$proc_rom.cc:155:do_switch$3$rdmux[0][6][31]$b$328 [6] 1'1 $memory$auto$proc_rom.cc:155:do_switch$3$rdmux[0][6][31]$b$328 [1] $memory$auto$proc_rom.cc:155:do_switch$3$rdmux[0][6][31]$b$328 [1] $memory$auto$proc_rom.cc:155:do_switch$3$rdmux[0][6][31]$b$328 [1] $memory$auto$proc_rom.cc:155:do_switch$3$rdmux[0][6][31]$b$328 [6] $memory$auto$proc_rom.cc:155:do_switch$3$rdmux[0][6][31]$b$328 [6] $memory$auto$proc_rom.cc:155:do_switch$3$rdmux[0][6][31]$b$328 [1] $memory$auto$proc_rom.cc:155:do_switch$3$rdmux[0][6][31]$b$328 [1] 2'10 $memory$auto$proc_rom.cc:155:do_switch$3$rdmux[0][6][31]$b$328 [6] 1'1 $memory$auto$proc_rom.cc:155:do_switch$3$rdmux[0][6][31]$b$328 [6] $memory$auto$proc_rom.cc:155:do_switch$3$rdmux[0][6][31]$b$328 [1] 1'0 $memory$auto$proc_rom.cc:155:do_switch$3$rdmux[0][6][31]$b$328 [1] 2'10 }
    Consolidated identical input bits for $mux cell $memory$auto$proc_rom.cc:155:do_switch$3$rdmux[0][7][62]$611:
      Old ports: A=1473865462, B=32'11000111001000011000001101110000, Y=$memory$auto$proc_rom.cc:155:do_switch$3$rdmux[0][6][31]$a$327
      New ports: A=2'01, B=2'10, Y={ $memory$auto$proc_rom.cc:155:do_switch$3$rdmux[0][6][31]$a$327 [8] $memory$auto$proc_rom.cc:155:do_switch$3$rdmux[0][6][31]$a$327 [1] }
      New connections: { $memory$auto$proc_rom.cc:155:do_switch$3$rdmux[0][6][31]$a$327 [31:9] $memory$auto$proc_rom.cc:155:do_switch$3$rdmux[0][6][31]$a$327 [7:2] $memory$auto$proc_rom.cc:155:do_switch$3$rdmux[0][6][31]$a$327 [0] } = { $memory$auto$proc_rom.cc:155:do_switch$3$rdmux[0][6][31]$a$327 [8] 2'10 $memory$auto$proc_rom.cc:155:do_switch$3$rdmux[0][6][31]$a$327 [1] 4'0111 $memory$auto$proc_rom.cc:155:do_switch$3$rdmux[0][6][31]$a$327 [1] $memory$auto$proc_rom.cc:155:do_switch$3$rdmux[0][6][31]$a$327 [1] $memory$auto$proc_rom.cc:155:do_switch$3$rdmux[0][6][31]$a$327 [8] $memory$auto$proc_rom.cc:155:do_switch$3$rdmux[0][6][31]$a$327 [1] $memory$auto$proc_rom.cc:155:do_switch$3$rdmux[0][6][31]$a$327 [1] 3'001 $memory$auto$proc_rom.cc:155:do_switch$3$rdmux[0][6][31]$a$327 [8] $memory$auto$proc_rom.cc:155:do_switch$3$rdmux[0][6][31]$a$327 [1] $memory$auto$proc_rom.cc:155:do_switch$3$rdmux[0][6][31]$a$327 [1] 2'00 $memory$auto$proc_rom.cc:155:do_switch$3$rdmux[0][6][31]$a$327 [1] 1'1 $memory$auto$proc_rom.cc:155:do_switch$3$rdmux[0][6][31]$a$327 [1] 4'1110 $memory$auto$proc_rom.cc:155:do_switch$3$rdmux[0][6][31]$a$327 [1] 1'0 }
    Consolidated identical input bits for $mux cell $memory$auto$proc_rom.cc:155:do_switch$3$rdmux[0][7][61]$608:
      Old ports: A=32'10000111001110011010110000101100, B=32'10100110001111110111110110110010, Y=$memory$auto$proc_rom.cc:155:do_switch$3$rdmux[0][6][30]$b$325
      New ports: A=2'10, B=2'01, Y=$memory$auto$proc_rom.cc:155:do_switch$3$rdmux[0][6][30]$b$325 [2:1]
      New connections: { $memory$auto$proc_rom.cc:155:do_switch$3$rdmux[0][6][30]$b$325 [31:3] $memory$auto$proc_rom.cc:155:do_switch$3$rdmux[0][6][30]$b$325 [0] } = { 2'10 $memory$auto$proc_rom.cc:155:do_switch$3$rdmux[0][6][30]$b$325 [1] 4'0011 $memory$auto$proc_rom.cc:155:do_switch$3$rdmux[0][6][30]$b$325 [2] 5'00111 $memory$auto$proc_rom.cc:155:do_switch$3$rdmux[0][6][30]$b$325 [1] $memory$auto$proc_rom.cc:155:do_switch$3$rdmux[0][6][30]$b$325 [1] 1'1 $memory$auto$proc_rom.cc:155:do_switch$3$rdmux[0][6][30]$b$325 [2:1] 1'1 $memory$auto$proc_rom.cc:155:do_switch$3$rdmux[0][6][30]$b$325 [1] 3'110 $memory$auto$proc_rom.cc:155:do_switch$3$rdmux[0][6][30]$b$325 [1] $memory$auto$proc_rom.cc:155:do_switch$3$rdmux[0][6][30]$b$325 [1] 2'01 $memory$auto$proc_rom.cc:155:do_switch$3$rdmux[0][6][30]$b$325 [1] $memory$auto$proc_rom.cc:155:do_switch$3$rdmux[0][6][30]$b$325 [2] 1'0 }
    Consolidated identical input bits for $mux cell $memory$auto$proc_rom.cc:155:do_switch$3$rdmux[0][7][60]$605:
      Old ports: A=707093181, B=32'11110001110101110100100101100000, Y=$memory$auto$proc_rom.cc:155:do_switch$3$rdmux[0][6][30]$a$324
      New ports: A=2'01, B=2'10, Y={ $memory$auto$proc_rom.cc:155:do_switch$3$rdmux[0][6][30]$a$324 [6] $memory$auto$proc_rom.cc:155:do_switch$3$rdmux[0][6][30]$a$324 [0] }
      New connections: { $memory$auto$proc_rom.cc:155:do_switch$3$rdmux[0][6][30]$a$324 [31:7] $memory$auto$proc_rom.cc:155:do_switch$3$rdmux[0][6][30]$a$324 [5:1] } = { $memory$auto$proc_rom.cc:155:do_switch$3$rdmux[0][6][30]$a$324 [6] $memory$auto$proc_rom.cc:155:do_switch$3$rdmux[0][6][30]$a$324 [6] 1'1 $memory$auto$proc_rom.cc:155:do_switch$3$rdmux[0][6][30]$a$324 [6] $memory$auto$proc_rom.cc:155:do_switch$3$rdmux[0][6][30]$a$324 [0] 1'0 $memory$auto$proc_rom.cc:155:do_switch$3$rdmux[0][6][30]$a$324 [0] $memory$auto$proc_rom.cc:155:do_switch$3$rdmux[0][6][30]$a$324 [6] $memory$auto$proc_rom.cc:155:do_switch$3$rdmux[0][6][30]$a$324 [6] $memory$auto$proc_rom.cc:155:do_switch$3$rdmux[0][6][30]$a$324 [6] $memory$auto$proc_rom.cc:155:do_switch$3$rdmux[0][6][30]$a$324 [0] $memory$auto$proc_rom.cc:155:do_switch$3$rdmux[0][6][30]$a$324 [6] 2'01 $memory$auto$proc_rom.cc:155:do_switch$3$rdmux[0][6][30]$a$324 [6] 3'101 $memory$auto$proc_rom.cc:155:do_switch$3$rdmux[0][6][30]$a$324 [0] 1'0 $memory$auto$proc_rom.cc:155:do_switch$3$rdmux[0][6][30]$a$324 [6] 1'0 $memory$auto$proc_rom.cc:155:do_switch$3$rdmux[0][6][30]$a$324 [0] $memory$auto$proc_rom.cc:155:do_switch$3$rdmux[0][6][30]$a$324 [6] $memory$auto$proc_rom.cc:155:do_switch$3$rdmux[0][6][30]$a$324 [0] 1'1 $memory$auto$proc_rom.cc:155:do_switch$3$rdmux[0][6][30]$a$324 [0] $memory$auto$proc_rom.cc:155:do_switch$3$rdmux[0][6][30]$a$324 [0] $memory$auto$proc_rom.cc:155:do_switch$3$rdmux[0][6][30]$a$324 [0] 1'0 }
    Consolidated identical input bits for $mux cell $memory$auto$proc_rom.cc:155:do_switch$3$rdmux[0][7][59]$602:
      Old ports: A=552154685, B=202222011, Y=$memory$auto$proc_rom.cc:155:do_switch$3$rdmux[0][6][29]$b$322
      New ports: A=2'10, B=2'01, Y=$memory$auto$proc_rom.cc:155:do_switch$3$rdmux[0][6][29]$b$322 [2:1]
      New connections: { $memory$auto$proc_rom.cc:155:do_switch$3$rdmux[0][6][29]$b$322 [31:3] $memory$auto$proc_rom.cc:155:do_switch$3$rdmux[0][6][29]$b$322 [0] } = { 2'00 $memory$auto$proc_rom.cc:155:do_switch$3$rdmux[0][6][29]$b$322 [2] 1'0 $memory$auto$proc_rom.cc:155:do_switch$3$rdmux[0][6][29]$b$322 [1] $memory$auto$proc_rom.cc:155:do_switch$3$rdmux[0][6][29]$b$322 [1] 2'00 $memory$auto$proc_rom.cc:155:do_switch$3$rdmux[0][6][29]$b$322 [2] $memory$auto$proc_rom.cc:155:do_switch$3$rdmux[0][6][29]$b$322 [2] $memory$auto$proc_rom.cc:155:do_switch$3$rdmux[0][6][29]$b$322 [2] 2'01 $memory$auto$proc_rom.cc:155:do_switch$3$rdmux[0][6][29]$b$322 [1] 2'01 $memory$auto$proc_rom.cc:155:do_switch$3$rdmux[0][6][29]$b$322 [1] 2'01 $memory$auto$proc_rom.cc:155:do_switch$3$rdmux[0][6][29]$b$322 [2:1] $memory$auto$proc_rom.cc:155:do_switch$3$rdmux[0][6][29]$b$322 [2] $memory$auto$proc_rom.cc:155:do_switch$3$rdmux[0][6][29]$b$322 [2:1] $memory$auto$proc_rom.cc:155:do_switch$3$rdmux[0][6][29]$b$322 [1] 5'01111 }
    Consolidated identical input bits for $mux cell $memory$auto$proc_rom.cc:155:do_switch$3$rdmux[0][7][58]$599:
      Old ports: A=823020505, B=32'11111110101111110011010111001101, Y=$memory$auto$proc_rom.cc:155:do_switch$3$rdmux[0][6][29]$a$321
      New ports: A=2'10, B=2'01, Y={ $memory$auto$proc_rom.cc:155:do_switch$3$rdmux[0][6][29]$a$321 [4] $memory$auto$proc_rom.cc:155:do_switch$3$rdmux[0][6][29]$a$321 [2] }
      New connections: { $memory$auto$proc_rom.cc:155:do_switch$3$rdmux[0][6][29]$a$321 [31:5] $memory$auto$proc_rom.cc:155:do_switch$3$rdmux[0][6][29]$a$321 [3] $memory$auto$proc_rom.cc:155:do_switch$3$rdmux[0][6][29]$a$321 [1:0] } = { $memory$auto$proc_rom.cc:155:do_switch$3$rdmux[0][6][29]$a$321 [2] $memory$auto$proc_rom.cc:155:do_switch$3$rdmux[0][6][29]$a$321 [2] 2'11 $memory$auto$proc_rom.cc:155:do_switch$3$rdmux[0][6][29]$a$321 [2] $memory$auto$proc_rom.cc:155:do_switch$3$rdmux[0][6][29]$a$321 [2] $memory$auto$proc_rom.cc:155:do_switch$3$rdmux[0][6][29]$a$321 [2] $memory$auto$proc_rom.cc:155:do_switch$3$rdmux[0][6][29]$a$321 [4] $memory$auto$proc_rom.cc:155:do_switch$3$rdmux[0][6][29]$a$321 [2] 1'0 $memory$auto$proc_rom.cc:155:do_switch$3$rdmux[0][6][29]$a$321 [2] $memory$auto$proc_rom.cc:155:do_switch$3$rdmux[0][6][29]$a$321 [2] 3'111 $memory$auto$proc_rom.cc:155:do_switch$3$rdmux[0][6][29]$a$321 [2] 1'0 $memory$auto$proc_rom.cc:155:do_switch$3$rdmux[0][6][29]$a$321 [4] $memory$auto$proc_rom.cc:155:do_switch$3$rdmux[0][6][29]$a$321 [2] $memory$auto$proc_rom.cc:155:do_switch$3$rdmux[0][6][29]$a$321 [2] $memory$auto$proc_rom.cc:155:do_switch$3$rdmux[0][6][29]$a$321 [4] $memory$auto$proc_rom.cc:155:do_switch$3$rdmux[0][6][29]$a$321 [2] $memory$auto$proc_rom.cc:155:do_switch$3$rdmux[0][6][29]$a$321 [4] 7'1110101 }
    Consolidated identical input bits for $mux cell $memory$auto$proc_rom.cc:155:do_switch$3$rdmux[0][7][57]$596:
      Old ports: A=32'11011101000011001111000101101100, B=32'10000100011010101101101000111010, Y=$memory$auto$proc_rom.cc:155:do_switch$3$rdmux[0][6][28]$b$319
      New ports: A=2'10, B=2'01, Y=$memory$auto$proc_rom.cc:155:do_switch$3$rdmux[0][6][28]$b$319 [2:1]
      New connections: { $memory$auto$proc_rom.cc:155:do_switch$3$rdmux[0][6][28]$b$319 [31:3] $memory$auto$proc_rom.cc:155:do_switch$3$rdmux[0][6][28]$b$319 [0] } = { 1'1 $memory$auto$proc_rom.cc:155:do_switch$3$rdmux[0][6][28]$b$319 [2] 1'0 $memory$auto$proc_rom.cc:155:do_switch$3$rdmux[0][6][28]$b$319 [2] $memory$auto$proc_rom.cc:155:do_switch$3$rdmux[0][6][28]$b$319 [2] 2'10 $memory$auto$proc_rom.cc:155:do_switch$3$rdmux[0][6][28]$b$319 [2] 1'0 $memory$auto$proc_rom.cc:155:do_switch$3$rdmux[0][6][28]$b$319 [1] $memory$auto$proc_rom.cc:155:do_switch$3$rdmux[0][6][28]$b$319 [1] 2'01 $memory$auto$proc_rom.cc:155:do_switch$3$rdmux[0][6][28]$b$319 [2:1] 3'011 $memory$auto$proc_rom.cc:155:do_switch$3$rdmux[0][6][28]$b$319 [2] 1'1 $memory$auto$proc_rom.cc:155:do_switch$3$rdmux[0][6][28]$b$319 [1] 1'0 $memory$auto$proc_rom.cc:155:do_switch$3$rdmux[0][6][28]$b$319 [1] $memory$auto$proc_rom.cc:155:do_switch$3$rdmux[0][6][28]$b$319 [2] 1'0 $memory$auto$proc_rom.cc:155:do_switch$3$rdmux[0][6][28]$b$319 [2] 1'1 $memory$auto$proc_rom.cc:155:do_switch$3$rdmux[0][6][28]$b$319 [1] 2'10 }
    Consolidated identical input bits for $mux cell $memory$auto$proc_rom.cc:155:do_switch$3$rdmux[0][7][56]$593:
      Old ports: A=489488005, B=1012544690, Y=$memory$auto$proc_rom.cc:155:do_switch$3$rdmux[0][6][28]$a$318
      New ports: A=2'01, B=2'10, Y=$memory$auto$proc_rom.cc:155:do_switch$3$rdmux[0][6][28]$a$318 [1:0]
      New connections: $memory$auto$proc_rom.cc:155:do_switch$3$rdmux[0][6][28]$a$318 [31:2] = { 2'00 $memory$auto$proc_rom.cc:155:do_switch$3$rdmux[0][6][28]$a$318 [1] 4'1110 $memory$auto$proc_rom.cc:155:do_switch$3$rdmux[0][6][28]$a$318 [0] 1'0 $memory$auto$proc_rom.cc:155:do_switch$3$rdmux[0][6][28]$a$318 [1:0] $memory$auto$proc_rom.cc:155:do_switch$3$rdmux[0][6][28]$a$318 [1] 1'1 $memory$auto$proc_rom.cc:155:do_switch$3$rdmux[0][6][28]$a$318 [0] $memory$auto$proc_rom.cc:155:do_switch$3$rdmux[0][6][28]$a$318 [1] 1'0 $memory$auto$proc_rom.cc:155:do_switch$3$rdmux[0][6][28]$a$318 [0] $memory$auto$proc_rom.cc:155:do_switch$3$rdmux[0][6][28]$a$318 [0] 2'11 $memory$auto$proc_rom.cc:155:do_switch$3$rdmux[0][6][28]$a$318 [0] 1'1 $memory$auto$proc_rom.cc:155:do_switch$3$rdmux[0][6][28]$a$318 [0] 3'010 $memory$auto$proc_rom.cc:155:do_switch$3$rdmux[0][6][28]$a$318 [1] $memory$auto$proc_rom.cc:155:do_switch$3$rdmux[0][6][28]$a$318 [1] 1'0 $memory$auto$proc_rom.cc:155:do_switch$3$rdmux[0][6][28]$a$318 [0] }
    Consolidated identical input bits for $mux cell $memory$auto$proc_rom.cc:155:do_switch$3$rdmux[0][7][55]$590:
      Old ports: A=985498313, B=1062249769, Y=$memory$auto$proc_rom.cc:155:do_switch$3$rdmux[0][6][27]$b$316
      New ports: A=2'10, B=2'01, Y=$memory$auto$proc_rom.cc:155:do_switch$3$rdmux[0][6][27]$b$316 [6:5]
      New connections: { $memory$auto$proc_rom.cc:155:do_switch$3$rdmux[0][6][27]$b$316 [31:7] $memory$auto$proc_rom.cc:155:do_switch$3$rdmux[0][6][27]$b$316 [4:0] } = { 5'00111 $memory$auto$proc_rom.cc:155:do_switch$3$rdmux[0][6][27]$b$316 [5] 1'1 $memory$auto$proc_rom.cc:155:do_switch$3$rdmux[0][6][27]$b$316 [5] $memory$auto$proc_rom.cc:155:do_switch$3$rdmux[0][6][27]$b$316 [6:5] $memory$auto$proc_rom.cc:155:do_switch$3$rdmux[0][6][27]$b$316 [6] 1'1 $memory$auto$proc_rom.cc:155:do_switch$3$rdmux[0][6][27]$b$316 [6] $memory$auto$proc_rom.cc:155:do_switch$3$rdmux[0][6][27]$b$316 [6] 1'0 $memory$auto$proc_rom.cc:155:do_switch$3$rdmux[0][6][27]$b$316 [6] 2'10 $memory$auto$proc_rom.cc:155:do_switch$3$rdmux[0][6][27]$b$316 [5] 2'00 $memory$auto$proc_rom.cc:155:do_switch$3$rdmux[0][6][27]$b$316 [5] $memory$auto$proc_rom.cc:155:do_switch$3$rdmux[0][6][27]$b$316 [6:5] $memory$auto$proc_rom.cc:155:do_switch$3$rdmux[0][6][27]$b$316 [6] 5'01001 }
    Consolidated identical input bits for $mux cell $memory$auto$proc_rom.cc:155:do_switch$3$rdmux[0][7][54]$587:
      Old ports: A=32'10111010011101011111111001111000, B=32'11111000111011010000100100100000, Y=$memory$auto$proc_rom.cc:155:do_switch$3$rdmux[0][6][27]$a$315
      New ports: A=2'01, B=2'10, Y={ $memory$auto$proc_rom.cc:155:do_switch$3$rdmux[0][6][27]$a$315 [8] $memory$auto$proc_rom.cc:155:do_switch$3$rdmux[0][6][27]$a$315 [3] }
      New connections: { $memory$auto$proc_rom.cc:155:do_switch$3$rdmux[0][6][27]$a$315 [31:9] $memory$auto$proc_rom.cc:155:do_switch$3$rdmux[0][6][27]$a$315 [7:4] $memory$auto$proc_rom.cc:155:do_switch$3$rdmux[0][6][27]$a$315 [2:0] } = { 1'1 $memory$auto$proc_rom.cc:155:do_switch$3$rdmux[0][6][27]$a$315 [8] 4'1110 $memory$auto$proc_rom.cc:155:do_switch$3$rdmux[0][6][27]$a$315 [3] 1'0 $memory$auto$proc_rom.cc:155:do_switch$3$rdmux[0][6][27]$a$315 [8] 2'11 $memory$auto$proc_rom.cc:155:do_switch$3$rdmux[0][6][27]$a$315 [3] $memory$auto$proc_rom.cc:155:do_switch$3$rdmux[0][6][27]$a$315 [8] 3'101 $memory$auto$proc_rom.cc:155:do_switch$3$rdmux[0][6][27]$a$315 [3] $memory$auto$proc_rom.cc:155:do_switch$3$rdmux[0][6][27]$a$315 [3] $memory$auto$proc_rom.cc:155:do_switch$3$rdmux[0][6][27]$a$315 [3] $memory$auto$proc_rom.cc:155:do_switch$3$rdmux[0][6][27]$a$315 [3] 1'1 $memory$auto$proc_rom.cc:155:do_switch$3$rdmux[0][6][27]$a$315 [3] $memory$auto$proc_rom.cc:155:do_switch$3$rdmux[0][6][27]$a$315 [3] 1'0 $memory$auto$proc_rom.cc:155:do_switch$3$rdmux[0][6][27]$a$315 [3] 1'1 $memory$auto$proc_rom.cc:155:do_switch$3$rdmux[0][6][27]$a$315 [3] 3'000 }
    Consolidated identical input bits for $mux cell $memory$auto$proc_rom.cc:155:do_switch$3$rdmux[0][7][53]$584:
      Old ports: A=32'10100100101010111111000100001010, B=743179178, Y=$memory$auto$proc_rom.cc:155:do_switch$3$rdmux[0][6][26]$b$313
      New ports: A=2'10, B=2'01, Y={ $memory$auto$proc_rom.cc:155:do_switch$3$rdmux[0][6][26]$b$313 [12] $memory$auto$proc_rom.cc:155:do_switch$3$rdmux[0][6][26]$b$313 [5] }
      New connections: { $memory$auto$proc_rom.cc:155:do_switch$3$rdmux[0][6][26]$b$313 [31:13] $memory$auto$proc_rom.cc:155:do_switch$3$rdmux[0][6][26]$b$313 [11:6] $memory$auto$proc_rom.cc:155:do_switch$3$rdmux[0][6][26]$b$313 [4:0] } = { $memory$auto$proc_rom.cc:155:do_switch$3$rdmux[0][6][26]$b$313 [12] 3'010 $memory$auto$proc_rom.cc:155:do_switch$3$rdmux[0][6][26]$b$313 [5] 3'100 $memory$auto$proc_rom.cc:155:do_switch$3$rdmux[0][6][26]$b$313 [12] $memory$auto$proc_rom.cc:155:do_switch$3$rdmux[0][6][26]$b$313 [5] $memory$auto$proc_rom.cc:155:do_switch$3$rdmux[0][6][26]$b$313 [12] 2'01 $memory$auto$proc_rom.cc:155:do_switch$3$rdmux[0][6][26]$b$313 [5] $memory$auto$proc_rom.cc:155:do_switch$3$rdmux[0][6][26]$b$313 [12] $memory$auto$proc_rom.cc:155:do_switch$3$rdmux[0][6][26]$b$313 [12] $memory$auto$proc_rom.cc:155:do_switch$3$rdmux[0][6][26]$b$313 [12] $memory$auto$proc_rom.cc:155:do_switch$3$rdmux[0][6][26]$b$313 [12] $memory$auto$proc_rom.cc:155:do_switch$3$rdmux[0][6][26]$b$313 [12] 2'00 $memory$auto$proc_rom.cc:155:do_switch$3$rdmux[0][6][26]$b$313 [5] 1'1 $memory$auto$proc_rom.cc:155:do_switch$3$rdmux[0][6][26]$b$313 [5] 6'001010 }
    Consolidated identical input bits for $mux cell $memory$auto$proc_rom.cc:155:do_switch$3$rdmux[0][7][52]$581:
      Old ports: A=32'11010010111101011101011100001101, B=32'11011010111011110000100011110001, Y=$memory$auto$proc_rom.cc:155:do_switch$3$rdmux[0][6][26]$a$312
      New ports: A=2'01, B=2'10, Y={ $memory$auto$proc_rom.cc:155:do_switch$3$rdmux[0][6][26]$a$312 [4] $memory$auto$proc_rom.cc:155:do_switch$3$rdmux[0][6][26]$a$312 [2] }
      New connections: { $memory$auto$proc_rom.cc:155:do_switch$3$rdmux[0][6][26]$a$312 [31:5] $memory$auto$proc_rom.cc:155:do_switch$3$rdmux[0][6][26]$a$312 [3] $memory$auto$proc_rom.cc:155:do_switch$3$rdmux[0][6][26]$a$312 [1:0] } = { 4'1101 $memory$auto$proc_rom.cc:155:do_switch$3$rdmux[0][6][26]$a$312 [4] 6'010111 $memory$auto$proc_rom.cc:155:do_switch$3$rdmux[0][6][26]$a$312 [2] $memory$auto$proc_rom.cc:155:do_switch$3$rdmux[0][6][26]$a$312 [4] 1'1 $memory$auto$proc_rom.cc:155:do_switch$3$rdmux[0][6][26]$a$312 [4] 1'1 $memory$auto$proc_rom.cc:155:do_switch$3$rdmux[0][6][26]$a$312 [2] $memory$auto$proc_rom.cc:155:do_switch$3$rdmux[0][6][26]$a$312 [2] 1'0 $memory$auto$proc_rom.cc:155:do_switch$3$rdmux[0][6][26]$a$312 [2] $memory$auto$proc_rom.cc:155:do_switch$3$rdmux[0][6][26]$a$312 [4] $memory$auto$proc_rom.cc:155:do_switch$3$rdmux[0][6][26]$a$312 [2] $memory$auto$proc_rom.cc:155:do_switch$3$rdmux[0][6][26]$a$312 [2] $memory$auto$proc_rom.cc:155:do_switch$3$rdmux[0][6][26]$a$312 [2] $memory$auto$proc_rom.cc:155:do_switch$3$rdmux[0][6][26]$a$312 [4] $memory$auto$proc_rom.cc:155:do_switch$3$rdmux[0][6][26]$a$312 [4] $memory$auto$proc_rom.cc:155:do_switch$3$rdmux[0][6][26]$a$312 [4] $memory$auto$proc_rom.cc:155:do_switch$3$rdmux[0][6][26]$a$312 [2] 2'01 }
    Consolidated identical input bits for $mux cell $memory$auto$proc_rom.cc:155:do_switch$3$rdmux[0][7][51]$578:
      Old ports: A=1742605273, B=32'10000000000101100010111001100000, Y=$memory$auto$proc_rom.cc:155:do_switch$3$rdmux[0][6][25]$b$310
      New ports: A=2'01, B=2'10, Y={ $memory$auto$proc_rom.cc:155:do_switch$3$rdmux[0][6][25]$b$310 [5] $memory$auto$proc_rom.cc:155:do_switch$3$rdmux[0][6][25]$b$310 [0] }
      New connections: { $memory$auto$proc_rom.cc:155:do_switch$3$rdmux[0][6][25]$b$310 [31:6] $memory$auto$proc_rom.cc:155:do_switch$3$rdmux[0][6][25]$b$310 [4:1] } = { $memory$auto$proc_rom.cc:155:do_switch$3$rdmux[0][6][25]$b$310 [5] $memory$auto$proc_rom.cc:155:do_switch$3$rdmux[0][6][25]$b$310 [0] $memory$auto$proc_rom.cc:155:do_switch$3$rdmux[0][6][25]$b$310 [0] 2'00 $memory$auto$proc_rom.cc:155:do_switch$3$rdmux[0][6][25]$b$310 [0] $memory$auto$proc_rom.cc:155:do_switch$3$rdmux[0][6][25]$b$310 [0] $memory$auto$proc_rom.cc:155:do_switch$3$rdmux[0][6][25]$b$310 [0] $memory$auto$proc_rom.cc:155:do_switch$3$rdmux[0][6][25]$b$310 [0] $memory$auto$proc_rom.cc:155:do_switch$3$rdmux[0][6][25]$b$310 [0] 2'01 $memory$auto$proc_rom.cc:155:do_switch$3$rdmux[0][6][25]$b$310 [0] 5'11000 $memory$auto$proc_rom.cc:155:do_switch$3$rdmux[0][6][25]$b$310 [5] 2'01 $memory$auto$proc_rom.cc:155:do_switch$3$rdmux[0][6][25]$b$310 [5] 1'1 $memory$auto$proc_rom.cc:155:do_switch$3$rdmux[0][6][25]$b$310 [0] $memory$auto$proc_rom.cc:155:do_switch$3$rdmux[0][6][25]$b$310 [0] 1'1 $memory$auto$proc_rom.cc:155:do_switch$3$rdmux[0][6][25]$b$310 [0] $memory$auto$proc_rom.cc:155:do_switch$3$rdmux[0][6][25]$b$310 [0] 2'00 }
    Consolidated identical input bits for $mux cell $memory$auto$proc_rom.cc:155:do_switch$3$rdmux[0][7][50]$575:
      Old ports: A=32'10111101011001010011110010110001, B=32'11110001100001001001000011000111, Y=$memory$auto$proc_rom.cc:155:do_switch$3$rdmux[0][6][25]$a$309
      New ports: A=2'10, B=2'01, Y={ $memory$auto$proc_rom.cc:155:do_switch$3$rdmux[0][6][25]$a$309 [4] $memory$auto$proc_rom.cc:155:do_switch$3$rdmux[0][6][25]$a$309 [1] }
      New connections: { $memory$auto$proc_rom.cc:155:do_switch$3$rdmux[0][6][25]$a$309 [31:5] $memory$auto$proc_rom.cc:155:do_switch$3$rdmux[0][6][25]$a$309 [3:2] $memory$auto$proc_rom.cc:155:do_switch$3$rdmux[0][6][25]$a$309 [0] } = { 1'1 $memory$auto$proc_rom.cc:155:do_switch$3$rdmux[0][6][25]$a$309 [1] 2'11 $memory$auto$proc_rom.cc:155:do_switch$3$rdmux[0][6][25]$a$309 [4] $memory$auto$proc_rom.cc:155:do_switch$3$rdmux[0][6][25]$a$309 [4] 2'01 $memory$auto$proc_rom.cc:155:do_switch$3$rdmux[0][6][25]$a$309 [1] $memory$auto$proc_rom.cc:155:do_switch$3$rdmux[0][6][25]$a$309 [4] $memory$auto$proc_rom.cc:155:do_switch$3$rdmux[0][6][25]$a$309 [4] 4'0010 $memory$auto$proc_rom.cc:155:do_switch$3$rdmux[0][6][25]$a$309 [4] $memory$auto$proc_rom.cc:155:do_switch$3$rdmux[0][6][25]$a$309 [1] 1'0 $memory$auto$proc_rom.cc:155:do_switch$3$rdmux[0][6][25]$a$309 [4] 1'1 $memory$auto$proc_rom.cc:155:do_switch$3$rdmux[0][6][25]$a$309 [4] $memory$auto$proc_rom.cc:155:do_switch$3$rdmux[0][6][25]$a$309 [4] 3'001 $memory$auto$proc_rom.cc:155:do_switch$3$rdmux[0][6][25]$a$309 [1] $memory$auto$proc_rom.cc:155:do_switch$3$rdmux[0][6][25]$a$309 [4] 1'0 $memory$auto$proc_rom.cc:155:do_switch$3$rdmux[0][6][25]$a$309 [1] 1'1 }
    Consolidated identical input bits for $mux cell $memory$auto$proc_rom.cc:155:do_switch$3$rdmux[0][7][49]$572:
      Old ports: A=31818337, B=2012153869, Y=$memory$auto$proc_rom.cc:155:do_switch$3$rdmux[0][6][24]$b$307
      New ports: A=2'10, B=2'01, Y={ $memory$auto$proc_rom.cc:155:do_switch$3$rdmux[0][6][24]$b$307 [5] $memory$auto$proc_rom.cc:155:do_switch$3$rdmux[0][6][24]$b$307 [2] }
      New connections: { $memory$auto$proc_rom.cc:155:do_switch$3$rdmux[0][6][24]$b$307 [31:6] $memory$auto$proc_rom.cc:155:do_switch$3$rdmux[0][6][24]$b$307 [4:3] $memory$auto$proc_rom.cc:155:do_switch$3$rdmux[0][6][24]$b$307 [1:0] } = { 1'0 $memory$auto$proc_rom.cc:155:do_switch$3$rdmux[0][6][24]$b$307 [2] $memory$auto$proc_rom.cc:155:do_switch$3$rdmux[0][6][24]$b$307 [2] $memory$auto$proc_rom.cc:155:do_switch$3$rdmux[0][6][24]$b$307 [2] 1'0 $memory$auto$proc_rom.cc:155:do_switch$3$rdmux[0][6][24]$b$307 [2] $memory$auto$proc_rom.cc:155:do_switch$3$rdmux[0][6][24]$b$307 [2] 5'11110 $memory$auto$proc_rom.cc:155:do_switch$3$rdmux[0][6][24]$b$307 [2] 1'1 $memory$auto$proc_rom.cc:155:do_switch$3$rdmux[0][6][24]$b$307 [2] 1'1 $memory$auto$proc_rom.cc:155:do_switch$3$rdmux[0][6][24]$b$307 [5] 3'000 $memory$auto$proc_rom.cc:155:do_switch$3$rdmux[0][6][24]$b$307 [2] 1'0 $memory$auto$proc_rom.cc:155:do_switch$3$rdmux[0][6][24]$b$307 [5] 2'00 $memory$auto$proc_rom.cc:155:do_switch$3$rdmux[0][6][24]$b$307 [5] 1'0 $memory$auto$proc_rom.cc:155:do_switch$3$rdmux[0][6][24]$b$307 [2] 2'01 }
    Consolidated identical input bits for $mux cell $memory$auto$proc_rom.cc:155:do_switch$3$rdmux[0][7][48]$569:
      Old ports: A=32'11011101010010001001101110001100, B=32'11111011111011100110110001001011, Y=$memory$auto$proc_rom.cc:155:do_switch$3$rdmux[0][6][24]$a$306
      New ports: A=2'10, B=2'01, Y={ $memory$auto$proc_rom.cc:155:do_switch$3$rdmux[0][6][24]$a$306 [2] $memory$auto$proc_rom.cc:155:do_switch$3$rdmux[0][6][24]$a$306 [0] }
      New connections: { $memory$auto$proc_rom.cc:155:do_switch$3$rdmux[0][6][24]$a$306 [31:3] $memory$auto$proc_rom.cc:155:do_switch$3$rdmux[0][6][24]$a$306 [1] } = { 2'11 $memory$auto$proc_rom.cc:155:do_switch$3$rdmux[0][6][24]$a$306 [0] 2'11 $memory$auto$proc_rom.cc:155:do_switch$3$rdmux[0][6][24]$a$306 [2] $memory$auto$proc_rom.cc:155:do_switch$3$rdmux[0][6][24]$a$306 [0] 1'1 $memory$auto$proc_rom.cc:155:do_switch$3$rdmux[0][6][24]$a$306 [0] 1'1 $memory$auto$proc_rom.cc:155:do_switch$3$rdmux[0][6][24]$a$306 [0] 2'01 $memory$auto$proc_rom.cc:155:do_switch$3$rdmux[0][6][24]$a$306 [0] $memory$auto$proc_rom.cc:155:do_switch$3$rdmux[0][6][24]$a$306 [0] 1'0 $memory$auto$proc_rom.cc:155:do_switch$3$rdmux[0][6][24]$a$306 [2] $memory$auto$proc_rom.cc:155:do_switch$3$rdmux[0][6][24]$a$306 [0] $memory$auto$proc_rom.cc:155:do_switch$3$rdmux[0][6][24]$a$306 [0] $memory$auto$proc_rom.cc:155:do_switch$3$rdmux[0][6][24]$a$306 [2] 1'1 $memory$auto$proc_rom.cc:155:do_switch$3$rdmux[0][6][24]$a$306 [0] $memory$auto$proc_rom.cc:155:do_switch$3$rdmux[0][6][24]$a$306 [2] $memory$auto$proc_rom.cc:155:do_switch$3$rdmux[0][6][24]$a$306 [2] $memory$auto$proc_rom.cc:155:do_switch$3$rdmux[0][6][24]$a$306 [2] $memory$auto$proc_rom.cc:155:do_switch$3$rdmux[0][6][24]$a$306 [0] 3'001 $memory$auto$proc_rom.cc:155:do_switch$3$rdmux[0][6][24]$a$306 [0] }
    Consolidated identical input bits for $mux cell $memory$auto$proc_rom.cc:155:do_switch$3$rdmux[0][7][47]$566:
      Old ports: A=1275098391, B=32'10000010011001101111001001101100, Y=$memory$auto$proc_rom.cc:155:do_switch$3$rdmux[0][6][23]$b$304
      New ports: A=2'01, B=2'10, Y={ $memory$auto$proc_rom.cc:155:do_switch$3$rdmux[0][6][23]$b$304 [3] $memory$auto$proc_rom.cc:155:do_switch$3$rdmux[0][6][23]$b$304 [0] }
      New connections: { $memory$auto$proc_rom.cc:155:do_switch$3$rdmux[0][6][23]$b$304 [31:4] $memory$auto$proc_rom.cc:155:do_switch$3$rdmux[0][6][23]$b$304 [2:1] } = { $memory$auto$proc_rom.cc:155:do_switch$3$rdmux[0][6][23]$b$304 [3] $memory$auto$proc_rom.cc:155:do_switch$3$rdmux[0][6][23]$b$304 [0] 2'00 $memory$auto$proc_rom.cc:155:do_switch$3$rdmux[0][6][23]$b$304 [0] $memory$auto$proc_rom.cc:155:do_switch$3$rdmux[0][6][23]$b$304 [0] $memory$auto$proc_rom.cc:155:do_switch$3$rdmux[0][6][23]$b$304 [3] 2'00 $memory$auto$proc_rom.cc:155:do_switch$3$rdmux[0][6][23]$b$304 [3] $memory$auto$proc_rom.cc:155:do_switch$3$rdmux[0][6][23]$b$304 [3] 2'00 $memory$auto$proc_rom.cc:155:do_switch$3$rdmux[0][6][23]$b$304 [3] $memory$auto$proc_rom.cc:155:do_switch$3$rdmux[0][6][23]$b$304 [3] 1'0 $memory$auto$proc_rom.cc:155:do_switch$3$rdmux[0][6][23]$b$304 [3] 4'1110 $memory$auto$proc_rom.cc:155:do_switch$3$rdmux[0][6][23]$b$304 [0] $memory$auto$proc_rom.cc:155:do_switch$3$rdmux[0][6][23]$b$304 [3] $memory$auto$proc_rom.cc:155:do_switch$3$rdmux[0][6][23]$b$304 [0] 1'0 $memory$auto$proc_rom.cc:155:do_switch$3$rdmux[0][6][23]$b$304 [3] $memory$auto$proc_rom.cc:155:do_switch$3$rdmux[0][6][23]$b$304 [3] $memory$auto$proc_rom.cc:155:do_switch$3$rdmux[0][6][23]$b$304 [0] 1'1 $memory$auto$proc_rom.cc:155:do_switch$3$rdmux[0][6][23]$b$304 [0] }
    Consolidated identical input bits for $mux cell $memory$auto$proc_rom.cc:155:do_switch$3$rdmux[0][7][46]$563:
      Old ports: A=1599602547, B=540520099, Y=$memory$auto$proc_rom.cc:155:do_switch$3$rdmux[0][6][23]$a$303
      New ports: A=2'01, B=2'10, Y={ $memory$auto$proc_rom.cc:155:do_switch$3$rdmux[0][6][23]$a$303 [7] $memory$auto$proc_rom.cc:155:do_switch$3$rdmux[0][6][23]$a$303 [4] }
      New connections: { $memory$auto$proc_rom.cc:155:do_switch$3$rdmux[0][6][23]$a$303 [31:8] $memory$auto$proc_rom.cc:155:do_switch$3$rdmux[0][6][23]$a$303 [6:5] $memory$auto$proc_rom.cc:155:do_switch$3$rdmux[0][6][23]$a$303 [3:0] } = { 1'0 $memory$auto$proc_rom.cc:155:do_switch$3$rdmux[0][6][23]$a$303 [4] $memory$auto$proc_rom.cc:155:do_switch$3$rdmux[0][6][23]$a$303 [7] $memory$auto$proc_rom.cc:155:do_switch$3$rdmux[0][6][23]$a$303 [4] $memory$auto$proc_rom.cc:155:do_switch$3$rdmux[0][6][23]$a$303 [4] $memory$auto$proc_rom.cc:155:do_switch$3$rdmux[0][6][23]$a$303 [4] $memory$auto$proc_rom.cc:155:do_switch$3$rdmux[0][6][23]$a$303 [4] $memory$auto$proc_rom.cc:155:do_switch$3$rdmux[0][6][23]$a$303 [4] 1'0 $memory$auto$proc_rom.cc:155:do_switch$3$rdmux[0][6][23]$a$303 [4] $memory$auto$proc_rom.cc:155:do_switch$3$rdmux[0][6][23]$a$303 [7] 6'101111 $memory$auto$proc_rom.cc:155:do_switch$3$rdmux[0][6][23]$a$303 [4] 1'1 $memory$auto$proc_rom.cc:155:do_switch$3$rdmux[0][6][23]$a$303 [4] 3'111 $memory$auto$proc_rom.cc:155:do_switch$3$rdmux[0][6][23]$a$303 [4] $memory$auto$proc_rom.cc:155:do_switch$3$rdmux[0][6][23]$a$303 [4] 5'10011 }
    Consolidated identical input bits for $mux cell $memory$auto$proc_rom.cc:155:do_switch$3$rdmux[0][7][45]$560:
      Old ports: A=32'10010001010010011000111011000101, B=641476944, Y=$memory$auto$proc_rom.cc:155:do_switch$3$rdmux[0][6][22]$b$301
      New ports: A=2'01, B=2'10, Y={ $memory$auto$proc_rom.cc:155:do_switch$3$rdmux[0][6][22]$b$301 [4] $memory$auto$proc_rom.cc:155:do_switch$3$rdmux[0][6][22]$b$301 [0] }
      New connections: { $memory$auto$proc_rom.cc:155:do_switch$3$rdmux[0][6][22]$b$301 [31:5] $memory$auto$proc_rom.cc:155:do_switch$3$rdmux[0][6][22]$b$301 [3:1] } = { $memory$auto$proc_rom.cc:155:do_switch$3$rdmux[0][6][22]$b$301 [0] 1'0 $memory$auto$proc_rom.cc:155:do_switch$3$rdmux[0][6][22]$b$301 [4] $memory$auto$proc_rom.cc:155:do_switch$3$rdmux[0][6][22]$b$301 [0] 1'0 $memory$auto$proc_rom.cc:155:do_switch$3$rdmux[0][6][22]$b$301 [4] $memory$auto$proc_rom.cc:155:do_switch$3$rdmux[0][6][22]$b$301 [4] $memory$auto$proc_rom.cc:155:do_switch$3$rdmux[0][6][22]$b$301 [0] 1'0 $memory$auto$proc_rom.cc:155:do_switch$3$rdmux[0][6][22]$b$301 [0] $memory$auto$proc_rom.cc:155:do_switch$3$rdmux[0][6][22]$b$301 [4] $memory$auto$proc_rom.cc:155:do_switch$3$rdmux[0][6][22]$b$301 [4] 1'1 $memory$auto$proc_rom.cc:155:do_switch$3$rdmux[0][6][22]$b$301 [4] 1'0 $memory$auto$proc_rom.cc:155:do_switch$3$rdmux[0][6][22]$b$301 [0] $memory$auto$proc_rom.cc:155:do_switch$3$rdmux[0][6][22]$b$301 [0] 1'0 $memory$auto$proc_rom.cc:155:do_switch$3$rdmux[0][6][22]$b$301 [4] 2'01 $memory$auto$proc_rom.cc:155:do_switch$3$rdmux[0][6][22]$b$301 [0] $memory$auto$proc_rom.cc:155:do_switch$3$rdmux[0][6][22]$b$301 [0] $memory$auto$proc_rom.cc:155:do_switch$3$rdmux[0][6][22]$b$301 [4] $memory$auto$proc_rom.cc:155:do_switch$3$rdmux[0][6][22]$b$301 [0] 3'100 $memory$auto$proc_rom.cc:155:do_switch$3$rdmux[0][6][22]$b$301 [0] 1'0 }
    Consolidated identical input bits for $mux cell $memory$auto$proc_rom.cc:155:do_switch$3$rdmux[0][7][44]$557:
      Old ports: A=32'10111001001000011000000100001101, B=32'10001001100001111011011100110100, Y=$memory$auto$proc_rom.cc:155:do_switch$3$rdmux[0][6][22]$a$300
      New ports: A=2'01, B=2'10, Y={ $memory$auto$proc_rom.cc:155:do_switch$3$rdmux[0][6][22]$a$300 [4] $memory$auto$proc_rom.cc:155:do_switch$3$rdmux[0][6][22]$a$300 [0] }
      New connections: { $memory$auto$proc_rom.cc:155:do_switch$3$rdmux[0][6][22]$a$300 [31:5] $memory$auto$proc_rom.cc:155:do_switch$3$rdmux[0][6][22]$a$300 [3:1] } = { 2'10 $memory$auto$proc_rom.cc:155:do_switch$3$rdmux[0][6][22]$a$300 [0] $memory$auto$proc_rom.cc:155:do_switch$3$rdmux[0][6][22]$a$300 [0] 4'1001 $memory$auto$proc_rom.cc:155:do_switch$3$rdmux[0][6][22]$a$300 [4] 1'0 $memory$auto$proc_rom.cc:155:do_switch$3$rdmux[0][6][22]$a$300 [0] 2'00 $memory$auto$proc_rom.cc:155:do_switch$3$rdmux[0][6][22]$a$300 [4] $memory$auto$proc_rom.cc:155:do_switch$3$rdmux[0][6][22]$a$300 [4] 3'110 $memory$auto$proc_rom.cc:155:do_switch$3$rdmux[0][6][22]$a$300 [4] $memory$auto$proc_rom.cc:155:do_switch$3$rdmux[0][6][22]$a$300 [4] 1'0 $memory$auto$proc_rom.cc:155:do_switch$3$rdmux[0][6][22]$a$300 [4] $memory$auto$proc_rom.cc:155:do_switch$3$rdmux[0][6][22]$a$300 [4] 3'100 $memory$auto$proc_rom.cc:155:do_switch$3$rdmux[0][6][22]$a$300 [4] $memory$auto$proc_rom.cc:155:do_switch$3$rdmux[0][6][22]$a$300 [0] 2'10 }
    Consolidated identical input bits for $mux cell $memory$auto$proc_rom.cc:155:do_switch$3$rdmux[0][7][43]$554:
      Old ports: A=1294004443, B=32'10100000010000011111111111111110, Y=$memory$auto$proc_rom.cc:155:do_switch$3$rdmux[0][6][21]$b$298
      New ports: A=2'01, B=2'10, Y={ $memory$auto$proc_rom.cc:155:do_switch$3$rdmux[0][6][21]$b$298 [2] $memory$auto$proc_rom.cc:155:do_switch$3$rdmux[0][6][21]$b$298 [0] }
      New connections: { $memory$auto$proc_rom.cc:155:do_switch$3$rdmux[0][6][21]$b$298 [31:3] $memory$auto$proc_rom.cc:155:do_switch$3$rdmux[0][6][21]$b$298 [1] } = { $memory$auto$proc_rom.cc:155:do_switch$3$rdmux[0][6][21]$b$298 [2] $memory$auto$proc_rom.cc:155:do_switch$3$rdmux[0][6][21]$b$298 [0] $memory$auto$proc_rom.cc:155:do_switch$3$rdmux[0][6][21]$b$298 [2] 1'0 $memory$auto$proc_rom.cc:155:do_switch$3$rdmux[0][6][21]$b$298 [0] $memory$auto$proc_rom.cc:155:do_switch$3$rdmux[0][6][21]$b$298 [0] 1'0 $memory$auto$proc_rom.cc:155:do_switch$3$rdmux[0][6][21]$b$298 [0] 1'0 $memory$auto$proc_rom.cc:155:do_switch$3$rdmux[0][6][21]$b$298 [2] $memory$auto$proc_rom.cc:155:do_switch$3$rdmux[0][6][21]$b$298 [0] 4'0000 $memory$auto$proc_rom.cc:155:do_switch$3$rdmux[0][6][21]$b$298 [2] 4'1111 $memory$auto$proc_rom.cc:155:do_switch$3$rdmux[0][6][21]$b$298 [2] $memory$auto$proc_rom.cc:155:do_switch$3$rdmux[0][6][21]$b$298 [2] $memory$auto$proc_rom.cc:155:do_switch$3$rdmux[0][6][21]$b$298 [2] $memory$auto$proc_rom.cc:155:do_switch$3$rdmux[0][6][21]$b$298 [2] 2'11 $memory$auto$proc_rom.cc:155:do_switch$3$rdmux[0][6][21]$b$298 [2] 3'111 }
    Consolidated identical input bits for $mux cell $memory$auto$proc_rom.cc:155:do_switch$3$rdmux[0][7][42]$551:
      Old ports: A=930718787, B=899047065, Y=$memory$auto$proc_rom.cc:155:do_switch$3$rdmux[0][6][21]$a$297
      New ports: A=2'01, B=2'10, Y={ $memory$auto$proc_rom.cc:155:do_switch$3$rdmux[0][6][21]$a$297 [3] $memory$auto$proc_rom.cc:155:do_switch$3$rdmux[0][6][21]$a$297 [1] }
      New connections: { $memory$auto$proc_rom.cc:155:do_switch$3$rdmux[0][6][21]$a$297 [31:4] $memory$auto$proc_rom.cc:155:do_switch$3$rdmux[0][6][21]$a$297 [2] $memory$auto$proc_rom.cc:155:do_switch$3$rdmux[0][6][21]$a$297 [0] } = { 6'001101 $memory$auto$proc_rom.cc:155:do_switch$3$rdmux[0][6][21]$a$297 [1] 1'1 $memory$auto$proc_rom.cc:155:do_switch$3$rdmux[0][6][21]$a$297 [3] $memory$auto$proc_rom.cc:155:do_switch$3$rdmux[0][6][21]$a$297 [1] $memory$auto$proc_rom.cc:155:do_switch$3$rdmux[0][6][21]$a$297 [1] 1'1 $memory$auto$proc_rom.cc:155:do_switch$3$rdmux[0][6][21]$a$297 [1] $memory$auto$proc_rom.cc:155:do_switch$3$rdmux[0][6][21]$a$297 [3] $memory$auto$proc_rom.cc:155:do_switch$3$rdmux[0][6][21]$a$297 [3] $memory$auto$proc_rom.cc:155:do_switch$3$rdmux[0][6][21]$a$297 [1] $memory$auto$proc_rom.cc:155:do_switch$3$rdmux[0][6][21]$a$297 [1] $memory$auto$proc_rom.cc:155:do_switch$3$rdmux[0][6][21]$a$297 [3] $memory$auto$proc_rom.cc:155:do_switch$3$rdmux[0][6][21]$a$297 [1] $memory$auto$proc_rom.cc:155:do_switch$3$rdmux[0][6][21]$a$297 [3] $memory$auto$proc_rom.cc:155:do_switch$3$rdmux[0][6][21]$a$297 [3] 1'1 $memory$auto$proc_rom.cc:155:do_switch$3$rdmux[0][6][21]$a$297 [3] 1'0 $memory$auto$proc_rom.cc:155:do_switch$3$rdmux[0][6][21]$a$297 [3] $memory$auto$proc_rom.cc:155:do_switch$3$rdmux[0][6][21]$a$297 [1] 1'0 $memory$auto$proc_rom.cc:155:do_switch$3$rdmux[0][6][21]$a$297 [3] 2'01 }
    Consolidated identical input bits for $mux cell $memory$auto$proc_rom.cc:155:do_switch$3$rdmux[0][7][41]$548:
      Old ports: A=32'11100011100001100111111011111001, B=32'10011111001101101001110011000110, Y=$memory$auto$proc_rom.cc:155:do_switch$3$rdmux[0][6][20]$b$295
      New ports: A=2'01, B=2'10, Y=$memory$auto$proc_rom.cc:155:do_switch$3$rdmux[0][6][20]$b$295 [1:0]
      New connections: $memory$auto$proc_rom.cc:155:do_switch$3$rdmux[0][6][20]$b$295 [31:2] = { 1'1 $memory$auto$proc_rom.cc:155:do_switch$3$rdmux[0][6][20]$b$295 [0] $memory$auto$proc_rom.cc:155:do_switch$3$rdmux[0][6][20]$b$295 [0] $memory$auto$proc_rom.cc:155:do_switch$3$rdmux[0][6][20]$b$295 [1] $memory$auto$proc_rom.cc:155:do_switch$3$rdmux[0][6][20]$b$295 [1] $memory$auto$proc_rom.cc:155:do_switch$3$rdmux[0][6][20]$b$295 [1] 2'11 $memory$auto$proc_rom.cc:155:do_switch$3$rdmux[0][6][20]$b$295 [0] 1'0 $memory$auto$proc_rom.cc:155:do_switch$3$rdmux[0][6][20]$b$295 [1] $memory$auto$proc_rom.cc:155:do_switch$3$rdmux[0][6][20]$b$295 [1] 4'0110 $memory$auto$proc_rom.cc:155:do_switch$3$rdmux[0][6][20]$b$295 [1:0] $memory$auto$proc_rom.cc:155:do_switch$3$rdmux[0][6][20]$b$295 [0] 3'111 $memory$auto$proc_rom.cc:155:do_switch$3$rdmux[0][6][20]$b$295 [0] 3'011 $memory$auto$proc_rom.cc:155:do_switch$3$rdmux[0][6][20]$b$295 [0] $memory$auto$proc_rom.cc:155:do_switch$3$rdmux[0][6][20]$b$295 [0] $memory$auto$proc_rom.cc:155:do_switch$3$rdmux[0][6][20]$b$295 [0] $memory$auto$proc_rom.cc:155:do_switch$3$rdmux[0][6][20]$b$295 [1] }
    Consolidated identical input bits for $mux cell $memory$auto$proc_rom.cc:155:do_switch$3$rdmux[0][7][40]$545:
      Old ports: A=832197612, B=32'11011011000101001000011111100010, Y=$memory$auto$proc_rom.cc:155:do_switch$3$rdmux[0][6][20]$a$294
      New ports: A=2'10, B=2'01, Y=$memory$auto$proc_rom.cc:155:do_switch$3$rdmux[0][6][20]$a$294 [2:1]
      New connections: { $memory$auto$proc_rom.cc:155:do_switch$3$rdmux[0][6][20]$a$294 [31:3] $memory$auto$proc_rom.cc:155:do_switch$3$rdmux[0][6][20]$a$294 [0] } = { $memory$auto$proc_rom.cc:155:do_switch$3$rdmux[0][6][20]$a$294 [1] $memory$auto$proc_rom.cc:155:do_switch$3$rdmux[0][6][20]$a$294 [1] $memory$auto$proc_rom.cc:155:do_switch$3$rdmux[0][6][20]$a$294 [2] 1'1 $memory$auto$proc_rom.cc:155:do_switch$3$rdmux[0][6][20]$a$294 [1] 1'0 $memory$auto$proc_rom.cc:155:do_switch$3$rdmux[0][6][20]$a$294 [1] 1'1 $memory$auto$proc_rom.cc:155:do_switch$3$rdmux[0][6][20]$a$294 [2] 3'001 $memory$auto$proc_rom.cc:155:do_switch$3$rdmux[0][6][20]$a$294 [2:1] $memory$auto$proc_rom.cc:155:do_switch$3$rdmux[0][6][20]$a$294 [2] 1'0 $memory$auto$proc_rom.cc:155:do_switch$3$rdmux[0][6][20]$a$294 [1] $memory$auto$proc_rom.cc:155:do_switch$3$rdmux[0][6][20]$a$294 [2] 1'0 $memory$auto$proc_rom.cc:155:do_switch$3$rdmux[0][6][20]$a$294 [2] 1'0 $memory$auto$proc_rom.cc:155:do_switch$3$rdmux[0][6][20]$a$294 [1] 6'111110 $memory$auto$proc_rom.cc:155:do_switch$3$rdmux[0][6][20]$a$294 [2] 1'0 }
    Consolidated identical input bits for $mux cell $memory$auto$proc_rom.cc:155:do_switch$3$rdmux[0][7][39]$542:
      Old ports: A=32'10101010011110010101010110111000, B=32'11111010001101100000111011100111, Y=$memory$auto$proc_rom.cc:155:do_switch$3$rdmux[0][6][19]$b$292
      New ports: A=2'10, B=2'01, Y={ $memory$auto$proc_rom.cc:155:do_switch$3$rdmux[0][6][19]$b$292 [3] $memory$auto$proc_rom.cc:155:do_switch$3$rdmux[0][6][19]$b$292 [0] }
      New connections: { $memory$auto$proc_rom.cc:155:do_switch$3$rdmux[0][6][19]$b$292 [31:4] $memory$auto$proc_rom.cc:155:do_switch$3$rdmux[0][6][19]$b$292 [2:1] } = { 1'1 $memory$auto$proc_rom.cc:155:do_switch$3$rdmux[0][6][19]$b$292 [0] 1'1 $memory$auto$proc_rom.cc:155:do_switch$3$rdmux[0][6][19]$b$292 [0] 5'10100 $memory$auto$proc_rom.cc:155:do_switch$3$rdmux[0][6][19]$b$292 [3] 2'11 $memory$auto$proc_rom.cc:155:do_switch$3$rdmux[0][6][19]$b$292 [3] $memory$auto$proc_rom.cc:155:do_switch$3$rdmux[0][6][19]$b$292 [0] $memory$auto$proc_rom.cc:155:do_switch$3$rdmux[0][6][19]$b$292 [0] $memory$auto$proc_rom.cc:155:do_switch$3$rdmux[0][6][19]$b$292 [3] 1'0 $memory$auto$proc_rom.cc:155:do_switch$3$rdmux[0][6][19]$b$292 [3] 1'0 $memory$auto$proc_rom.cc:155:do_switch$3$rdmux[0][6][19]$b$292 [3] $memory$auto$proc_rom.cc:155:do_switch$3$rdmux[0][6][19]$b$292 [0] 1'1 $memory$auto$proc_rom.cc:155:do_switch$3$rdmux[0][6][19]$b$292 [0] $memory$auto$proc_rom.cc:155:do_switch$3$rdmux[0][6][19]$b$292 [3] 1'1 $memory$auto$proc_rom.cc:155:do_switch$3$rdmux[0][6][19]$b$292 [0] 1'1 $memory$auto$proc_rom.cc:155:do_switch$3$rdmux[0][6][19]$b$292 [3] $memory$auto$proc_rom.cc:155:do_switch$3$rdmux[0][6][19]$b$292 [0] $memory$auto$proc_rom.cc:155:do_switch$3$rdmux[0][6][19]$b$292 [0] }
    Consolidated identical input bits for $mux cell $memory$auto$proc_rom.cc:155:do_switch$3$rdmux[0][7][38]$539:
      Old ports: A=805988025, B=145461776, Y=$memory$auto$proc_rom.cc:155:do_switch$3$rdmux[0][6][19]$a$291
      New ports: A=2'01, B=2'10, Y={ $memory$auto$proc_rom.cc:155:do_switch$3$rdmux[0][6][19]$a$291 [12] $memory$auto$proc_rom.cc:155:do_switch$3$rdmux[0][6][19]$a$291 [0] }
      New connections: { $memory$auto$proc_rom.cc:155:do_switch$3$rdmux[0][6][19]$a$291 [31:13] $memory$auto$proc_rom.cc:155:do_switch$3$rdmux[0][6][19]$a$291 [11:1] } = { 2'00 $memory$auto$proc_rom.cc:155:do_switch$3$rdmux[0][6][19]$a$291 [0] $memory$auto$proc_rom.cc:155:do_switch$3$rdmux[0][6][19]$a$291 [0] $memory$auto$proc_rom.cc:155:do_switch$3$rdmux[0][6][19]$a$291 [12] 3'000 $memory$auto$proc_rom.cc:155:do_switch$3$rdmux[0][6][19]$a$291 [12] 1'0 $memory$auto$proc_rom.cc:155:do_switch$3$rdmux[0][6][19]$a$291 [12] 4'0101 $memory$auto$proc_rom.cc:155:do_switch$3$rdmux[0][6][19]$a$291 [12] $memory$auto$proc_rom.cc:155:do_switch$3$rdmux[0][6][19]$a$291 [12] $memory$auto$proc_rom.cc:155:do_switch$3$rdmux[0][6][19]$a$291 [0] $memory$auto$proc_rom.cc:155:do_switch$3$rdmux[0][6][19]$a$291 [0] 1'0 $memory$auto$proc_rom.cc:155:do_switch$3$rdmux[0][6][19]$a$291 [0] 2'10 $memory$auto$proc_rom.cc:155:do_switch$3$rdmux[0][6][19]$a$291 [0] 1'0 $memory$auto$proc_rom.cc:155:do_switch$3$rdmux[0][6][19]$a$291 [0] 1'1 $memory$auto$proc_rom.cc:155:do_switch$3$rdmux[0][6][19]$a$291 [0] 2'00 }
    Consolidated identical input bits for $mux cell $memory$auto$proc_rom.cc:155:do_switch$3$rdmux[0][7][37]$536:
      Old ports: A=32'10101000110101110111100010111000, B=308271780, Y=$memory$auto$proc_rom.cc:155:do_switch$3$rdmux[0][6][18]$b$289
      New ports: A=2'10, B=2'01, Y=$memory$auto$proc_rom.cc:155:do_switch$3$rdmux[0][6][18]$b$289 [3:2]
      New connections: { $memory$auto$proc_rom.cc:155:do_switch$3$rdmux[0][6][18]$b$289 [31:4] $memory$auto$proc_rom.cc:155:do_switch$3$rdmux[0][6][18]$b$289 [1:0] } = { $memory$auto$proc_rom.cc:155:do_switch$3$rdmux[0][6][18]$b$289 [3] 1'0 $memory$auto$proc_rom.cc:155:do_switch$3$rdmux[0][6][18]$b$289 [3:2] $memory$auto$proc_rom.cc:155:do_switch$3$rdmux[0][6][18]$b$289 [3] 1'0 $memory$auto$proc_rom.cc:155:do_switch$3$rdmux[0][6][18]$b$289 [2] 1'0 $memory$auto$proc_rom.cc:155:do_switch$3$rdmux[0][6][18]$b$289 [3] 3'101 $memory$auto$proc_rom.cc:155:do_switch$3$rdmux[0][6][18]$b$289 [2] 3'111 $memory$auto$proc_rom.cc:155:do_switch$3$rdmux[0][6][18]$b$289 [2] 1'1 $memory$auto$proc_rom.cc:155:do_switch$3$rdmux[0][6][18]$b$289 [3] 3'110 $memory$auto$proc_rom.cc:155:do_switch$3$rdmux[0][6][18]$b$289 [2] 4'0101 $memory$auto$proc_rom.cc:155:do_switch$3$rdmux[0][6][18]$b$289 [3] 2'00 }
    Consolidated identical input bits for $mux cell $memory$auto$proc_rom.cc:155:do_switch$3$rdmux[0][7][36]$533:
      Old ports: A=32'10010011110011001101100101011110, B=32'11100001110000100110010111010000, Y=$memory$auto$proc_rom.cc:155:do_switch$3$rdmux[0][6][18]$a$288
      New ports: A=2'01, B=2'10, Y={ $memory$auto$proc_rom.cc:155:do_switch$3$rdmux[0][6][18]$a$288 [7] $memory$auto$proc_rom.cc:155:do_switch$3$rdmux[0][6][18]$a$288 [1] }
      New connections: { $memory$auto$proc_rom.cc:155:do_switch$3$rdmux[0][6][18]$a$288 [31:8] $memory$auto$proc_rom.cc:155:do_switch$3$rdmux[0][6][18]$a$288 [6:2] $memory$auto$proc_rom.cc:155:do_switch$3$rdmux[0][6][18]$a$288 [0] } = { 1'1 $memory$auto$proc_rom.cc:155:do_switch$3$rdmux[0][6][18]$a$288 [7] $memory$auto$proc_rom.cc:155:do_switch$3$rdmux[0][6][18]$a$288 [7] $memory$auto$proc_rom.cc:155:do_switch$3$rdmux[0][6][18]$a$288 [1] 2'00 $memory$auto$proc_rom.cc:155:do_switch$3$rdmux[0][6][18]$a$288 [1] 5'11100 $memory$auto$proc_rom.cc:155:do_switch$3$rdmux[0][6][18]$a$288 [1] $memory$auto$proc_rom.cc:155:do_switch$3$rdmux[0][6][18]$a$288 [1] $memory$auto$proc_rom.cc:155:do_switch$3$rdmux[0][6][18]$a$288 [7] 1'0 $memory$auto$proc_rom.cc:155:do_switch$3$rdmux[0][6][18]$a$288 [1] 1'1 $memory$auto$proc_rom.cc:155:do_switch$3$rdmux[0][6][18]$a$288 [7] $memory$auto$proc_rom.cc:155:do_switch$3$rdmux[0][6][18]$a$288 [1] $memory$auto$proc_rom.cc:155:do_switch$3$rdmux[0][6][18]$a$288 [1] $memory$auto$proc_rom.cc:155:do_switch$3$rdmux[0][6][18]$a$288 [7] 5'01101 $memory$auto$proc_rom.cc:155:do_switch$3$rdmux[0][6][18]$a$288 [1] $memory$auto$proc_rom.cc:155:do_switch$3$rdmux[0][6][18]$a$288 [1] 1'0 }
    Consolidated identical input bits for $mux cell $memory$auto$proc_rom.cc:155:do_switch$3$rdmux[0][7][35]$530:
      Old ports: A=1743520750, B=1954961314, Y=$memory$auto$proc_rom.cc:155:do_switch$3$rdmux[0][6][17]$b$286
      New ports: A=2'01, B=2'10, Y={ $memory$auto$proc_rom.cc:155:do_switch$3$rdmux[0][6][17]$b$286 [10] $memory$auto$proc_rom.cc:155:do_switch$3$rdmux[0][6][17]$b$286 [2] }
      New connections: { $memory$auto$proc_rom.cc:155:do_switch$3$rdmux[0][6][17]$b$286 [31:11] $memory$auto$proc_rom.cc:155:do_switch$3$rdmux[0][6][17]$b$286 [9:3] $memory$auto$proc_rom.cc:155:do_switch$3$rdmux[0][6][17]$b$286 [1:0] } = { 3'011 $memory$auto$proc_rom.cc:155:do_switch$3$rdmux[0][6][17]$b$286 [10] 2'01 $memory$auto$proc_rom.cc:155:do_switch$3$rdmux[0][6][17]$b$286 [2] $memory$auto$proc_rom.cc:155:do_switch$3$rdmux[0][6][17]$b$286 [2] 1'1 $memory$auto$proc_rom.cc:155:do_switch$3$rdmux[0][6][17]$b$286 [2] $memory$auto$proc_rom.cc:155:do_switch$3$rdmux[0][6][17]$b$286 [2] 1'0 $memory$auto$proc_rom.cc:155:do_switch$3$rdmux[0][6][17]$b$286 [2] 1'1 $memory$auto$proc_rom.cc:155:do_switch$3$rdmux[0][6][17]$b$286 [10] 2'00 $memory$auto$proc_rom.cc:155:do_switch$3$rdmux[0][6][17]$b$286 [10] 1'0 $memory$auto$proc_rom.cc:155:do_switch$3$rdmux[0][6][17]$b$286 [10] 4'0111 $memory$auto$proc_rom.cc:155:do_switch$3$rdmux[0][6][17]$b$286 [2] 2'10 $memory$auto$proc_rom.cc:155:do_switch$3$rdmux[0][6][17]$b$286 [2] 2'10 }
    Consolidated identical input bits for $mux cell $memory$auto$proc_rom.cc:155:do_switch$3$rdmux[0][7][34]$527:
      Old ports: A=32'10001101001010000010101000000001, B=32'10101011101111110001101101110111, Y=$memory$auto$proc_rom.cc:155:do_switch$3$rdmux[0][6][17]$a$285
      New ports: A=2'10, B=2'01, Y={ $memory$auto$proc_rom.cc:155:do_switch$3$rdmux[0][6][17]$a$285 [13] $memory$auto$proc_rom.cc:155:do_switch$3$rdmux[0][6][17]$a$285 [1] }
      New connections: { $memory$auto$proc_rom.cc:155:do_switch$3$rdmux[0][6][17]$a$285 [31:14] $memory$auto$proc_rom.cc:155:do_switch$3$rdmux[0][6][17]$a$285 [12:2] $memory$auto$proc_rom.cc:155:do_switch$3$rdmux[0][6][17]$a$285 [0] } = { 2'10 $memory$auto$proc_rom.cc:155:do_switch$3$rdmux[0][6][17]$a$285 [1] 2'01 $memory$auto$proc_rom.cc:155:do_switch$3$rdmux[0][6][17]$a$285 [13] $memory$auto$proc_rom.cc:155:do_switch$3$rdmux[0][6][17]$a$285 [1] 1'1 $memory$auto$proc_rom.cc:155:do_switch$3$rdmux[0][6][17]$a$285 [1] 2'01 $memory$auto$proc_rom.cc:155:do_switch$3$rdmux[0][6][17]$a$285 [1] 1'1 $memory$auto$proc_rom.cc:155:do_switch$3$rdmux[0][6][17]$a$285 [1] $memory$auto$proc_rom.cc:155:do_switch$3$rdmux[0][6][17]$a$285 [1] $memory$auto$proc_rom.cc:155:do_switch$3$rdmux[0][6][17]$a$285 [1] 2'00 $memory$auto$proc_rom.cc:155:do_switch$3$rdmux[0][6][17]$a$285 [1] 3'101 $memory$auto$proc_rom.cc:155:do_switch$3$rdmux[0][6][17]$a$285 [1] 1'0 $memory$auto$proc_rom.cc:155:do_switch$3$rdmux[0][6][17]$a$285 [1] $memory$auto$proc_rom.cc:155:do_switch$3$rdmux[0][6][17]$a$285 [1] $memory$auto$proc_rom.cc:155:do_switch$3$rdmux[0][6][17]$a$285 [1] 1'0 $memory$auto$proc_rom.cc:155:do_switch$3$rdmux[0][6][17]$a$285 [1] 1'1 }
    Consolidated identical input bits for $mux cell $memory$auto$proc_rom.cc:155:do_switch$3$rdmux[0][7][33]$524:
      Old ports: A=32'10001000000110010110110000101111, B=32'10010010100111010111110110000100, Y=$memory$auto$proc_rom.cc:155:do_switch$3$rdmux[0][6][16]$b$283
      New ports: A=2'01, B=2'10, Y={ $memory$auto$proc_rom.cc:155:do_switch$3$rdmux[0][6][16]$b$283 [7] $memory$auto$proc_rom.cc:155:do_switch$3$rdmux[0][6][16]$b$283 [0] }
      New connections: { $memory$auto$proc_rom.cc:155:do_switch$3$rdmux[0][6][16]$b$283 [31:8] $memory$auto$proc_rom.cc:155:do_switch$3$rdmux[0][6][16]$b$283 [6:1] } = { 3'100 $memory$auto$proc_rom.cc:155:do_switch$3$rdmux[0][6][16]$b$283 [7] $memory$auto$proc_rom.cc:155:do_switch$3$rdmux[0][6][16]$b$283 [0] 1'0 $memory$auto$proc_rom.cc:155:do_switch$3$rdmux[0][6][16]$b$283 [7] 1'0 $memory$auto$proc_rom.cc:155:do_switch$3$rdmux[0][6][16]$b$283 [7] 4'0011 $memory$auto$proc_rom.cc:155:do_switch$3$rdmux[0][6][16]$b$283 [7] 5'01011 $memory$auto$proc_rom.cc:155:do_switch$3$rdmux[0][6][16]$b$283 [7] 3'110 $memory$auto$proc_rom.cc:155:do_switch$3$rdmux[0][6][16]$b$283 [7] 1'0 $memory$auto$proc_rom.cc:155:do_switch$3$rdmux[0][6][16]$b$283 [0] 1'0 $memory$auto$proc_rom.cc:155:do_switch$3$rdmux[0][6][16]$b$283 [0] 1'1 $memory$auto$proc_rom.cc:155:do_switch$3$rdmux[0][6][16]$b$283 [0] }
    Consolidated identical input bits for $mux cell $memory$auto$proc_rom.cc:155:do_switch$3$rdmux[0][7][32]$521:
      Old ports: A=32'10100110110100111000000011101000, B=1749054782, Y=$memory$auto$proc_rom.cc:155:do_switch$3$rdmux[0][6][16]$a$282
      New ports: A=2'10, B=2'01, Y={ $memory$auto$proc_rom.cc:155:do_switch$3$rdmux[0][6][16]$a$282 [6] $memory$auto$proc_rom.cc:155:do_switch$3$rdmux[0][6][16]$a$282 [1] }
      New connections: { $memory$auto$proc_rom.cc:155:do_switch$3$rdmux[0][6][16]$a$282 [31:7] $memory$auto$proc_rom.cc:155:do_switch$3$rdmux[0][6][16]$a$282 [5:2] $memory$auto$proc_rom.cc:155:do_switch$3$rdmux[0][6][16]$a$282 [0] } = { $memory$auto$proc_rom.cc:155:do_switch$3$rdmux[0][6][16]$a$282 [6] $memory$auto$proc_rom.cc:155:do_switch$3$rdmux[0][6][16]$a$282 [1] 2'10 $memory$auto$proc_rom.cc:155:do_switch$3$rdmux[0][6][16]$a$282 [1] $memory$auto$proc_rom.cc:155:do_switch$3$rdmux[0][6][16]$a$282 [6] $memory$auto$proc_rom.cc:155:do_switch$3$rdmux[0][6][16]$a$282 [6] 1'0 $memory$auto$proc_rom.cc:155:do_switch$3$rdmux[0][6][16]$a$282 [6] 2'10 $memory$auto$proc_rom.cc:155:do_switch$3$rdmux[0][6][16]$a$282 [6] 2'00 $memory$auto$proc_rom.cc:155:do_switch$3$rdmux[0][6][16]$a$282 [6] $memory$auto$proc_rom.cc:155:do_switch$3$rdmux[0][6][16]$a$282 [6] $memory$auto$proc_rom.cc:155:do_switch$3$rdmux[0][6][16]$a$282 [6] $memory$auto$proc_rom.cc:155:do_switch$3$rdmux[0][6][16]$a$282 [1] $memory$auto$proc_rom.cc:155:do_switch$3$rdmux[0][6][16]$a$282 [1] $memory$auto$proc_rom.cc:155:do_switch$3$rdmux[0][6][16]$a$282 [1] 1'0 $memory$auto$proc_rom.cc:155:do_switch$3$rdmux[0][6][16]$a$282 [1] 1'0 $memory$auto$proc_rom.cc:155:do_switch$3$rdmux[0][6][16]$a$282 [1] $memory$auto$proc_rom.cc:155:do_switch$3$rdmux[0][6][16]$a$282 [6] 1'1 $memory$auto$proc_rom.cc:155:do_switch$3$rdmux[0][6][16]$a$282 [1] 1'1 $memory$auto$proc_rom.cc:155:do_switch$3$rdmux[0][6][16]$a$282 [1] 1'0 }
    Consolidated identical input bits for $mux cell $memory$auto$proc_rom.cc:155:do_switch$3$rdmux[0][7][31]$518:
      Old ports: A=32'10110010000110001001101011110111, B=945355465, Y=$memory$auto$proc_rom.cc:155:do_switch$3$rdmux[0][6][15]$b$280
      New ports: A=2'01, B=2'10, Y={ $memory$auto$proc_rom.cc:155:do_switch$3$rdmux[0][6][15]$b$280 [3] $memory$auto$proc_rom.cc:155:do_switch$3$rdmux[0][6][15]$b$280 [1] }
      New connections: { $memory$auto$proc_rom.cc:155:do_switch$3$rdmux[0][6][15]$b$280 [31:4] $memory$auto$proc_rom.cc:155:do_switch$3$rdmux[0][6][15]$b$280 [2] $memory$auto$proc_rom.cc:155:do_switch$3$rdmux[0][6][15]$b$280 [0] } = { $memory$auto$proc_rom.cc:155:do_switch$3$rdmux[0][6][15]$b$280 [1] 3'011 $memory$auto$proc_rom.cc:155:do_switch$3$rdmux[0][6][15]$b$280 [3] 1'0 $memory$auto$proc_rom.cc:155:do_switch$3$rdmux[0][6][15]$b$280 [1] 2'00 $memory$auto$proc_rom.cc:155:do_switch$3$rdmux[0][6][15]$b$280 [3] 7'0110001 $memory$auto$proc_rom.cc:155:do_switch$3$rdmux[0][6][15]$b$280 [3] $memory$auto$proc_rom.cc:155:do_switch$3$rdmux[0][6][15]$b$280 [3] 7'1101011 $memory$auto$proc_rom.cc:155:do_switch$3$rdmux[0][6][15]$b$280 [1] $memory$auto$proc_rom.cc:155:do_switch$3$rdmux[0][6][15]$b$280 [1] $memory$auto$proc_rom.cc:155:do_switch$3$rdmux[0][6][15]$b$280 [1] 1'1 }
    Consolidated identical input bits for $mux cell $memory$auto$proc_rom.cc:155:do_switch$3$rdmux[0][7][30]$515:
      Old ports: A=32'11101011110000001001001001011101, B=789227966, Y=$memory$auto$proc_rom.cc:155:do_switch$3$rdmux[0][6][15]$a$279
      New ports: A=2'01, B=2'10, Y=$memory$auto$proc_rom.cc:155:do_switch$3$rdmux[0][6][15]$a$279 [1:0]
      New connections: $memory$auto$proc_rom.cc:155:do_switch$3$rdmux[0][6][15]$a$279 [31:2] = { $memory$auto$proc_rom.cc:155:do_switch$3$rdmux[0][6][15]$a$279 [0] $memory$auto$proc_rom.cc:155:do_switch$3$rdmux[0][6][15]$a$279 [0] 3'101 $memory$auto$proc_rom.cc:155:do_switch$3$rdmux[0][6][15]$a$279 [1] 2'11 $memory$auto$proc_rom.cc:155:do_switch$3$rdmux[0][6][15]$a$279 [0] $memory$auto$proc_rom.cc:155:do_switch$3$rdmux[0][6][15]$a$279 [0] 2'00 $memory$auto$proc_rom.cc:155:do_switch$3$rdmux[0][6][15]$a$279 [1] 1'0 $memory$auto$proc_rom.cc:155:do_switch$3$rdmux[0][6][15]$a$279 [1] 3'010 $memory$auto$proc_rom.cc:155:do_switch$3$rdmux[0][6][15]$a$279 [1:0] $memory$auto$proc_rom.cc:155:do_switch$3$rdmux[0][6][15]$a$279 [1] 1'0 $memory$auto$proc_rom.cc:155:do_switch$3$rdmux[0][6][15]$a$279 [0] $memory$auto$proc_rom.cc:155:do_switch$3$rdmux[0][6][15]$a$279 [1] $memory$auto$proc_rom.cc:155:do_switch$3$rdmux[0][6][15]$a$279 [1:0] $memory$auto$proc_rom.cc:155:do_switch$3$rdmux[0][6][15]$a$279 [1] 3'111 }
    Consolidated identical input bits for $mux cell $memory$auto$proc_rom.cc:155:do_switch$3$rdmux[0][7][29]$512:
      Old ports: A=1146941822, B=32'11111001001111111011000111100100, Y=$memory$auto$proc_rom.cc:155:do_switch$3$rdmux[0][6][14]$b$277
      New ports: A=2'01, B=2'10, Y={ $memory$auto$proc_rom.cc:155:do_switch$3$rdmux[0][6][14]$b$277 [7] $memory$auto$proc_rom.cc:155:do_switch$3$rdmux[0][6][14]$b$277 [1] }
      New connections: { $memory$auto$proc_rom.cc:155:do_switch$3$rdmux[0][6][14]$b$277 [31:8] $memory$auto$proc_rom.cc:155:do_switch$3$rdmux[0][6][14]$b$277 [6:2] $memory$auto$proc_rom.cc:155:do_switch$3$rdmux[0][6][14]$b$277 [0] } = { $memory$auto$proc_rom.cc:155:do_switch$3$rdmux[0][6][14]$b$277 [7] 1'1 $memory$auto$proc_rom.cc:155:do_switch$3$rdmux[0][6][14]$b$277 [7] $memory$auto$proc_rom.cc:155:do_switch$3$rdmux[0][6][14]$b$277 [7] $memory$auto$proc_rom.cc:155:do_switch$3$rdmux[0][6][14]$b$277 [7] $memory$auto$proc_rom.cc:155:do_switch$3$rdmux[0][6][14]$b$277 [1] 1'0 $memory$auto$proc_rom.cc:155:do_switch$3$rdmux[0][6][14]$b$277 [7] 1'0 $memory$auto$proc_rom.cc:155:do_switch$3$rdmux[0][6][14]$b$277 [1] $memory$auto$proc_rom.cc:155:do_switch$3$rdmux[0][6][14]$b$277 [7] 3'111 $memory$auto$proc_rom.cc:155:do_switch$3$rdmux[0][6][14]$b$277 [7] $memory$auto$proc_rom.cc:155:do_switch$3$rdmux[0][6][14]$b$277 [7] 1'1 $memory$auto$proc_rom.cc:155:do_switch$3$rdmux[0][6][14]$b$277 [1] 8'11000111 $memory$auto$proc_rom.cc:155:do_switch$3$rdmux[0][6][14]$b$277 [1] $memory$auto$proc_rom.cc:155:do_switch$3$rdmux[0][6][14]$b$277 [1] 2'10 }
    Consolidated identical input bits for $mux cell $memory$auto$proc_rom.cc:155:do_switch$3$rdmux[0][7][28]$509:
      Old ports: A=5137892, B=32'11001001010111110011101010101101, Y=$memory$auto$proc_rom.cc:155:do_switch$3$rdmux[0][6][14]$a$276
      New ports: A=2'10, B=2'01, Y={ $memory$auto$proc_rom.cc:155:do_switch$3$rdmux[0][6][14]$a$276 [6] $memory$auto$proc_rom.cc:155:do_switch$3$rdmux[0][6][14]$a$276 [0] }
      New connections: { $memory$auto$proc_rom.cc:155:do_switch$3$rdmux[0][6][14]$a$276 [31:7] $memory$auto$proc_rom.cc:155:do_switch$3$rdmux[0][6][14]$a$276 [5:1] } = { $memory$auto$proc_rom.cc:155:do_switch$3$rdmux[0][6][14]$a$276 [0] $memory$auto$proc_rom.cc:155:do_switch$3$rdmux[0][6][14]$a$276 [0] 2'00 $memory$auto$proc_rom.cc:155:do_switch$3$rdmux[0][6][14]$a$276 [0] 2'00 $memory$auto$proc_rom.cc:155:do_switch$3$rdmux[0][6][14]$a$276 [0] 3'010 $memory$auto$proc_rom.cc:155:do_switch$3$rdmux[0][6][14]$a$276 [0] 3'111 $memory$auto$proc_rom.cc:155:do_switch$3$rdmux[0][6][14]$a$276 [0] 1'0 $memory$auto$proc_rom.cc:155:do_switch$3$rdmux[0][6][14]$a$276 [6] 1'1 $memory$auto$proc_rom.cc:155:do_switch$3$rdmux[0][6][14]$a$276 [0] $memory$auto$proc_rom.cc:155:do_switch$3$rdmux[0][6][14]$a$276 [0] $memory$auto$proc_rom.cc:155:do_switch$3$rdmux[0][6][14]$a$276 [6] $memory$auto$proc_rom.cc:155:do_switch$3$rdmux[0][6][14]$a$276 [0] $memory$auto$proc_rom.cc:155:do_switch$3$rdmux[0][6][14]$a$276 [6] 3'110 $memory$auto$proc_rom.cc:155:do_switch$3$rdmux[0][6][14]$a$276 [0] 2'10 }
    Consolidated identical input bits for $mux cell $memory$auto$proc_rom.cc:155:do_switch$3$rdmux[0][7][27]$506:
      Old ports: A=1385201405, B=32'11100010101011001111100010011100, Y=$memory$auto$proc_rom.cc:155:do_switch$3$rdmux[0][6][13]$b$274
      New ports: A=2'01, B=2'10, Y={ $memory$auto$proc_rom.cc:155:do_switch$3$rdmux[0][6][13]$b$274 [15] $memory$auto$proc_rom.cc:155:do_switch$3$rdmux[0][6][13]$b$274 [0] }
      New connections: { $memory$auto$proc_rom.cc:155:do_switch$3$rdmux[0][6][13]$b$274 [31:16] $memory$auto$proc_rom.cc:155:do_switch$3$rdmux[0][6][13]$b$274 [14:1] } = { $memory$auto$proc_rom.cc:155:do_switch$3$rdmux[0][6][13]$b$274 [15] 1'1 $memory$auto$proc_rom.cc:155:do_switch$3$rdmux[0][6][13]$b$274 [15] $memory$auto$proc_rom.cc:155:do_switch$3$rdmux[0][6][13]$b$274 [0] 6'001010 $memory$auto$proc_rom.cc:155:do_switch$3$rdmux[0][6][13]$b$274 [15] $memory$auto$proc_rom.cc:155:do_switch$3$rdmux[0][6][13]$b$274 [0] $memory$auto$proc_rom.cc:155:do_switch$3$rdmux[0][6][13]$b$274 [15] $memory$auto$proc_rom.cc:155:do_switch$3$rdmux[0][6][13]$b$274 [15] 6'001111 $memory$auto$proc_rom.cc:155:do_switch$3$rdmux[0][6][13]$b$274 [0] $memory$auto$proc_rom.cc:155:do_switch$3$rdmux[0][6][13]$b$274 [0] 2'01 $memory$auto$proc_rom.cc:155:do_switch$3$rdmux[0][6][13]$b$274 [0] $memory$auto$proc_rom.cc:155:do_switch$3$rdmux[0][6][13]$b$274 [0] 4'1110 }
    Consolidated identical input bits for $mux cell $memory$auto$proc_rom.cc:155:do_switch$3$rdmux[0][7][26]$503:
      Old ports: A=481455776, B=544199642, Y=$memory$auto$proc_rom.cc:155:do_switch$3$rdmux[0][6][13]$a$273
      New ports: A=2'10, B=2'01, Y={ $memory$auto$proc_rom.cc:155:do_switch$3$rdmux[0][6][13]$a$273 [5] $memory$auto$proc_rom.cc:155:do_switch$3$rdmux[0][6][13]$a$273 [1] }
      New connections: { $memory$auto$proc_rom.cc:155:do_switch$3$rdmux[0][6][13]$a$273 [31:6] $memory$auto$proc_rom.cc:155:do_switch$3$rdmux[0][6][13]$a$273 [4:2] $memory$auto$proc_rom.cc:155:do_switch$3$rdmux[0][6][13]$a$273 [0] } = { 2'00 $memory$auto$proc_rom.cc:155:do_switch$3$rdmux[0][6][13]$a$273 [1] $memory$auto$proc_rom.cc:155:do_switch$3$rdmux[0][6][13]$a$273 [5] $memory$auto$proc_rom.cc:155:do_switch$3$rdmux[0][6][13]$a$273 [5] $memory$auto$proc_rom.cc:155:do_switch$3$rdmux[0][6][13]$a$273 [5] 2'00 $memory$auto$proc_rom.cc:155:do_switch$3$rdmux[0][6][13]$a$273 [5] $memory$auto$proc_rom.cc:155:do_switch$3$rdmux[0][6][13]$a$273 [1] 1'1 $memory$auto$proc_rom.cc:155:do_switch$3$rdmux[0][6][13]$a$273 [5] $memory$auto$proc_rom.cc:155:do_switch$3$rdmux[0][6][13]$a$273 [1] $memory$auto$proc_rom.cc:155:do_switch$3$rdmux[0][6][13]$a$273 [1] 1'1 $memory$auto$proc_rom.cc:155:do_switch$3$rdmux[0][6][13]$a$273 [1] $memory$auto$proc_rom.cc:155:do_switch$3$rdmux[0][6][13]$a$273 [1] 1'1 $memory$auto$proc_rom.cc:155:do_switch$3$rdmux[0][6][13]$a$273 [5] $memory$auto$proc_rom.cc:155:do_switch$3$rdmux[0][6][13]$a$273 [1] $memory$auto$proc_rom.cc:155:do_switch$3$rdmux[0][6][13]$a$273 [5] $memory$auto$proc_rom.cc:155:do_switch$3$rdmux[0][6][13]$a$273 [5] 1'1 $memory$auto$proc_rom.cc:155:do_switch$3$rdmux[0][6][13]$a$273 [1] 1'1 $memory$auto$proc_rom.cc:155:do_switch$3$rdmux[0][6][13]$a$273 [1] $memory$auto$proc_rom.cc:155:do_switch$3$rdmux[0][6][13]$a$273 [1] $memory$auto$proc_rom.cc:155:do_switch$3$rdmux[0][6][13]$a$273 [1] 2'00 }
    Consolidated identical input bits for $mux cell $memory$auto$proc_rom.cc:155:do_switch$3$rdmux[0][7][25]$500:
      Old ports: A=1393227325, B=2013672869, Y=$memory$auto$proc_rom.cc:155:do_switch$3$rdmux[0][6][12]$b$271
      New ports: A=2'01, B=2'10, Y={ $memory$auto$proc_rom.cc:155:do_switch$3$rdmux[0][6][12]$b$271 [7] $memory$auto$proc_rom.cc:155:do_switch$3$rdmux[0][6][12]$b$271 [3] }
      New connections: { $memory$auto$proc_rom.cc:155:do_switch$3$rdmux[0][6][12]$b$271 [31:8] $memory$auto$proc_rom.cc:155:do_switch$3$rdmux[0][6][12]$b$271 [6:4] $memory$auto$proc_rom.cc:155:do_switch$3$rdmux[0][6][12]$b$271 [2:0] } = { 2'01 $memory$auto$proc_rom.cc:155:do_switch$3$rdmux[0][6][12]$b$271 [7] 1'1 $memory$auto$proc_rom.cc:155:do_switch$3$rdmux[0][6][12]$b$271 [7] 1'0 $memory$auto$proc_rom.cc:155:do_switch$3$rdmux[0][6][12]$b$271 [3] $memory$auto$proc_rom.cc:155:do_switch$3$rdmux[0][6][12]$b$271 [3] 4'0000 $memory$auto$proc_rom.cc:155:do_switch$3$rdmux[0][6][12]$b$271 [3] $memory$auto$proc_rom.cc:155:do_switch$3$rdmux[0][6][12]$b$271 [7] 2'10 $memory$auto$proc_rom.cc:155:do_switch$3$rdmux[0][6][12]$b$271 [3] $memory$auto$proc_rom.cc:155:do_switch$3$rdmux[0][6][12]$b$271 [3] 4'1101 $memory$auto$proc_rom.cc:155:do_switch$3$rdmux[0][6][12]$b$271 [3] $memory$auto$proc_rom.cc:155:do_switch$3$rdmux[0][6][12]$b$271 [7] 2'01 $memory$auto$proc_rom.cc:155:do_switch$3$rdmux[0][6][12]$b$271 [3] 3'101 }
    Consolidated identical input bits for $mux cell $memory$auto$proc_rom.cc:155:do_switch$3$rdmux[0][7][24]$497:
      Old ports: A=185770242, B=32'10000101110100000110111001100110, Y=$memory$auto$proc_rom.cc:155:do_switch$3$rdmux[0][6][12]$a$270
      New ports: A=2'10, B=2'01, Y={ $memory$auto$proc_rom.cc:155:do_switch$3$rdmux[0][6][12]$a$270 [8] $memory$auto$proc_rom.cc:155:do_switch$3$rdmux[0][6][12]$a$270 [2] }
      New connections: { $memory$auto$proc_rom.cc:155:do_switch$3$rdmux[0][6][12]$a$270 [31:9] $memory$auto$proc_rom.cc:155:do_switch$3$rdmux[0][6][12]$a$270 [7:3] $memory$auto$proc_rom.cc:155:do_switch$3$rdmux[0][6][12]$a$270 [1:0] } = { $memory$auto$proc_rom.cc:155:do_switch$3$rdmux[0][6][12]$a$270 [2] 3'000 $memory$auto$proc_rom.cc:155:do_switch$3$rdmux[0][6][12]$a$270 [8] $memory$auto$proc_rom.cc:155:do_switch$3$rdmux[0][6][12]$a$270 [2] $memory$auto$proc_rom.cc:155:do_switch$3$rdmux[0][6][12]$a$270 [8] 1'1 $memory$auto$proc_rom.cc:155:do_switch$3$rdmux[0][6][12]$a$270 [2] $memory$auto$proc_rom.cc:155:do_switch$3$rdmux[0][6][12]$a$270 [2] 4'0100 $memory$auto$proc_rom.cc:155:do_switch$3$rdmux[0][6][12]$a$270 [8] 1'0 $memory$auto$proc_rom.cc:155:do_switch$3$rdmux[0][6][12]$a$270 [8] $memory$auto$proc_rom.cc:155:do_switch$3$rdmux[0][6][12]$a$270 [2] 2'10 $memory$auto$proc_rom.cc:155:do_switch$3$rdmux[0][6][12]$a$270 [2] $memory$auto$proc_rom.cc:155:do_switch$3$rdmux[0][6][12]$a$270 [2] $memory$auto$proc_rom.cc:155:do_switch$3$rdmux[0][6][12]$a$270 [2] 1'0 $memory$auto$proc_rom.cc:155:do_switch$3$rdmux[0][6][12]$a$270 [2] $memory$auto$proc_rom.cc:155:do_switch$3$rdmux[0][6][12]$a$270 [2] 4'0010 }
    Consolidated identical input bits for $mux cell $memory$auto$proc_rom.cc:155:do_switch$3$rdmux[0][7][23]$494:
      Old ports: A=383856224, B=32'10000101000101011011100001111111, Y=$memory$auto$proc_rom.cc:155:do_switch$3$rdmux[0][6][11]$b$268
      New ports: A=2'10, B=2'01, Y={ $memory$auto$proc_rom.cc:155:do_switch$3$rdmux[0][6][11]$b$268 [9] $memory$auto$proc_rom.cc:155:do_switch$3$rdmux[0][6][11]$b$268 [0] }
      New connections: { $memory$auto$proc_rom.cc:155:do_switch$3$rdmux[0][6][11]$b$268 [31:10] $memory$auto$proc_rom.cc:155:do_switch$3$rdmux[0][6][11]$b$268 [8:1] } = { $memory$auto$proc_rom.cc:155:do_switch$3$rdmux[0][6][11]$b$268 [0] 2'00 $memory$auto$proc_rom.cc:155:do_switch$3$rdmux[0][6][11]$b$268 [9] 2'01 $memory$auto$proc_rom.cc:155:do_switch$3$rdmux[0][6][11]$b$268 [9] $memory$auto$proc_rom.cc:155:do_switch$3$rdmux[0][6][11]$b$268 [0] $memory$auto$proc_rom.cc:155:do_switch$3$rdmux[0][6][11]$b$268 [9] $memory$auto$proc_rom.cc:155:do_switch$3$rdmux[0][6][11]$b$268 [9] $memory$auto$proc_rom.cc:155:do_switch$3$rdmux[0][6][11]$b$268 [9] $memory$auto$proc_rom.cc:155:do_switch$3$rdmux[0][6][11]$b$268 [0] 1'0 $memory$auto$proc_rom.cc:155:do_switch$3$rdmux[0][6][11]$b$268 [0] 2'01 $memory$auto$proc_rom.cc:155:do_switch$3$rdmux[0][6][11]$b$268 [0] 2'01 $memory$auto$proc_rom.cc:155:do_switch$3$rdmux[0][6][11]$b$268 [0] 1'1 $memory$auto$proc_rom.cc:155:do_switch$3$rdmux[0][6][11]$b$268 [9] 4'0011 $memory$auto$proc_rom.cc:155:do_switch$3$rdmux[0][6][11]$b$268 [0] $memory$auto$proc_rom.cc:155:do_switch$3$rdmux[0][6][11]$b$268 [0] $memory$auto$proc_rom.cc:155:do_switch$3$rdmux[0][6][11]$b$268 [0] $memory$auto$proc_rom.cc:155:do_switch$3$rdmux[0][6][11]$b$268 [0] }
    Consolidated identical input bits for $mux cell $memory$auto$proc_rom.cc:155:do_switch$3$rdmux[0][7][22]$491:
      Old ports: A=1768190387, B=1467823171, Y=$memory$auto$proc_rom.cc:155:do_switch$3$rdmux[0][6][11]$a$267
      New ports: A=2'01, B=2'10, Y={ $memory$auto$proc_rom.cc:155:do_switch$3$rdmux[0][6][11]$a$267 [6] $memory$auto$proc_rom.cc:155:do_switch$3$rdmux[0][6][11]$a$267 [4] }
      New connections: { $memory$auto$proc_rom.cc:155:do_switch$3$rdmux[0][6][11]$a$267 [31:7] $memory$auto$proc_rom.cc:155:do_switch$3$rdmux[0][6][11]$a$267 [5] $memory$auto$proc_rom.cc:155:do_switch$3$rdmux[0][6][11]$a$267 [3:0] } = { 2'01 $memory$auto$proc_rom.cc:155:do_switch$3$rdmux[0][6][11]$a$267 [4] $memory$auto$proc_rom.cc:155:do_switch$3$rdmux[0][6][11]$a$267 [6] $memory$auto$proc_rom.cc:155:do_switch$3$rdmux[0][6][11]$a$267 [4] $memory$auto$proc_rom.cc:155:do_switch$3$rdmux[0][6][11]$a$267 [6] $memory$auto$proc_rom.cc:155:do_switch$3$rdmux[0][6][11]$a$267 [6] 4'1011 $memory$auto$proc_rom.cc:155:do_switch$3$rdmux[0][6][11]$a$267 [6] $memory$auto$proc_rom.cc:155:do_switch$3$rdmux[0][6][11]$a$267 [6] 2'10 $memory$auto$proc_rom.cc:155:do_switch$3$rdmux[0][6][11]$a$267 [6] 1'0 $memory$auto$proc_rom.cc:155:do_switch$3$rdmux[0][6][11]$a$267 [4] 3'110 $memory$auto$proc_rom.cc:155:do_switch$3$rdmux[0][6][11]$a$267 [6] 1'0 $memory$auto$proc_rom.cc:155:do_switch$3$rdmux[0][6][11]$a$267 [4] $memory$auto$proc_rom.cc:155:do_switch$3$rdmux[0][6][11]$a$267 [4] $memory$auto$proc_rom.cc:155:do_switch$3$rdmux[0][6][11]$a$267 [4] 4'0011 }
    Consolidated identical input bits for $mux cell $memory$auto$proc_rom.cc:155:do_switch$3$rdmux[0][7][21]$488:
      Old ports: A=1542601459, B=32'11011000010000011110011110001111, Y=$memory$auto$proc_rom.cc:155:do_switch$3$rdmux[0][6][10]$b$265
      New ports: A=2'10, B=2'01, Y={ $memory$auto$proc_rom.cc:155:do_switch$3$rdmux[0][6][10]$b$265 [4] $memory$auto$proc_rom.cc:155:do_switch$3$rdmux[0][6][10]$b$265 [2] }
      New connections: { $memory$auto$proc_rom.cc:155:do_switch$3$rdmux[0][6][10]$b$265 [31:5] $memory$auto$proc_rom.cc:155:do_switch$3$rdmux[0][6][10]$b$265 [3] $memory$auto$proc_rom.cc:155:do_switch$3$rdmux[0][6][10]$b$265 [1:0] } = { $memory$auto$proc_rom.cc:155:do_switch$3$rdmux[0][6][10]$b$265 [2] 5'10110 $memory$auto$proc_rom.cc:155:do_switch$3$rdmux[0][6][10]$b$265 [4] $memory$auto$proc_rom.cc:155:do_switch$3$rdmux[0][6][10]$b$265 [4] $memory$auto$proc_rom.cc:155:do_switch$3$rdmux[0][6][10]$b$265 [4] 1'1 $memory$auto$proc_rom.cc:155:do_switch$3$rdmux[0][6][10]$b$265 [4] $memory$auto$proc_rom.cc:155:do_switch$3$rdmux[0][6][10]$b$265 [4] 2'00 $memory$auto$proc_rom.cc:155:do_switch$3$rdmux[0][6][10]$b$265 [4] $memory$auto$proc_rom.cc:155:do_switch$3$rdmux[0][6][10]$b$265 [2] $memory$auto$proc_rom.cc:155:do_switch$3$rdmux[0][6][10]$b$265 [2] $memory$auto$proc_rom.cc:155:do_switch$3$rdmux[0][6][10]$b$265 [2] 1'1 $memory$auto$proc_rom.cc:155:do_switch$3$rdmux[0][6][10]$b$265 [4] $memory$auto$proc_rom.cc:155:do_switch$3$rdmux[0][6][10]$b$265 [4] $memory$auto$proc_rom.cc:155:do_switch$3$rdmux[0][6][10]$b$265 [2] 1'1 $memory$auto$proc_rom.cc:155:do_switch$3$rdmux[0][6][10]$b$265 [2] 1'1 $memory$auto$proc_rom.cc:155:do_switch$3$rdmux[0][6][10]$b$265 [4] $memory$auto$proc_rom.cc:155:do_switch$3$rdmux[0][6][10]$b$265 [4] $memory$auto$proc_rom.cc:155:do_switch$3$rdmux[0][6][10]$b$265 [2] 2'11 }
    Consolidated identical input bits for $mux cell $memory$auto$proc_rom.cc:155:do_switch$3$rdmux[0][7][20]$485:
      Old ports: A=32'11101010111010011110100111000010, B=1567940594, Y=$memory$auto$proc_rom.cc:155:do_switch$3$rdmux[0][6][10]$a$264
      New ports: A=2'10, B=2'01, Y={ $memory$auto$proc_rom.cc:155:do_switch$3$rdmux[0][6][10]$a$264 [13] $memory$auto$proc_rom.cc:155:do_switch$3$rdmux[0][6][10]$a$264 [4] }
      New connections: { $memory$auto$proc_rom.cc:155:do_switch$3$rdmux[0][6][10]$a$264 [31:14] $memory$auto$proc_rom.cc:155:do_switch$3$rdmux[0][6][10]$a$264 [12:5] $memory$auto$proc_rom.cc:155:do_switch$3$rdmux[0][6][10]$a$264 [3:0] } = { $memory$auto$proc_rom.cc:155:do_switch$3$rdmux[0][6][10]$a$264 [13] 1'1 $memory$auto$proc_rom.cc:155:do_switch$3$rdmux[0][6][10]$a$264 [13] $memory$auto$proc_rom.cc:155:do_switch$3$rdmux[0][6][10]$a$264 [4] 1'1 $memory$auto$proc_rom.cc:155:do_switch$3$rdmux[0][6][10]$a$264 [4] $memory$auto$proc_rom.cc:155:do_switch$3$rdmux[0][6][10]$a$264 [13] $memory$auto$proc_rom.cc:155:do_switch$3$rdmux[0][6][10]$a$264 [4] $memory$auto$proc_rom.cc:155:do_switch$3$rdmux[0][6][10]$a$264 [13] 2'11 $memory$auto$proc_rom.cc:155:do_switch$3$rdmux[0][6][10]$a$264 [4] $memory$auto$proc_rom.cc:155:do_switch$3$rdmux[0][6][10]$a$264 [13] $memory$auto$proc_rom.cc:155:do_switch$3$rdmux[0][6][10]$a$264 [4] 1'0 $memory$auto$proc_rom.cc:155:do_switch$3$rdmux[0][6][10]$a$264 [13] 2'11 $memory$auto$proc_rom.cc:155:do_switch$3$rdmux[0][6][10]$a$264 [4] 1'1 $memory$auto$proc_rom.cc:155:do_switch$3$rdmux[0][6][10]$a$264 [4] $memory$auto$proc_rom.cc:155:do_switch$3$rdmux[0][6][10]$a$264 [4] 3'111 $memory$auto$proc_rom.cc:155:do_switch$3$rdmux[0][6][10]$a$264 [4] 4'0010 }
    Consolidated identical input bits for $mux cell $memory$auto$proc_rom.cc:155:do_switch$3$rdmux[0][7][19]$482:
      Old ports: A=32'10110000011010100110011100110011, B=242884731, Y=$memory$auto$proc_rom.cc:155:do_switch$3$rdmux[0][6][9]$b$262
      New ports: A=2'10, B=2'01, Y={ $memory$auto$proc_rom.cc:155:do_switch$3$rdmux[0][6][9]$b$262 [8] $memory$auto$proc_rom.cc:155:do_switch$3$rdmux[0][6][9]$b$262 [3] }
      New connections: { $memory$auto$proc_rom.cc:155:do_switch$3$rdmux[0][6][9]$b$262 [31:9] $memory$auto$proc_rom.cc:155:do_switch$3$rdmux[0][6][9]$b$262 [7:4] $memory$auto$proc_rom.cc:155:do_switch$3$rdmux[0][6][9]$b$262 [2:0] } = { $memory$auto$proc_rom.cc:155:do_switch$3$rdmux[0][6][9]$b$262 [8] 1'0 $memory$auto$proc_rom.cc:155:do_switch$3$rdmux[0][6][9]$b$262 [8] $memory$auto$proc_rom.cc:155:do_switch$3$rdmux[0][6][9]$b$262 [8] $memory$auto$proc_rom.cc:155:do_switch$3$rdmux[0][6][9]$b$262 [3] $memory$auto$proc_rom.cc:155:do_switch$3$rdmux[0][6][9]$b$262 [3] $memory$auto$proc_rom.cc:155:do_switch$3$rdmux[0][6][9]$b$262 [3] 4'0011 $memory$auto$proc_rom.cc:155:do_switch$3$rdmux[0][6][9]$b$262 [3] 5'10100 $memory$auto$proc_rom.cc:155:do_switch$3$rdmux[0][6][9]$b$262 [8] 3'100 $memory$auto$proc_rom.cc:155:do_switch$3$rdmux[0][6][9]$b$262 [8] $memory$auto$proc_rom.cc:155:do_switch$3$rdmux[0][6][9]$b$262 [8] 1'0 $memory$auto$proc_rom.cc:155:do_switch$3$rdmux[0][6][9]$b$262 [3] 5'11011 }
    Consolidated identical input bits for $mux cell $memory$auto$proc_rom.cc:155:do_switch$3$rdmux[0][7][18]$479:
      Old ports: A=274152465, B=32'11010101010100001001010001111000, Y=$memory$auto$proc_rom.cc:155:do_switch$3$rdmux[0][6][9]$a$261
      New ports: A=2'01, B=2'10, Y={ $memory$auto$proc_rom.cc:155:do_switch$3$rdmux[0][6][9]$a$261 [3] $memory$auto$proc_rom.cc:155:do_switch$3$rdmux[0][6][9]$a$261 [0] }
      New connections: { $memory$auto$proc_rom.cc:155:do_switch$3$rdmux[0][6][9]$a$261 [31:4] $memory$auto$proc_rom.cc:155:do_switch$3$rdmux[0][6][9]$a$261 [2:1] } = { $memory$auto$proc_rom.cc:155:do_switch$3$rdmux[0][6][9]$a$261 [3] $memory$auto$proc_rom.cc:155:do_switch$3$rdmux[0][6][9]$a$261 [3] 3'010 $memory$auto$proc_rom.cc:155:do_switch$3$rdmux[0][6][9]$a$261 [3] 1'0 $memory$auto$proc_rom.cc:155:do_switch$3$rdmux[0][6][9]$a$261 [3] 5'01010 $memory$auto$proc_rom.cc:155:do_switch$3$rdmux[0][6][9]$a$261 [0] $memory$auto$proc_rom.cc:155:do_switch$3$rdmux[0][6][9]$a$261 [0] $memory$auto$proc_rom.cc:155:do_switch$3$rdmux[0][6][9]$a$261 [0] $memory$auto$proc_rom.cc:155:do_switch$3$rdmux[0][6][9]$a$261 [3] 1'0 $memory$auto$proc_rom.cc:155:do_switch$3$rdmux[0][6][9]$a$261 [0] 1'1 $memory$auto$proc_rom.cc:155:do_switch$3$rdmux[0][6][9]$a$261 [0] 4'1000 $memory$auto$proc_rom.cc:155:do_switch$3$rdmux[0][6][9]$a$261 [3] $memory$auto$proc_rom.cc:155:do_switch$3$rdmux[0][6][9]$a$261 [3] 3'100 }
    Consolidated identical input bits for $mux cell $memory$auto$proc_rom.cc:155:do_switch$3$rdmux[0][7][17]$476:
      Old ports: A=1272160415, B=1936778953, Y=$memory$auto$proc_rom.cc:155:do_switch$3$rdmux[0][6][8]$b$259
      New ports: A=2'01, B=2'10, Y={ $memory$auto$proc_rom.cc:155:do_switch$3$rdmux[0][6][8]$b$259 [6] $memory$auto$proc_rom.cc:155:do_switch$3$rdmux[0][6][8]$b$259 [1] }
      New connections: { $memory$auto$proc_rom.cc:155:do_switch$3$rdmux[0][6][8]$b$259 [31:7] $memory$auto$proc_rom.cc:155:do_switch$3$rdmux[0][6][8]$b$259 [5:2] $memory$auto$proc_rom.cc:155:do_switch$3$rdmux[0][6][8]$b$259 [0] } = { 2'01 $memory$auto$proc_rom.cc:155:do_switch$3$rdmux[0][6][8]$b$259 [6] $memory$auto$proc_rom.cc:155:do_switch$3$rdmux[0][6][8]$b$259 [6] $memory$auto$proc_rom.cc:155:do_switch$3$rdmux[0][6][8]$b$259 [1] 3'011 $memory$auto$proc_rom.cc:155:do_switch$3$rdmux[0][6][8]$b$259 [1] 1'1 $memory$auto$proc_rom.cc:155:do_switch$3$rdmux[0][6][8]$b$259 [6] 3'100 $memory$auto$proc_rom.cc:155:do_switch$3$rdmux[0][6][8]$b$259 [1] $memory$auto$proc_rom.cc:155:do_switch$3$rdmux[0][6][8]$b$259 [1] 1'1 $memory$auto$proc_rom.cc:155:do_switch$3$rdmux[0][6][8]$b$259 [6] 3'100 $memory$auto$proc_rom.cc:155:do_switch$3$rdmux[0][6][8]$b$259 [6] $memory$auto$proc_rom.cc:155:do_switch$3$rdmux[0][6][8]$b$259 [6] 3'010 $memory$auto$proc_rom.cc:155:do_switch$3$rdmux[0][6][8]$b$259 [1] 1'1 $memory$auto$proc_rom.cc:155:do_switch$3$rdmux[0][6][8]$b$259 [1] 1'1 }
    Consolidated identical input bits for $mux cell $memory$auto$proc_rom.cc:155:do_switch$3$rdmux[0][7][16]$473:
      Old ports: A=1435011069, B=82209184, Y=$memory$auto$proc_rom.cc:155:do_switch$3$rdmux[0][6][8]$a$258
      New ports: A=2'01, B=2'10, Y={ $memory$auto$proc_rom.cc:155:do_switch$3$rdmux[0][6][8]$a$258 [11] $memory$auto$proc_rom.cc:155:do_switch$3$rdmux[0][6][8]$a$258 [0] }
      New connections: { $memory$auto$proc_rom.cc:155:do_switch$3$rdmux[0][6][8]$a$258 [31:12] $memory$auto$proc_rom.cc:155:do_switch$3$rdmux[0][6][8]$a$258 [10:1] } = { 1'0 $memory$auto$proc_rom.cc:155:do_switch$3$rdmux[0][6][8]$a$258 [0] 1'0 $memory$auto$proc_rom.cc:155:do_switch$3$rdmux[0][6][8]$a$258 [0] 3'010 $memory$auto$proc_rom.cc:155:do_switch$3$rdmux[0][6][8]$a$258 [0] 1'1 $memory$auto$proc_rom.cc:155:do_switch$3$rdmux[0][6][8]$a$258 [11] $memory$auto$proc_rom.cc:155:do_switch$3$rdmux[0][6][8]$a$258 [11] 1'0 $memory$auto$proc_rom.cc:155:do_switch$3$rdmux[0][6][8]$a$258 [0] $memory$auto$proc_rom.cc:155:do_switch$3$rdmux[0][6][8]$a$258 [11] $memory$auto$proc_rom.cc:155:do_switch$3$rdmux[0][6][8]$a$258 [11] 1'0 $memory$auto$proc_rom.cc:155:do_switch$3$rdmux[0][6][8]$a$258 [0] $memory$auto$proc_rom.cc:155:do_switch$3$rdmux[0][6][8]$a$258 [11] $memory$auto$proc_rom.cc:155:do_switch$3$rdmux[0][6][8]$a$258 [11] 1'0 $memory$auto$proc_rom.cc:155:do_switch$3$rdmux[0][6][8]$a$258 [0] $memory$auto$proc_rom.cc:155:do_switch$3$rdmux[0][6][8]$a$258 [0] 2'11 $memory$auto$proc_rom.cc:155:do_switch$3$rdmux[0][6][8]$a$258 [0] 1'1 $memory$auto$proc_rom.cc:155:do_switch$3$rdmux[0][6][8]$a$258 [0] $memory$auto$proc_rom.cc:155:do_switch$3$rdmux[0][6][8]$a$258 [0] $memory$auto$proc_rom.cc:155:do_switch$3$rdmux[0][6][8]$a$258 [0] 1'0 }
    Consolidated identical input bits for $mux cell $memory$auto$proc_rom.cc:155:do_switch$3$rdmux[0][7][15]$470:
      Old ports: A=32'10001110001101100001110010111110, B=32'10011100010101010011110010111010, Y=$memory$auto$proc_rom.cc:155:do_switch$3$rdmux[0][6][7]$b$256
      New ports: A=2'01, B=2'10, Y={ $memory$auto$proc_rom.cc:155:do_switch$3$rdmux[0][6][7]$b$256 [13] $memory$auto$proc_rom.cc:155:do_switch$3$rdmux[0][6][7]$b$256 [2] }
      New connections: { $memory$auto$proc_rom.cc:155:do_switch$3$rdmux[0][6][7]$b$256 [31:14] $memory$auto$proc_rom.cc:155:do_switch$3$rdmux[0][6][7]$b$256 [12:3] $memory$auto$proc_rom.cc:155:do_switch$3$rdmux[0][6][7]$b$256 [1:0] } = { 3'100 $memory$auto$proc_rom.cc:155:do_switch$3$rdmux[0][6][7]$b$256 [13] 2'11 $memory$auto$proc_rom.cc:155:do_switch$3$rdmux[0][6][7]$b$256 [2] 2'00 $memory$auto$proc_rom.cc:155:do_switch$3$rdmux[0][6][7]$b$256 [13] $memory$auto$proc_rom.cc:155:do_switch$3$rdmux[0][6][7]$b$256 [2] 3'101 $memory$auto$proc_rom.cc:155:do_switch$3$rdmux[0][6][7]$b$256 [2] $memory$auto$proc_rom.cc:155:do_switch$3$rdmux[0][6][7]$b$256 [13] 14'00111001011110 }
    Consolidated identical input bits for $mux cell $memory$auto$proc_rom.cc:155:do_switch$3$rdmux[0][7][14]$467:
      Old ports: A=32'10100001011110001011010101001100, B=1881417848, Y=$memory$auto$proc_rom.cc:155:do_switch$3$rdmux[0][6][7]$a$255
      New ports: A=2'01, B=2'10, Y={ $memory$auto$proc_rom.cc:155:do_switch$3$rdmux[0][6][7]$a$255 [4] $memory$auto$proc_rom.cc:155:do_switch$3$rdmux[0][6][7]$a$255 [2] }
      New connections: { $memory$auto$proc_rom.cc:155:do_switch$3$rdmux[0][6][7]$a$255 [31:5] $memory$auto$proc_rom.cc:155:do_switch$3$rdmux[0][6][7]$a$255 [3] $memory$auto$proc_rom.cc:155:do_switch$3$rdmux[0][6][7]$a$255 [1:0] } = { $memory$auto$proc_rom.cc:155:do_switch$3$rdmux[0][6][7]$a$255 [2] $memory$auto$proc_rom.cc:155:do_switch$3$rdmux[0][6][7]$a$255 [4] 1'1 $memory$auto$proc_rom.cc:155:do_switch$3$rdmux[0][6][7]$a$255 [4] 3'000 $memory$auto$proc_rom.cc:155:do_switch$3$rdmux[0][6][7]$a$255 [2] 1'0 $memory$auto$proc_rom.cc:155:do_switch$3$rdmux[0][6][7]$a$255 [2] 1'1 $memory$auto$proc_rom.cc:155:do_switch$3$rdmux[0][6][7]$a$255 [2] $memory$auto$proc_rom.cc:155:do_switch$3$rdmux[0][6][7]$a$255 [2] $memory$auto$proc_rom.cc:155:do_switch$3$rdmux[0][6][7]$a$255 [4] 2'00 $memory$auto$proc_rom.cc:155:do_switch$3$rdmux[0][6][7]$a$255 [2] 2'01 $memory$auto$proc_rom.cc:155:do_switch$3$rdmux[0][6][7]$a$255 [2] $memory$auto$proc_rom.cc:155:do_switch$3$rdmux[0][6][7]$a$255 [4] $memory$auto$proc_rom.cc:155:do_switch$3$rdmux[0][6][7]$a$255 [2] 1'0 $memory$auto$proc_rom.cc:155:do_switch$3$rdmux[0][6][7]$a$255 [2] 2'01 $memory$auto$proc_rom.cc:155:do_switch$3$rdmux[0][6][7]$a$255 [4] 3'100 }
    Consolidated identical input bits for $mux cell $memory$auto$proc_rom.cc:155:do_switch$3$rdmux[0][7][13]$464:
      Old ports: A=32'10101001010000110100011000110001, B=32'11110111111100110100001001100100, Y=$memory$auto$proc_rom.cc:155:do_switch$3$rdmux[0][6][6]$b$253
      New ports: A=2'01, B=2'10, Y={ $memory$auto$proc_rom.cc:155:do_switch$3$rdmux[0][6][6]$b$253 [2] $memory$auto$proc_rom.cc:155:do_switch$3$rdmux[0][6][6]$b$253 [0] }
      New connections: { $memory$auto$proc_rom.cc:155:do_switch$3$rdmux[0][6][6]$b$253 [31:3] $memory$auto$proc_rom.cc:155:do_switch$3$rdmux[0][6][6]$b$253 [1] } = { 1'1 $memory$auto$proc_rom.cc:155:do_switch$3$rdmux[0][6][6]$b$253 [2] 1'1 $memory$auto$proc_rom.cc:155:do_switch$3$rdmux[0][6][6]$b$253 [2] $memory$auto$proc_rom.cc:155:do_switch$3$rdmux[0][6][6]$b$253 [0] $memory$auto$proc_rom.cc:155:do_switch$3$rdmux[0][6][6]$b$253 [2] $memory$auto$proc_rom.cc:155:do_switch$3$rdmux[0][6][6]$b$253 [2] 1'1 $memory$auto$proc_rom.cc:155:do_switch$3$rdmux[0][6][6]$b$253 [2] 1'1 $memory$auto$proc_rom.cc:155:do_switch$3$rdmux[0][6][6]$b$253 [2] $memory$auto$proc_rom.cc:155:do_switch$3$rdmux[0][6][6]$b$253 [2] 9'001101000 $memory$auto$proc_rom.cc:155:do_switch$3$rdmux[0][6][6]$b$253 [0] 3'100 $memory$auto$proc_rom.cc:155:do_switch$3$rdmux[0][6][6]$b$253 [2] 1'1 $memory$auto$proc_rom.cc:155:do_switch$3$rdmux[0][6][6]$b$253 [0] 2'00 }
    Consolidated identical input bits for $mux cell $memory$auto$proc_rom.cc:155:do_switch$3$rdmux[0][7][12]$461:
      Old ports: A=2115999068, B=1009513477, Y=$memory$auto$proc_rom.cc:155:do_switch$3$rdmux[0][6][6]$a$252
      New ports: A=2'10, B=2'01, Y={ $memory$auto$proc_rom.cc:155:do_switch$3$rdmux[0][6][6]$a$252 [3] $memory$auto$proc_rom.cc:155:do_switch$3$rdmux[0][6][6]$a$252 [0] }
      New connections: { $memory$auto$proc_rom.cc:155:do_switch$3$rdmux[0][6][6]$a$252 [31:4] $memory$auto$proc_rom.cc:155:do_switch$3$rdmux[0][6][6]$a$252 [2:1] } = { 1'0 $memory$auto$proc_rom.cc:155:do_switch$3$rdmux[0][6][6]$a$252 [3] 4'1111 $memory$auto$proc_rom.cc:155:do_switch$3$rdmux[0][6][6]$a$252 [3] 3'000 $memory$auto$proc_rom.cc:155:do_switch$3$rdmux[0][6][6]$a$252 [0] $memory$auto$proc_rom.cc:155:do_switch$3$rdmux[0][6][6]$a$252 [3] 1'1 $memory$auto$proc_rom.cc:155:do_switch$3$rdmux[0][6][6]$a$252 [3] 3'111 $memory$auto$proc_rom.cc:155:do_switch$3$rdmux[0][6][6]$a$252 [0] $memory$auto$proc_rom.cc:155:do_switch$3$rdmux[0][6][6]$a$252 [0] 4'1010 $memory$auto$proc_rom.cc:155:do_switch$3$rdmux[0][6][6]$a$252 [3] 1'0 $memory$auto$proc_rom.cc:155:do_switch$3$rdmux[0][6][6]$a$252 [3] 1'0 $memory$auto$proc_rom.cc:155:do_switch$3$rdmux[0][6][6]$a$252 [3] 2'10 }
    Consolidated identical input bits for $mux cell $memory$auto$proc_rom.cc:155:do_switch$3$rdmux[0][7][11]$458:
      Old ports: A=32'10000101010010000011110011111011, B=32'10010111001101100111011100001110, Y=$memory$auto$proc_rom.cc:155:do_switch$3$rdmux[0][6][5]$b$250
      New ports: A=2'01, B=2'10, Y={ $memory$auto$proc_rom.cc:155:do_switch$3$rdmux[0][6][5]$b$250 [2] $memory$auto$proc_rom.cc:155:do_switch$3$rdmux[0][6][5]$b$250 [0] }
      New connections: { $memory$auto$proc_rom.cc:155:do_switch$3$rdmux[0][6][5]$b$250 [31:3] $memory$auto$proc_rom.cc:155:do_switch$3$rdmux[0][6][5]$b$250 [1] } = { 3'100 $memory$auto$proc_rom.cc:155:do_switch$3$rdmux[0][6][5]$b$250 [2] 2'01 $memory$auto$proc_rom.cc:155:do_switch$3$rdmux[0][6][5]$b$250 [2] 2'10 $memory$auto$proc_rom.cc:155:do_switch$3$rdmux[0][6][5]$b$250 [0] $memory$auto$proc_rom.cc:155:do_switch$3$rdmux[0][6][5]$b$250 [2] $memory$auto$proc_rom.cc:155:do_switch$3$rdmux[0][6][5]$b$250 [2] $memory$auto$proc_rom.cc:155:do_switch$3$rdmux[0][6][5]$b$250 [0] $memory$auto$proc_rom.cc:155:do_switch$3$rdmux[0][6][5]$b$250 [2] $memory$auto$proc_rom.cc:155:do_switch$3$rdmux[0][6][5]$b$250 [2] 2'00 $memory$auto$proc_rom.cc:155:do_switch$3$rdmux[0][6][5]$b$250 [2] 2'11 $memory$auto$proc_rom.cc:155:do_switch$3$rdmux[0][6][5]$b$250 [0] 1'1 $memory$auto$proc_rom.cc:155:do_switch$3$rdmux[0][6][5]$b$250 [2] $memory$auto$proc_rom.cc:155:do_switch$3$rdmux[0][6][5]$b$250 [2] $memory$auto$proc_rom.cc:155:do_switch$3$rdmux[0][6][5]$b$250 [0] $memory$auto$proc_rom.cc:155:do_switch$3$rdmux[0][6][5]$b$250 [0] $memory$auto$proc_rom.cc:155:do_switch$3$rdmux[0][6][5]$b$250 [0] $memory$auto$proc_rom.cc:155:do_switch$3$rdmux[0][6][5]$b$250 [0] 2'11 }
    Consolidated identical input bits for $mux cell $memory$auto$proc_rom.cc:155:do_switch$3$rdmux[0][7][10]$455:
      Old ports: A=1396618632, B=32'10101010100101001101101001001000, Y=$memory$auto$proc_rom.cc:155:do_switch$3$rdmux[0][6][5]$a$249
      New ports: A=2'10, B=2'01, Y=$memory$auto$proc_rom.cc:155:do_switch$3$rdmux[0][6][5]$a$249 [7:6]
      New connections: { $memory$auto$proc_rom.cc:155:do_switch$3$rdmux[0][6][5]$a$249 [31:8] $memory$auto$proc_rom.cc:155:do_switch$3$rdmux[0][6][5]$a$249 [5:0] } = { $memory$auto$proc_rom.cc:155:do_switch$3$rdmux[0][6][5]$a$249 [6] $memory$auto$proc_rom.cc:155:do_switch$3$rdmux[0][6][5]$a$249 [7:6] $memory$auto$proc_rom.cc:155:do_switch$3$rdmux[0][6][5]$a$249 [7:6] 2'01 $memory$auto$proc_rom.cc:155:do_switch$3$rdmux[0][6][5]$a$249 [7:6] 1'0 $memory$auto$proc_rom.cc:155:do_switch$3$rdmux[0][6][5]$a$249 [7] 1'1 $memory$auto$proc_rom.cc:155:do_switch$3$rdmux[0][6][5]$a$249 [7] 1'1 $memory$auto$proc_rom.cc:155:do_switch$3$rdmux[0][6][5]$a$249 [7] 2'01 $memory$auto$proc_rom.cc:155:do_switch$3$rdmux[0][6][5]$a$249 [6] $memory$auto$proc_rom.cc:155:do_switch$3$rdmux[0][6][5]$a$249 [7] 1'1 $memory$auto$proc_rom.cc:155:do_switch$3$rdmux[0][6][5]$a$249 [6] $memory$auto$proc_rom.cc:155:do_switch$3$rdmux[0][6][5]$a$249 [7:6] $memory$auto$proc_rom.cc:155:do_switch$3$rdmux[0][6][5]$a$249 [7] 6'001000 }
    Consolidated identical input bits for $mux cell $memory$auto$proc_rom.cc:155:do_switch$3$rdmux[0][7][9]$452:
      Old ports: A=32'10111010111101000111011000001111, B=179714255, Y=$memory$auto$proc_rom.cc:155:do_switch$3$rdmux[0][6][4]$b$247
      New ports: A=2'10, B=2'01, Y={ $memory$auto$proc_rom.cc:155:do_switch$3$rdmux[0][6][4]$b$247 [9] $memory$auto$proc_rom.cc:155:do_switch$3$rdmux[0][6][4]$b$247 [6] }
      New connections: { $memory$auto$proc_rom.cc:155:do_switch$3$rdmux[0][6][4]$b$247 [31:10] $memory$auto$proc_rom.cc:155:do_switch$3$rdmux[0][6][4]$b$247 [8:7] $memory$auto$proc_rom.cc:155:do_switch$3$rdmux[0][6][4]$b$247 [5:0] } = { $memory$auto$proc_rom.cc:155:do_switch$3$rdmux[0][6][4]$b$247 [9] 1'0 $memory$auto$proc_rom.cc:155:do_switch$3$rdmux[0][6][4]$b$247 [9] $memory$auto$proc_rom.cc:155:do_switch$3$rdmux[0][6][4]$b$247 [9] 5'10101 $memory$auto$proc_rom.cc:155:do_switch$3$rdmux[0][6][4]$b$247 [9] 4'1101 $memory$auto$proc_rom.cc:155:do_switch$3$rdmux[0][6][4]$b$247 [6] 2'00 $memory$auto$proc_rom.cc:155:do_switch$3$rdmux[0][6][4]$b$247 [9] 2'11 $memory$auto$proc_rom.cc:155:do_switch$3$rdmux[0][6][4]$b$247 [6] $memory$auto$proc_rom.cc:155:do_switch$3$rdmux[0][6][4]$b$247 [9] 1'0 $memory$auto$proc_rom.cc:155:do_switch$3$rdmux[0][6][4]$b$247 [6] 6'001111 }
    Consolidated identical input bits for $mux cell $memory$auto$proc_rom.cc:155:do_switch$3$rdmux[0][7][8]$449:
      Old ports: A=1311870685, B=32'11101111110001011000100101110101, Y=$memory$auto$proc_rom.cc:155:do_switch$3$rdmux[0][6][4]$a$246
      New ports: A=2'01, B=2'10, Y={ $memory$auto$proc_rom.cc:155:do_switch$3$rdmux[0][6][4]$a$246 [5] $memory$auto$proc_rom.cc:155:do_switch$3$rdmux[0][6][4]$a$246 [3] }
      New connections: { $memory$auto$proc_rom.cc:155:do_switch$3$rdmux[0][6][4]$a$246 [31:6] $memory$auto$proc_rom.cc:155:do_switch$3$rdmux[0][6][4]$a$246 [4] $memory$auto$proc_rom.cc:155:do_switch$3$rdmux[0][6][4]$a$246 [2:0] } = { $memory$auto$proc_rom.cc:155:do_switch$3$rdmux[0][6][4]$a$246 [5] 1'1 $memory$auto$proc_rom.cc:155:do_switch$3$rdmux[0][6][4]$a$246 [5] 4'0111 $memory$auto$proc_rom.cc:155:do_switch$3$rdmux[0][6][4]$a$246 [5] $memory$auto$proc_rom.cc:155:do_switch$3$rdmux[0][6][4]$a$246 [5] $memory$auto$proc_rom.cc:155:do_switch$3$rdmux[0][6][4]$a$246 [5] $memory$auto$proc_rom.cc:155:do_switch$3$rdmux[0][6][4]$a$246 [3] $memory$auto$proc_rom.cc:155:do_switch$3$rdmux[0][6][4]$a$246 [3] 1'0 $memory$auto$proc_rom.cc:155:do_switch$3$rdmux[0][6][4]$a$246 [5] 7'0110001 $memory$auto$proc_rom.cc:155:do_switch$3$rdmux[0][6][4]$a$246 [3] $memory$auto$proc_rom.cc:155:do_switch$3$rdmux[0][6][4]$a$246 [3] $memory$auto$proc_rom.cc:155:do_switch$3$rdmux[0][6][4]$a$246 [5] $memory$auto$proc_rom.cc:155:do_switch$3$rdmux[0][6][4]$a$246 [3] 5'11101 }
    Consolidated identical input bits for $mux cell $memory$auto$proc_rom.cc:155:do_switch$3$rdmux[0][7][7]$446:
      Old ports: A=32'11000111000111000100011000011011, B=1467965033, Y=$memory$auto$proc_rom.cc:155:do_switch$3$rdmux[0][6][3]$b$244
      New ports: A=2'01, B=2'10, Y={ $memory$auto$proc_rom.cc:155:do_switch$3$rdmux[0][6][3]$b$244 [5] $memory$auto$proc_rom.cc:155:do_switch$3$rdmux[0][6][3]$b$244 [1] }
      New connections: { $memory$auto$proc_rom.cc:155:do_switch$3$rdmux[0][6][3]$b$244 [31:6] $memory$auto$proc_rom.cc:155:do_switch$3$rdmux[0][6][3]$b$244 [4:2] $memory$auto$proc_rom.cc:155:do_switch$3$rdmux[0][6][3]$b$244 [0] } = { $memory$auto$proc_rom.cc:155:do_switch$3$rdmux[0][6][3]$b$244 [1] 2'10 $memory$auto$proc_rom.cc:155:do_switch$3$rdmux[0][6][3]$b$244 [5] 5'01110 $memory$auto$proc_rom.cc:155:do_switch$3$rdmux[0][6][3]$b$244 [5] $memory$auto$proc_rom.cc:155:do_switch$3$rdmux[0][6][3]$b$244 [5] 3'111 $memory$auto$proc_rom.cc:155:do_switch$3$rdmux[0][6][3]$b$244 [5] $memory$auto$proc_rom.cc:155:do_switch$3$rdmux[0][6][3]$b$244 [5] 3'010 $memory$auto$proc_rom.cc:155:do_switch$3$rdmux[0][6][3]$b$244 [5] $memory$auto$proc_rom.cc:155:do_switch$3$rdmux[0][6][3]$b$244 [5] 4'1100 $memory$auto$proc_rom.cc:155:do_switch$3$rdmux[0][6][3]$b$244 [5] $memory$auto$proc_rom.cc:155:do_switch$3$rdmux[0][6][3]$b$244 [1] 3'101 }
    Consolidated identical input bits for $mux cell $memory$auto$proc_rom.cc:155:do_switch$3$rdmux[0][7][6]$443:
      Old ports: A=1926168318, B=1995416946, Y=$memory$auto$proc_rom.cc:155:do_switch$3$rdmux[0][6][3]$a$243
      New ports: A=2'01, B=2'10, Y={ $memory$auto$proc_rom.cc:155:do_switch$3$rdmux[0][6][3]$a$243 [8] $memory$auto$proc_rom.cc:155:do_switch$3$rdmux[0][6][3]$a$243 [2] }
      New connections: { $memory$auto$proc_rom.cc:155:do_switch$3$rdmux[0][6][3]$a$243 [31:9] $memory$auto$proc_rom.cc:155:do_switch$3$rdmux[0][6][3]$a$243 [7:3] $memory$auto$proc_rom.cc:155:do_switch$3$rdmux[0][6][3]$a$243 [1:0] } = { 5'01110 $memory$auto$proc_rom.cc:155:do_switch$3$rdmux[0][6][3]$a$243 [8] 4'1011 $memory$auto$proc_rom.cc:155:do_switch$3$rdmux[0][6][3]$a$243 [8] 4'0111 $memory$auto$proc_rom.cc:155:do_switch$3$rdmux[0][6][3]$a$243 [8] 1'1 $memory$auto$proc_rom.cc:155:do_switch$3$rdmux[0][6][3]$a$243 [2] 1'1 $memory$auto$proc_rom.cc:155:do_switch$3$rdmux[0][6][3]$a$243 [2] $memory$auto$proc_rom.cc:155:do_switch$3$rdmux[0][6][3]$a$243 [2] 1'1 $memory$auto$proc_rom.cc:155:do_switch$3$rdmux[0][6][3]$a$243 [2] $memory$auto$proc_rom.cc:155:do_switch$3$rdmux[0][6][3]$a$243 [2] 3'111 $memory$auto$proc_rom.cc:155:do_switch$3$rdmux[0][6][3]$a$243 [2] 2'10 }
    Consolidated identical input bits for $mux cell $memory$auto$proc_rom.cc:155:do_switch$3$rdmux[0][7][5]$440:
      Old ports: A=32'11000101110001100110001110010011, B=32'11001100111101000000011101100010, Y=$memory$auto$proc_rom.cc:155:do_switch$3$rdmux[0][6][2]$b$241
      New ports: A=2'01, B=2'10, Y={ $memory$auto$proc_rom.cc:155:do_switch$3$rdmux[0][6][2]$b$241 [5] $memory$auto$proc_rom.cc:155:do_switch$3$rdmux[0][6][2]$b$241 [0] }
      New connections: { $memory$auto$proc_rom.cc:155:do_switch$3$rdmux[0][6][2]$b$241 [31:6] $memory$auto$proc_rom.cc:155:do_switch$3$rdmux[0][6][2]$b$241 [4:1] } = { 4'1100 $memory$auto$proc_rom.cc:155:do_switch$3$rdmux[0][6][2]$b$241 [5] 2'10 $memory$auto$proc_rom.cc:155:do_switch$3$rdmux[0][6][2]$b$241 [0] 2'11 $memory$auto$proc_rom.cc:155:do_switch$3$rdmux[0][6][2]$b$241 [5] $memory$auto$proc_rom.cc:155:do_switch$3$rdmux[0][6][2]$b$241 [5] 2'01 $memory$auto$proc_rom.cc:155:do_switch$3$rdmux[0][6][2]$b$241 [0] 2'00 $memory$auto$proc_rom.cc:155:do_switch$3$rdmux[0][6][2]$b$241 [0] $memory$auto$proc_rom.cc:155:do_switch$3$rdmux[0][6][2]$b$241 [0] 2'00 $memory$auto$proc_rom.cc:155:do_switch$3$rdmux[0][6][2]$b$241 [5] 2'11 $memory$auto$proc_rom.cc:155:do_switch$3$rdmux[0][6][2]$b$241 [0] $memory$auto$proc_rom.cc:155:do_switch$3$rdmux[0][6][2]$b$241 [5] $memory$auto$proc_rom.cc:155:do_switch$3$rdmux[0][6][2]$b$241 [0] 3'001 }
    Consolidated identical input bits for $mux cell $memory$auto$proc_rom.cc:155:do_switch$3$rdmux[0][7][4]$437:
      Old ports: A=1536112211, B=696154509, Y=$memory$auto$proc_rom.cc:155:do_switch$3$rdmux[0][6][2]$a$240
      New ports: A=2'01, B=2'10, Y=$memory$auto$proc_rom.cc:155:do_switch$3$rdmux[0][6][2]$a$240 [2:1]
      New connections: { $memory$auto$proc_rom.cc:155:do_switch$3$rdmux[0][6][2]$a$240 [31:3] $memory$auto$proc_rom.cc:155:do_switch$3$rdmux[0][6][2]$a$240 [0] } = { 1'0 $memory$auto$proc_rom.cc:155:do_switch$3$rdmux[0][6][2]$a$240 [1] $memory$auto$proc_rom.cc:155:do_switch$3$rdmux[0][6][2]$a$240 [2:1] 2'10 $memory$auto$proc_rom.cc:155:do_switch$3$rdmux[0][6][2]$a$240 [1] 1'1 $memory$auto$proc_rom.cc:155:do_switch$3$rdmux[0][6][2]$a$240 [1] $memory$auto$proc_rom.cc:155:do_switch$3$rdmux[0][6][2]$a$240 [2] $memory$auto$proc_rom.cc:155:do_switch$3$rdmux[0][6][2]$a$240 [2] $memory$auto$proc_rom.cc:155:do_switch$3$rdmux[0][6][2]$a$240 [2] 3'111 $memory$auto$proc_rom.cc:155:do_switch$3$rdmux[0][6][2]$a$240 [1] 1'0 $memory$auto$proc_rom.cc:155:do_switch$3$rdmux[0][6][2]$a$240 [2] 2'11 $memory$auto$proc_rom.cc:155:do_switch$3$rdmux[0][6][2]$a$240 [2:1] $memory$auto$proc_rom.cc:155:do_switch$3$rdmux[0][6][2]$a$240 [1] $memory$auto$proc_rom.cc:155:do_switch$3$rdmux[0][6][2]$a$240 [2] $memory$auto$proc_rom.cc:155:do_switch$3$rdmux[0][6][2]$a$240 [2:1] 1'0 $memory$auto$proc_rom.cc:155:do_switch$3$rdmux[0][6][2]$a$240 [1] $memory$auto$proc_rom.cc:155:do_switch$3$rdmux[0][6][2]$a$240 [2] 1'1 }
    Consolidated identical input bits for $mux cell $memory$auto$proc_rom.cc:155:do_switch$3$rdmux[0][7][3]$434:
      Old ports: A=32'10101001010001101010110000000000, B=1637678691, Y=$memory$auto$proc_rom.cc:155:do_switch$3$rdmux[0][6][1]$b$238
      New ports: A=2'10, B=2'01, Y={ $memory$auto$proc_rom.cc:155:do_switch$3$rdmux[0][6][1]$b$238 [17] $memory$auto$proc_rom.cc:155:do_switch$3$rdmux[0][6][1]$b$238 [0] }
      New connections: { $memory$auto$proc_rom.cc:155:do_switch$3$rdmux[0][6][1]$b$238 [31:18] $memory$auto$proc_rom.cc:155:do_switch$3$rdmux[0][6][1]$b$238 [16:1] } = { $memory$auto$proc_rom.cc:155:do_switch$3$rdmux[0][6][1]$b$238 [17] $memory$auto$proc_rom.cc:155:do_switch$3$rdmux[0][6][1]$b$238 [0] 2'10 $memory$auto$proc_rom.cc:155:do_switch$3$rdmux[0][6][1]$b$238 [17] 3'001 $memory$auto$proc_rom.cc:155:do_switch$3$rdmux[0][6][1]$b$238 [0] $memory$auto$proc_rom.cc:155:do_switch$3$rdmux[0][6][1]$b$238 [17] 1'0 $memory$auto$proc_rom.cc:155:do_switch$3$rdmux[0][6][1]$b$238 [0] $memory$auto$proc_rom.cc:155:do_switch$3$rdmux[0][6][1]$b$238 [0] 3'101 $memory$auto$proc_rom.cc:155:do_switch$3$rdmux[0][6][1]$b$238 [0] 1'1 $memory$auto$proc_rom.cc:155:do_switch$3$rdmux[0][6][1]$b$238 [0] 2'11 $memory$auto$proc_rom.cc:155:do_switch$3$rdmux[0][6][1]$b$238 [0] 2'00 $memory$auto$proc_rom.cc:155:do_switch$3$rdmux[0][6][1]$b$238 [0] $memory$auto$proc_rom.cc:155:do_switch$3$rdmux[0][6][1]$b$238 [0] 3'000 $memory$auto$proc_rom.cc:155:do_switch$3$rdmux[0][6][1]$b$238 [0] }
    Consolidated identical input bits for $mux cell $memory$auto$proc_rom.cc:155:do_switch$3$rdmux[0][7][2]$431:
      Old ports: A=32'10110010101110101000011101111000, B=32'10111111000101000000001010000001, Y=$memory$auto$proc_rom.cc:155:do_switch$3$rdmux[0][6][1]$a$237
      New ports: A=2'10, B=2'01, Y={ $memory$auto$proc_rom.cc:155:do_switch$3$rdmux[0][6][1]$a$237 [3] $memory$auto$proc_rom.cc:155:do_switch$3$rdmux[0][6][1]$a$237 [0] }
      New connections: { $memory$auto$proc_rom.cc:155:do_switch$3$rdmux[0][6][1]$a$237 [31:4] $memory$auto$proc_rom.cc:155:do_switch$3$rdmux[0][6][1]$a$237 [2:1] } = { 4'1011 $memory$auto$proc_rom.cc:155:do_switch$3$rdmux[0][6][1]$a$237 [0] $memory$auto$proc_rom.cc:155:do_switch$3$rdmux[0][6][1]$a$237 [0] 1'1 $memory$auto$proc_rom.cc:155:do_switch$3$rdmux[0][6][1]$a$237 [0] $memory$auto$proc_rom.cc:155:do_switch$3$rdmux[0][6][1]$a$237 [3] 1'0 $memory$auto$proc_rom.cc:155:do_switch$3$rdmux[0][6][1]$a$237 [3] 1'1 $memory$auto$proc_rom.cc:155:do_switch$3$rdmux[0][6][1]$a$237 [3] $memory$auto$proc_rom.cc:155:do_switch$3$rdmux[0][6][1]$a$237 [0] $memory$auto$proc_rom.cc:155:do_switch$3$rdmux[0][6][1]$a$237 [3] 1'0 $memory$auto$proc_rom.cc:155:do_switch$3$rdmux[0][6][1]$a$237 [3] 4'0000 $memory$auto$proc_rom.cc:155:do_switch$3$rdmux[0][6][1]$a$237 [3] 1'1 $memory$auto$proc_rom.cc:155:do_switch$3$rdmux[0][6][1]$a$237 [3] $memory$auto$proc_rom.cc:155:do_switch$3$rdmux[0][6][1]$a$237 [0] $memory$auto$proc_rom.cc:155:do_switch$3$rdmux[0][6][1]$a$237 [3] $memory$auto$proc_rom.cc:155:do_switch$3$rdmux[0][6][1]$a$237 [3] $memory$auto$proc_rom.cc:155:do_switch$3$rdmux[0][6][1]$a$237 [3] 2'00 }
    Consolidated identical input bits for $mux cell $memory$auto$proc_rom.cc:155:do_switch$3$rdmux[0][7][1]$428:
      Old ports: A=942127241, B=996559317, Y=$memory$auto$proc_rom.cc:155:do_switch$3$rdmux[0][6][0]$b$235
      New ports: A=2'10, B=2'01, Y=$memory$auto$proc_rom.cc:155:do_switch$3$rdmux[0][6][0]$b$235 [3:2]
      New connections: { $memory$auto$proc_rom.cc:155:do_switch$3$rdmux[0][6][0]$b$235 [31:4] $memory$auto$proc_rom.cc:155:do_switch$3$rdmux[0][6][0]$b$235 [1:0] } = { 6'001110 $memory$auto$proc_rom.cc:155:do_switch$3$rdmux[0][6][0]$b$235 [2] $memory$auto$proc_rom.cc:155:do_switch$3$rdmux[0][6][0]$b$235 [2] 1'0 $memory$auto$proc_rom.cc:155:do_switch$3$rdmux[0][6][0]$b$235 [2] 5'10011 $memory$auto$proc_rom.cc:155:do_switch$3$rdmux[0][6][0]$b$235 [3] $memory$auto$proc_rom.cc:155:do_switch$3$rdmux[0][6][0]$b$235 [3:2] $memory$auto$proc_rom.cc:155:do_switch$3$rdmux[0][6][0]$b$235 [3] $memory$auto$proc_rom.cc:155:do_switch$3$rdmux[0][6][0]$b$235 [3] 3'100 $memory$auto$proc_rom.cc:155:do_switch$3$rdmux[0][6][0]$b$235 [2] 1'1 $memory$auto$proc_rom.cc:155:do_switch$3$rdmux[0][6][0]$b$235 [2] 1'0 $memory$auto$proc_rom.cc:155:do_switch$3$rdmux[0][6][0]$b$235 [2] 2'01 }
    Consolidated identical input bits for $mux cell $memory$auto$proc_rom.cc:155:do_switch$3$rdmux[0][7][0]$425:
      Old ports: A=1487061989, B=32'11101010101100111000110010101011, Y=$memory$auto$proc_rom.cc:155:do_switch$3$rdmux[0][6][0]$a$234
      New ports: A=2'10, B=2'01, Y=$memory$auto$proc_rom.cc:155:do_switch$3$rdmux[0][6][0]$a$234 [2:1]
      New connections: { $memory$auto$proc_rom.cc:155:do_switch$3$rdmux[0][6][0]$a$234 [31:3] $memory$auto$proc_rom.cc:155:do_switch$3$rdmux[0][6][0]$a$234 [0] } = { $memory$auto$proc_rom.cc:155:do_switch$3$rdmux[0][6][0]$a$234 [1] 1'1 $memory$auto$proc_rom.cc:155:do_switch$3$rdmux[0][6][0]$a$234 [1] $memory$auto$proc_rom.cc:155:do_switch$3$rdmux[0][6][0]$a$234 [2] 2'10 $memory$auto$proc_rom.cc:155:do_switch$3$rdmux[0][6][0]$a$234 [1] 4'0101 $memory$auto$proc_rom.cc:155:do_switch$3$rdmux[0][6][0]$a$234 [1] 3'001 $memory$auto$proc_rom.cc:155:do_switch$3$rdmux[0][6][0]$a$234 [1] 1'1 $memory$auto$proc_rom.cc:155:do_switch$3$rdmux[0][6][0]$a$234 [2] 2'00 $memory$auto$proc_rom.cc:155:do_switch$3$rdmux[0][6][0]$a$234 [1] $memory$auto$proc_rom.cc:155:do_switch$3$rdmux[0][6][0]$a$234 [1] $memory$auto$proc_rom.cc:155:do_switch$3$rdmux[0][6][0]$a$234 [2] $memory$auto$proc_rom.cc:155:do_switch$3$rdmux[0][6][0]$a$234 [2] 1'1 $memory$auto$proc_rom.cc:155:do_switch$3$rdmux[0][6][0]$a$234 [2] 2'10 $memory$auto$proc_rom.cc:155:do_switch$3$rdmux[0][6][0]$a$234 [1] 1'1 }
    Consolidated identical input bits for $mux cell $memory$auto$proc_rom.cc:155:do_switch$3$rdmux[0][7][127]$806:
      Old ports: A=490384674, B=32'10001010110110110000010111111011, Y=$memory$auto$proc_rom.cc:155:do_switch$3$rdmux[0][6][63]$b$424
      New ports: A=2'10, B=2'01, Y={ $memory$auto$proc_rom.cc:155:do_switch$3$rdmux[0][6][63]$b$424 [11] $memory$auto$proc_rom.cc:155:do_switch$3$rdmux[0][6][63]$b$424 [0] }
      New connections: { $memory$auto$proc_rom.cc:155:do_switch$3$rdmux[0][6][63]$b$424 [31:12] $memory$auto$proc_rom.cc:155:do_switch$3$rdmux[0][6][63]$b$424 [10:1] } = { $memory$auto$proc_rom.cc:155:do_switch$3$rdmux[0][6][63]$b$424 [0] 2'00 $memory$auto$proc_rom.cc:155:do_switch$3$rdmux[0][6][63]$b$424 [11] 1'1 $memory$auto$proc_rom.cc:155:do_switch$3$rdmux[0][6][63]$b$424 [11] $memory$auto$proc_rom.cc:155:do_switch$3$rdmux[0][6][63]$b$424 [0] $memory$auto$proc_rom.cc:155:do_switch$3$rdmux[0][6][63]$b$424 [11] $memory$auto$proc_rom.cc:155:do_switch$3$rdmux[0][6][63]$b$424 [0] $memory$auto$proc_rom.cc:155:do_switch$3$rdmux[0][6][63]$b$424 [0] $memory$auto$proc_rom.cc:155:do_switch$3$rdmux[0][6][63]$b$424 [11] 4'1101 $memory$auto$proc_rom.cc:155:do_switch$3$rdmux[0][6][63]$b$424 [0] $memory$auto$proc_rom.cc:155:do_switch$3$rdmux[0][6][63]$b$424 [11] 1'0 $memory$auto$proc_rom.cc:155:do_switch$3$rdmux[0][6][63]$b$424 [11] 4'0101 $memory$auto$proc_rom.cc:155:do_switch$3$rdmux[0][6][63]$b$424 [0] $memory$auto$proc_rom.cc:155:do_switch$3$rdmux[0][6][63]$b$424 [0] 1'1 $memory$auto$proc_rom.cc:155:do_switch$3$rdmux[0][6][63]$b$424 [0] $memory$auto$proc_rom.cc:155:do_switch$3$rdmux[0][6][63]$b$424 [0] 2'01 }
  Optimizing cells in module \sweep_256x32_portable.
    Consolidated identical input bits for $mux cell $memory$auto$proc_rom.cc:155:do_switch$3$rdmux[0][6][63]$422:
      Old ports: A=$memory$auto$proc_rom.cc:155:do_switch$3$rdmux[0][6][63]$a$423, B=$memory$auto$proc_rom.cc:155:do_switch$3$rdmux[0][6][63]$b$424, Y=$memory$auto$proc_rom.cc:155:do_switch$3$rdmux[0][5][31]$b$232
      New ports: A={ $memory$auto$proc_rom.cc:155:do_switch$3$rdmux[0][6][63]$a$423 [5] 2'01 $memory$auto$proc_rom.cc:155:do_switch$3$rdmux[0][6][63]$a$423 [9] 1'1 $memory$auto$proc_rom.cc:155:do_switch$3$rdmux[0][6][63]$a$423 [5] $memory$auto$proc_rom.cc:155:do_switch$3$rdmux[0][6][63]$a$423 [9] $memory$auto$proc_rom.cc:155:do_switch$3$rdmux[0][6][63]$a$423 [9] $memory$auto$proc_rom.cc:155:do_switch$3$rdmux[0][6][63]$a$423 [5] 3'100 }, B={ $memory$auto$proc_rom.cc:155:do_switch$3$rdmux[0][6][63]$b$424 [0] $memory$auto$proc_rom.cc:155:do_switch$3$rdmux[0][6][63]$b$424 [11] $memory$auto$proc_rom.cc:155:do_switch$3$rdmux[0][6][63]$b$424 [11] $memory$auto$proc_rom.cc:155:do_switch$3$rdmux[0][6][63]$b$424 [11] 1'0 $memory$auto$proc_rom.cc:155:do_switch$3$rdmux[0][6][63]$b$424 [11] 3'101 $memory$auto$proc_rom.cc:155:do_switch$3$rdmux[0][6][63]$b$424 [0] 1'1 $memory$auto$proc_rom.cc:155:do_switch$3$rdmux[0][6][63]$b$424 [0] }, Y={ $memory$auto$proc_rom.cc:155:do_switch$3$rdmux[0][5][31]$b$232 [25] $memory$auto$proc_rom.cc:155:do_switch$3$rdmux[0][5][31]$b$232 [21] $memory$auto$proc_rom.cc:155:do_switch$3$rdmux[0][5][31]$b$232 [15] $memory$auto$proc_rom.cc:155:do_switch$3$rdmux[0][5][31]$b$232 [13:9] $memory$auto$proc_rom.cc:155:do_switch$3$rdmux[0][5][31]$b$232 [5] $memory$auto$proc_rom.cc:155:do_switch$3$rdmux[0][5][31]$b$232 [3] $memory$auto$proc_rom.cc:155:do_switch$3$rdmux[0][5][31]$b$232 [1:0] }
      New connections: { $memory$auto$proc_rom.cc:155:do_switch$3$rdmux[0][5][31]$b$232 [31:26] $memory$auto$proc_rom.cc:155:do_switch$3$rdmux[0][5][31]$b$232 [24:22] $memory$auto$proc_rom.cc:155:do_switch$3$rdmux[0][5][31]$b$232 [20:16] $memory$auto$proc_rom.cc:155:do_switch$3$rdmux[0][5][31]$b$232 [14] $memory$auto$proc_rom.cc:155:do_switch$3$rdmux[0][5][31]$b$232 [8:6] $memory$auto$proc_rom.cc:155:do_switch$3$rdmux[0][5][31]$b$232 [4] $memory$auto$proc_rom.cc:155:do_switch$3$rdmux[0][5][31]$b$232 [2] } = { $memory$auto$proc_rom.cc:155:do_switch$3$rdmux[0][5][31]$b$232 [25] 1'0 $memory$auto$proc_rom.cc:155:do_switch$3$rdmux[0][5][31]$b$232 [12] $memory$auto$proc_rom.cc:155:do_switch$3$rdmux[0][5][31]$b$232 [21] 1'1 $memory$auto$proc_rom.cc:155:do_switch$3$rdmux[0][5][31]$b$232 [13] $memory$auto$proc_rom.cc:155:do_switch$3$rdmux[0][5][31]$b$232 [11] $memory$auto$proc_rom.cc:155:do_switch$3$rdmux[0][5][31]$b$232 [3] $memory$auto$proc_rom.cc:155:do_switch$3$rdmux[0][5][31]$b$232 [3] $memory$auto$proc_rom.cc:155:do_switch$3$rdmux[0][5][31]$b$232 [1] 2'10 $memory$auto$proc_rom.cc:155:do_switch$3$rdmux[0][5][31]$b$232 [1] $memory$auto$proc_rom.cc:155:do_switch$3$rdmux[0][5][31]$b$232 [3] $memory$auto$proc_rom.cc:155:do_switch$3$rdmux[0][5][31]$b$232 [12] 1'1 $memory$auto$proc_rom.cc:155:do_switch$3$rdmux[0][5][31]$b$232 [0] $memory$auto$proc_rom.cc:155:do_switch$3$rdmux[0][5][31]$b$232 [3] $memory$auto$proc_rom.cc:155:do_switch$3$rdmux[0][5][31]$b$232 [0] 1'0 }
    Consolidated identical input bits for $mux cell $memory$auto$proc_rom.cc:155:do_switch$3$rdmux[0][6][62]$419:
      Old ports: A=$memory$auto$proc_rom.cc:155:do_switch$3$rdmux[0][6][62]$a$420, B=$memory$auto$proc_rom.cc:155:do_switch$3$rdmux[0][6][62]$b$421, Y=$memory$auto$proc_rom.cc:155:do_switch$3$rdmux[0][5][31]$a$231
      New ports: A={ $memory$auto$proc_rom.cc:155:do_switch$3$rdmux[0][6][62]$a$420 [9] $memory$auto$proc_rom.cc:155:do_switch$3$rdmux[0][6][62]$a$420 [9] 1'1 $memory$auto$proc_rom.cc:155:do_switch$3$rdmux[0][6][62]$a$420 [2] $memory$auto$proc_rom.cc:155:do_switch$3$rdmux[0][6][62]$a$420 [2] $memory$auto$proc_rom.cc:155:do_switch$3$rdmux[0][6][62]$a$420 [9] $memory$auto$proc_rom.cc:155:do_switch$3$rdmux[0][6][62]$a$420 [9] 1'0 $memory$auto$proc_rom.cc:155:do_switch$3$rdmux[0][6][62]$a$420 [2] 1'1 $memory$auto$proc_rom.cc:155:do_switch$3$rdmux[0][6][62]$a$420 [2] 1'0 }, B={ 1'1 $memory$auto$proc_rom.cc:155:do_switch$3$rdmux[0][6][62]$b$421 [2] 1'0 $memory$auto$proc_rom.cc:155:do_switch$3$rdmux[0][6][62]$b$421 [0] 2'10 $memory$auto$proc_rom.cc:155:do_switch$3$rdmux[0][6][62]$b$421 [0] $memory$auto$proc_rom.cc:155:do_switch$3$rdmux[0][6][62]$b$421 [2] 1'0 $memory$auto$proc_rom.cc:155:do_switch$3$rdmux[0][6][62]$b$421 [0] $memory$auto$proc_rom.cc:155:do_switch$3$rdmux[0][6][62]$b$421 [2] $memory$auto$proc_rom.cc:155:do_switch$3$rdmux[0][6][62]$b$421 [0] }, Y={ $memory$auto$proc_rom.cc:155:do_switch$3$rdmux[0][5][31]$a$231 [27] $memory$auto$proc_rom.cc:155:do_switch$3$rdmux[0][5][31]$a$231 [25] $memory$auto$proc_rom.cc:155:do_switch$3$rdmux[0][5][31]$a$231 [20] $memory$auto$proc_rom.cc:155:do_switch$3$rdmux[0][5][31]$a$231 [18] $memory$auto$proc_rom.cc:155:do_switch$3$rdmux[0][5][31]$a$231 [16] $memory$auto$proc_rom.cc:155:do_switch$3$rdmux[0][5][31]$a$231 [13] $memory$auto$proc_rom.cc:155:do_switch$3$rdmux[0][5][31]$a$231 [9:7] $memory$auto$proc_rom.cc:155:do_switch$3$rdmux[0][5][31]$a$231 [4] $memory$auto$proc_rom.cc:155:do_switch$3$rdmux[0][5][31]$a$231 [2] $memory$auto$proc_rom.cc:155:do_switch$3$rdmux[0][5][31]$a$231 [0] }
      New connections: { $memory$auto$proc_rom.cc:155:do_switch$3$rdmux[0][5][31]$a$231 [31:28] $memory$auto$proc_rom.cc:155:do_switch$3$rdmux[0][5][31]$a$231 [26] $memory$auto$proc_rom.cc:155:do_switch$3$rdmux[0][5][31]$a$231 [24:21] $memory$auto$proc_rom.cc:155:do_switch$3$rdmux[0][5][31]$a$231 [19] $memory$auto$proc_rom.cc:155:do_switch$3$rdmux[0][5][31]$a$231 [17] $memory$auto$proc_rom.cc:155:do_switch$3$rdmux[0][5][31]$a$231 [15:14] $memory$auto$proc_rom.cc:155:do_switch$3$rdmux[0][5][31]$a$231 [12:10] $memory$auto$proc_rom.cc:155:do_switch$3$rdmux[0][5][31]$a$231 [6:5] $memory$auto$proc_rom.cc:155:do_switch$3$rdmux[0][5][31]$a$231 [3] $memory$auto$proc_rom.cc:155:do_switch$3$rdmux[0][5][31]$a$231 [1] } = { 1'0 $memory$auto$proc_rom.cc:155:do_switch$3$rdmux[0][5][31]$a$231 [25] $memory$auto$proc_rom.cc:155:do_switch$3$rdmux[0][5][31]$a$231 [25] $memory$auto$proc_rom.cc:155:do_switch$3$rdmux[0][5][31]$a$231 [27] $memory$auto$proc_rom.cc:155:do_switch$3$rdmux[0][5][31]$a$231 [7] 1'0 $memory$auto$proc_rom.cc:155:do_switch$3$rdmux[0][5][31]$a$231 [2] $memory$auto$proc_rom.cc:155:do_switch$3$rdmux[0][5][31]$a$231 [7] 1'0 $memory$auto$proc_rom.cc:155:do_switch$3$rdmux[0][5][31]$a$231 [13] $memory$auto$proc_rom.cc:155:do_switch$3$rdmux[0][5][31]$a$231 [0] $memory$auto$proc_rom.cc:155:do_switch$3$rdmux[0][5][31]$a$231 [0] $memory$auto$proc_rom.cc:155:do_switch$3$rdmux[0][5][31]$a$231 [2] $memory$auto$proc_rom.cc:155:do_switch$3$rdmux[0][5][31]$a$231 [4] $memory$auto$proc_rom.cc:155:do_switch$3$rdmux[0][5][31]$a$231 [0] $memory$auto$proc_rom.cc:155:do_switch$3$rdmux[0][5][31]$a$231 [7] $memory$auto$proc_rom.cc:155:do_switch$3$rdmux[0][5][31]$a$231 [2] 3'100 }
    Consolidated identical input bits for $mux cell $memory$auto$proc_rom.cc:155:do_switch$3$rdmux[0][6][61]$416:
      Old ports: A=$memory$auto$proc_rom.cc:155:do_switch$3$rdmux[0][6][61]$a$417, B=$memory$auto$proc_rom.cc:155:do_switch$3$rdmux[0][6][61]$b$418, Y=$memory$auto$proc_rom.cc:155:do_switch$3$rdmux[0][5][30]$b$229
      New ports: A={ $memory$auto$proc_rom.cc:155:do_switch$3$rdmux[0][6][61]$a$417 [4] $memory$auto$proc_rom.cc:155:do_switch$3$rdmux[0][6][61]$a$417 [4] 3'001 $memory$auto$proc_rom.cc:155:do_switch$3$rdmux[0][6][61]$a$417 [4] $memory$auto$proc_rom.cc:155:do_switch$3$rdmux[0][6][61]$a$417 [2] 2'10 $memory$auto$proc_rom.cc:155:do_switch$3$rdmux[0][6][61]$a$417 [4] $memory$auto$proc_rom.cc:155:do_switch$3$rdmux[0][6][61]$a$417 [2] $memory$auto$proc_rom.cc:155:do_switch$3$rdmux[0][6][61]$a$417 [2] }, B={ $memory$auto$proc_rom.cc:155:do_switch$3$rdmux[0][6][61]$b$418 [5] $memory$auto$proc_rom.cc:155:do_switch$3$rdmux[0][6][61]$b$418 [3] 1'1 $memory$auto$proc_rom.cc:155:do_switch$3$rdmux[0][6][61]$b$418 [3] $memory$auto$proc_rom.cc:155:do_switch$3$rdmux[0][6][61]$b$418 [3] 1'1 $memory$auto$proc_rom.cc:155:do_switch$3$rdmux[0][6][61]$b$418 [5] $memory$auto$proc_rom.cc:155:do_switch$3$rdmux[0][6][61]$b$418 [5] $memory$auto$proc_rom.cc:155:do_switch$3$rdmux[0][6][61]$b$418 [5] 1'0 $memory$auto$proc_rom.cc:155:do_switch$3$rdmux[0][6][61]$b$418 [3] 1'0 }, Y={ $memory$auto$proc_rom.cc:155:do_switch$3$rdmux[0][5][30]$b$229 [23:22] $memory$auto$proc_rom.cc:155:do_switch$3$rdmux[0][5][30]$b$229 [19] $memory$auto$proc_rom.cc:155:do_switch$3$rdmux[0][5][30]$b$229 [17] $memory$auto$proc_rom.cc:155:do_switch$3$rdmux[0][5][30]$b$229 [15:14] $memory$auto$proc_rom.cc:155:do_switch$3$rdmux[0][5][30]$b$229 [11] $memory$auto$proc_rom.cc:155:do_switch$3$rdmux[0][5][30]$b$229 [6:2] }
      New connections: { $memory$auto$proc_rom.cc:155:do_switch$3$rdmux[0][5][30]$b$229 [31:24] $memory$auto$proc_rom.cc:155:do_switch$3$rdmux[0][5][30]$b$229 [21:20] $memory$auto$proc_rom.cc:155:do_switch$3$rdmux[0][5][30]$b$229 [18] $memory$auto$proc_rom.cc:155:do_switch$3$rdmux[0][5][30]$b$229 [16] $memory$auto$proc_rom.cc:155:do_switch$3$rdmux[0][5][30]$b$229 [13:12] $memory$auto$proc_rom.cc:155:do_switch$3$rdmux[0][5][30]$b$229 [10:7] $memory$auto$proc_rom.cc:155:do_switch$3$rdmux[0][5][30]$b$229 [1:0] } = { $memory$auto$proc_rom.cc:155:do_switch$3$rdmux[0][5][30]$b$229 [2] $memory$auto$proc_rom.cc:155:do_switch$3$rdmux[0][5][30]$b$229 [2] $memory$auto$proc_rom.cc:155:do_switch$3$rdmux[0][5][30]$b$229 [3:2] $memory$auto$proc_rom.cc:155:do_switch$3$rdmux[0][5][30]$b$229 [6] $memory$auto$proc_rom.cc:155:do_switch$3$rdmux[0][5][30]$b$229 [6] $memory$auto$proc_rom.cc:155:do_switch$3$rdmux[0][5][30]$b$229 [23] $memory$auto$proc_rom.cc:155:do_switch$3$rdmux[0][5][30]$b$229 [4] $memory$auto$proc_rom.cc:155:do_switch$3$rdmux[0][5][30]$b$229 [14] $memory$auto$proc_rom.cc:155:do_switch$3$rdmux[0][5][30]$b$229 [6] $memory$auto$proc_rom.cc:155:do_switch$3$rdmux[0][5][30]$b$229 [3] $memory$auto$proc_rom.cc:155:do_switch$3$rdmux[0][5][30]$b$229 [6] $memory$auto$proc_rom.cc:155:do_switch$3$rdmux[0][5][30]$b$229 [3] $memory$auto$proc_rom.cc:155:do_switch$3$rdmux[0][5][30]$b$229 [3] 1'1 $memory$auto$proc_rom.cc:155:do_switch$3$rdmux[0][5][30]$b$229 [5:4] $memory$auto$proc_rom.cc:155:do_switch$3$rdmux[0][5][30]$b$229 [6] 2'11 }
    Consolidated identical input bits for $mux cell $memory$auto$proc_rom.cc:155:do_switch$3$rdmux[0][6][60]$413:
      Old ports: A=$memory$auto$proc_rom.cc:155:do_switch$3$rdmux[0][6][60]$a$414, B=$memory$auto$proc_rom.cc:155:do_switch$3$rdmux[0][6][60]$b$415, Y=$memory$auto$proc_rom.cc:155:do_switch$3$rdmux[0][5][30]$a$228
      New ports: A={ $memory$auto$proc_rom.cc:155:do_switch$3$rdmux[0][6][60]$a$414 [2] 2'00 $memory$auto$proc_rom.cc:155:do_switch$3$rdmux[0][6][60]$a$414 [8] $memory$auto$proc_rom.cc:155:do_switch$3$rdmux[0][6][60]$a$414 [8] $memory$auto$proc_rom.cc:155:do_switch$3$rdmux[0][6][60]$a$414 [8] $memory$auto$proc_rom.cc:155:do_switch$3$rdmux[0][6][60]$a$414 [2] 1'1 $memory$auto$proc_rom.cc:155:do_switch$3$rdmux[0][6][60]$a$414 [8] 2'11 $memory$auto$proc_rom.cc:155:do_switch$3$rdmux[0][6][60]$a$414 [2] 1'0 }, B={ $memory$auto$proc_rom.cc:155:do_switch$3$rdmux[0][6][60]$b$415 [7] $memory$auto$proc_rom.cc:155:do_switch$3$rdmux[0][6][60]$b$415 [2] $memory$auto$proc_rom.cc:155:do_switch$3$rdmux[0][6][60]$b$415 [7] $memory$auto$proc_rom.cc:155:do_switch$3$rdmux[0][6][60]$b$415 [7] 1'0 $memory$auto$proc_rom.cc:155:do_switch$3$rdmux[0][6][60]$b$415 [2] 3'101 $memory$auto$proc_rom.cc:155:do_switch$3$rdmux[0][6][60]$b$415 [7] $memory$auto$proc_rom.cc:155:do_switch$3$rdmux[0][6][60]$b$415 [2] $memory$auto$proc_rom.cc:155:do_switch$3$rdmux[0][6][60]$b$415 [2] 1'1 }, Y={ $memory$auto$proc_rom.cc:155:do_switch$3$rdmux[0][5][30]$a$228 [30] $memory$auto$proc_rom.cc:155:do_switch$3$rdmux[0][5][30]$a$228 [24:23] $memory$auto$proc_rom.cc:155:do_switch$3$rdmux[0][5][30]$a$228 [18:16] $memory$auto$proc_rom.cc:155:do_switch$3$rdmux[0][5][30]$a$228 [14] $memory$auto$proc_rom.cc:155:do_switch$3$rdmux[0][5][30]$a$228 [12] $memory$auto$proc_rom.cc:155:do_switch$3$rdmux[0][5][30]$a$228 [8:7] $memory$auto$proc_rom.cc:155:do_switch$3$rdmux[0][5][30]$a$228 [3:2] $memory$auto$proc_rom.cc:155:do_switch$3$rdmux[0][5][30]$a$228 [0] }
      New connections: { $memory$auto$proc_rom.cc:155:do_switch$3$rdmux[0][5][30]$a$228 [31] $memory$auto$proc_rom.cc:155:do_switch$3$rdmux[0][5][30]$a$228 [29:25] $memory$auto$proc_rom.cc:155:do_switch$3$rdmux[0][5][30]$a$228 [22:19] $memory$auto$proc_rom.cc:155:do_switch$3$rdmux[0][5][30]$a$228 [15] $memory$auto$proc_rom.cc:155:do_switch$3$rdmux[0][5][30]$a$228 [13] $memory$auto$proc_rom.cc:155:do_switch$3$rdmux[0][5][30]$a$228 [11:9] $memory$auto$proc_rom.cc:155:do_switch$3$rdmux[0][5][30]$a$228 [6:4] $memory$auto$proc_rom.cc:155:do_switch$3$rdmux[0][5][30]$a$228 [1] } = { $memory$auto$proc_rom.cc:155:do_switch$3$rdmux[0][5][30]$a$228 [18] $memory$auto$proc_rom.cc:155:do_switch$3$rdmux[0][5][30]$a$228 [3] $memory$auto$proc_rom.cc:155:do_switch$3$rdmux[0][5][30]$a$228 [8] $memory$auto$proc_rom.cc:155:do_switch$3$rdmux[0][5][30]$a$228 [12] 2'11 $memory$auto$proc_rom.cc:155:do_switch$3$rdmux[0][5][30]$a$228 [16] $memory$auto$proc_rom.cc:155:do_switch$3$rdmux[0][5][30]$a$228 [17] $memory$auto$proc_rom.cc:155:do_switch$3$rdmux[0][5][30]$a$228 [18] $memory$auto$proc_rom.cc:155:do_switch$3$rdmux[0][5][30]$a$228 [7] $memory$auto$proc_rom.cc:155:do_switch$3$rdmux[0][5][30]$a$228 [12] 2'01 $memory$auto$proc_rom.cc:155:do_switch$3$rdmux[0][5][30]$a$228 [2] $memory$auto$proc_rom.cc:155:do_switch$3$rdmux[0][5][30]$a$228 [8] 1'1 $memory$auto$proc_rom.cc:155:do_switch$3$rdmux[0][5][30]$a$228 [0] $memory$auto$proc_rom.cc:155:do_switch$3$rdmux[0][5][30]$a$228 [3] 1'0 }
    Consolidated identical input bits for $mux cell $memory$auto$proc_rom.cc:155:do_switch$3$rdmux[0][6][59]$410:
      Old ports: A=$memory$auto$proc_rom.cc:155:do_switch$3$rdmux[0][6][59]$a$411, B=$memory$auto$proc_rom.cc:155:do_switch$3$rdmux[0][6][59]$b$412, Y=$memory$auto$proc_rom.cc:155:do_switch$3$rdmux[0][5][29]$b$226
      New ports: A={ 1'0 $memory$auto$proc_rom.cc:155:do_switch$3$rdmux[0][6][59]$a$411 [1] $memory$auto$proc_rom.cc:155:do_switch$3$rdmux[0][6][59]$a$411 [6] $memory$auto$proc_rom.cc:155:do_switch$3$rdmux[0][6][59]$a$411 [6] $memory$auto$proc_rom.cc:155:do_switch$3$rdmux[0][6][59]$a$411 [1] 1'1 $memory$auto$proc_rom.cc:155:do_switch$3$rdmux[0][6][59]$a$411 [6] 3'011 $memory$auto$proc_rom.cc:155:do_switch$3$rdmux[0][6][59]$a$411 [1] 1'0 }, B={ 3'100 $memory$auto$proc_rom.cc:155:do_switch$3$rdmux[0][6][59]$b$412 [0] 3'101 $memory$auto$proc_rom.cc:155:do_switch$3$rdmux[0][6][59]$b$412 [4] $memory$auto$proc_rom.cc:155:do_switch$3$rdmux[0][6][59]$b$412 [4] $memory$auto$proc_rom.cc:155:do_switch$3$rdmux[0][6][59]$b$412 [0] $memory$auto$proc_rom.cc:155:do_switch$3$rdmux[0][6][59]$b$412 [0] $memory$auto$proc_rom.cc:155:do_switch$3$rdmux[0][6][59]$b$412 [0] }, Y={ $memory$auto$proc_rom.cc:155:do_switch$3$rdmux[0][5][29]$b$226 [23] $memory$auto$proc_rom.cc:155:do_switch$3$rdmux[0][5][29]$b$226 [20] $memory$auto$proc_rom.cc:155:do_switch$3$rdmux[0][5][29]$b$226 [14] $memory$auto$proc_rom.cc:155:do_switch$3$rdmux[0][5][29]$b$226 [10] $memory$auto$proc_rom.cc:155:do_switch$3$rdmux[0][5][29]$b$226 [8:4] $memory$auto$proc_rom.cc:155:do_switch$3$rdmux[0][5][29]$b$226 [2:0] }
      New connections: { $memory$auto$proc_rom.cc:155:do_switch$3$rdmux[0][5][29]$b$226 [31:24] $memory$auto$proc_rom.cc:155:do_switch$3$rdmux[0][5][29]$b$226 [22:21] $memory$auto$proc_rom.cc:155:do_switch$3$rdmux[0][5][29]$b$226 [19:15] $memory$auto$proc_rom.cc:155:do_switch$3$rdmux[0][5][29]$b$226 [13:11] $memory$auto$proc_rom.cc:155:do_switch$3$rdmux[0][5][29]$b$226 [9] $memory$auto$proc_rom.cc:155:do_switch$3$rdmux[0][5][29]$b$226 [3] } = { $memory$auto$proc_rom.cc:155:do_switch$3$rdmux[0][5][29]$b$226 [8:6] $memory$auto$proc_rom.cc:155:do_switch$3$rdmux[0][5][29]$b$226 [6] $memory$auto$proc_rom.cc:155:do_switch$3$rdmux[0][5][29]$b$226 [1] $memory$auto$proc_rom.cc:155:do_switch$3$rdmux[0][5][29]$b$226 [4] $memory$auto$proc_rom.cc:155:do_switch$3$rdmux[0][5][29]$b$226 [4] $memory$auto$proc_rom.cc:155:do_switch$3$rdmux[0][5][29]$b$226 [10] $memory$auto$proc_rom.cc:155:do_switch$3$rdmux[0][5][29]$b$226 [14] $memory$auto$proc_rom.cc:155:do_switch$3$rdmux[0][5][29]$b$226 [0] 1'0 $memory$auto$proc_rom.cc:155:do_switch$3$rdmux[0][5][29]$b$226 [8:7] $memory$auto$proc_rom.cc:155:do_switch$3$rdmux[0][5][29]$b$226 [1] $memory$auto$proc_rom.cc:155:do_switch$3$rdmux[0][5][29]$b$226 [2] $memory$auto$proc_rom.cc:155:do_switch$3$rdmux[0][5][29]$b$226 [2] $memory$auto$proc_rom.cc:155:do_switch$3$rdmux[0][5][29]$b$226 [4] $memory$auto$proc_rom.cc:155:do_switch$3$rdmux[0][5][29]$b$226 [2:1] $memory$auto$proc_rom.cc:155:do_switch$3$rdmux[0][5][29]$b$226 [1] }
    Consolidated identical input bits for $mux cell $memory$auto$proc_rom.cc:155:do_switch$3$rdmux[0][6][58]$407:
      Old ports: A=$memory$auto$proc_rom.cc:155:do_switch$3$rdmux[0][6][58]$a$408, B=$memory$auto$proc_rom.cc:155:do_switch$3$rdmux[0][6][58]$b$409, Y=$memory$auto$proc_rom.cc:155:do_switch$3$rdmux[0][5][29]$a$225
      New ports: A={ $memory$auto$proc_rom.cc:155:do_switch$3$rdmux[0][6][58]$a$408 [0] $memory$auto$proc_rom.cc:155:do_switch$3$rdmux[0][6][58]$a$408 [3] 1'1 $memory$auto$proc_rom.cc:155:do_switch$3$rdmux[0][6][58]$a$408 [3] $memory$auto$proc_rom.cc:155:do_switch$3$rdmux[0][6][58]$a$408 [0] 3'101 $memory$auto$proc_rom.cc:155:do_switch$3$rdmux[0][6][58]$a$408 [3] $memory$auto$proc_rom.cc:155:do_switch$3$rdmux[0][6][58]$a$408 [0] $memory$auto$proc_rom.cc:155:do_switch$3$rdmux[0][6][58]$a$408 [0] }, B={ 2'11 $memory$auto$proc_rom.cc:155:do_switch$3$rdmux[0][6][58]$b$409 [3] 1'0 $memory$auto$proc_rom.cc:155:do_switch$3$rdmux[0][6][58]$b$409 [3] 2'01 $memory$auto$proc_rom.cc:155:do_switch$3$rdmux[0][6][58]$b$409 [0] $memory$auto$proc_rom.cc:155:do_switch$3$rdmux[0][6][58]$b$409 [3] 1'0 $memory$auto$proc_rom.cc:155:do_switch$3$rdmux[0][6][58]$b$409 [0] }, Y={ $memory$auto$proc_rom.cc:155:do_switch$3$rdmux[0][5][29]$a$225 [28] $memory$auto$proc_rom.cc:155:do_switch$3$rdmux[0][5][29]$a$225 [16:12] $memory$auto$proc_rom.cc:155:do_switch$3$rdmux[0][5][29]$a$225 [6:5] $memory$auto$proc_rom.cc:155:do_switch$3$rdmux[0][5][29]$a$225 [3] $memory$auto$proc_rom.cc:155:do_switch$3$rdmux[0][5][29]$a$225 [1:0] }
      New connections: { $memory$auto$proc_rom.cc:155:do_switch$3$rdmux[0][5][29]$a$225 [31:29] $memory$auto$proc_rom.cc:155:do_switch$3$rdmux[0][5][29]$a$225 [27:17] $memory$auto$proc_rom.cc:155:do_switch$3$rdmux[0][5][29]$a$225 [11:7] $memory$auto$proc_rom.cc:155:do_switch$3$rdmux[0][5][29]$a$225 [4] $memory$auto$proc_rom.cc:155:do_switch$3$rdmux[0][5][29]$a$225 [2] } = { $memory$auto$proc_rom.cc:155:do_switch$3$rdmux[0][5][29]$a$225 [16] $memory$auto$proc_rom.cc:155:do_switch$3$rdmux[0][5][29]$a$225 [5] 1'0 $memory$auto$proc_rom.cc:155:do_switch$3$rdmux[0][5][29]$a$225 [13:12] $memory$auto$proc_rom.cc:155:do_switch$3$rdmux[0][5][29]$a$225 [15] $memory$auto$proc_rom.cc:155:do_switch$3$rdmux[0][5][29]$a$225 [15] $memory$auto$proc_rom.cc:155:do_switch$3$rdmux[0][5][29]$a$225 [1] 1'1 $memory$auto$proc_rom.cc:155:do_switch$3$rdmux[0][5][29]$a$225 [1] $memory$auto$proc_rom.cc:155:do_switch$3$rdmux[0][5][29]$a$225 [3] $memory$auto$proc_rom.cc:155:do_switch$3$rdmux[0][5][29]$a$225 [6] 1'0 $memory$auto$proc_rom.cc:155:do_switch$3$rdmux[0][5][29]$a$225 [5] 1'1 $memory$auto$proc_rom.cc:155:do_switch$3$rdmux[0][5][29]$a$225 [1] $memory$auto$proc_rom.cc:155:do_switch$3$rdmux[0][5][29]$a$225 [6] $memory$auto$proc_rom.cc:155:do_switch$3$rdmux[0][5][29]$a$225 [3] 1'1 $memory$auto$proc_rom.cc:155:do_switch$3$rdmux[0][5][29]$a$225 [0] $memory$auto$proc_rom.cc:155:do_switch$3$rdmux[0][5][29]$a$225 [1] }
    Consolidated identical input bits for $mux cell $memory$auto$proc_rom.cc:155:do_switch$3$rdmux[0][6][57]$404:
      Old ports: A=$memory$auto$proc_rom.cc:155:do_switch$3$rdmux[0][6][57]$a$405, B=$memory$auto$proc_rom.cc:155:do_switch$3$rdmux[0][6][57]$b$406, Y=$memory$auto$proc_rom.cc:155:do_switch$3$rdmux[0][5][28]$b$223
      New ports: A={ 4'0101 $memory$auto$proc_rom.cc:155:do_switch$3$rdmux[0][6][57]$a$405 [2] 1'1 $memory$auto$proc_rom.cc:155:do_switch$3$rdmux[0][6][57]$a$405 [3:2] $memory$auto$proc_rom.cc:155:do_switch$3$rdmux[0][6][57]$a$405 [2] $memory$auto$proc_rom.cc:155:do_switch$3$rdmux[0][6][57]$a$405 [3:2] 1'0 }, B={ $memory$auto$proc_rom.cc:155:do_switch$3$rdmux[0][6][57]$b$406 [11] 2'01 $memory$auto$proc_rom.cc:155:do_switch$3$rdmux[0][6][57]$b$406 [11] $memory$auto$proc_rom.cc:155:do_switch$3$rdmux[0][6][57]$b$406 [11] $memory$auto$proc_rom.cc:155:do_switch$3$rdmux[0][6][57]$b$406 [1] $memory$auto$proc_rom.cc:155:do_switch$3$rdmux[0][6][57]$b$406 [1] $memory$auto$proc_rom.cc:155:do_switch$3$rdmux[0][6][57]$b$406 [1] 3'001 $memory$auto$proc_rom.cc:155:do_switch$3$rdmux[0][6][57]$b$406 [1] }, Y={ $memory$auto$proc_rom.cc:155:do_switch$3$rdmux[0][5][28]$b$223 [24] $memory$auto$proc_rom.cc:155:do_switch$3$rdmux[0][5][28]$b$223 [18:17] $memory$auto$proc_rom.cc:155:do_switch$3$rdmux[0][5][28]$b$223 [12:11] $memory$auto$proc_rom.cc:155:do_switch$3$rdmux[0][5][28]$b$223 [9:8] $memory$auto$proc_rom.cc:155:do_switch$3$rdmux[0][5][28]$b$223 [6] $memory$auto$proc_rom.cc:155:do_switch$3$rdmux[0][5][28]$b$223 [4:1] }
      New connections: { $memory$auto$proc_rom.cc:155:do_switch$3$rdmux[0][5][28]$b$223 [31:25] $memory$auto$proc_rom.cc:155:do_switch$3$rdmux[0][5][28]$b$223 [23:19] $memory$auto$proc_rom.cc:155:do_switch$3$rdmux[0][5][28]$b$223 [16:13] $memory$auto$proc_rom.cc:155:do_switch$3$rdmux[0][5][28]$b$223 [10] $memory$auto$proc_rom.cc:155:do_switch$3$rdmux[0][5][28]$b$223 [7] $memory$auto$proc_rom.cc:155:do_switch$3$rdmux[0][5][28]$b$223 [5] $memory$auto$proc_rom.cc:155:do_switch$3$rdmux[0][5][28]$b$223 [0] } = { $memory$auto$proc_rom.cc:155:do_switch$3$rdmux[0][5][28]$b$223 [11] $memory$auto$proc_rom.cc:155:do_switch$3$rdmux[0][5][28]$b$223 [6] $memory$auto$proc_rom.cc:155:do_switch$3$rdmux[0][5][28]$b$223 [24] $memory$auto$proc_rom.cc:155:do_switch$3$rdmux[0][5][28]$b$223 [1] $memory$auto$proc_rom.cc:155:do_switch$3$rdmux[0][5][28]$b$223 [24] 1'1 $memory$auto$proc_rom.cc:155:do_switch$3$rdmux[0][5][28]$b$223 [24] $memory$auto$proc_rom.cc:155:do_switch$3$rdmux[0][5][28]$b$223 [11] $memory$auto$proc_rom.cc:155:do_switch$3$rdmux[0][5][28]$b$223 [3] $memory$auto$proc_rom.cc:155:do_switch$3$rdmux[0][5][28]$b$223 [4:3] 1'1 $memory$auto$proc_rom.cc:155:do_switch$3$rdmux[0][5][28]$b$223 [12] $memory$auto$proc_rom.cc:155:do_switch$3$rdmux[0][5][28]$b$223 [12] 1'0 $memory$auto$proc_rom.cc:155:do_switch$3$rdmux[0][5][28]$b$223 [11] $memory$auto$proc_rom.cc:155:do_switch$3$rdmux[0][5][28]$b$223 [3:1] 1'0 }
    Consolidated identical input bits for $mux cell $memory$auto$proc_rom.cc:155:do_switch$3$rdmux[0][6][56]$401:
      Old ports: A=$memory$auto$proc_rom.cc:155:do_switch$3$rdmux[0][6][56]$a$402, B=$memory$auto$proc_rom.cc:155:do_switch$3$rdmux[0][6][56]$b$403, Y=$memory$auto$proc_rom.cc:155:do_switch$3$rdmux[0][5][28]$a$222
      New ports: A={ $memory$auto$proc_rom.cc:155:do_switch$3$rdmux[0][6][56]$a$402 [9] 2'11 $memory$auto$proc_rom.cc:155:do_switch$3$rdmux[0][6][56]$a$402 [1] 1'1 $memory$auto$proc_rom.cc:155:do_switch$3$rdmux[0][6][56]$a$402 [9] 3'000 $memory$auto$proc_rom.cc:155:do_switch$3$rdmux[0][6][56]$a$402 [1] $memory$auto$proc_rom.cc:155:do_switch$3$rdmux[0][6][56]$a$402 [1] }, B={ $memory$auto$proc_rom.cc:155:do_switch$3$rdmux[0][6][56]$b$403 [1] $memory$auto$proc_rom.cc:155:do_switch$3$rdmux[0][6][56]$b$403 [3] 1'0 $memory$auto$proc_rom.cc:155:do_switch$3$rdmux[0][6][56]$b$403 [3] $memory$auto$proc_rom.cc:155:do_switch$3$rdmux[0][6][56]$b$403 [1] 1'0 $memory$auto$proc_rom.cc:155:do_switch$3$rdmux[0][6][56]$b$403 [1] 1'1 $memory$auto$proc_rom.cc:155:do_switch$3$rdmux[0][6][56]$b$403 [3] 1'0 $memory$auto$proc_rom.cc:155:do_switch$3$rdmux[0][6][56]$b$403 [1] }, Y={ $memory$auto$proc_rom.cc:155:do_switch$3$rdmux[0][5][28]$a$222 [27] $memory$auto$proc_rom.cc:155:do_switch$3$rdmux[0][5][28]$a$222 [25] $memory$auto$proc_rom.cc:155:do_switch$3$rdmux[0][5][28]$a$222 [22] $memory$auto$proc_rom.cc:155:do_switch$3$rdmux[0][5][28]$a$222 [12] $memory$auto$proc_rom.cc:155:do_switch$3$rdmux[0][5][28]$a$222 [10:9] $memory$auto$proc_rom.cc:155:do_switch$3$rdmux[0][5][28]$a$222 [6:5] $memory$auto$proc_rom.cc:155:do_switch$3$rdmux[0][5][28]$a$222 [3:1] }
      New connections: { $memory$auto$proc_rom.cc:155:do_switch$3$rdmux[0][5][28]$a$222 [31:28] $memory$auto$proc_rom.cc:155:do_switch$3$rdmux[0][5][28]$a$222 [26] $memory$auto$proc_rom.cc:155:do_switch$3$rdmux[0][5][28]$a$222 [24:23] $memory$auto$proc_rom.cc:155:do_switch$3$rdmux[0][5][28]$a$222 [21:13] $memory$auto$proc_rom.cc:155:do_switch$3$rdmux[0][5][28]$a$222 [11] $memory$auto$proc_rom.cc:155:do_switch$3$rdmux[0][5][28]$a$222 [8:7] $memory$auto$proc_rom.cc:155:do_switch$3$rdmux[0][5][28]$a$222 [4] $memory$auto$proc_rom.cc:155:do_switch$3$rdmux[0][5][28]$a$222 [0] } = { $memory$auto$proc_rom.cc:155:do_switch$3$rdmux[0][5][28]$a$222 [22] $memory$auto$proc_rom.cc:155:do_switch$3$rdmux[0][5][28]$a$222 [10] 1'1 $memory$auto$proc_rom.cc:155:do_switch$3$rdmux[0][5][28]$a$222 [1] $memory$auto$proc_rom.cc:155:do_switch$3$rdmux[0][5][28]$a$222 [3] $memory$auto$proc_rom.cc:155:do_switch$3$rdmux[0][5][28]$a$222 [10] $memory$auto$proc_rom.cc:155:do_switch$3$rdmux[0][5][28]$a$222 [2] $memory$auto$proc_rom.cc:155:do_switch$3$rdmux[0][5][28]$a$222 [9] $memory$auto$proc_rom.cc:155:do_switch$3$rdmux[0][5][28]$a$222 [9] 1'0 $memory$auto$proc_rom.cc:155:do_switch$3$rdmux[0][5][28]$a$222 [5] $memory$auto$proc_rom.cc:155:do_switch$3$rdmux[0][5][28]$a$222 [9] $memory$auto$proc_rom.cc:155:do_switch$3$rdmux[0][5][28]$a$222 [12] $memory$auto$proc_rom.cc:155:do_switch$3$rdmux[0][5][28]$a$222 [5] $memory$auto$proc_rom.cc:155:do_switch$3$rdmux[0][5][28]$a$222 [1] $memory$auto$proc_rom.cc:155:do_switch$3$rdmux[0][5][28]$a$222 [5] $memory$auto$proc_rom.cc:155:do_switch$3$rdmux[0][5][28]$a$222 [6] $memory$auto$proc_rom.cc:155:do_switch$3$rdmux[0][5][28]$a$222 [2] 3'101 }
    Consolidated identical input bits for $mux cell $memory$auto$proc_rom.cc:155:do_switch$3$rdmux[0][6][55]$398:
      Old ports: A=$memory$auto$proc_rom.cc:155:do_switch$3$rdmux[0][6][55]$a$399, B=$memory$auto$proc_rom.cc:155:do_switch$3$rdmux[0][6][55]$b$400, Y=$memory$auto$proc_rom.cc:155:do_switch$3$rdmux[0][5][27]$b$220
      New ports: A={ $memory$auto$proc_rom.cc:155:do_switch$3$rdmux[0][6][55]$a$399 [5] $memory$auto$proc_rom.cc:155:do_switch$3$rdmux[0][6][55]$a$399 [0] $memory$auto$proc_rom.cc:155:do_switch$3$rdmux[0][6][55]$a$399 [5] $memory$auto$proc_rom.cc:155:do_switch$3$rdmux[0][6][55]$a$399 [5] 3'100 $memory$auto$proc_rom.cc:155:do_switch$3$rdmux[0][6][55]$a$399 [5] 1'0 $memory$auto$proc_rom.cc:155:do_switch$3$rdmux[0][6][55]$a$399 [0] $memory$auto$proc_rom.cc:155:do_switch$3$rdmux[0][6][55]$a$399 [0] $memory$auto$proc_rom.cc:155:do_switch$3$rdmux[0][6][55]$a$399 [0] }, B={ $memory$auto$proc_rom.cc:155:do_switch$3$rdmux[0][6][55]$b$400 [2] 2'00 $memory$auto$proc_rom.cc:155:do_switch$3$rdmux[0][6][55]$b$400 [0] $memory$auto$proc_rom.cc:155:do_switch$3$rdmux[0][6][55]$b$400 [0] 1'1 $memory$auto$proc_rom.cc:155:do_switch$3$rdmux[0][6][55]$b$400 [2] 1'1 $memory$auto$proc_rom.cc:155:do_switch$3$rdmux[0][6][55]$b$400 [0] $memory$auto$proc_rom.cc:155:do_switch$3$rdmux[0][6][55]$b$400 [2] 1'1 $memory$auto$proc_rom.cc:155:do_switch$3$rdmux[0][6][55]$b$400 [0] }, Y={ $memory$auto$proc_rom.cc:155:do_switch$3$rdmux[0][5][27]$b$220 [27] $memory$auto$proc_rom.cc:155:do_switch$3$rdmux[0][5][27]$b$220 [24] $memory$auto$proc_rom.cc:155:do_switch$3$rdmux[0][5][27]$b$220 [19] $memory$auto$proc_rom.cc:155:do_switch$3$rdmux[0][5][27]$b$220 [14] $memory$auto$proc_rom.cc:155:do_switch$3$rdmux[0][5][27]$b$220 [12] $memory$auto$proc_rom.cc:155:do_switch$3$rdmux[0][5][27]$b$220 [8:7] $memory$auto$proc_rom.cc:155:do_switch$3$rdmux[0][5][27]$b$220 [5:4] $memory$auto$proc_rom.cc:155:do_switch$3$rdmux[0][5][27]$b$220 [2:0] }
      New connections: { $memory$auto$proc_rom.cc:155:do_switch$3$rdmux[0][5][27]$b$220 [31:28] $memory$auto$proc_rom.cc:155:do_switch$3$rdmux[0][5][27]$b$220 [26:25] $memory$auto$proc_rom.cc:155:do_switch$3$rdmux[0][5][27]$b$220 [23:20] $memory$auto$proc_rom.cc:155:do_switch$3$rdmux[0][5][27]$b$220 [18:15] $memory$auto$proc_rom.cc:155:do_switch$3$rdmux[0][5][27]$b$220 [13] $memory$auto$proc_rom.cc:155:do_switch$3$rdmux[0][5][27]$b$220 [11:9] $memory$auto$proc_rom.cc:155:do_switch$3$rdmux[0][5][27]$b$220 [6] $memory$auto$proc_rom.cc:155:do_switch$3$rdmux[0][5][27]$b$220 [3] } = { $memory$auto$proc_rom.cc:155:do_switch$3$rdmux[0][5][27]$b$220 [24] $memory$auto$proc_rom.cc:155:do_switch$3$rdmux[0][5][27]$b$220 [4] $memory$auto$proc_rom.cc:155:do_switch$3$rdmux[0][5][27]$b$220 [1] $memory$auto$proc_rom.cc:155:do_switch$3$rdmux[0][5][27]$b$220 [5] $memory$auto$proc_rom.cc:155:do_switch$3$rdmux[0][5][27]$b$220 [19] $memory$auto$proc_rom.cc:155:do_switch$3$rdmux[0][5][27]$b$220 [8] 1'1 $memory$auto$proc_rom.cc:155:do_switch$3$rdmux[0][5][27]$b$220 [12] $memory$auto$proc_rom.cc:155:do_switch$3$rdmux[0][5][27]$b$220 [19] $memory$auto$proc_rom.cc:155:do_switch$3$rdmux[0][5][27]$b$220 [12] $memory$auto$proc_rom.cc:155:do_switch$3$rdmux[0][5][27]$b$220 [7] $memory$auto$proc_rom.cc:155:do_switch$3$rdmux[0][5][27]$b$220 [8] $memory$auto$proc_rom.cc:155:do_switch$3$rdmux[0][5][27]$b$220 [1] $memory$auto$proc_rom.cc:155:do_switch$3$rdmux[0][5][27]$b$220 [12] 1'0 $memory$auto$proc_rom.cc:155:do_switch$3$rdmux[0][5][27]$b$220 [1] $memory$auto$proc_rom.cc:155:do_switch$3$rdmux[0][5][27]$b$220 [7] $memory$auto$proc_rom.cc:155:do_switch$3$rdmux[0][5][27]$b$220 [4] $memory$auto$proc_rom.cc:155:do_switch$3$rdmux[0][5][27]$b$220 [4] $memory$auto$proc_rom.cc:155:do_switch$3$rdmux[0][5][27]$b$220 [2] }
    Consolidated identical input bits for $mux cell $memory$auto$proc_rom.cc:155:do_switch$3$rdmux[0][6][54]$395:
      Old ports: A=$memory$auto$proc_rom.cc:155:do_switch$3$rdmux[0][6][54]$a$396, B=$memory$auto$proc_rom.cc:155:do_switch$3$rdmux[0][6][54]$b$397, Y=$memory$auto$proc_rom.cc:155:do_switch$3$rdmux[0][5][27]$a$219
      New ports: A={ $memory$auto$proc_rom.cc:155:do_switch$3$rdmux[0][6][54]$a$396 [14] $memory$auto$proc_rom.cc:155:do_switch$3$rdmux[0][6][54]$a$396 [14] $memory$auto$proc_rom.cc:155:do_switch$3$rdmux[0][6][54]$a$396 [14] 1'1 $memory$auto$proc_rom.cc:155:do_switch$3$rdmux[0][6][54]$a$396 [0] $memory$auto$proc_rom.cc:155:do_switch$3$rdmux[0][6][54]$a$396 [0] 2'00 $memory$auto$proc_rom.cc:155:do_switch$3$rdmux[0][6][54]$a$396 [0] 2'01 $memory$auto$proc_rom.cc:155:do_switch$3$rdmux[0][6][54]$a$396 [0] }, B={ $memory$auto$proc_rom.cc:155:do_switch$3$rdmux[0][6][54]$b$397 [0] $memory$auto$proc_rom.cc:155:do_switch$3$rdmux[0][6][54]$b$397 [1] 2'10 $memory$auto$proc_rom.cc:155:do_switch$3$rdmux[0][6][54]$b$397 [1] 1'1 $memory$auto$proc_rom.cc:155:do_switch$3$rdmux[0][6][54]$b$397 [0] 2'10 $memory$auto$proc_rom.cc:155:do_switch$3$rdmux[0][6][54]$b$397 [1] $memory$auto$proc_rom.cc:155:do_switch$3$rdmux[0][6][54]$b$397 [1:0] }, Y={ $memory$auto$proc_rom.cc:155:do_switch$3$rdmux[0][5][27]$a$219 [21] $memory$auto$proc_rom.cc:155:do_switch$3$rdmux[0][5][27]$a$219 [15:13] $memory$auto$proc_rom.cc:155:do_switch$3$rdmux[0][5][27]$a$219 [11] $memory$auto$proc_rom.cc:155:do_switch$3$rdmux[0][5][27]$a$219 [7:5] $memory$auto$proc_rom.cc:155:do_switch$3$rdmux[0][5][27]$a$219 [3:0] }
      New connections: { $memory$auto$proc_rom.cc:155:do_switch$3$rdmux[0][5][27]$a$219 [31:22] $memory$auto$proc_rom.cc:155:do_switch$3$rdmux[0][5][27]$a$219 [20:16] $memory$auto$proc_rom.cc:155:do_switch$3$rdmux[0][5][27]$a$219 [12] $memory$auto$proc_rom.cc:155:do_switch$3$rdmux[0][5][27]$a$219 [10:8] $memory$auto$proc_rom.cc:155:do_switch$3$rdmux[0][5][27]$a$219 [4] } = { 1'1 $memory$auto$proc_rom.cc:155:do_switch$3$rdmux[0][5][27]$a$219 [3] $memory$auto$proc_rom.cc:155:do_switch$3$rdmux[0][5][27]$a$219 [13] $memory$auto$proc_rom.cc:155:do_switch$3$rdmux[0][5][27]$a$219 [15] 1'1 $memory$auto$proc_rom.cc:155:do_switch$3$rdmux[0][5][27]$a$219 [2] $memory$auto$proc_rom.cc:155:do_switch$3$rdmux[0][5][27]$a$219 [11] $memory$auto$proc_rom.cc:155:do_switch$3$rdmux[0][5][27]$a$219 [21] $memory$auto$proc_rom.cc:155:do_switch$3$rdmux[0][5][27]$a$219 [0] 1'0 $memory$auto$proc_rom.cc:155:do_switch$3$rdmux[0][5][27]$a$219 [13] $memory$auto$proc_rom.cc:155:do_switch$3$rdmux[0][5][27]$a$219 [15] $memory$auto$proc_rom.cc:155:do_switch$3$rdmux[0][5][27]$a$219 [6] 3'101 $memory$auto$proc_rom.cc:155:do_switch$3$rdmux[0][5][27]$a$219 [5] 1'1 $memory$auto$proc_rom.cc:155:do_switch$3$rdmux[0][5][27]$a$219 [3] $memory$auto$proc_rom.cc:155:do_switch$3$rdmux[0][5][27]$a$219 [1] }
    Consolidated identical input bits for $mux cell $memory$auto$proc_rom.cc:155:do_switch$3$rdmux[0][6][53]$392:
      Old ports: A=$memory$auto$proc_rom.cc:155:do_switch$3$rdmux[0][6][53]$a$393, B=$memory$auto$proc_rom.cc:155:do_switch$3$rdmux[0][6][53]$b$394, Y=$memory$auto$proc_rom.cc:155:do_switch$3$rdmux[0][5][26]$b$217
      New ports: A={ $memory$auto$proc_rom.cc:155:do_switch$3$rdmux[0][6][53]$a$393 [3] $memory$auto$proc_rom.cc:155:do_switch$3$rdmux[0][6][53]$a$393 [5] $memory$auto$proc_rom.cc:155:do_switch$3$rdmux[0][6][53]$a$393 [3] $memory$auto$proc_rom.cc:155:do_switch$3$rdmux[0][6][53]$a$393 [5] 3'000 $memory$auto$proc_rom.cc:155:do_switch$3$rdmux[0][6][53]$a$393 [5] 1'1 $memory$auto$proc_rom.cc:155:do_switch$3$rdmux[0][6][53]$a$393 [5] $memory$auto$proc_rom.cc:155:do_switch$3$rdmux[0][6][53]$a$393 [3] 2'11 }, B={ $memory$auto$proc_rom.cc:155:do_switch$3$rdmux[0][6][53]$b$394 [1] $memory$auto$proc_rom.cc:155:do_switch$3$rdmux[0][6][53]$b$394 [1] $memory$auto$proc_rom.cc:155:do_switch$3$rdmux[0][6][53]$b$394 [5] 1'1 $memory$auto$proc_rom.cc:155:do_switch$3$rdmux[0][6][53]$b$394 [5] $memory$auto$proc_rom.cc:155:do_switch$3$rdmux[0][6][53]$b$394 [1] 2'10 $memory$auto$proc_rom.cc:155:do_switch$3$rdmux[0][6][53]$b$394 [5] $memory$auto$proc_rom.cc:155:do_switch$3$rdmux[0][6][53]$b$394 [5] 1'1 $memory$auto$proc_rom.cc:155:do_switch$3$rdmux[0][6][53]$b$394 [1] 1'0 }, Y={ $memory$auto$proc_rom.cc:155:do_switch$3$rdmux[0][5][26]$b$217 [26:25] $memory$auto$proc_rom.cc:155:do_switch$3$rdmux[0][5][26]$b$217 [22] $memory$auto$proc_rom.cc:155:do_switch$3$rdmux[0][5][26]$b$217 [20] $memory$auto$proc_rom.cc:155:do_switch$3$rdmux[0][5][26]$b$217 [16] $memory$auto$proc_rom.cc:155:do_switch$3$rdmux[0][5][26]$b$217 [14] $memory$auto$proc_rom.cc:155:do_switch$3$rdmux[0][5][26]$b$217 [10] $memory$auto$proc_rom.cc:155:do_switch$3$rdmux[0][5][26]$b$217 [7:5] $memory$auto$proc_rom.cc:155:do_switch$3$rdmux[0][5][26]$b$217 [3] $memory$auto$proc_rom.cc:155:do_switch$3$rdmux[0][5][26]$b$217 [1:0] }
      New connections: { $memory$auto$proc_rom.cc:155:do_switch$3$rdmux[0][5][26]$b$217 [31:27] $memory$auto$proc_rom.cc:155:do_switch$3$rdmux[0][5][26]$b$217 [24:23] $memory$auto$proc_rom.cc:155:do_switch$3$rdmux[0][5][26]$b$217 [21] $memory$auto$proc_rom.cc:155:do_switch$3$rdmux[0][5][26]$b$217 [19:17] $memory$auto$proc_rom.cc:155:do_switch$3$rdmux[0][5][26]$b$217 [15] $memory$auto$proc_rom.cc:155:do_switch$3$rdmux[0][5][26]$b$217 [13:11] $memory$auto$proc_rom.cc:155:do_switch$3$rdmux[0][5][26]$b$217 [9:8] $memory$auto$proc_rom.cc:155:do_switch$3$rdmux[0][5][26]$b$217 [4] $memory$auto$proc_rom.cc:155:do_switch$3$rdmux[0][5][26]$b$217 [2] } = { $memory$auto$proc_rom.cc:155:do_switch$3$rdmux[0][5][26]$b$217 [14] $memory$auto$proc_rom.cc:155:do_switch$3$rdmux[0][5][26]$b$217 [7] $memory$auto$proc_rom.cc:155:do_switch$3$rdmux[0][5][26]$b$217 [3] $memory$auto$proc_rom.cc:155:do_switch$3$rdmux[0][5][26]$b$217 [26:25] $memory$auto$proc_rom.cc:155:do_switch$3$rdmux[0][5][26]$b$217 [14] 1'1 $memory$auto$proc_rom.cc:155:do_switch$3$rdmux[0][5][26]$b$217 [14] $memory$auto$proc_rom.cc:155:do_switch$3$rdmux[0][5][26]$b$217 [7:6] 1'1 $memory$auto$proc_rom.cc:155:do_switch$3$rdmux[0][5][26]$b$217 [14] $memory$auto$proc_rom.cc:155:do_switch$3$rdmux[0][5][26]$b$217 [3] $memory$auto$proc_rom.cc:155:do_switch$3$rdmux[0][5][26]$b$217 [0] $memory$auto$proc_rom.cc:155:do_switch$3$rdmux[0][5][26]$b$217 [10] $memory$auto$proc_rom.cc:155:do_switch$3$rdmux[0][5][26]$b$217 [5] 1'0 $memory$auto$proc_rom.cc:155:do_switch$3$rdmux[0][5][26]$b$217 [0] $memory$auto$proc_rom.cc:155:do_switch$3$rdmux[0][5][26]$b$217 [0] }
    Consolidated identical input bits for $mux cell $memory$auto$proc_rom.cc:155:do_switch$3$rdmux[0][6][52]$389:
      Old ports: A=$memory$auto$proc_rom.cc:155:do_switch$3$rdmux[0][6][52]$a$390, B=$memory$auto$proc_rom.cc:155:do_switch$3$rdmux[0][6][52]$b$391, Y=$memory$auto$proc_rom.cc:155:do_switch$3$rdmux[0][5][26]$a$216
      New ports: A={ $memory$auto$proc_rom.cc:155:do_switch$3$rdmux[0][6][52]$a$390 [1] 1'0 $memory$auto$proc_rom.cc:155:do_switch$3$rdmux[0][6][52]$a$390 [3] $memory$auto$proc_rom.cc:155:do_switch$3$rdmux[0][6][52]$a$390 [3] 1'0 $memory$auto$proc_rom.cc:155:do_switch$3$rdmux[0][6][52]$a$390 [1] $memory$auto$proc_rom.cc:155:do_switch$3$rdmux[0][6][52]$a$390 [3] 2'11 $memory$auto$proc_rom.cc:155:do_switch$3$rdmux[0][6][52]$a$390 [3] 1'1 $memory$auto$proc_rom.cc:155:do_switch$3$rdmux[0][6][52]$a$390 [1] 1'0 }, B={ $memory$auto$proc_rom.cc:155:do_switch$3$rdmux[0][6][52]$b$391 [2] $memory$auto$proc_rom.cc:155:do_switch$3$rdmux[0][6][52]$b$391 [2] 1'0 $memory$auto$proc_rom.cc:155:do_switch$3$rdmux[0][6][52]$b$391 [6] $memory$auto$proc_rom.cc:155:do_switch$3$rdmux[0][6][52]$b$391 [6] 2'01 $memory$auto$proc_rom.cc:155:do_switch$3$rdmux[0][6][52]$b$391 [6] 1'0 $memory$auto$proc_rom.cc:155:do_switch$3$rdmux[0][6][52]$b$391 [2] $memory$auto$proc_rom.cc:155:do_switch$3$rdmux[0][6][52]$b$391 [2] 2'11 }, Y={ $memory$auto$proc_rom.cc:155:do_switch$3$rdmux[0][5][26]$a$216 [26] $memory$auto$proc_rom.cc:155:do_switch$3$rdmux[0][5][26]$a$216 [18:17] $memory$auto$proc_rom.cc:155:do_switch$3$rdmux[0][5][26]$a$216 [15] $memory$auto$proc_rom.cc:155:do_switch$3$rdmux[0][5][26]$a$216 [13] $memory$auto$proc_rom.cc:155:do_switch$3$rdmux[0][5][26]$a$216 [8:5] $memory$auto$proc_rom.cc:155:do_switch$3$rdmux[0][5][26]$a$216 [3:0] }
      New connections: { $memory$auto$proc_rom.cc:155:do_switch$3$rdmux[0][5][26]$a$216 [31:27] $memory$auto$proc_rom.cc:155:do_switch$3$rdmux[0][5][26]$a$216 [25:19] $memory$auto$proc_rom.cc:155:do_switch$3$rdmux[0][5][26]$a$216 [16] $memory$auto$proc_rom.cc:155:do_switch$3$rdmux[0][5][26]$a$216 [14] $memory$auto$proc_rom.cc:155:do_switch$3$rdmux[0][5][26]$a$216 [12:9] $memory$auto$proc_rom.cc:155:do_switch$3$rdmux[0][5][26]$a$216 [4] } = { $memory$auto$proc_rom.cc:155:do_switch$3$rdmux[0][5][26]$a$216 [17] $memory$auto$proc_rom.cc:155:do_switch$3$rdmux[0][5][26]$a$216 [5] $memory$auto$proc_rom.cc:155:do_switch$3$rdmux[0][5][26]$a$216 [7] $memory$auto$proc_rom.cc:155:do_switch$3$rdmux[0][5][26]$a$216 [13] 1'0 $memory$auto$proc_rom.cc:155:do_switch$3$rdmux[0][5][26]$a$216 [2] $memory$auto$proc_rom.cc:155:do_switch$3$rdmux[0][5][26]$a$216 [5] $memory$auto$proc_rom.cc:155:do_switch$3$rdmux[0][5][26]$a$216 [7:6] 1'1 $memory$auto$proc_rom.cc:155:do_switch$3$rdmux[0][5][26]$a$216 [17] $memory$auto$proc_rom.cc:155:do_switch$3$rdmux[0][5][26]$a$216 [7] $memory$auto$proc_rom.cc:155:do_switch$3$rdmux[0][5][26]$a$216 [2] $memory$auto$proc_rom.cc:155:do_switch$3$rdmux[0][5][26]$a$216 [3:2] 1'1 $memory$auto$proc_rom.cc:155:do_switch$3$rdmux[0][5][26]$a$216 [6] $memory$auto$proc_rom.cc:155:do_switch$3$rdmux[0][5][26]$a$216 [3] $memory$auto$proc_rom.cc:155:do_switch$3$rdmux[0][5][26]$a$216 [1] }
    Consolidated identical input bits for $mux cell $memory$auto$proc_rom.cc:155:do_switch$3$rdmux[0][6][51]$386:
      Old ports: A=$memory$auto$proc_rom.cc:155:do_switch$3$rdmux[0][6][51]$a$387, B=$memory$auto$proc_rom.cc:155:do_switch$3$rdmux[0][6][51]$b$388, Y=$memory$auto$proc_rom.cc:155:do_switch$3$rdmux[0][5][25]$b$214
      New ports: A={ 1'1 $memory$auto$proc_rom.cc:155:do_switch$3$rdmux[0][6][51]$a$387 [0] $memory$auto$proc_rom.cc:155:do_switch$3$rdmux[0][6][51]$a$387 [5] 1'0 $memory$auto$proc_rom.cc:155:do_switch$3$rdmux[0][6][51]$a$387 [5] 1'0 $memory$auto$proc_rom.cc:155:do_switch$3$rdmux[0][6][51]$a$387 [0] 1'0 $memory$auto$proc_rom.cc:155:do_switch$3$rdmux[0][6][51]$a$387 [5] 1'1 $memory$auto$proc_rom.cc:155:do_switch$3$rdmux[0][6][51]$a$387 [0] $memory$auto$proc_rom.cc:155:do_switch$3$rdmux[0][6][51]$a$387 [0] }, B={ $memory$auto$proc_rom.cc:155:do_switch$3$rdmux[0][6][51]$b$388 [5] $memory$auto$proc_rom.cc:155:do_switch$3$rdmux[0][6][51]$b$388 [5:4] $memory$auto$proc_rom.cc:155:do_switch$3$rdmux[0][6][51]$b$388 [4] 1'1 $memory$auto$proc_rom.cc:155:do_switch$3$rdmux[0][6][51]$b$388 [5:4] 1'1 $memory$auto$proc_rom.cc:155:do_switch$3$rdmux[0][6][51]$b$388 [5:4] 2'01 }, Y={ $memory$auto$proc_rom.cc:155:do_switch$3$rdmux[0][5][25]$b$214 [28] $memory$auto$proc_rom.cc:155:do_switch$3$rdmux[0][5][25]$b$214 [22] $memory$auto$proc_rom.cc:155:do_switch$3$rdmux[0][5][25]$b$214 [19:18] $memory$auto$proc_rom.cc:155:do_switch$3$rdmux[0][5][25]$b$214 [13:12] $memory$auto$proc_rom.cc:155:do_switch$3$rdmux[0][5][25]$b$214 [10] $memory$auto$proc_rom.cc:155:do_switch$3$rdmux[0][5][25]$b$214 [6:3] $memory$auto$proc_rom.cc:155:do_switch$3$rdmux[0][5][25]$b$214 [0] }
      New connections: { $memory$auto$proc_rom.cc:155:do_switch$3$rdmux[0][5][25]$b$214 [31:29] $memory$auto$proc_rom.cc:155:do_switch$3$rdmux[0][5][25]$b$214 [27:23] $memory$auto$proc_rom.cc:155:do_switch$3$rdmux[0][5][25]$b$214 [21:20] $memory$auto$proc_rom.cc:155:do_switch$3$rdmux[0][5][25]$b$214 [17:14] $memory$auto$proc_rom.cc:155:do_switch$3$rdmux[0][5][25]$b$214 [11] $memory$auto$proc_rom.cc:155:do_switch$3$rdmux[0][5][25]$b$214 [9:7] $memory$auto$proc_rom.cc:155:do_switch$3$rdmux[0][5][25]$b$214 [2:1] } = { $memory$auto$proc_rom.cc:155:do_switch$3$rdmux[0][5][25]$b$214 [0] $memory$auto$proc_rom.cc:155:do_switch$3$rdmux[0][5][25]$b$214 [6] 2'10 $memory$auto$proc_rom.cc:155:do_switch$3$rdmux[0][5][25]$b$214 [4] 1'0 $memory$auto$proc_rom.cc:155:do_switch$3$rdmux[0][5][25]$b$214 [10] $memory$auto$proc_rom.cc:155:do_switch$3$rdmux[0][5][25]$b$214 [0] $memory$auto$proc_rom.cc:155:do_switch$3$rdmux[0][5][25]$b$214 [12] $memory$auto$proc_rom.cc:155:do_switch$3$rdmux[0][5][25]$b$214 [0] $memory$auto$proc_rom.cc:155:do_switch$3$rdmux[0][5][25]$b$214 [4] $memory$auto$proc_rom.cc:155:do_switch$3$rdmux[0][5][25]$b$214 [12] $memory$auto$proc_rom.cc:155:do_switch$3$rdmux[0][5][25]$b$214 [13:12] $memory$auto$proc_rom.cc:155:do_switch$3$rdmux[0][5][25]$b$214 [5] $memory$auto$proc_rom.cc:155:do_switch$3$rdmux[0][5][25]$b$214 [0] 1'0 $memory$auto$proc_rom.cc:155:do_switch$3$rdmux[0][5][25]$b$214 [5] $memory$auto$proc_rom.cc:155:do_switch$3$rdmux[0][5][25]$b$214 [0] 1'1 }
    Consolidated identical input bits for $mux cell $memory$auto$proc_rom.cc:155:do_switch$3$rdmux[0][6][50]$383:
      Old ports: A=$memory$auto$proc_rom.cc:155:do_switch$3$rdmux[0][6][50]$a$384, B=$memory$auto$proc_rom.cc:155:do_switch$3$rdmux[0][6][50]$b$385, Y=$memory$auto$proc_rom.cc:155:do_switch$3$rdmux[0][5][25]$a$213
      New ports: A={ $memory$auto$proc_rom.cc:155:do_switch$3$rdmux[0][6][50]$a$384 [14] $memory$auto$proc_rom.cc:155:do_switch$3$rdmux[0][6][50]$a$384 [14] $memory$auto$proc_rom.cc:155:do_switch$3$rdmux[0][6][50]$a$384 [0] $memory$auto$proc_rom.cc:155:do_switch$3$rdmux[0][6][50]$a$384 [14] 5'00110 $memory$auto$proc_rom.cc:155:do_switch$3$rdmux[0][6][50]$a$384 [0] 1'1 $memory$auto$proc_rom.cc:155:do_switch$3$rdmux[0][6][50]$a$384 [0] }, B={ $memory$auto$proc_rom.cc:155:do_switch$3$rdmux[0][6][50]$b$385 [0] $memory$auto$proc_rom.cc:155:do_switch$3$rdmux[0][6][50]$b$385 [4] $memory$auto$proc_rom.cc:155:do_switch$3$rdmux[0][6][50]$b$385 [4] 1'1 $memory$auto$proc_rom.cc:155:do_switch$3$rdmux[0][6][50]$b$385 [0] 1'1 $memory$auto$proc_rom.cc:155:do_switch$3$rdmux[0][6][50]$b$385 [4] 1'0 $memory$auto$proc_rom.cc:155:do_switch$3$rdmux[0][6][50]$b$385 [4] 1'1 $memory$auto$proc_rom.cc:155:do_switch$3$rdmux[0][6][50]$b$385 [0] $memory$auto$proc_rom.cc:155:do_switch$3$rdmux[0][6][50]$b$385 [0] }, Y={ $memory$auto$proc_rom.cc:155:do_switch$3$rdmux[0][5][25]$a$213 [28] $memory$auto$proc_rom.cc:155:do_switch$3$rdmux[0][5][25]$a$213 [24:23] $memory$auto$proc_rom.cc:155:do_switch$3$rdmux[0][5][25]$a$213 [14] $memory$auto$proc_rom.cc:155:do_switch$3$rdmux[0][5][25]$a$213 [12:11] $memory$auto$proc_rom.cc:155:do_switch$3$rdmux[0][5][25]$a$213 [9:8] $memory$auto$proc_rom.cc:155:do_switch$3$rdmux[0][5][25]$a$213 [4:3] $memory$auto$proc_rom.cc:155:do_switch$3$rdmux[0][5][25]$a$213 [1:0] }
      New connections: { $memory$auto$proc_rom.cc:155:do_switch$3$rdmux[0][5][25]$a$213 [31:29] $memory$auto$proc_rom.cc:155:do_switch$3$rdmux[0][5][25]$a$213 [27:25] $memory$auto$proc_rom.cc:155:do_switch$3$rdmux[0][5][25]$a$213 [22:15] $memory$auto$proc_rom.cc:155:do_switch$3$rdmux[0][5][25]$a$213 [13] $memory$auto$proc_rom.cc:155:do_switch$3$rdmux[0][5][25]$a$213 [10] $memory$auto$proc_rom.cc:155:do_switch$3$rdmux[0][5][25]$a$213 [7:5] $memory$auto$proc_rom.cc:155:do_switch$3$rdmux[0][5][25]$a$213 [2] } = { $memory$auto$proc_rom.cc:155:do_switch$3$rdmux[0][5][25]$a$213 [14] $memory$auto$proc_rom.cc:155:do_switch$3$rdmux[0][5][25]$a$213 [3] $memory$auto$proc_rom.cc:155:do_switch$3$rdmux[0][5][25]$a$213 [3] $memory$auto$proc_rom.cc:155:do_switch$3$rdmux[0][5][25]$a$213 [9] $memory$auto$proc_rom.cc:155:do_switch$3$rdmux[0][5][25]$a$213 [23] $memory$auto$proc_rom.cc:155:do_switch$3$rdmux[0][5][25]$a$213 [12] $memory$auto$proc_rom.cc:155:do_switch$3$rdmux[0][5][25]$a$213 [1] $memory$auto$proc_rom.cc:155:do_switch$3$rdmux[0][5][25]$a$213 [9] 1'0 $memory$auto$proc_rom.cc:155:do_switch$3$rdmux[0][5][25]$a$213 [4] $memory$auto$proc_rom.cc:155:do_switch$3$rdmux[0][5][25]$a$213 [8] $memory$auto$proc_rom.cc:155:do_switch$3$rdmux[0][5][25]$a$213 [3] $memory$auto$proc_rom.cc:155:do_switch$3$rdmux[0][5][25]$a$213 [0] $memory$auto$proc_rom.cc:155:do_switch$3$rdmux[0][5][25]$a$213 [8] $memory$auto$proc_rom.cc:155:do_switch$3$rdmux[0][5][25]$a$213 [12] $memory$auto$proc_rom.cc:155:do_switch$3$rdmux[0][5][25]$a$213 [3] 1'1 $memory$auto$proc_rom.cc:155:do_switch$3$rdmux[0][5][25]$a$213 [4] $memory$auto$proc_rom.cc:155:do_switch$3$rdmux[0][5][25]$a$213 [1] 1'1 }
    Consolidated identical input bits for $mux cell $memory$auto$proc_rom.cc:155:do_switch$3$rdmux[0][6][49]$380:
      Old ports: A=$memory$auto$proc_rom.cc:155:do_switch$3$rdmux[0][6][49]$a$381, B=$memory$auto$proc_rom.cc:155:do_switch$3$rdmux[0][6][49]$b$382, Y=$memory$auto$proc_rom.cc:155:do_switch$3$rdmux[0][5][24]$b$211
      New ports: A={ $memory$auto$proc_rom.cc:155:do_switch$3$rdmux[0][6][49]$a$381 [2] $memory$auto$proc_rom.cc:155:do_switch$3$rdmux[0][6][49]$a$381 [16] $memory$auto$proc_rom.cc:155:do_switch$3$rdmux[0][6][49]$a$381 [16] 1'0 $memory$auto$proc_rom.cc:155:do_switch$3$rdmux[0][6][49]$a$381 [2] 2'11 $memory$auto$proc_rom.cc:155:do_switch$3$rdmux[0][6][49]$a$381 [2] 1'0 $memory$auto$proc_rom.cc:155:do_switch$3$rdmux[0][6][49]$a$381 [2] 1'1 }, B={ $memory$auto$proc_rom.cc:155:do_switch$3$rdmux[0][6][49]$b$382 [9] 1'1 $memory$auto$proc_rom.cc:155:do_switch$3$rdmux[0][6][49]$b$382 [4] $memory$auto$proc_rom.cc:155:do_switch$3$rdmux[0][6][49]$b$382 [9] 1'1 $memory$auto$proc_rom.cc:155:do_switch$3$rdmux[0][6][49]$b$382 [4] $memory$auto$proc_rom.cc:155:do_switch$3$rdmux[0][6][49]$b$382 [9] $memory$auto$proc_rom.cc:155:do_switch$3$rdmux[0][6][49]$b$382 [4] $memory$auto$proc_rom.cc:155:do_switch$3$rdmux[0][6][49]$b$382 [4] 2'00 }, Y={ $memory$auto$proc_rom.cc:155:do_switch$3$rdmux[0][5][24]$b$211 [19] $memory$auto$proc_rom.cc:155:do_switch$3$rdmux[0][5][24]$b$211 [17:15] $memory$auto$proc_rom.cc:155:do_switch$3$rdmux[0][5][24]$b$211 [12] $memory$auto$proc_rom.cc:155:do_switch$3$rdmux[0][5][24]$b$211 [10:9] $memory$auto$proc_rom.cc:155:do_switch$3$rdmux[0][5][24]$b$211 [5:4] $memory$auto$proc_rom.cc:155:do_switch$3$rdmux[0][5][24]$b$211 [2:1] }
      New connections: { $memory$auto$proc_rom.cc:155:do_switch$3$rdmux[0][5][24]$b$211 [31:20] $memory$auto$proc_rom.cc:155:do_switch$3$rdmux[0][5][24]$b$211 [18] $memory$auto$proc_rom.cc:155:do_switch$3$rdmux[0][5][24]$b$211 [14:13] $memory$auto$proc_rom.cc:155:do_switch$3$rdmux[0][5][24]$b$211 [11] $memory$auto$proc_rom.cc:155:do_switch$3$rdmux[0][5][24]$b$211 [8:6] $memory$auto$proc_rom.cc:155:do_switch$3$rdmux[0][5][24]$b$211 [3] $memory$auto$proc_rom.cc:155:do_switch$3$rdmux[0][5][24]$b$211 [0] } = { $memory$auto$proc_rom.cc:155:do_switch$3$rdmux[0][5][24]$b$211 [10] $memory$auto$proc_rom.cc:155:do_switch$3$rdmux[0][5][24]$b$211 [4] $memory$auto$proc_rom.cc:155:do_switch$3$rdmux[0][5][24]$b$211 [12] 1'0 $memory$auto$proc_rom.cc:155:do_switch$3$rdmux[0][5][24]$b$211 [1] $memory$auto$proc_rom.cc:155:do_switch$3$rdmux[0][5][24]$b$211 [15] $memory$auto$proc_rom.cc:155:do_switch$3$rdmux[0][5][24]$b$211 [10:9] $memory$auto$proc_rom.cc:155:do_switch$3$rdmux[0][5][24]$b$211 [10] 1'1 $memory$auto$proc_rom.cc:155:do_switch$3$rdmux[0][5][24]$b$211 [10] 1'0 $memory$auto$proc_rom.cc:155:do_switch$3$rdmux[0][5][24]$b$211 [10] $memory$auto$proc_rom.cc:155:do_switch$3$rdmux[0][5][24]$b$211 [5] $memory$auto$proc_rom.cc:155:do_switch$3$rdmux[0][5][24]$b$211 [10] $memory$auto$proc_rom.cc:155:do_switch$3$rdmux[0][5][24]$b$211 [1] 5'10111 }
    Consolidated identical input bits for $mux cell $memory$auto$proc_rom.cc:155:do_switch$3$rdmux[0][6][48]$377:
      Old ports: A=$memory$auto$proc_rom.cc:155:do_switch$3$rdmux[0][6][48]$a$378, B=$memory$auto$proc_rom.cc:155:do_switch$3$rdmux[0][6][48]$b$379, Y=$memory$auto$proc_rom.cc:155:do_switch$3$rdmux[0][5][24]$a$210
      New ports: A={ $memory$auto$proc_rom.cc:155:do_switch$3$rdmux[0][6][48]$a$378 [3] $memory$auto$proc_rom.cc:155:do_switch$3$rdmux[0][6][48]$a$378 [1] $memory$auto$proc_rom.cc:155:do_switch$3$rdmux[0][6][48]$a$378 [3] $memory$auto$proc_rom.cc:155:do_switch$3$rdmux[0][6][48]$a$378 [1] 1'0 $memory$auto$proc_rom.cc:155:do_switch$3$rdmux[0][6][48]$a$378 [3] $memory$auto$proc_rom.cc:155:do_switch$3$rdmux[0][6][48]$a$378 [1] 3'110 $memory$auto$proc_rom.cc:155:do_switch$3$rdmux[0][6][48]$a$378 [3] $memory$auto$proc_rom.cc:155:do_switch$3$rdmux[0][6][48]$a$378 [1] 1'1 }, B={ 1'0 $memory$auto$proc_rom.cc:155:do_switch$3$rdmux[0][6][48]$b$379 [7] 2'11 $memory$auto$proc_rom.cc:155:do_switch$3$rdmux[0][6][48]$b$379 [7] $memory$auto$proc_rom.cc:155:do_switch$3$rdmux[0][6][48]$b$379 [7] 1'0 $memory$auto$proc_rom.cc:155:do_switch$3$rdmux[0][6][48]$b$379 [7] 2'01 $memory$auto$proc_rom.cc:155:do_switch$3$rdmux[0][6][48]$b$379 [0] $memory$auto$proc_rom.cc:155:do_switch$3$rdmux[0][6][48]$b$379 [0] $memory$auto$proc_rom.cc:155:do_switch$3$rdmux[0][6][48]$b$379 [0] }, Y={ $memory$auto$proc_rom.cc:155:do_switch$3$rdmux[0][5][24]$a$210 [30] $memory$auto$proc_rom.cc:155:do_switch$3$rdmux[0][5][24]$a$210 [17] $memory$auto$proc_rom.cc:155:do_switch$3$rdmux[0][5][24]$a$210 [14] $memory$auto$proc_rom.cc:155:do_switch$3$rdmux[0][5][24]$a$210 [12] $memory$auto$proc_rom.cc:155:do_switch$3$rdmux[0][5][24]$a$210 [10:7] $memory$auto$proc_rom.cc:155:do_switch$3$rdmux[0][5][24]$a$210 [5:3] $memory$auto$proc_rom.cc:155:do_switch$3$rdmux[0][5][24]$a$210 [1:0] }
      New connections: { $memory$auto$proc_rom.cc:155:do_switch$3$rdmux[0][5][24]$a$210 [31] $memory$auto$proc_rom.cc:155:do_switch$3$rdmux[0][5][24]$a$210 [29:18] $memory$auto$proc_rom.cc:155:do_switch$3$rdmux[0][5][24]$a$210 [16:15] $memory$auto$proc_rom.cc:155:do_switch$3$rdmux[0][5][24]$a$210 [13] $memory$auto$proc_rom.cc:155:do_switch$3$rdmux[0][5][24]$a$210 [11] $memory$auto$proc_rom.cc:155:do_switch$3$rdmux[0][5][24]$a$210 [6] $memory$auto$proc_rom.cc:155:do_switch$3$rdmux[0][5][24]$a$210 [2] } = { $memory$auto$proc_rom.cc:155:do_switch$3$rdmux[0][5][24]$a$210 [1] $memory$auto$proc_rom.cc:155:do_switch$3$rdmux[0][5][24]$a$210 [14] $memory$auto$proc_rom.cc:155:do_switch$3$rdmux[0][5][24]$a$210 [10] $memory$auto$proc_rom.cc:155:do_switch$3$rdmux[0][5][24]$a$210 [12] $memory$auto$proc_rom.cc:155:do_switch$3$rdmux[0][5][24]$a$210 [12] $memory$auto$proc_rom.cc:155:do_switch$3$rdmux[0][5][24]$a$210 [3] $memory$auto$proc_rom.cc:155:do_switch$3$rdmux[0][5][24]$a$210 [1] $memory$auto$proc_rom.cc:155:do_switch$3$rdmux[0][5][24]$a$210 [9] $memory$auto$proc_rom.cc:155:do_switch$3$rdmux[0][5][24]$a$210 [17] $memory$auto$proc_rom.cc:155:do_switch$3$rdmux[0][5][24]$a$210 [1] $memory$auto$proc_rom.cc:155:do_switch$3$rdmux[0][5][24]$a$210 [8] $memory$auto$proc_rom.cc:155:do_switch$3$rdmux[0][5][24]$a$210 [8] $memory$auto$proc_rom.cc:155:do_switch$3$rdmux[0][5][24]$a$210 [10] 1'1 $memory$auto$proc_rom.cc:155:do_switch$3$rdmux[0][5][24]$a$210 [7] $memory$auto$proc_rom.cc:155:do_switch$3$rdmux[0][5][24]$a$210 [7] $memory$auto$proc_rom.cc:155:do_switch$3$rdmux[0][5][24]$a$210 [4] 2'10 }
    Consolidated identical input bits for $mux cell $memory$auto$proc_rom.cc:155:do_switch$3$rdmux[0][6][47]$374:
      Old ports: A=$memory$auto$proc_rom.cc:155:do_switch$3$rdmux[0][6][47]$a$375, B=$memory$auto$proc_rom.cc:155:do_switch$3$rdmux[0][6][47]$b$376, Y=$memory$auto$proc_rom.cc:155:do_switch$3$rdmux[0][5][23]$b$208
      New ports: A={ 1'0 $memory$auto$proc_rom.cc:155:do_switch$3$rdmux[0][6][47]$a$375 [5] $memory$auto$proc_rom.cc:155:do_switch$3$rdmux[0][6][47]$a$375 [5] $memory$auto$proc_rom.cc:155:do_switch$3$rdmux[0][6][47]$a$375 [1] 1'0 $memory$auto$proc_rom.cc:155:do_switch$3$rdmux[0][6][47]$a$375 [5] 1'1 $memory$auto$proc_rom.cc:155:do_switch$3$rdmux[0][6][47]$a$375 [5] $memory$auto$proc_rom.cc:155:do_switch$3$rdmux[0][6][47]$a$375 [1] $memory$auto$proc_rom.cc:155:do_switch$3$rdmux[0][6][47]$a$375 [1] 1'1 $memory$auto$proc_rom.cc:155:do_switch$3$rdmux[0][6][47]$a$375 [1] 1'0 }, B={ $memory$auto$proc_rom.cc:155:do_switch$3$rdmux[0][6][47]$b$376 [1] $memory$auto$proc_rom.cc:155:do_switch$3$rdmux[0][6][47]$b$376 [1] 2'01 $memory$auto$proc_rom.cc:155:do_switch$3$rdmux[0][6][47]$b$376 [3] $memory$auto$proc_rom.cc:155:do_switch$3$rdmux[0][6][47]$b$376 [3] 3'010 $memory$auto$proc_rom.cc:155:do_switch$3$rdmux[0][6][47]$b$376 [3] $memory$auto$proc_rom.cc:155:do_switch$3$rdmux[0][6][47]$b$376 [1] $memory$auto$proc_rom.cc:155:do_switch$3$rdmux[0][6][47]$b$376 [1] 1'1 }, Y={ $memory$auto$proc_rom.cc:155:do_switch$3$rdmux[0][5][23]$b$208 [25] $memory$auto$proc_rom.cc:155:do_switch$3$rdmux[0][5][23]$b$208 [21:20] $memory$auto$proc_rom.cc:155:do_switch$3$rdmux[0][5][23]$b$208 [17] $memory$auto$proc_rom.cc:155:do_switch$3$rdmux[0][5][23]$b$208 [11] $memory$auto$proc_rom.cc:155:do_switch$3$rdmux[0][5][23]$b$208 [9] $memory$auto$proc_rom.cc:155:do_switch$3$rdmux[0][5][23]$b$208 [7] $memory$auto$proc_rom.cc:155:do_switch$3$rdmux[0][5][23]$b$208 [5:0] }
      New connections: { $memory$auto$proc_rom.cc:155:do_switch$3$rdmux[0][5][23]$b$208 [31:26] $memory$auto$proc_rom.cc:155:do_switch$3$rdmux[0][5][23]$b$208 [24:22] $memory$auto$proc_rom.cc:155:do_switch$3$rdmux[0][5][23]$b$208 [19:18] $memory$auto$proc_rom.cc:155:do_switch$3$rdmux[0][5][23]$b$208 [16:12] $memory$auto$proc_rom.cc:155:do_switch$3$rdmux[0][5][23]$b$208 [10] $memory$auto$proc_rom.cc:155:do_switch$3$rdmux[0][5][23]$b$208 [8] $memory$auto$proc_rom.cc:155:do_switch$3$rdmux[0][5][23]$b$208 [6] } = { $memory$auto$proc_rom.cc:155:do_switch$3$rdmux[0][5][23]$b$208 [7] $memory$auto$proc_rom.cc:155:do_switch$3$rdmux[0][5][23]$b$208 [9] $memory$auto$proc_rom.cc:155:do_switch$3$rdmux[0][5][23]$b$208 [25] $memory$auto$proc_rom.cc:155:do_switch$3$rdmux[0][5][23]$b$208 [20] $memory$auto$proc_rom.cc:155:do_switch$3$rdmux[0][5][23]$b$208 [0] $memory$auto$proc_rom.cc:155:do_switch$3$rdmux[0][5][23]$b$208 [0] $memory$auto$proc_rom.cc:155:do_switch$3$rdmux[0][5][23]$b$208 [2] $memory$auto$proc_rom.cc:155:do_switch$3$rdmux[0][5][23]$b$208 [21] $memory$auto$proc_rom.cc:155:do_switch$3$rdmux[0][5][23]$b$208 [11] $memory$auto$proc_rom.cc:155:do_switch$3$rdmux[0][5][23]$b$208 [2] $memory$auto$proc_rom.cc:155:do_switch$3$rdmux[0][5][23]$b$208 [5] 1'0 $memory$auto$proc_rom.cc:155:do_switch$3$rdmux[0][5][23]$b$208 [11] $memory$auto$proc_rom.cc:155:do_switch$3$rdmux[0][5][23]$b$208 [1] 1'1 $memory$auto$proc_rom.cc:155:do_switch$3$rdmux[0][5][23]$b$208 [5] $memory$auto$proc_rom.cc:155:do_switch$3$rdmux[0][5][23]$b$208 [0] $memory$auto$proc_rom.cc:155:do_switch$3$rdmux[0][5][23]$b$208 [1] $memory$auto$proc_rom.cc:155:do_switch$3$rdmux[0][5][23]$b$208 [2] }
    Consolidated identical input bits for $mux cell $memory$auto$proc_rom.cc:155:do_switch$3$rdmux[0][6][46]$371:
      Old ports: A=$memory$auto$proc_rom.cc:155:do_switch$3$rdmux[0][6][46]$a$372, B=$memory$auto$proc_rom.cc:155:do_switch$3$rdmux[0][6][46]$b$373, Y=$memory$auto$proc_rom.cc:155:do_switch$3$rdmux[0][5][23]$a$207
      New ports: A={ 1'1 $memory$auto$proc_rom.cc:155:do_switch$3$rdmux[0][6][46]$a$372 [2] $memory$auto$proc_rom.cc:155:do_switch$3$rdmux[0][6][46]$a$372 [4] $memory$auto$proc_rom.cc:155:do_switch$3$rdmux[0][6][46]$a$372 [2] 1'1 $memory$auto$proc_rom.cc:155:do_switch$3$rdmux[0][6][46]$a$372 [4] $memory$auto$proc_rom.cc:155:do_switch$3$rdmux[0][6][46]$a$372 [4] 1'0 $memory$auto$proc_rom.cc:155:do_switch$3$rdmux[0][6][46]$a$372 [4] 1'1 $memory$auto$proc_rom.cc:155:do_switch$3$rdmux[0][6][46]$a$372 [2] 2'00 }, B={ 1'0 $memory$auto$proc_rom.cc:155:do_switch$3$rdmux[0][6][46]$b$373 [1:0] 1'0 $memory$auto$proc_rom.cc:155:do_switch$3$rdmux[0][6][46]$b$373 [1] 1'0 $memory$auto$proc_rom.cc:155:do_switch$3$rdmux[0][6][46]$b$373 [1] 2'11 $memory$auto$proc_rom.cc:155:do_switch$3$rdmux[0][6][46]$b$373 [0] $memory$auto$proc_rom.cc:155:do_switch$3$rdmux[0][6][46]$b$373 [0] $memory$auto$proc_rom.cc:155:do_switch$3$rdmux[0][6][46]$b$373 [1:0] }, Y={ $memory$auto$proc_rom.cc:155:do_switch$3$rdmux[0][5][23]$a$207 [29:27] $memory$auto$proc_rom.cc:155:do_switch$3$rdmux[0][5][23]$a$207 [20] $memory$auto$proc_rom.cc:155:do_switch$3$rdmux[0][5][23]$a$207 [15] $memory$auto$proc_rom.cc:155:do_switch$3$rdmux[0][5][23]$a$207 [11:10] $memory$auto$proc_rom.cc:155:do_switch$3$rdmux[0][5][23]$a$207 [5:0] }
      New connections: { $memory$auto$proc_rom.cc:155:do_switch$3$rdmux[0][5][23]$a$207 [31:30] $memory$auto$proc_rom.cc:155:do_switch$3$rdmux[0][5][23]$a$207 [26:21] $memory$auto$proc_rom.cc:155:do_switch$3$rdmux[0][5][23]$a$207 [19:16] $memory$auto$proc_rom.cc:155:do_switch$3$rdmux[0][5][23]$a$207 [14:12] $memory$auto$proc_rom.cc:155:do_switch$3$rdmux[0][5][23]$a$207 [9:6] } = { $memory$auto$proc_rom.cc:155:do_switch$3$rdmux[0][5][23]$a$207 [1] $memory$auto$proc_rom.cc:155:do_switch$3$rdmux[0][5][23]$a$207 [1] $memory$auto$proc_rom.cc:155:do_switch$3$rdmux[0][5][23]$a$207 [11] 1'1 $memory$auto$proc_rom.cc:155:do_switch$3$rdmux[0][5][23]$a$207 [2] $memory$auto$proc_rom.cc:155:do_switch$3$rdmux[0][5][23]$a$207 [2] $memory$auto$proc_rom.cc:155:do_switch$3$rdmux[0][5][23]$a$207 [20] $memory$auto$proc_rom.cc:155:do_switch$3$rdmux[0][5][23]$a$207 [5] 1'1 $memory$auto$proc_rom.cc:155:do_switch$3$rdmux[0][5][23]$a$207 [10] $memory$auto$proc_rom.cc:155:do_switch$3$rdmux[0][5][23]$a$207 [15] $memory$auto$proc_rom.cc:155:do_switch$3$rdmux[0][5][23]$a$207 [3] $memory$auto$proc_rom.cc:155:do_switch$3$rdmux[0][5][23]$a$207 [0] $memory$auto$proc_rom.cc:155:do_switch$3$rdmux[0][5][23]$a$207 [0] 1'0 $memory$auto$proc_rom.cc:155:do_switch$3$rdmux[0][5][23]$a$207 [0] 1'1 $memory$auto$proc_rom.cc:155:do_switch$3$rdmux[0][5][23]$a$207 [2] 1'1 }
    Consolidated identical input bits for $mux cell $memory$auto$proc_rom.cc:155:do_switch$3$rdmux[0][6][45]$368:
      Old ports: A=$memory$auto$proc_rom.cc:155:do_switch$3$rdmux[0][6][45]$a$369, B=$memory$auto$proc_rom.cc:155:do_switch$3$rdmux[0][6][45]$b$370, Y=$memory$auto$proc_rom.cc:155:do_switch$3$rdmux[0][5][22]$b$205
      New ports: A={ $memory$auto$proc_rom.cc:155:do_switch$3$rdmux[0][6][45]$a$369 [7] $memory$auto$proc_rom.cc:155:do_switch$3$rdmux[0][6][45]$a$369 [7] 1'1 $memory$auto$proc_rom.cc:155:do_switch$3$rdmux[0][6][45]$a$369 [7] 1'0 $memory$auto$proc_rom.cc:155:do_switch$3$rdmux[0][6][45]$a$369 [7] $memory$auto$proc_rom.cc:155:do_switch$3$rdmux[0][6][45]$a$369 [0] 1'1 $memory$auto$proc_rom.cc:155:do_switch$3$rdmux[0][6][45]$a$369 [0] 1'1 $memory$auto$proc_rom.cc:155:do_switch$3$rdmux[0][6][45]$a$369 [0] $memory$auto$proc_rom.cc:155:do_switch$3$rdmux[0][6][45]$a$369 [0] }, B={ 1'1 $memory$auto$proc_rom.cc:155:do_switch$3$rdmux[0][6][45]$b$370 [6] $memory$auto$proc_rom.cc:155:do_switch$3$rdmux[0][6][45]$b$370 [6] $memory$auto$proc_rom.cc:155:do_switch$3$rdmux[0][6][45]$b$370 [0] $memory$auto$proc_rom.cc:155:do_switch$3$rdmux[0][6][45]$b$370 [0] 1'0 $memory$auto$proc_rom.cc:155:do_switch$3$rdmux[0][6][45]$b$370 [6] 2'01 $memory$auto$proc_rom.cc:155:do_switch$3$rdmux[0][6][45]$b$370 [0] 1'0 $memory$auto$proc_rom.cc:155:do_switch$3$rdmux[0][6][45]$b$370 [0] }, Y={ $memory$auto$proc_rom.cc:155:do_switch$3$rdmux[0][5][22]$b$205 [28] $memory$auto$proc_rom.cc:155:do_switch$3$rdmux[0][5][22]$b$205 [20] $memory$auto$proc_rom.cc:155:do_switch$3$rdmux[0][5][22]$b$205 [15:14] $memory$auto$proc_rom.cc:155:do_switch$3$rdmux[0][5][22]$b$205 [10] $memory$auto$proc_rom.cc:155:do_switch$3$rdmux[0][5][22]$b$205 [7:6] $memory$auto$proc_rom.cc:155:do_switch$3$rdmux[0][5][22]$b$205 [4:0] }
      New connections: { $memory$auto$proc_rom.cc:155:do_switch$3$rdmux[0][5][22]$b$205 [31:29] $memory$auto$proc_rom.cc:155:do_switch$3$rdmux[0][5][22]$b$205 [27:21] $memory$auto$proc_rom.cc:155:do_switch$3$rdmux[0][5][22]$b$205 [19:16] $memory$auto$proc_rom.cc:155:do_switch$3$rdmux[0][5][22]$b$205 [13:11] $memory$auto$proc_rom.cc:155:do_switch$3$rdmux[0][5][22]$b$205 [9:8] $memory$auto$proc_rom.cc:155:do_switch$3$rdmux[0][5][22]$b$205 [5] } = { $memory$auto$proc_rom.cc:155:do_switch$3$rdmux[0][5][22]$b$205 [4] $memory$auto$proc_rom.cc:155:do_switch$3$rdmux[0][5][22]$b$205 [28] $memory$auto$proc_rom.cc:155:do_switch$3$rdmux[0][5][22]$b$205 [6] $memory$auto$proc_rom.cc:155:do_switch$3$rdmux[0][5][22]$b$205 [6] 1'1 $memory$auto$proc_rom.cc:155:do_switch$3$rdmux[0][5][22]$b$205 [6] $memory$auto$proc_rom.cc:155:do_switch$3$rdmux[0][5][22]$b$205 [4:3] $memory$auto$proc_rom.cc:155:do_switch$3$rdmux[0][5][22]$b$205 [4] $memory$auto$proc_rom.cc:155:do_switch$3$rdmux[0][5][22]$b$205 [6] $memory$auto$proc_rom.cc:155:do_switch$3$rdmux[0][5][22]$b$205 [1] $memory$auto$proc_rom.cc:155:do_switch$3$rdmux[0][5][22]$b$205 [6] $memory$auto$proc_rom.cc:155:do_switch$3$rdmux[0][5][22]$b$205 [3] $memory$auto$proc_rom.cc:155:do_switch$3$rdmux[0][5][22]$b$205 [4] $memory$auto$proc_rom.cc:155:do_switch$3$rdmux[0][5][22]$b$205 [1] 5'01101 }
    Consolidated identical input bits for $mux cell $memory$auto$proc_rom.cc:155:do_switch$3$rdmux[0][6][44]$365:
      Old ports: A=$memory$auto$proc_rom.cc:155:do_switch$3$rdmux[0][6][44]$a$366, B=$memory$auto$proc_rom.cc:155:do_switch$3$rdmux[0][6][44]$b$367, Y=$memory$auto$proc_rom.cc:155:do_switch$3$rdmux[0][5][22]$a$204
      New ports: A={ 1'0 $memory$auto$proc_rom.cc:155:do_switch$3$rdmux[0][6][44]$a$366 [11] $memory$auto$proc_rom.cc:155:do_switch$3$rdmux[0][6][44]$a$366 [11] $memory$auto$proc_rom.cc:155:do_switch$3$rdmux[0][6][44]$a$366 [11] $memory$auto$proc_rom.cc:155:do_switch$3$rdmux[0][6][44]$a$366 [0] $memory$auto$proc_rom.cc:155:do_switch$3$rdmux[0][6][44]$a$366 [0] 3'110 $memory$auto$proc_rom.cc:155:do_switch$3$rdmux[0][6][44]$a$366 [0] 1'1 $memory$auto$proc_rom.cc:155:do_switch$3$rdmux[0][6][44]$a$366 [0] }, B={ $memory$auto$proc_rom.cc:155:do_switch$3$rdmux[0][6][44]$b$367 [0] $memory$auto$proc_rom.cc:155:do_switch$3$rdmux[0][6][44]$b$367 [0] $memory$auto$proc_rom.cc:155:do_switch$3$rdmux[0][6][44]$b$367 [3] 4'1100 $memory$auto$proc_rom.cc:155:do_switch$3$rdmux[0][6][44]$b$367 [3] 1'1 $memory$auto$proc_rom.cc:155:do_switch$3$rdmux[0][6][44]$b$367 [3] $memory$auto$proc_rom.cc:155:do_switch$3$rdmux[0][6][44]$b$367 [0] $memory$auto$proc_rom.cc:155:do_switch$3$rdmux[0][6][44]$b$367 [0] }, Y={ $memory$auto$proc_rom.cc:155:do_switch$3$rdmux[0][5][22]$a$204 [23] $memory$auto$proc_rom.cc:155:do_switch$3$rdmux[0][5][22]$a$204 [19] $memory$auto$proc_rom.cc:155:do_switch$3$rdmux[0][5][22]$a$204 [13] $memory$auto$proc_rom.cc:155:do_switch$3$rdmux[0][5][22]$a$204 [11:10] $memory$auto$proc_rom.cc:155:do_switch$3$rdmux[0][5][22]$a$204 [8] $memory$auto$proc_rom.cc:155:do_switch$3$rdmux[0][5][22]$a$204 [6:3] $memory$auto$proc_rom.cc:155:do_switch$3$rdmux[0][5][22]$a$204 [1:0] }
      New connections: { $memory$auto$proc_rom.cc:155:do_switch$3$rdmux[0][5][22]$a$204 [31:24] $memory$auto$proc_rom.cc:155:do_switch$3$rdmux[0][5][22]$a$204 [22:20] $memory$auto$proc_rom.cc:155:do_switch$3$rdmux[0][5][22]$a$204 [18:14] $memory$auto$proc_rom.cc:155:do_switch$3$rdmux[0][5][22]$a$204 [12] $memory$auto$proc_rom.cc:155:do_switch$3$rdmux[0][5][22]$a$204 [9] $memory$auto$proc_rom.cc:155:do_switch$3$rdmux[0][5][22]$a$204 [7] $memory$auto$proc_rom.cc:155:do_switch$3$rdmux[0][5][22]$a$204 [2] } = { $memory$auto$proc_rom.cc:155:do_switch$3$rdmux[0][5][22]$a$204 [8] $memory$auto$proc_rom.cc:155:do_switch$3$rdmux[0][5][22]$a$204 [23] 1'0 $memory$auto$proc_rom.cc:155:do_switch$3$rdmux[0][5][22]$a$204 [23] $memory$auto$proc_rom.cc:155:do_switch$3$rdmux[0][5][22]$a$204 [13] $memory$auto$proc_rom.cc:155:do_switch$3$rdmux[0][5][22]$a$204 [13] $memory$auto$proc_rom.cc:155:do_switch$3$rdmux[0][5][22]$a$204 [23] 1'1 $memory$auto$proc_rom.cc:155:do_switch$3$rdmux[0][5][22]$a$204 [6] $memory$auto$proc_rom.cc:155:do_switch$3$rdmux[0][5][22]$a$204 [8] $memory$auto$proc_rom.cc:155:do_switch$3$rdmux[0][5][22]$a$204 [1] $memory$auto$proc_rom.cc:155:do_switch$3$rdmux[0][5][22]$a$204 [8] $memory$auto$proc_rom.cc:155:do_switch$3$rdmux[0][5][22]$a$204 [13] $memory$auto$proc_rom.cc:155:do_switch$3$rdmux[0][5][22]$a$204 [8] $memory$auto$proc_rom.cc:155:do_switch$3$rdmux[0][5][22]$a$204 [8] $memory$auto$proc_rom.cc:155:do_switch$3$rdmux[0][5][22]$a$204 [4] 1'1 $memory$auto$proc_rom.cc:155:do_switch$3$rdmux[0][5][22]$a$204 [6] 1'0 $memory$auto$proc_rom.cc:155:do_switch$3$rdmux[0][5][22]$a$204 [0] }
    Consolidated identical input bits for $mux cell $memory$auto$proc_rom.cc:155:do_switch$3$rdmux[0][6][43]$362:
      Old ports: A=$memory$auto$proc_rom.cc:155:do_switch$3$rdmux[0][6][43]$a$363, B=$memory$auto$proc_rom.cc:155:do_switch$3$rdmux[0][6][43]$b$364, Y=$memory$auto$proc_rom.cc:155:do_switch$3$rdmux[0][5][21]$b$202
      New ports: A={ 3'101 $memory$auto$proc_rom.cc:155:do_switch$3$rdmux[0][6][43]$a$363 [3] 2'10 $memory$auto$proc_rom.cc:155:do_switch$3$rdmux[0][6][43]$a$363 [1] $memory$auto$proc_rom.cc:155:do_switch$3$rdmux[0][6][43]$a$363 [1] $memory$auto$proc_rom.cc:155:do_switch$3$rdmux[0][6][43]$a$363 [3] 1'0 $memory$auto$proc_rom.cc:155:do_switch$3$rdmux[0][6][43]$a$363 [3] $memory$auto$proc_rom.cc:155:do_switch$3$rdmux[0][6][43]$a$363 [1] }, B={ $memory$auto$proc_rom.cc:155:do_switch$3$rdmux[0][6][43]$b$364 [6] $memory$auto$proc_rom.cc:155:do_switch$3$rdmux[0][6][43]$b$364 [6] 2'00 $memory$auto$proc_rom.cc:155:do_switch$3$rdmux[0][6][43]$b$364 [5] $memory$auto$proc_rom.cc:155:do_switch$3$rdmux[0][6][43]$b$364 [5] $memory$auto$proc_rom.cc:155:do_switch$3$rdmux[0][6][43]$b$364 [5] $memory$auto$proc_rom.cc:155:do_switch$3$rdmux[0][6][43]$b$364 [6:5] 3'110 }, Y={ $memory$auto$proc_rom.cc:155:do_switch$3$rdmux[0][5][21]$b$202 [29:28] $memory$auto$proc_rom.cc:155:do_switch$3$rdmux[0][5][21]$b$202 [24] $memory$auto$proc_rom.cc:155:do_switch$3$rdmux[0][5][21]$b$202 [21] $memory$auto$proc_rom.cc:155:do_switch$3$rdmux[0][5][21]$b$202 [16] $memory$auto$proc_rom.cc:155:do_switch$3$rdmux[0][5][21]$b$202 [10] $memory$auto$proc_rom.cc:155:do_switch$3$rdmux[0][5][21]$b$202 [7:3] $memory$auto$proc_rom.cc:155:do_switch$3$rdmux[0][5][21]$b$202 [1] }
      New connections: { $memory$auto$proc_rom.cc:155:do_switch$3$rdmux[0][5][21]$b$202 [31:30] $memory$auto$proc_rom.cc:155:do_switch$3$rdmux[0][5][21]$b$202 [27:25] $memory$auto$proc_rom.cc:155:do_switch$3$rdmux[0][5][21]$b$202 [23:22] $memory$auto$proc_rom.cc:155:do_switch$3$rdmux[0][5][21]$b$202 [20:17] $memory$auto$proc_rom.cc:155:do_switch$3$rdmux[0][5][21]$b$202 [15:11] $memory$auto$proc_rom.cc:155:do_switch$3$rdmux[0][5][21]$b$202 [9:8] $memory$auto$proc_rom.cc:155:do_switch$3$rdmux[0][5][21]$b$202 [2] $memory$auto$proc_rom.cc:155:do_switch$3$rdmux[0][5][21]$b$202 [0] } = { $memory$auto$proc_rom.cc:155:do_switch$3$rdmux[0][5][21]$b$202 [16] $memory$auto$proc_rom.cc:155:do_switch$3$rdmux[0][5][21]$b$202 [3] $memory$auto$proc_rom.cc:155:do_switch$3$rdmux[0][5][21]$b$202 [4] $memory$auto$proc_rom.cc:155:do_switch$3$rdmux[0][5][21]$b$202 [16] $memory$auto$proc_rom.cc:155:do_switch$3$rdmux[0][5][21]$b$202 [1] $memory$auto$proc_rom.cc:155:do_switch$3$rdmux[0][5][21]$b$202 [10] $memory$auto$proc_rom.cc:155:do_switch$3$rdmux[0][5][21]$b$202 [21] $memory$auto$proc_rom.cc:155:do_switch$3$rdmux[0][5][21]$b$202 [16] 2'10 $memory$auto$proc_rom.cc:155:do_switch$3$rdmux[0][5][21]$b$202 [5] $memory$auto$proc_rom.cc:155:do_switch$3$rdmux[0][5][21]$b$202 [1] $memory$auto$proc_rom.cc:155:do_switch$3$rdmux[0][5][21]$b$202 [6] $memory$auto$proc_rom.cc:155:do_switch$3$rdmux[0][5][21]$b$202 [1] $memory$auto$proc_rom.cc:155:do_switch$3$rdmux[0][5][21]$b$202 [6] $memory$auto$proc_rom.cc:155:do_switch$3$rdmux[0][5][21]$b$202 [7:6] $memory$auto$proc_rom.cc:155:do_switch$3$rdmux[0][5][21]$b$202 [6] 2'01 }
    Consolidated identical input bits for $mux cell $memory$auto$proc_rom.cc:155:do_switch$3$rdmux[0][6][42]$359:
      Old ports: A=$memory$auto$proc_rom.cc:155:do_switch$3$rdmux[0][6][42]$a$360, B=$memory$auto$proc_rom.cc:155:do_switch$3$rdmux[0][6][42]$b$361, Y=$memory$auto$proc_rom.cc:155:do_switch$3$rdmux[0][5][21]$a$201
      New ports: A={ 1'1 $memory$auto$proc_rom.cc:155:do_switch$3$rdmux[0][6][42]$a$360 [4] $memory$auto$proc_rom.cc:155:do_switch$3$rdmux[0][6][42]$a$360 [1] $memory$auto$proc_rom.cc:155:do_switch$3$rdmux[0][6][42]$a$360 [1] $memory$auto$proc_rom.cc:155:do_switch$3$rdmux[0][6][42]$a$360 [4] $memory$auto$proc_rom.cc:155:do_switch$3$rdmux[0][6][42]$a$360 [4] $memory$auto$proc_rom.cc:155:do_switch$3$rdmux[0][6][42]$a$360 [1] 1'0 $memory$auto$proc_rom.cc:155:do_switch$3$rdmux[0][6][42]$a$360 [4] 2'10 $memory$auto$proc_rom.cc:155:do_switch$3$rdmux[0][6][42]$a$360 [1] }, B={ 2'00 $memory$auto$proc_rom.cc:155:do_switch$3$rdmux[0][6][42]$b$361 [3] 2'11 $memory$auto$proc_rom.cc:155:do_switch$3$rdmux[0][6][42]$b$361 [3:2] 1'1 $memory$auto$proc_rom.cc:155:do_switch$3$rdmux[0][6][42]$b$361 [2] $memory$auto$proc_rom.cc:155:do_switch$3$rdmux[0][6][42]$b$361 [3:2] 1'0 }, Y={ $memory$auto$proc_rom.cc:155:do_switch$3$rdmux[0][5][21]$a$201 [25:24] $memory$auto$proc_rom.cc:155:do_switch$3$rdmux[0][5][21]$a$201 [19] $memory$auto$proc_rom.cc:155:do_switch$3$rdmux[0][5][21]$a$201 [17] $memory$auto$proc_rom.cc:155:do_switch$3$rdmux[0][5][21]$a$201 [15] $memory$auto$proc_rom.cc:155:do_switch$3$rdmux[0][5][21]$a$201 [9] $memory$auto$proc_rom.cc:155:do_switch$3$rdmux[0][5][21]$a$201 [6:1] }
      New connections: { $memory$auto$proc_rom.cc:155:do_switch$3$rdmux[0][5][21]$a$201 [31:26] $memory$auto$proc_rom.cc:155:do_switch$3$rdmux[0][5][21]$a$201 [23:20] $memory$auto$proc_rom.cc:155:do_switch$3$rdmux[0][5][21]$a$201 [18] $memory$auto$proc_rom.cc:155:do_switch$3$rdmux[0][5][21]$a$201 [16] $memory$auto$proc_rom.cc:155:do_switch$3$rdmux[0][5][21]$a$201 [14:10] $memory$auto$proc_rom.cc:155:do_switch$3$rdmux[0][5][21]$a$201 [8:7] $memory$auto$proc_rom.cc:155:do_switch$3$rdmux[0][5][21]$a$201 [0] } = { $memory$auto$proc_rom.cc:155:do_switch$3$rdmux[0][5][21]$a$201 [19] $memory$auto$proc_rom.cc:155:do_switch$3$rdmux[0][5][21]$a$201 [19] $memory$auto$proc_rom.cc:155:do_switch$3$rdmux[0][5][21]$a$201 [19] $memory$auto$proc_rom.cc:155:do_switch$3$rdmux[0][5][21]$a$201 [24] $memory$auto$proc_rom.cc:155:do_switch$3$rdmux[0][5][21]$a$201 [6] $memory$auto$proc_rom.cc:155:do_switch$3$rdmux[0][5][21]$a$201 [2] $memory$auto$proc_rom.cc:155:do_switch$3$rdmux[0][5][21]$a$201 [2] $memory$auto$proc_rom.cc:155:do_switch$3$rdmux[0][5][21]$a$201 [2:1] $memory$auto$proc_rom.cc:155:do_switch$3$rdmux[0][5][21]$a$201 [2:1] $memory$auto$proc_rom.cc:155:do_switch$3$rdmux[0][5][21]$a$201 [2] $memory$auto$proc_rom.cc:155:do_switch$3$rdmux[0][5][21]$a$201 [3] 1'1 $memory$auto$proc_rom.cc:155:do_switch$3$rdmux[0][5][21]$a$201 [9] $memory$auto$proc_rom.cc:155:do_switch$3$rdmux[0][5][21]$a$201 [1] $memory$auto$proc_rom.cc:155:do_switch$3$rdmux[0][5][21]$a$201 [5] $memory$auto$proc_rom.cc:155:do_switch$3$rdmux[0][5][21]$a$201 [5] $memory$auto$proc_rom.cc:155:do_switch$3$rdmux[0][5][21]$a$201 [5] 1'0 }
    Consolidated identical input bits for $mux cell $memory$auto$proc_rom.cc:155:do_switch$3$rdmux[0][6][41]$356:
      Old ports: A=$memory$auto$proc_rom.cc:155:do_switch$3$rdmux[0][6][41]$a$357, B=$memory$auto$proc_rom.cc:155:do_switch$3$rdmux[0][6][41]$b$358, Y=$memory$auto$proc_rom.cc:155:do_switch$3$rdmux[0][5][20]$b$199
      New ports: A={ $memory$auto$proc_rom.cc:155:do_switch$3$rdmux[0][6][41]$a$357 [0] $memory$auto$proc_rom.cc:155:do_switch$3$rdmux[0][6][41]$a$357 [2] $memory$auto$proc_rom.cc:155:do_switch$3$rdmux[0][6][41]$a$357 [2] 3'100 $memory$auto$proc_rom.cc:155:do_switch$3$rdmux[0][6][41]$a$357 [2] $memory$auto$proc_rom.cc:155:do_switch$3$rdmux[0][6][41]$a$357 [0] 1'1 $memory$auto$proc_rom.cc:155:do_switch$3$rdmux[0][6][41]$a$357 [2] 1'1 $memory$auto$proc_rom.cc:155:do_switch$3$rdmux[0][6][41]$a$357 [0] }, B={ 1'1 $memory$auto$proc_rom.cc:155:do_switch$3$rdmux[0][6][41]$b$358 [0] $memory$auto$proc_rom.cc:155:do_switch$3$rdmux[0][6][41]$b$358 [11] $memory$auto$proc_rom.cc:155:do_switch$3$rdmux[0][6][41]$b$358 [11] $memory$auto$proc_rom.cc:155:do_switch$3$rdmux[0][6][41]$b$358 [0] 2'10 $memory$auto$proc_rom.cc:155:do_switch$3$rdmux[0][6][41]$b$358 [11] 2'01 $memory$auto$proc_rom.cc:155:do_switch$3$rdmux[0][6][41]$b$358 [0] $memory$auto$proc_rom.cc:155:do_switch$3$rdmux[0][6][41]$b$358 [0] }, Y={ $memory$auto$proc_rom.cc:155:do_switch$3$rdmux[0][5][20]$b$199 [30] $memory$auto$proc_rom.cc:155:do_switch$3$rdmux[0][5][20]$b$199 [25] $memory$auto$proc_rom.cc:155:do_switch$3$rdmux[0][5][20]$b$199 [20:18] $memory$auto$proc_rom.cc:155:do_switch$3$rdmux[0][5][20]$b$199 [16] $memory$auto$proc_rom.cc:155:do_switch$3$rdmux[0][5][20]$b$199 [14] $memory$auto$proc_rom.cc:155:do_switch$3$rdmux[0][5][20]$b$199 [11] $memory$auto$proc_rom.cc:155:do_switch$3$rdmux[0][5][20]$b$199 [5] $memory$auto$proc_rom.cc:155:do_switch$3$rdmux[0][5][20]$b$199 [2:0] }
      New connections: { $memory$auto$proc_rom.cc:155:do_switch$3$rdmux[0][5][20]$b$199 [31] $memory$auto$proc_rom.cc:155:do_switch$3$rdmux[0][5][20]$b$199 [29:26] $memory$auto$proc_rom.cc:155:do_switch$3$rdmux[0][5][20]$b$199 [24:21] $memory$auto$proc_rom.cc:155:do_switch$3$rdmux[0][5][20]$b$199 [17] $memory$auto$proc_rom.cc:155:do_switch$3$rdmux[0][5][20]$b$199 [15] $memory$auto$proc_rom.cc:155:do_switch$3$rdmux[0][5][20]$b$199 [13:12] $memory$auto$proc_rom.cc:155:do_switch$3$rdmux[0][5][20]$b$199 [10:6] $memory$auto$proc_rom.cc:155:do_switch$3$rdmux[0][5][20]$b$199 [4:3] } = { 1'0 $memory$auto$proc_rom.cc:155:do_switch$3$rdmux[0][5][20]$b$199 [2] $memory$auto$proc_rom.cc:155:do_switch$3$rdmux[0][5][20]$b$199 [14] $memory$auto$proc_rom.cc:155:do_switch$3$rdmux[0][5][20]$b$199 [5] $memory$auto$proc_rom.cc:155:do_switch$3$rdmux[0][5][20]$b$199 [25] $memory$auto$proc_rom.cc:155:do_switch$3$rdmux[0][5][20]$b$199 [1:0] $memory$auto$proc_rom.cc:155:do_switch$3$rdmux[0][5][20]$b$199 [20] 3'110 $memory$auto$proc_rom.cc:155:do_switch$3$rdmux[0][5][20]$b$199 [5] $memory$auto$proc_rom.cc:155:do_switch$3$rdmux[0][5][20]$b$199 [11] $memory$auto$proc_rom.cc:155:do_switch$3$rdmux[0][5][20]$b$199 [0] $memory$auto$proc_rom.cc:155:do_switch$3$rdmux[0][5][20]$b$199 [0] $memory$auto$proc_rom.cc:155:do_switch$3$rdmux[0][5][20]$b$199 [1] $memory$auto$proc_rom.cc:155:do_switch$3$rdmux[0][5][20]$b$199 [2] 1'1 $memory$auto$proc_rom.cc:155:do_switch$3$rdmux[0][5][20]$b$199 [0] $memory$auto$proc_rom.cc:155:do_switch$3$rdmux[0][5][20]$b$199 [1] }
    Consolidated identical input bits for $mux cell $memory$auto$proc_rom.cc:155:do_switch$3$rdmux[0][6][40]$353:
      Old ports: A=$memory$auto$proc_rom.cc:155:do_switch$3$rdmux[0][6][40]$a$354, B=$memory$auto$proc_rom.cc:155:do_switch$3$rdmux[0][6][40]$b$355, Y=$memory$auto$proc_rom.cc:155:do_switch$3$rdmux[0][5][20]$a$198
      New ports: A={ 2'00 $memory$auto$proc_rom.cc:155:do_switch$3$rdmux[0][6][40]$a$354 [1:0] $memory$auto$proc_rom.cc:155:do_switch$3$rdmux[0][6][40]$a$354 [0] 2'11 $memory$auto$proc_rom.cc:155:do_switch$3$rdmux[0][6][40]$a$354 [1] 2'01 $memory$auto$proc_rom.cc:155:do_switch$3$rdmux[0][6][40]$a$354 [1:0] }, B={ 1'1 $memory$auto$proc_rom.cc:155:do_switch$3$rdmux[0][6][40]$b$355 [4] 1'1 $memory$auto$proc_rom.cc:155:do_switch$3$rdmux[0][6][40]$b$355 [4] 1'1 $memory$auto$proc_rom.cc:155:do_switch$3$rdmux[0][6][40]$b$355 [4] $memory$auto$proc_rom.cc:155:do_switch$3$rdmux[0][6][40]$b$355 [0] $memory$auto$proc_rom.cc:155:do_switch$3$rdmux[0][6][40]$b$355 [4] $memory$auto$proc_rom.cc:155:do_switch$3$rdmux[0][6][40]$b$355 [0] 1'0 $memory$auto$proc_rom.cc:155:do_switch$3$rdmux[0][6][40]$b$355 [0] $memory$auto$proc_rom.cc:155:do_switch$3$rdmux[0][6][40]$b$355 [0] }, Y={ $memory$auto$proc_rom.cc:155:do_switch$3$rdmux[0][5][20]$a$198 [29] $memory$auto$proc_rom.cc:155:do_switch$3$rdmux[0][5][20]$a$198 [17] $memory$auto$proc_rom.cc:155:do_switch$3$rdmux[0][5][20]$a$198 [14] $memory$auto$proc_rom.cc:155:do_switch$3$rdmux[0][5][20]$a$198 [11:10] $memory$auto$proc_rom.cc:155:do_switch$3$rdmux[0][5][20]$a$198 [8:7] $memory$auto$proc_rom.cc:155:do_switch$3$rdmux[0][5][20]$a$198 [4:0] }
      New connections: { $memory$auto$proc_rom.cc:155:do_switch$3$rdmux[0][5][20]$a$198 [31:30] $memory$auto$proc_rom.cc:155:do_switch$3$rdmux[0][5][20]$a$198 [28:18] $memory$auto$proc_rom.cc:155:do_switch$3$rdmux[0][5][20]$a$198 [16:15] $memory$auto$proc_rom.cc:155:do_switch$3$rdmux[0][5][20]$a$198 [13:12] $memory$auto$proc_rom.cc:155:do_switch$3$rdmux[0][5][20]$a$198 [9] $memory$auto$proc_rom.cc:155:do_switch$3$rdmux[0][5][20]$a$198 [6:5] } = { $memory$auto$proc_rom.cc:155:do_switch$3$rdmux[0][5][20]$a$198 [3] $memory$auto$proc_rom.cc:155:do_switch$3$rdmux[0][5][20]$a$198 [1] $memory$auto$proc_rom.cc:155:do_switch$3$rdmux[0][5][20]$a$198 [1] 1'0 $memory$auto$proc_rom.cc:155:do_switch$3$rdmux[0][5][20]$a$198 [14] 1'1 $memory$auto$proc_rom.cc:155:do_switch$3$rdmux[0][5][20]$a$198 [14] $memory$auto$proc_rom.cc:155:do_switch$3$rdmux[0][5][20]$a$198 [4] $memory$auto$proc_rom.cc:155:do_switch$3$rdmux[0][5][20]$a$198 [1] $memory$auto$proc_rom.cc:155:do_switch$3$rdmux[0][5][20]$a$198 [11] $memory$auto$proc_rom.cc:155:do_switch$3$rdmux[0][5][20]$a$198 [8] $memory$auto$proc_rom.cc:155:do_switch$3$rdmux[0][5][20]$a$198 [10] $memory$auto$proc_rom.cc:155:do_switch$3$rdmux[0][5][20]$a$198 [14] 1'1 $memory$auto$proc_rom.cc:155:do_switch$3$rdmux[0][5][20]$a$198 [7] $memory$auto$proc_rom.cc:155:do_switch$3$rdmux[0][5][20]$a$198 [4:3] $memory$auto$proc_rom.cc:155:do_switch$3$rdmux[0][5][20]$a$198 [4] $memory$auto$proc_rom.cc:155:do_switch$3$rdmux[0][5][20]$a$198 [4] $memory$auto$proc_rom.cc:155:do_switch$3$rdmux[0][5][20]$a$198 [0] }
    Consolidated identical input bits for $mux cell $memory$auto$proc_rom.cc:155:do_switch$3$rdmux[0][6][39]$350:
      Old ports: A=$memory$auto$proc_rom.cc:155:do_switch$3$rdmux[0][6][39]$a$351, B=$memory$auto$proc_rom.cc:155:do_switch$3$rdmux[0][6][39]$b$352, Y=$memory$auto$proc_rom.cc:155:do_switch$3$rdmux[0][5][19]$b$196
      New ports: A={ $memory$auto$proc_rom.cc:155:do_switch$3$rdmux[0][6][39]$a$351 [5] 1'0 $memory$auto$proc_rom.cc:155:do_switch$3$rdmux[0][6][39]$a$351 [5] 1'1 $memory$auto$proc_rom.cc:155:do_switch$3$rdmux[0][6][39]$a$351 [5] $memory$auto$proc_rom.cc:155:do_switch$3$rdmux[0][6][39]$a$351 [2] $memory$auto$proc_rom.cc:155:do_switch$3$rdmux[0][6][39]$a$351 [2] 1'0 $memory$auto$proc_rom.cc:155:do_switch$3$rdmux[0][6][39]$a$351 [5] 2'01 $memory$auto$proc_rom.cc:155:do_switch$3$rdmux[0][6][39]$a$351 [2] 1'1 }, B={ 1'0 $memory$auto$proc_rom.cc:155:do_switch$3$rdmux[0][6][39]$b$352 [1] 1'1 $memory$auto$proc_rom.cc:155:do_switch$3$rdmux[0][6][39]$b$352 [4] $memory$auto$proc_rom.cc:155:do_switch$3$rdmux[0][6][39]$b$352 [4] 1'0 $memory$auto$proc_rom.cc:155:do_switch$3$rdmux[0][6][39]$b$352 [1] 1'1 $memory$auto$proc_rom.cc:155:do_switch$3$rdmux[0][6][39]$b$352 [1] $memory$auto$proc_rom.cc:155:do_switch$3$rdmux[0][6][39]$b$352 [4] 2'01 $memory$auto$proc_rom.cc:155:do_switch$3$rdmux[0][6][39]$b$352 [1] }, Y={ $memory$auto$proc_rom.cc:155:do_switch$3$rdmux[0][5][19]$b$196 [31] $memory$auto$proc_rom.cc:155:do_switch$3$rdmux[0][5][19]$b$196 [24] $memory$auto$proc_rom.cc:155:do_switch$3$rdmux[0][5][19]$b$196 [20] $memory$auto$proc_rom.cc:155:do_switch$3$rdmux[0][5][19]$b$196 [16] $memory$auto$proc_rom.cc:155:do_switch$3$rdmux[0][5][19]$b$196 [11:10] $memory$auto$proc_rom.cc:155:do_switch$3$rdmux[0][5][19]$b$196 [8:7] $memory$auto$proc_rom.cc:155:do_switch$3$rdmux[0][5][19]$b$196 [5:1] }
      New connections: { $memory$auto$proc_rom.cc:155:do_switch$3$rdmux[0][5][19]$b$196 [30:25] $memory$auto$proc_rom.cc:155:do_switch$3$rdmux[0][5][19]$b$196 [23:21] $memory$auto$proc_rom.cc:155:do_switch$3$rdmux[0][5][19]$b$196 [19:17] $memory$auto$proc_rom.cc:155:do_switch$3$rdmux[0][5][19]$b$196 [15:12] $memory$auto$proc_rom.cc:155:do_switch$3$rdmux[0][5][19]$b$196 [9] $memory$auto$proc_rom.cc:155:do_switch$3$rdmux[0][5][19]$b$196 [6] $memory$auto$proc_rom.cc:155:do_switch$3$rdmux[0][5][19]$b$196 [0] } = { $memory$auto$proc_rom.cc:155:do_switch$3$rdmux[0][5][19]$b$196 [2] $memory$auto$proc_rom.cc:155:do_switch$3$rdmux[0][5][19]$b$196 [3] $memory$auto$proc_rom.cc:155:do_switch$3$rdmux[0][5][19]$b$196 [8] $memory$auto$proc_rom.cc:155:do_switch$3$rdmux[0][5][19]$b$196 [24] 2'01 $memory$auto$proc_rom.cc:155:do_switch$3$rdmux[0][5][19]$b$196 [11] $memory$auto$proc_rom.cc:155:do_switch$3$rdmux[0][5][19]$b$196 [11] $memory$auto$proc_rom.cc:155:do_switch$3$rdmux[0][5][19]$b$196 [7] $memory$auto$proc_rom.cc:155:do_switch$3$rdmux[0][5][19]$b$196 [5] $memory$auto$proc_rom.cc:155:do_switch$3$rdmux[0][5][19]$b$196 [10] $memory$auto$proc_rom.cc:155:do_switch$3$rdmux[0][5][19]$b$196 [11] $memory$auto$proc_rom.cc:155:do_switch$3$rdmux[0][5][19]$b$196 [5] $memory$auto$proc_rom.cc:155:do_switch$3$rdmux[0][5][19]$b$196 [1] $memory$auto$proc_rom.cc:155:do_switch$3$rdmux[0][5][19]$b$196 [5] $memory$auto$proc_rom.cc:155:do_switch$3$rdmux[0][5][19]$b$196 [5] $memory$auto$proc_rom.cc:155:do_switch$3$rdmux[0][5][19]$b$196 [8] $memory$auto$proc_rom.cc:155:do_switch$3$rdmux[0][5][19]$b$196 [3] 1'1 }
    Consolidated identical input bits for $mux cell $memory$auto$proc_rom.cc:155:do_switch$3$rdmux[0][6][38]$347:
      Old ports: A=$memory$auto$proc_rom.cc:155:do_switch$3$rdmux[0][6][38]$a$348, B=$memory$auto$proc_rom.cc:155:do_switch$3$rdmux[0][6][38]$b$349, Y=$memory$auto$proc_rom.cc:155:do_switch$3$rdmux[0][5][19]$a$195
      New ports: A={ $memory$auto$proc_rom.cc:155:do_switch$3$rdmux[0][6][38]$a$348 [2] 1'0 $memory$auto$proc_rom.cc:155:do_switch$3$rdmux[0][6][38]$a$348 [5] $memory$auto$proc_rom.cc:155:do_switch$3$rdmux[0][6][38]$a$348 [5] $memory$auto$proc_rom.cc:155:do_switch$3$rdmux[0][6][38]$a$348 [2] 2'10 $memory$auto$proc_rom.cc:155:do_switch$3$rdmux[0][6][38]$a$348 [2] 1'0 $memory$auto$proc_rom.cc:155:do_switch$3$rdmux[0][6][38]$a$348 [5] 1'1 $memory$auto$proc_rom.cc:155:do_switch$3$rdmux[0][6][38]$a$348 [2] 1'1 }, B={ $memory$auto$proc_rom.cc:155:do_switch$3$rdmux[0][6][38]$b$349 [13] 1'1 $memory$auto$proc_rom.cc:155:do_switch$3$rdmux[0][6][38]$b$349 [13] 2'10 $memory$auto$proc_rom.cc:155:do_switch$3$rdmux[0][6][38]$b$349 [13] $memory$auto$proc_rom.cc:155:do_switch$3$rdmux[0][6][38]$b$349 [13] 1'1 $memory$auto$proc_rom.cc:155:do_switch$3$rdmux[0][6][38]$b$349 [2] 1'0 $memory$auto$proc_rom.cc:155:do_switch$3$rdmux[0][6][38]$b$349 [2] $memory$auto$proc_rom.cc:155:do_switch$3$rdmux[0][6][38]$b$349 [2] 1'0 }, Y={ $memory$auto$proc_rom.cc:155:do_switch$3$rdmux[0][5][19]$a$195 [31:29] $memory$auto$proc_rom.cc:155:do_switch$3$rdmux[0][5][19]$a$195 [24] $memory$auto$proc_rom.cc:155:do_switch$3$rdmux[0][5][19]$a$195 [18] $memory$auto$proc_rom.cc:155:do_switch$3$rdmux[0][5][19]$a$195 [16] $memory$auto$proc_rom.cc:155:do_switch$3$rdmux[0][5][19]$a$195 [13] $memory$auto$proc_rom.cc:155:do_switch$3$rdmux[0][5][19]$a$195 [11] $memory$auto$proc_rom.cc:155:do_switch$3$rdmux[0][5][19]$a$195 [8] $memory$auto$proc_rom.cc:155:do_switch$3$rdmux[0][5][19]$a$195 [5] $memory$auto$proc_rom.cc:155:do_switch$3$rdmux[0][5][19]$a$195 [3:2] $memory$auto$proc_rom.cc:155:do_switch$3$rdmux[0][5][19]$a$195 [0] }
      New connections: { $memory$auto$proc_rom.cc:155:do_switch$3$rdmux[0][5][19]$a$195 [28:25] $memory$auto$proc_rom.cc:155:do_switch$3$rdmux[0][5][19]$a$195 [23:19] $memory$auto$proc_rom.cc:155:do_switch$3$rdmux[0][5][19]$a$195 [17] $memory$auto$proc_rom.cc:155:do_switch$3$rdmux[0][5][19]$a$195 [15:14] $memory$auto$proc_rom.cc:155:do_switch$3$rdmux[0][5][19]$a$195 [12] $memory$auto$proc_rom.cc:155:do_switch$3$rdmux[0][5][19]$a$195 [10:9] $memory$auto$proc_rom.cc:155:do_switch$3$rdmux[0][5][19]$a$195 [7:6] $memory$auto$proc_rom.cc:155:do_switch$3$rdmux[0][5][19]$a$195 [4] $memory$auto$proc_rom.cc:155:do_switch$3$rdmux[0][5][19]$a$195 [1] } = { $memory$auto$proc_rom.cc:155:do_switch$3$rdmux[0][5][19]$a$195 [3] $memory$auto$proc_rom.cc:155:do_switch$3$rdmux[0][5][19]$a$195 [24] $memory$auto$proc_rom.cc:155:do_switch$3$rdmux[0][5][19]$a$195 [2] $memory$auto$proc_rom.cc:155:do_switch$3$rdmux[0][5][19]$a$195 [8] $memory$auto$proc_rom.cc:155:do_switch$3$rdmux[0][5][19]$a$195 [0] $memory$auto$proc_rom.cc:155:do_switch$3$rdmux[0][5][19]$a$195 [13] $memory$auto$proc_rom.cc:155:do_switch$3$rdmux[0][5][19]$a$195 [2] $memory$auto$proc_rom.cc:155:do_switch$3$rdmux[0][5][19]$a$195 [5] $memory$auto$proc_rom.cc:155:do_switch$3$rdmux[0][5][19]$a$195 [13] $memory$auto$proc_rom.cc:155:do_switch$3$rdmux[0][5][19]$a$195 [11] $memory$auto$proc_rom.cc:155:do_switch$3$rdmux[0][5][19]$a$195 [8] $memory$auto$proc_rom.cc:155:do_switch$3$rdmux[0][5][19]$a$195 [11] $memory$auto$proc_rom.cc:155:do_switch$3$rdmux[0][5][19]$a$195 [0] $memory$auto$proc_rom.cc:155:do_switch$3$rdmux[0][5][19]$a$195 [5] $memory$auto$proc_rom.cc:155:do_switch$3$rdmux[0][5][19]$a$195 [2] $memory$auto$proc_rom.cc:155:do_switch$3$rdmux[0][5][19]$a$195 [3] $memory$auto$proc_rom.cc:155:do_switch$3$rdmux[0][5][19]$a$195 [3] 1'1 $memory$auto$proc_rom.cc:155:do_switch$3$rdmux[0][5][19]$a$195 [0] }
    Consolidated identical input bits for $mux cell $memory$auto$proc_rom.cc:155:do_switch$3$rdmux[0][6][37]$344:
      Old ports: A=$memory$auto$proc_rom.cc:155:do_switch$3$rdmux[0][6][37]$a$345, B=$memory$auto$proc_rom.cc:155:do_switch$3$rdmux[0][6][37]$b$346, Y=$memory$auto$proc_rom.cc:155:do_switch$3$rdmux[0][5][18]$b$193
      New ports: A={ 1'0 $memory$auto$proc_rom.cc:155:do_switch$3$rdmux[0][6][37]$a$345 [2] $memory$auto$proc_rom.cc:155:do_switch$3$rdmux[0][6][37]$a$345 [6] $memory$auto$proc_rom.cc:155:do_switch$3$rdmux[0][6][37]$a$345 [6] $memory$auto$proc_rom.cc:155:do_switch$3$rdmux[0][6][37]$a$345 [2] $memory$auto$proc_rom.cc:155:do_switch$3$rdmux[0][6][37]$a$345 [6] 1'1 $memory$auto$proc_rom.cc:155:do_switch$3$rdmux[0][6][37]$a$345 [6] $memory$auto$proc_rom.cc:155:do_switch$3$rdmux[0][6][37]$a$345 [2] $memory$auto$proc_rom.cc:155:do_switch$3$rdmux[0][6][37]$a$345 [2] 2'10 }, B={ $memory$auto$proc_rom.cc:155:do_switch$3$rdmux[0][6][37]$b$346 [2] 1'1 $memory$auto$proc_rom.cc:155:do_switch$3$rdmux[0][6][37]$b$346 [0] $memory$auto$proc_rom.cc:155:do_switch$3$rdmux[0][6][37]$b$346 [2] $memory$auto$proc_rom.cc:155:do_switch$3$rdmux[0][6][37]$b$346 [0] 4'0010 $memory$auto$proc_rom.cc:155:do_switch$3$rdmux[0][6][37]$b$346 [2] $memory$auto$proc_rom.cc:155:do_switch$3$rdmux[0][6][37]$b$346 [0] $memory$auto$proc_rom.cc:155:do_switch$3$rdmux[0][6][37]$b$346 [0] }, Y={ $memory$auto$proc_rom.cc:155:do_switch$3$rdmux[0][5][18]$b$193 [29:28] $memory$auto$proc_rom.cc:155:do_switch$3$rdmux[0][5][18]$b$193 [22] $memory$auto$proc_rom.cc:155:do_switch$3$rdmux[0][5][18]$b$193 [20] $memory$auto$proc_rom.cc:155:do_switch$3$rdmux[0][5][18]$b$193 [17] $memory$auto$proc_rom.cc:155:do_switch$3$rdmux[0][5][18]$b$193 [14] $memory$auto$proc_rom.cc:155:do_switch$3$rdmux[0][5][18]$b$193 [11] $memory$auto$proc_rom.cc:155:do_switch$3$rdmux[0][5][18]$b$193 [6:5] $memory$auto$proc_rom.cc:155:do_switch$3$rdmux[0][5][18]$b$193 [2:0] }
      New connections: { $memory$auto$proc_rom.cc:155:do_switch$3$rdmux[0][5][18]$b$193 [31:30] $memory$auto$proc_rom.cc:155:do_switch$3$rdmux[0][5][18]$b$193 [27:23] $memory$auto$proc_rom.cc:155:do_switch$3$rdmux[0][5][18]$b$193 [21] $memory$auto$proc_rom.cc:155:do_switch$3$rdmux[0][5][18]$b$193 [19:18] $memory$auto$proc_rom.cc:155:do_switch$3$rdmux[0][5][18]$b$193 [16:15] $memory$auto$proc_rom.cc:155:do_switch$3$rdmux[0][5][18]$b$193 [13:12] $memory$auto$proc_rom.cc:155:do_switch$3$rdmux[0][5][18]$b$193 [10:7] $memory$auto$proc_rom.cc:155:do_switch$3$rdmux[0][5][18]$b$193 [4:3] } = { $memory$auto$proc_rom.cc:155:do_switch$3$rdmux[0][5][18]$b$193 [2] $memory$auto$proc_rom.cc:155:do_switch$3$rdmux[0][5][18]$b$193 [2] $memory$auto$proc_rom.cc:155:do_switch$3$rdmux[0][5][18]$b$193 [22] $memory$auto$proc_rom.cc:155:do_switch$3$rdmux[0][5][18]$b$193 [22] $memory$auto$proc_rom.cc:155:do_switch$3$rdmux[0][5][18]$b$193 [6] $memory$auto$proc_rom.cc:155:do_switch$3$rdmux[0][5][18]$b$193 [11] $memory$auto$proc_rom.cc:155:do_switch$3$rdmux[0][5][18]$b$193 [6] $memory$auto$proc_rom.cc:155:do_switch$3$rdmux[0][5][18]$b$193 [17] $memory$auto$proc_rom.cc:155:do_switch$3$rdmux[0][5][18]$b$193 [1] 1'0 $memory$auto$proc_rom.cc:155:do_switch$3$rdmux[0][5][18]$b$193 [14] $memory$auto$proc_rom.cc:155:do_switch$3$rdmux[0][5][18]$b$193 [6] $memory$auto$proc_rom.cc:155:do_switch$3$rdmux[0][5][18]$b$193 [6] $memory$auto$proc_rom.cc:155:do_switch$3$rdmux[0][5][18]$b$193 [2] $memory$auto$proc_rom.cc:155:do_switch$3$rdmux[0][5][18]$b$193 [6] $memory$auto$proc_rom.cc:155:do_switch$3$rdmux[0][5][18]$b$193 [6] 1'0 $memory$auto$proc_rom.cc:155:do_switch$3$rdmux[0][5][18]$b$193 [1] $memory$auto$proc_rom.cc:155:do_switch$3$rdmux[0][5][18]$b$193 [2] 1'1 }
    Consolidated identical input bits for $mux cell $memory$auto$proc_rom.cc:155:do_switch$3$rdmux[0][6][36]$341:
      Old ports: A=$memory$auto$proc_rom.cc:155:do_switch$3$rdmux[0][6][36]$a$342, B=$memory$auto$proc_rom.cc:155:do_switch$3$rdmux[0][6][36]$b$343, Y=$memory$auto$proc_rom.cc:155:do_switch$3$rdmux[0][5][18]$a$192
      New ports: A={ 3'100 $memory$auto$proc_rom.cc:155:do_switch$3$rdmux[0][6][36]$a$342 [1] $memory$auto$proc_rom.cc:155:do_switch$3$rdmux[0][6][36]$a$342 [5] 1'0 $memory$auto$proc_rom.cc:155:do_switch$3$rdmux[0][6][36]$a$342 [5] $memory$auto$proc_rom.cc:155:do_switch$3$rdmux[0][6][36]$a$342 [1] $memory$auto$proc_rom.cc:155:do_switch$3$rdmux[0][6][36]$a$342 [5] $memory$auto$proc_rom.cc:155:do_switch$3$rdmux[0][6][36]$a$342 [1] 1'1 $memory$auto$proc_rom.cc:155:do_switch$3$rdmux[0][6][36]$a$342 [1] 1'1 }, B={ $memory$auto$proc_rom.cc:155:do_switch$3$rdmux[0][6][36]$b$343 [10] $memory$auto$proc_rom.cc:155:do_switch$3$rdmux[0][6][36]$b$343 [1] $memory$auto$proc_rom.cc:155:do_switch$3$rdmux[0][6][36]$b$343 [10] 3'001 $memory$auto$proc_rom.cc:155:do_switch$3$rdmux[0][6][36]$b$343 [10] $memory$auto$proc_rom.cc:155:do_switch$3$rdmux[0][6][36]$b$343 [10] $memory$auto$proc_rom.cc:155:do_switch$3$rdmux[0][6][36]$b$343 [1] 1'1 $memory$auto$proc_rom.cc:155:do_switch$3$rdmux[0][6][36]$b$343 [1] $memory$auto$proc_rom.cc:155:do_switch$3$rdmux[0][6][36]$b$343 [1] 1'0 }, Y={ $memory$auto$proc_rom.cc:155:do_switch$3$rdmux[0][5][18]$a$192 [29] $memory$auto$proc_rom.cc:155:do_switch$3$rdmux[0][5][18]$a$192 [25] $memory$auto$proc_rom.cc:155:do_switch$3$rdmux[0][5][18]$a$192 [22] $memory$auto$proc_rom.cc:155:do_switch$3$rdmux[0][5][18]$a$192 [19] $memory$auto$proc_rom.cc:155:do_switch$3$rdmux[0][5][18]$a$192 [14:13] $memory$auto$proc_rom.cc:155:do_switch$3$rdmux[0][5][18]$a$192 [11:10] $memory$auto$proc_rom.cc:155:do_switch$3$rdmux[0][5][18]$a$192 [5] $memory$auto$proc_rom.cc:155:do_switch$3$rdmux[0][5][18]$a$192 [3:0] }
      New connections: { $memory$auto$proc_rom.cc:155:do_switch$3$rdmux[0][5][18]$a$192 [31:30] $memory$auto$proc_rom.cc:155:do_switch$3$rdmux[0][5][18]$a$192 [28:26] $memory$auto$proc_rom.cc:155:do_switch$3$rdmux[0][5][18]$a$192 [24:23] $memory$auto$proc_rom.cc:155:do_switch$3$rdmux[0][5][18]$a$192 [21:20] $memory$auto$proc_rom.cc:155:do_switch$3$rdmux[0][5][18]$a$192 [18:15] $memory$auto$proc_rom.cc:155:do_switch$3$rdmux[0][5][18]$a$192 [12] $memory$auto$proc_rom.cc:155:do_switch$3$rdmux[0][5][18]$a$192 [9:6] $memory$auto$proc_rom.cc:155:do_switch$3$rdmux[0][5][18]$a$192 [4] } = { $memory$auto$proc_rom.cc:155:do_switch$3$rdmux[0][5][18]$a$192 [3] $memory$auto$proc_rom.cc:155:do_switch$3$rdmux[0][5][18]$a$192 [11] $memory$auto$proc_rom.cc:155:do_switch$3$rdmux[0][5][18]$a$192 [1] $memory$auto$proc_rom.cc:155:do_switch$3$rdmux[0][5][18]$a$192 [2] $memory$auto$proc_rom.cc:155:do_switch$3$rdmux[0][5][18]$a$192 [13] $memory$auto$proc_rom.cc:155:do_switch$3$rdmux[0][5][18]$a$192 [10] $memory$auto$proc_rom.cc:155:do_switch$3$rdmux[0][5][18]$a$192 [14] $memory$auto$proc_rom.cc:155:do_switch$3$rdmux[0][5][18]$a$192 [0] $memory$auto$proc_rom.cc:155:do_switch$3$rdmux[0][5][18]$a$192 [13] $memory$auto$proc_rom.cc:155:do_switch$3$rdmux[0][5][18]$a$192 [1] $memory$auto$proc_rom.cc:155:do_switch$3$rdmux[0][5][18]$a$192 [1] $memory$auto$proc_rom.cc:155:do_switch$3$rdmux[0][5][18]$a$192 [14] $memory$auto$proc_rom.cc:155:do_switch$3$rdmux[0][5][18]$a$192 [3] $memory$auto$proc_rom.cc:155:do_switch$3$rdmux[0][5][18]$a$192 [10] 1'1 $memory$auto$proc_rom.cc:155:do_switch$3$rdmux[0][5][18]$a$192 [0] $memory$auto$proc_rom.cc:155:do_switch$3$rdmux[0][5][18]$a$192 [2] 1'0 $memory$auto$proc_rom.cc:155:do_switch$3$rdmux[0][5][18]$a$192 [2] }
    Consolidated identical input bits for $mux cell $memory$auto$proc_rom.cc:155:do_switch$3$rdmux[0][6][35]$338:
      Old ports: A=$memory$auto$proc_rom.cc:155:do_switch$3$rdmux[0][6][35]$a$339, B=$memory$auto$proc_rom.cc:155:do_switch$3$rdmux[0][6][35]$b$340, Y=$memory$auto$proc_rom.cc:155:do_switch$3$rdmux[0][5][17]$b$190
      New ports: A={ 1'0 $memory$auto$proc_rom.cc:155:do_switch$3$rdmux[0][6][35]$a$339 [6] $memory$auto$proc_rom.cc:155:do_switch$3$rdmux[0][6][35]$a$339 [6] 2'10 $memory$auto$proc_rom.cc:155:do_switch$3$rdmux[0][6][35]$a$339 [6] $memory$auto$proc_rom.cc:155:do_switch$3$rdmux[0][6][35]$a$339 [1] $memory$auto$proc_rom.cc:155:do_switch$3$rdmux[0][6][35]$a$339 [6] $memory$auto$proc_rom.cc:155:do_switch$3$rdmux[0][6][35]$a$339 [1] 2'10 $memory$auto$proc_rom.cc:155:do_switch$3$rdmux[0][6][35]$a$339 [1] 1'1 }, B={ $memory$auto$proc_rom.cc:155:do_switch$3$rdmux[0][6][35]$b$340 [6] $memory$auto$proc_rom.cc:155:do_switch$3$rdmux[0][6][35]$b$340 [4] 1'1 $memory$auto$proc_rom.cc:155:do_switch$3$rdmux[0][6][35]$b$340 [6] $memory$auto$proc_rom.cc:155:do_switch$3$rdmux[0][6][35]$b$340 [4] 1'0 $memory$auto$proc_rom.cc:155:do_switch$3$rdmux[0][6][35]$b$340 [6] $memory$auto$proc_rom.cc:155:do_switch$3$rdmux[0][6][35]$b$340 [6] $memory$auto$proc_rom.cc:155:do_switch$3$rdmux[0][6][35]$b$340 [4] $memory$auto$proc_rom.cc:155:do_switch$3$rdmux[0][6][35]$b$340 [4] 3'100 }, Y={ $memory$auto$proc_rom.cc:155:do_switch$3$rdmux[0][5][17]$b$190 [23:22] $memory$auto$proc_rom.cc:155:do_switch$3$rdmux[0][5][17]$b$190 [16] $memory$auto$proc_rom.cc:155:do_switch$3$rdmux[0][5][17]$b$190 [14] $memory$auto$proc_rom.cc:155:do_switch$3$rdmux[0][5][17]$b$190 [12:11] $memory$auto$proc_rom.cc:155:do_switch$3$rdmux[0][5][17]$b$190 [7:4] $memory$auto$proc_rom.cc:155:do_switch$3$rdmux[0][5][17]$b$190 [2:0] }
      New connections: { $memory$auto$proc_rom.cc:155:do_switch$3$rdmux[0][5][17]$b$190 [31:24] $memory$auto$proc_rom.cc:155:do_switch$3$rdmux[0][5][17]$b$190 [21:17] $memory$auto$proc_rom.cc:155:do_switch$3$rdmux[0][5][17]$b$190 [15] $memory$auto$proc_rom.cc:155:do_switch$3$rdmux[0][5][17]$b$190 [13] $memory$auto$proc_rom.cc:155:do_switch$3$rdmux[0][5][17]$b$190 [10:8] $memory$auto$proc_rom.cc:155:do_switch$3$rdmux[0][5][17]$b$190 [3] } = { $memory$auto$proc_rom.cc:155:do_switch$3$rdmux[0][5][17]$b$190 [0] $memory$auto$proc_rom.cc:155:do_switch$3$rdmux[0][5][17]$b$190 [16] 1'1 $memory$auto$proc_rom.cc:155:do_switch$3$rdmux[0][5][17]$b$190 [6] $memory$auto$proc_rom.cc:155:do_switch$3$rdmux[0][5][17]$b$190 [1] $memory$auto$proc_rom.cc:155:do_switch$3$rdmux[0][5][17]$b$190 [14] $memory$auto$proc_rom.cc:155:do_switch$3$rdmux[0][5][17]$b$190 [14] $memory$auto$proc_rom.cc:155:do_switch$3$rdmux[0][5][17]$b$190 [5] $memory$auto$proc_rom.cc:155:do_switch$3$rdmux[0][5][17]$b$190 [14] $memory$auto$proc_rom.cc:155:do_switch$3$rdmux[0][5][17]$b$190 [1] $memory$auto$proc_rom.cc:155:do_switch$3$rdmux[0][5][17]$b$190 [5] $memory$auto$proc_rom.cc:155:do_switch$3$rdmux[0][5][17]$b$190 [16] 1'0 $memory$auto$proc_rom.cc:155:do_switch$3$rdmux[0][5][17]$b$190 [2] 1'1 $memory$auto$proc_rom.cc:155:do_switch$3$rdmux[0][5][17]$b$190 [0] $memory$auto$proc_rom.cc:155:do_switch$3$rdmux[0][5][17]$b$190 [7] $memory$auto$proc_rom.cc:155:do_switch$3$rdmux[0][5][17]$b$190 [0] 1'1 }
    Consolidated identical input bits for $mux cell $memory$auto$proc_rom.cc:155:do_switch$3$rdmux[0][6][34]$335:
      Old ports: A=$memory$auto$proc_rom.cc:155:do_switch$3$rdmux[0][6][34]$a$336, B=$memory$auto$proc_rom.cc:155:do_switch$3$rdmux[0][6][34]$b$337, Y=$memory$auto$proc_rom.cc:155:do_switch$3$rdmux[0][5][17]$a$189
      New ports: A={ $memory$auto$proc_rom.cc:155:do_switch$3$rdmux[0][6][34]$a$336 [2] $memory$auto$proc_rom.cc:155:do_switch$3$rdmux[0][6][34]$a$336 [0] 1'0 $memory$auto$proc_rom.cc:155:do_switch$3$rdmux[0][6][34]$a$336 [0] $memory$auto$proc_rom.cc:155:do_switch$3$rdmux[0][6][34]$a$336 [2] $memory$auto$proc_rom.cc:155:do_switch$3$rdmux[0][6][34]$a$336 [0] 2'00 $memory$auto$proc_rom.cc:155:do_switch$3$rdmux[0][6][34]$a$336 [2] 2'11 $memory$auto$proc_rom.cc:155:do_switch$3$rdmux[0][6][34]$a$336 [2] $memory$auto$proc_rom.cc:155:do_switch$3$rdmux[0][6][34]$a$336 [0] }, B={ 1'1 $memory$auto$proc_rom.cc:155:do_switch$3$rdmux[0][6][34]$b$337 [4] $memory$auto$proc_rom.cc:155:do_switch$3$rdmux[0][6][34]$b$337 [0] 1'1 $memory$auto$proc_rom.cc:155:do_switch$3$rdmux[0][6][34]$b$337 [4] 2'01 $memory$auto$proc_rom.cc:155:do_switch$3$rdmux[0][6][34]$b$337 [4] $memory$auto$proc_rom.cc:155:do_switch$3$rdmux[0][6][34]$b$337 [0] $memory$auto$proc_rom.cc:155:do_switch$3$rdmux[0][6][34]$b$337 [4] $memory$auto$proc_rom.cc:155:do_switch$3$rdmux[0][6][34]$b$337 [0] 1'0 $memory$auto$proc_rom.cc:155:do_switch$3$rdmux[0][6][34]$b$337 [0] }, Y={ $memory$auto$proc_rom.cc:155:do_switch$3$rdmux[0][5][17]$a$189 [30] $memory$auto$proc_rom.cc:155:do_switch$3$rdmux[0][5][17]$a$189 [27] $memory$auto$proc_rom.cc:155:do_switch$3$rdmux[0][5][17]$a$189 [21] $memory$auto$proc_rom.cc:155:do_switch$3$rdmux[0][5][17]$a$189 [18] $memory$auto$proc_rom.cc:155:do_switch$3$rdmux[0][5][17]$a$189 [16:15] $memory$auto$proc_rom.cc:155:do_switch$3$rdmux[0][5][17]$a$189 [13] $memory$auto$proc_rom.cc:155:do_switch$3$rdmux[0][5][17]$a$189 [10] $memory$auto$proc_rom.cc:155:do_switch$3$rdmux[0][5][17]$a$189 [8] $memory$auto$proc_rom.cc:155:do_switch$3$rdmux[0][5][17]$a$189 [4:2] $memory$auto$proc_rom.cc:155:do_switch$3$rdmux[0][5][17]$a$189 [0] }
      New connections: { $memory$auto$proc_rom.cc:155:do_switch$3$rdmux[0][5][17]$a$189 [31] $memory$auto$proc_rom.cc:155:do_switch$3$rdmux[0][5][17]$a$189 [29:28] $memory$auto$proc_rom.cc:155:do_switch$3$rdmux[0][5][17]$a$189 [26:22] $memory$auto$proc_rom.cc:155:do_switch$3$rdmux[0][5][17]$a$189 [20:19] $memory$auto$proc_rom.cc:155:do_switch$3$rdmux[0][5][17]$a$189 [17] $memory$auto$proc_rom.cc:155:do_switch$3$rdmux[0][5][17]$a$189 [14] $memory$auto$proc_rom.cc:155:do_switch$3$rdmux[0][5][17]$a$189 [12:11] $memory$auto$proc_rom.cc:155:do_switch$3$rdmux[0][5][17]$a$189 [9] $memory$auto$proc_rom.cc:155:do_switch$3$rdmux[0][5][17]$a$189 [7:5] $memory$auto$proc_rom.cc:155:do_switch$3$rdmux[0][5][17]$a$189 [1] } = { $memory$auto$proc_rom.cc:155:do_switch$3$rdmux[0][5][17]$a$189 [3] $memory$auto$proc_rom.cc:155:do_switch$3$rdmux[0][5][17]$a$189 [10] $memory$auto$proc_rom.cc:155:do_switch$3$rdmux[0][5][17]$a$189 [10] $memory$auto$proc_rom.cc:155:do_switch$3$rdmux[0][5][17]$a$189 [10] $memory$auto$proc_rom.cc:155:do_switch$3$rdmux[0][5][17]$a$189 [16] $memory$auto$proc_rom.cc:155:do_switch$3$rdmux[0][5][17]$a$189 [8] $memory$auto$proc_rom.cc:155:do_switch$3$rdmux[0][5][17]$a$189 [0] $memory$auto$proc_rom.cc:155:do_switch$3$rdmux[0][5][17]$a$189 [13] $memory$auto$proc_rom.cc:155:do_switch$3$rdmux[0][5][17]$a$189 [18] $memory$auto$proc_rom.cc:155:do_switch$3$rdmux[0][5][17]$a$189 [8] $memory$auto$proc_rom.cc:155:do_switch$3$rdmux[0][5][17]$a$189 [3] $memory$auto$proc_rom.cc:155:do_switch$3$rdmux[0][5][17]$a$189 [13] 2'01 $memory$auto$proc_rom.cc:155:do_switch$3$rdmux[0][5][17]$a$189 [2] $memory$auto$proc_rom.cc:155:do_switch$3$rdmux[0][5][17]$a$189 [0] 1'0 $memory$auto$proc_rom.cc:155:do_switch$3$rdmux[0][5][17]$a$189 [0] 1'0 }
    Consolidated identical input bits for $mux cell $memory$auto$proc_rom.cc:155:do_switch$3$rdmux[0][6][33]$332:
      Old ports: A=$memory$auto$proc_rom.cc:155:do_switch$3$rdmux[0][6][33]$a$333, B=$memory$auto$proc_rom.cc:155:do_switch$3$rdmux[0][6][33]$b$334, Y=$memory$auto$proc_rom.cc:155:do_switch$3$rdmux[0][5][16]$b$187
      New ports: A={ 1'1 $memory$auto$proc_rom.cc:155:do_switch$3$rdmux[0][6][33]$a$333 [3] $memory$auto$proc_rom.cc:155:do_switch$3$rdmux[0][6][33]$a$333 [3] 1'0 $memory$auto$proc_rom.cc:155:do_switch$3$rdmux[0][6][33]$a$333 [3] 2'11 $memory$auto$proc_rom.cc:155:do_switch$3$rdmux[0][6][33]$a$333 [0] $memory$auto$proc_rom.cc:155:do_switch$3$rdmux[0][6][33]$a$333 [0] $memory$auto$proc_rom.cc:155:do_switch$3$rdmux[0][6][33]$a$333 [3] 2'00 $memory$auto$proc_rom.cc:155:do_switch$3$rdmux[0][6][33]$a$333 [0] }, B={ 2'00 $memory$auto$proc_rom.cc:155:do_switch$3$rdmux[0][6][33]$b$334 [7] $memory$auto$proc_rom.cc:155:do_switch$3$rdmux[0][6][33]$b$334 [7] $memory$auto$proc_rom.cc:155:do_switch$3$rdmux[0][6][33]$b$334 [1] $memory$auto$proc_rom.cc:155:do_switch$3$rdmux[0][6][33]$b$334 [1] $memory$auto$proc_rom.cc:155:do_switch$3$rdmux[0][6][33]$b$334 [7] $memory$auto$proc_rom.cc:155:do_switch$3$rdmux[0][6][33]$b$334 [1] 3'111 $memory$auto$proc_rom.cc:155:do_switch$3$rdmux[0][6][33]$b$334 [1] 1'0 }, Y={ $memory$auto$proc_rom.cc:155:do_switch$3$rdmux[0][5][16]$b$187 [24] $memory$auto$proc_rom.cc:155:do_switch$3$rdmux[0][5][16]$b$187 [21] $memory$auto$proc_rom.cc:155:do_switch$3$rdmux[0][5][16]$b$187 [19] $memory$auto$proc_rom.cc:155:do_switch$3$rdmux[0][5][16]$b$187 [10:7] $memory$auto$proc_rom.cc:155:do_switch$3$rdmux[0][5][16]$b$187 [5:0] }
      New connections: { $memory$auto$proc_rom.cc:155:do_switch$3$rdmux[0][5][16]$b$187 [31:25] $memory$auto$proc_rom.cc:155:do_switch$3$rdmux[0][5][16]$b$187 [23:22] $memory$auto$proc_rom.cc:155:do_switch$3$rdmux[0][5][16]$b$187 [20] $memory$auto$proc_rom.cc:155:do_switch$3$rdmux[0][5][16]$b$187 [18:11] $memory$auto$proc_rom.cc:155:do_switch$3$rdmux[0][5][16]$b$187 [6] } = { $memory$auto$proc_rom.cc:155:do_switch$3$rdmux[0][5][16]$b$187 [7] $memory$auto$proc_rom.cc:155:do_switch$3$rdmux[0][5][16]$b$187 [24] 1'1 $memory$auto$proc_rom.cc:155:do_switch$3$rdmux[0][5][16]$b$187 [21] $memory$auto$proc_rom.cc:155:do_switch$3$rdmux[0][5][16]$b$187 [9] $memory$auto$proc_rom.cc:155:do_switch$3$rdmux[0][5][16]$b$187 [7] $memory$auto$proc_rom.cc:155:do_switch$3$rdmux[0][5][16]$b$187 [24] $memory$auto$proc_rom.cc:155:do_switch$3$rdmux[0][5][16]$b$187 [19] $memory$auto$proc_rom.cc:155:do_switch$3$rdmux[0][5][16]$b$187 [5] $memory$auto$proc_rom.cc:155:do_switch$3$rdmux[0][5][16]$b$187 [7] $memory$auto$proc_rom.cc:155:do_switch$3$rdmux[0][5][16]$b$187 [4] $memory$auto$proc_rom.cc:155:do_switch$3$rdmux[0][5][16]$b$187 [10] $memory$auto$proc_rom.cc:155:do_switch$3$rdmux[0][5][16]$b$187 [4] 1'1 $memory$auto$proc_rom.cc:155:do_switch$3$rdmux[0][5][16]$b$187 [8:7] 1'1 $memory$auto$proc_rom.cc:155:do_switch$3$rdmux[0][5][16]$b$187 [10] 1'0 }
    Consolidated identical input bits for $mux cell $memory$auto$proc_rom.cc:155:do_switch$3$rdmux[0][6][32]$329:
      Old ports: A=$memory$auto$proc_rom.cc:155:do_switch$3$rdmux[0][6][32]$a$330, B=$memory$auto$proc_rom.cc:155:do_switch$3$rdmux[0][6][32]$b$331, Y=$memory$auto$proc_rom.cc:155:do_switch$3$rdmux[0][5][16]$a$186
      New ports: A={ $memory$auto$proc_rom.cc:155:do_switch$3$rdmux[0][6][32]$a$330 [2] 1'1 $memory$auto$proc_rom.cc:155:do_switch$3$rdmux[0][6][32]$a$330 [2] $memory$auto$proc_rom.cc:155:do_switch$3$rdmux[0][6][32]$a$330 [8] $memory$auto$proc_rom.cc:155:do_switch$3$rdmux[0][6][32]$a$330 [2] $memory$auto$proc_rom.cc:155:do_switch$3$rdmux[0][6][32]$a$330 [8] $memory$auto$proc_rom.cc:155:do_switch$3$rdmux[0][6][32]$a$330 [8] $memory$auto$proc_rom.cc:155:do_switch$3$rdmux[0][6][32]$a$330 [8] 3'101 $memory$auto$proc_rom.cc:155:do_switch$3$rdmux[0][6][32]$a$330 [2] 2'00 }, B={ $memory$auto$proc_rom.cc:155:do_switch$3$rdmux[0][6][32]$b$331 [5] $memory$auto$proc_rom.cc:155:do_switch$3$rdmux[0][6][32]$b$331 [5] 1'0 $memory$auto$proc_rom.cc:155:do_switch$3$rdmux[0][6][32]$b$331 [5] $memory$auto$proc_rom.cc:155:do_switch$3$rdmux[0][6][32]$b$331 [1] 1'1 $memory$auto$proc_rom.cc:155:do_switch$3$rdmux[0][6][32]$b$331 [1] 2'00 $memory$auto$proc_rom.cc:155:do_switch$3$rdmux[0][6][32]$b$331 [5] $memory$auto$proc_rom.cc:155:do_switch$3$rdmux[0][6][32]$b$331 [1] 1'1 $memory$auto$proc_rom.cc:155:do_switch$3$rdmux[0][6][32]$b$331 [1] 1'1 }, Y={ $memory$auto$proc_rom.cc:155:do_switch$3$rdmux[0][5][16]$a$186 [28] $memory$auto$proc_rom.cc:155:do_switch$3$rdmux[0][5][16]$a$186 [21] $memory$auto$proc_rom.cc:155:do_switch$3$rdmux[0][5][16]$a$186 [17] $memory$auto$proc_rom.cc:155:do_switch$3$rdmux[0][5][16]$a$186 [14] $memory$auto$proc_rom.cc:155:do_switch$3$rdmux[0][5][16]$a$186 [12] $memory$auto$proc_rom.cc:155:do_switch$3$rdmux[0][5][16]$a$186 [10:7] $memory$auto$proc_rom.cc:155:do_switch$3$rdmux[0][5][16]$a$186 [5:4] $memory$auto$proc_rom.cc:155:do_switch$3$rdmux[0][5][16]$a$186 [2:0] }
      New connections: { $memory$auto$proc_rom.cc:155:do_switch$3$rdmux[0][5][16]$a$186 [31:29] $memory$auto$proc_rom.cc:155:do_switch$3$rdmux[0][5][16]$a$186 [27:22] $memory$auto$proc_rom.cc:155:do_switch$3$rdmux[0][5][16]$a$186 [20:18] $memory$auto$proc_rom.cc:155:do_switch$3$rdmux[0][5][16]$a$186 [16:15] $memory$auto$proc_rom.cc:155:do_switch$3$rdmux[0][5][16]$a$186 [13] $memory$auto$proc_rom.cc:155:do_switch$3$rdmux[0][5][16]$a$186 [11] $memory$auto$proc_rom.cc:155:do_switch$3$rdmux[0][5][16]$a$186 [6] $memory$auto$proc_rom.cc:155:do_switch$3$rdmux[0][5][16]$a$186 [3] } = { $memory$auto$proc_rom.cc:155:do_switch$3$rdmux[0][5][16]$a$186 [5] $memory$auto$proc_rom.cc:155:do_switch$3$rdmux[0][5][16]$a$186 [7] $memory$auto$proc_rom.cc:155:do_switch$3$rdmux[0][5][16]$a$186 [5] $memory$auto$proc_rom.cc:155:do_switch$3$rdmux[0][5][16]$a$186 [21] $memory$auto$proc_rom.cc:155:do_switch$3$rdmux[0][5][16]$a$186 [14] $memory$auto$proc_rom.cc:155:do_switch$3$rdmux[0][5][16]$a$186 [7] $memory$auto$proc_rom.cc:155:do_switch$3$rdmux[0][5][16]$a$186 [21] $memory$auto$proc_rom.cc:155:do_switch$3$rdmux[0][5][16]$a$186 [1] $memory$auto$proc_rom.cc:155:do_switch$3$rdmux[0][5][16]$a$186 [21] $memory$auto$proc_rom.cc:155:do_switch$3$rdmux[0][5][16]$a$186 [7] $memory$auto$proc_rom.cc:155:do_switch$3$rdmux[0][5][16]$a$186 [8] 1'0 $memory$auto$proc_rom.cc:155:do_switch$3$rdmux[0][5][16]$a$186 [0] $memory$auto$proc_rom.cc:155:do_switch$3$rdmux[0][5][16]$a$186 [10] $memory$auto$proc_rom.cc:155:do_switch$3$rdmux[0][5][16]$a$186 [0] $memory$auto$proc_rom.cc:155:do_switch$3$rdmux[0][5][16]$a$186 [4] $memory$auto$proc_rom.cc:155:do_switch$3$rdmux[0][5][16]$a$186 [2] $memory$auto$proc_rom.cc:155:do_switch$3$rdmux[0][5][16]$a$186 [0] }
    Consolidated identical input bits for $mux cell $memory$auto$proc_rom.cc:155:do_switch$3$rdmux[0][6][31]$326:
      Old ports: A=$memory$auto$proc_rom.cc:155:do_switch$3$rdmux[0][6][31]$a$327, B=$memory$auto$proc_rom.cc:155:do_switch$3$rdmux[0][6][31]$b$328, Y=$memory$auto$proc_rom.cc:155:do_switch$3$rdmux[0][5][15]$b$184
      New ports: A={ 1'0 $memory$auto$proc_rom.cc:155:do_switch$3$rdmux[0][6][31]$a$327 [8] 1'0 $memory$auto$proc_rom.cc:155:do_switch$3$rdmux[0][6][31]$a$327 [1] $memory$auto$proc_rom.cc:155:do_switch$3$rdmux[0][6][31]$a$327 [8] $memory$auto$proc_rom.cc:155:do_switch$3$rdmux[0][6][31]$a$327 [1] 4'1110 $memory$auto$proc_rom.cc:155:do_switch$3$rdmux[0][6][31]$a$327 [1] $memory$auto$proc_rom.cc:155:do_switch$3$rdmux[0][6][31]$a$327 [1] }, B={ $memory$auto$proc_rom.cc:155:do_switch$3$rdmux[0][6][31]$b$328 [6] $memory$auto$proc_rom.cc:155:do_switch$3$rdmux[0][6][31]$b$328 [6] 3'101 $memory$auto$proc_rom.cc:155:do_switch$3$rdmux[0][6][31]$b$328 [6] $memory$auto$proc_rom.cc:155:do_switch$3$rdmux[0][6][31]$b$328 [6] $memory$auto$proc_rom.cc:155:do_switch$3$rdmux[0][6][31]$b$328 [1] 1'0 $memory$auto$proc_rom.cc:155:do_switch$3$rdmux[0][6][31]$b$328 [1] 1'1 $memory$auto$proc_rom.cc:155:do_switch$3$rdmux[0][6][31]$b$328 [1] }, Y={ $memory$auto$proc_rom.cc:155:do_switch$3$rdmux[0][5][15]$b$184 [27] $memory$auto$proc_rom.cc:155:do_switch$3$rdmux[0][5][15]$b$184 [15] $memory$auto$proc_rom.cc:155:do_switch$3$rdmux[0][5][15]$b$184 [11:10] $memory$auto$proc_rom.cc:155:do_switch$3$rdmux[0][5][15]$b$184 [8:1] }
      New connections: { $memory$auto$proc_rom.cc:155:do_switch$3$rdmux[0][5][15]$b$184 [31:28] $memory$auto$proc_rom.cc:155:do_switch$3$rdmux[0][5][15]$b$184 [26:16] $memory$auto$proc_rom.cc:155:do_switch$3$rdmux[0][5][15]$b$184 [14:12] $memory$auto$proc_rom.cc:155:do_switch$3$rdmux[0][5][15]$b$184 [9] $memory$auto$proc_rom.cc:155:do_switch$3$rdmux[0][5][15]$b$184 [0] } = { $memory$auto$proc_rom.cc:155:do_switch$3$rdmux[0][5][15]$b$184 [8] 1'1 $memory$auto$proc_rom.cc:155:do_switch$3$rdmux[0][5][15]$b$184 [11] $memory$auto$proc_rom.cc:155:do_switch$3$rdmux[0][5][15]$b$184 [1] 1'1 $memory$auto$proc_rom.cc:155:do_switch$3$rdmux[0][5][15]$b$184 [5] $memory$auto$proc_rom.cc:155:do_switch$3$rdmux[0][5][15]$b$184 [6] $memory$auto$proc_rom.cc:155:do_switch$3$rdmux[0][5][15]$b$184 [1] $memory$auto$proc_rom.cc:155:do_switch$3$rdmux[0][5][15]$b$184 [2] $memory$auto$proc_rom.cc:155:do_switch$3$rdmux[0][5][15]$b$184 [8:7] $memory$auto$proc_rom.cc:155:do_switch$3$rdmux[0][5][15]$b$184 [2] $memory$auto$proc_rom.cc:155:do_switch$3$rdmux[0][5][15]$b$184 [3] $memory$auto$proc_rom.cc:155:do_switch$3$rdmux[0][5][15]$b$184 [3] $memory$auto$proc_rom.cc:155:do_switch$3$rdmux[0][5][15]$b$184 [5] $memory$auto$proc_rom.cc:155:do_switch$3$rdmux[0][5][15]$b$184 [7] $memory$auto$proc_rom.cc:155:do_switch$3$rdmux[0][5][15]$b$184 [1] $memory$auto$proc_rom.cc:155:do_switch$3$rdmux[0][5][15]$b$184 [3] $memory$auto$proc_rom.cc:155:do_switch$3$rdmux[0][5][15]$b$184 [6] 1'0 }
    Consolidated identical input bits for $mux cell $memory$auto$proc_rom.cc:155:do_switch$3$rdmux[0][6][30]$323:
      Old ports: A=$memory$auto$proc_rom.cc:155:do_switch$3$rdmux[0][6][30]$a$324, B=$memory$auto$proc_rom.cc:155:do_switch$3$rdmux[0][6][30]$b$325, Y=$memory$auto$proc_rom.cc:155:do_switch$3$rdmux[0][5][15]$a$183
      New ports: A={ $memory$auto$proc_rom.cc:155:do_switch$3$rdmux[0][6][30]$a$324 [6] 2'01 $memory$auto$proc_rom.cc:155:do_switch$3$rdmux[0][6][30]$a$324 [0] $memory$auto$proc_rom.cc:155:do_switch$3$rdmux[0][6][30]$a$324 [6] 1'0 $memory$auto$proc_rom.cc:155:do_switch$3$rdmux[0][6][30]$a$324 [6] $memory$auto$proc_rom.cc:155:do_switch$3$rdmux[0][6][30]$a$324 [6] $memory$auto$proc_rom.cc:155:do_switch$3$rdmux[0][6][30]$a$324 [0] $memory$auto$proc_rom.cc:155:do_switch$3$rdmux[0][6][30]$a$324 [0] 1'0 $memory$auto$proc_rom.cc:155:do_switch$3$rdmux[0][6][30]$a$324 [0] }, B={ $memory$auto$proc_rom.cc:155:do_switch$3$rdmux[0][6][30]$b$325 [2] $memory$auto$proc_rom.cc:155:do_switch$3$rdmux[0][6][30]$b$325 [2:1] 3'111 $memory$auto$proc_rom.cc:155:do_switch$3$rdmux[0][6][30]$b$325 [1] 1'0 $memory$auto$proc_rom.cc:155:do_switch$3$rdmux[0][6][30]$b$325 [1] $memory$auto$proc_rom.cc:155:do_switch$3$rdmux[0][6][30]$b$325 [2:1] 1'0 }, Y={ $memory$auto$proc_rom.cc:155:do_switch$3$rdmux[0][5][15]$a$183 [24] $memory$auto$proc_rom.cc:155:do_switch$3$rdmux[0][5][15]$a$183 [15:13] $memory$auto$proc_rom.cc:155:do_switch$3$rdmux[0][5][15]$a$183 [11:10] $memory$auto$proc_rom.cc:155:do_switch$3$rdmux[0][5][15]$a$183 [8] $memory$auto$proc_rom.cc:155:do_switch$3$rdmux[0][5][15]$a$183 [6] $memory$auto$proc_rom.cc:155:do_switch$3$rdmux[0][5][15]$a$183 [4] $memory$auto$proc_rom.cc:155:do_switch$3$rdmux[0][5][15]$a$183 [2:0] }
      New connections: { $memory$auto$proc_rom.cc:155:do_switch$3$rdmux[0][5][15]$a$183 [31:25] $memory$auto$proc_rom.cc:155:do_switch$3$rdmux[0][5][15]$a$183 [23:16] $memory$auto$proc_rom.cc:155:do_switch$3$rdmux[0][5][15]$a$183 [12] $memory$auto$proc_rom.cc:155:do_switch$3$rdmux[0][5][15]$a$183 [9] $memory$auto$proc_rom.cc:155:do_switch$3$rdmux[0][5][15]$a$183 [7] $memory$auto$proc_rom.cc:155:do_switch$3$rdmux[0][5][15]$a$183 [5] $memory$auto$proc_rom.cc:155:do_switch$3$rdmux[0][5][15]$a$183 [3] } = { $memory$auto$proc_rom.cc:155:do_switch$3$rdmux[0][5][15]$a$183 [11] $memory$auto$proc_rom.cc:155:do_switch$3$rdmux[0][5][15]$a$183 [6] $memory$auto$proc_rom.cc:155:do_switch$3$rdmux[0][5][15]$a$183 [14] $memory$auto$proc_rom.cc:155:do_switch$3$rdmux[0][5][15]$a$183 [6] $memory$auto$proc_rom.cc:155:do_switch$3$rdmux[0][5][15]$a$183 [0] $memory$auto$proc_rom.cc:155:do_switch$3$rdmux[0][5][15]$a$183 [10] $memory$auto$proc_rom.cc:155:do_switch$3$rdmux[0][5][15]$a$183 [13] $memory$auto$proc_rom.cc:155:do_switch$3$rdmux[0][5][15]$a$183 [6] $memory$auto$proc_rom.cc:155:do_switch$3$rdmux[0][5][15]$a$183 [6] $memory$auto$proc_rom.cc:155:do_switch$3$rdmux[0][5][15]$a$183 [13] $memory$auto$proc_rom.cc:155:do_switch$3$rdmux[0][5][15]$a$183 [11:10] $memory$auto$proc_rom.cc:155:do_switch$3$rdmux[0][5][15]$a$183 [14] $memory$auto$proc_rom.cc:155:do_switch$3$rdmux[0][5][15]$a$183 [8] 1'1 $memory$auto$proc_rom.cc:155:do_switch$3$rdmux[0][5][15]$a$183 [1:0] $memory$auto$proc_rom.cc:155:do_switch$3$rdmux[0][5][15]$a$183 [4] 1'1 $memory$auto$proc_rom.cc:155:do_switch$3$rdmux[0][5][15]$a$183 [2] }
    Consolidated identical input bits for $mux cell $memory$auto$proc_rom.cc:155:do_switch$3$rdmux[0][6][29]$320:
      Old ports: A=$memory$auto$proc_rom.cc:155:do_switch$3$rdmux[0][6][29]$a$321, B=$memory$auto$proc_rom.cc:155:do_switch$3$rdmux[0][6][29]$b$322, Y=$memory$auto$proc_rom.cc:155:do_switch$3$rdmux[0][5][14]$b$181
      New ports: A={ 1'1 $memory$auto$proc_rom.cc:155:do_switch$3$rdmux[0][6][29]$a$321 [2] 1'0 $memory$auto$proc_rom.cc:155:do_switch$3$rdmux[0][6][29]$a$321 [2] $memory$auto$proc_rom.cc:155:do_switch$3$rdmux[0][6][29]$a$321 [4] $memory$auto$proc_rom.cc:155:do_switch$3$rdmux[0][6][29]$a$321 [2] $memory$auto$proc_rom.cc:155:do_switch$3$rdmux[0][6][29]$a$321 [4] $memory$auto$proc_rom.cc:155:do_switch$3$rdmux[0][6][29]$a$321 [4] 3'110 $memory$auto$proc_rom.cc:155:do_switch$3$rdmux[0][6][29]$a$321 [4] $memory$auto$proc_rom.cc:155:do_switch$3$rdmux[0][6][29]$a$321 [2] 1'0 }, B={ $memory$auto$proc_rom.cc:155:do_switch$3$rdmux[0][6][29]$b$322 [2:1] $memory$auto$proc_rom.cc:155:do_switch$3$rdmux[0][6][29]$b$322 [2] 3'001 $memory$auto$proc_rom.cc:155:do_switch$3$rdmux[0][6][29]$b$322 [1] $memory$auto$proc_rom.cc:155:do_switch$3$rdmux[0][6][29]$b$322 [2:1] 3'011 $memory$auto$proc_rom.cc:155:do_switch$3$rdmux[0][6][29]$b$322 [2:1] }, Y={ $memory$auto$proc_rom.cc:155:do_switch$3$rdmux[0][5][14]$b$181 [29] $memory$auto$proc_rom.cc:155:do_switch$3$rdmux[0][5][14]$b$181 [26] $memory$auto$proc_rom.cc:155:do_switch$3$rdmux[0][5][14]$b$181 [22] $memory$auto$proc_rom.cc:155:do_switch$3$rdmux[0][5][14]$b$181 [20] $memory$auto$proc_rom.cc:155:do_switch$3$rdmux[0][5][14]$b$181 [14:13] $memory$auto$proc_rom.cc:155:do_switch$3$rdmux[0][5][14]$b$181 [11] $memory$auto$proc_rom.cc:155:do_switch$3$rdmux[0][5][14]$b$181 [9] $memory$auto$proc_rom.cc:155:do_switch$3$rdmux[0][5][14]$b$181 [7:4] $memory$auto$proc_rom.cc:155:do_switch$3$rdmux[0][5][14]$b$181 [2:1] }
      New connections: { $memory$auto$proc_rom.cc:155:do_switch$3$rdmux[0][5][14]$b$181 [31:30] $memory$auto$proc_rom.cc:155:do_switch$3$rdmux[0][5][14]$b$181 [28:27] $memory$auto$proc_rom.cc:155:do_switch$3$rdmux[0][5][14]$b$181 [25:23] $memory$auto$proc_rom.cc:155:do_switch$3$rdmux[0][5][14]$b$181 [21] $memory$auto$proc_rom.cc:155:do_switch$3$rdmux[0][5][14]$b$181 [19:15] $memory$auto$proc_rom.cc:155:do_switch$3$rdmux[0][5][14]$b$181 [12] $memory$auto$proc_rom.cc:155:do_switch$3$rdmux[0][5][14]$b$181 [10] $memory$auto$proc_rom.cc:155:do_switch$3$rdmux[0][5][14]$b$181 [8] $memory$auto$proc_rom.cc:155:do_switch$3$rdmux[0][5][14]$b$181 [3] $memory$auto$proc_rom.cc:155:do_switch$3$rdmux[0][5][14]$b$181 [0] } = { $memory$auto$proc_rom.cc:155:do_switch$3$rdmux[0][5][14]$b$181 [20] $memory$auto$proc_rom.cc:155:do_switch$3$rdmux[0][5][14]$b$181 [20] $memory$auto$proc_rom.cc:155:do_switch$3$rdmux[0][5][14]$b$181 [6] $memory$auto$proc_rom.cc:155:do_switch$3$rdmux[0][5][14]$b$181 [26] $memory$auto$proc_rom.cc:155:do_switch$3$rdmux[0][5][14]$b$181 [20] $memory$auto$proc_rom.cc:155:do_switch$3$rdmux[0][5][14]$b$181 [14] $memory$auto$proc_rom.cc:155:do_switch$3$rdmux[0][5][14]$b$181 [2] $memory$auto$proc_rom.cc:155:do_switch$3$rdmux[0][5][14]$b$181 [2] 1'1 $memory$auto$proc_rom.cc:155:do_switch$3$rdmux[0][5][14]$b$181 [7:6] $memory$auto$proc_rom.cc:155:do_switch$3$rdmux[0][5][14]$b$181 [13] $memory$auto$proc_rom.cc:155:do_switch$3$rdmux[0][5][14]$b$181 [1] $memory$auto$proc_rom.cc:155:do_switch$3$rdmux[0][5][14]$b$181 [2] $memory$auto$proc_rom.cc:155:do_switch$3$rdmux[0][5][14]$b$181 [2] $memory$auto$proc_rom.cc:155:do_switch$3$rdmux[0][5][14]$b$181 [7] 2'11 }
    Consolidated identical input bits for $mux cell $memory$auto$proc_rom.cc:155:do_switch$3$rdmux[0][6][28]$317:
      Old ports: A=$memory$auto$proc_rom.cc:155:do_switch$3$rdmux[0][6][28]$a$318, B=$memory$auto$proc_rom.cc:155:do_switch$3$rdmux[0][6][28]$b$319, Y=$memory$auto$proc_rom.cc:155:do_switch$3$rdmux[0][5][14]$a$180
      New ports: A={ $memory$auto$proc_rom.cc:155:do_switch$3$rdmux[0][6][28]$a$318 [1:0] 1'1 $memory$auto$proc_rom.cc:155:do_switch$3$rdmux[0][6][28]$a$318 [0] 2'10 $memory$auto$proc_rom.cc:155:do_switch$3$rdmux[0][6][28]$a$318 [1] 1'0 $memory$auto$proc_rom.cc:155:do_switch$3$rdmux[0][6][28]$a$318 [0] $memory$auto$proc_rom.cc:155:do_switch$3$rdmux[0][6][28]$a$318 [1:0] }, B={ 2'01 $memory$auto$proc_rom.cc:155:do_switch$3$rdmux[0][6][28]$b$319 [2:1] 1'0 $memory$auto$proc_rom.cc:155:do_switch$3$rdmux[0][6][28]$b$319 [2] 2'11 $memory$auto$proc_rom.cc:155:do_switch$3$rdmux[0][6][28]$b$319 [2:1] 1'0 }, Y={ $memory$auto$proc_rom.cc:155:do_switch$3$rdmux[0][5][14]$a$180 [20] $memory$auto$proc_rom.cc:155:do_switch$3$rdmux[0][5][14]$a$180 [14:13] $memory$auto$proc_rom.cc:155:do_switch$3$rdmux[0][5][14]$a$180 [9] $memory$auto$proc_rom.cc:155:do_switch$3$rdmux[0][5][14]$a$180 [7:5] $memory$auto$proc_rom.cc:155:do_switch$3$rdmux[0][5][14]$a$180 [3:0] }
      New connections: { $memory$auto$proc_rom.cc:155:do_switch$3$rdmux[0][5][14]$a$180 [31:21] $memory$auto$proc_rom.cc:155:do_switch$3$rdmux[0][5][14]$a$180 [19:15] $memory$auto$proc_rom.cc:155:do_switch$3$rdmux[0][5][14]$a$180 [12:10] $memory$auto$proc_rom.cc:155:do_switch$3$rdmux[0][5][14]$a$180 [8] $memory$auto$proc_rom.cc:155:do_switch$3$rdmux[0][5][14]$a$180 [4] } = { $memory$auto$proc_rom.cc:155:do_switch$3$rdmux[0][5][14]$a$180 [3] $memory$auto$proc_rom.cc:155:do_switch$3$rdmux[0][5][14]$a$180 [6] $memory$auto$proc_rom.cc:155:do_switch$3$rdmux[0][5][14]$a$180 [20] $memory$auto$proc_rom.cc:155:do_switch$3$rdmux[0][5][14]$a$180 [13] $memory$auto$proc_rom.cc:155:do_switch$3$rdmux[0][5][14]$a$180 [13] 2'10 $memory$auto$proc_rom.cc:155:do_switch$3$rdmux[0][5][14]$a$180 [2] 1'0 $memory$auto$proc_rom.cc:155:do_switch$3$rdmux[0][5][14]$a$180 [1] $memory$auto$proc_rom.cc:155:do_switch$3$rdmux[0][5][14]$a$180 [9] 1'1 $memory$auto$proc_rom.cc:155:do_switch$3$rdmux[0][5][14]$a$180 [2:1] 1'0 $memory$auto$proc_rom.cc:155:do_switch$3$rdmux[0][5][14]$a$180 [14] 1'1 $memory$auto$proc_rom.cc:155:do_switch$3$rdmux[0][5][14]$a$180 [9] $memory$auto$proc_rom.cc:155:do_switch$3$rdmux[0][5][14]$a$180 [7:6] $memory$auto$proc_rom.cc:155:do_switch$3$rdmux[0][5][14]$a$180 [1] }
    Consolidated identical input bits for $mux cell $memory$auto$proc_rom.cc:155:do_switch$3$rdmux[0][6][27]$314:
      Old ports: A=$memory$auto$proc_rom.cc:155:do_switch$3$rdmux[0][6][27]$a$315, B=$memory$auto$proc_rom.cc:155:do_switch$3$rdmux[0][6][27]$b$316, Y=$memory$auto$proc_rom.cc:155:do_switch$3$rdmux[0][5][13]$b$178
      New ports: A={ $memory$auto$proc_rom.cc:155:do_switch$3$rdmux[0][6][27]$a$315 [8] 1'0 $memory$auto$proc_rom.cc:155:do_switch$3$rdmux[0][6][27]$a$315 [8] 2'11 $memory$auto$proc_rom.cc:155:do_switch$3$rdmux[0][6][27]$a$315 [3] $memory$auto$proc_rom.cc:155:do_switch$3$rdmux[0][6][27]$a$315 [8] 1'0 $memory$auto$proc_rom.cc:155:do_switch$3$rdmux[0][6][27]$a$315 [3] 1'1 $memory$auto$proc_rom.cc:155:do_switch$3$rdmux[0][6][27]$a$315 [3] $memory$auto$proc_rom.cc:155:do_switch$3$rdmux[0][6][27]$a$315 [3] 1'0 }, B={ 1'0 $memory$auto$proc_rom.cc:155:do_switch$3$rdmux[0][6][27]$b$316 [5] $memory$auto$proc_rom.cc:155:do_switch$3$rdmux[0][6][27]$b$316 [6] $memory$auto$proc_rom.cc:155:do_switch$3$rdmux[0][6][27]$b$316 [6] 1'0 $memory$auto$proc_rom.cc:155:do_switch$3$rdmux[0][6][27]$b$316 [5] $memory$auto$proc_rom.cc:155:do_switch$3$rdmux[0][6][27]$b$316 [5] $memory$auto$proc_rom.cc:155:do_switch$3$rdmux[0][6][27]$b$316 [6] $memory$auto$proc_rom.cc:155:do_switch$3$rdmux[0][6][27]$b$316 [6:5] 3'011 }, Y={ $memory$auto$proc_rom.cc:155:do_switch$3$rdmux[0][5][13]$b$178 [30] $memory$auto$proc_rom.cc:155:do_switch$3$rdmux[0][5][13]$b$178 [24] $memory$auto$proc_rom.cc:155:do_switch$3$rdmux[0][5][13]$b$178 [19] $memory$auto$proc_rom.cc:155:do_switch$3$rdmux[0][5][13]$b$178 [16] $memory$auto$proc_rom.cc:155:do_switch$3$rdmux[0][5][13]$b$178 [11:10] $memory$auto$proc_rom.cc:155:do_switch$3$rdmux[0][5][13]$b$178 [8:3] $memory$auto$proc_rom.cc:155:do_switch$3$rdmux[0][5][13]$b$178 [0] }
      New connections: { $memory$auto$proc_rom.cc:155:do_switch$3$rdmux[0][5][13]$b$178 [31] $memory$auto$proc_rom.cc:155:do_switch$3$rdmux[0][5][13]$b$178 [29:25] $memory$auto$proc_rom.cc:155:do_switch$3$rdmux[0][5][13]$b$178 [23:20] $memory$auto$proc_rom.cc:155:do_switch$3$rdmux[0][5][13]$b$178 [18:17] $memory$auto$proc_rom.cc:155:do_switch$3$rdmux[0][5][13]$b$178 [15:12] $memory$auto$proc_rom.cc:155:do_switch$3$rdmux[0][5][13]$b$178 [9] $memory$auto$proc_rom.cc:155:do_switch$3$rdmux[0][5][13]$b$178 [2:1] } = { $memory$auto$proc_rom.cc:155:do_switch$3$rdmux[0][5][13]$b$178 [11] 3'111 $memory$auto$proc_rom.cc:155:do_switch$3$rdmux[0][5][13]$b$178 [24] $memory$auto$proc_rom.cc:155:do_switch$3$rdmux[0][5][13]$b$178 [3] $memory$auto$proc_rom.cc:155:do_switch$3$rdmux[0][5][13]$b$178 [19] $memory$auto$proc_rom.cc:155:do_switch$3$rdmux[0][5][13]$b$178 [5] $memory$auto$proc_rom.cc:155:do_switch$3$rdmux[0][5][13]$b$178 [16] $memory$auto$proc_rom.cc:155:do_switch$3$rdmux[0][5][13]$b$178 [3] $memory$auto$proc_rom.cc:155:do_switch$3$rdmux[0][5][13]$b$178 [16] 1'0 $memory$auto$proc_rom.cc:155:do_switch$3$rdmux[0][5][13]$b$178 [3] $memory$auto$proc_rom.cc:155:do_switch$3$rdmux[0][5][13]$b$178 [4] $memory$auto$proc_rom.cc:155:do_switch$3$rdmux[0][5][13]$b$178 [10] $memory$auto$proc_rom.cc:155:do_switch$3$rdmux[0][5][13]$b$178 [4] $memory$auto$proc_rom.cc:155:do_switch$3$rdmux[0][5][13]$b$178 [6] 2'00 }
    Consolidated identical input bits for $mux cell $memory$auto$proc_rom.cc:155:do_switch$3$rdmux[0][6][26]$311:
      Old ports: A=$memory$auto$proc_rom.cc:155:do_switch$3$rdmux[0][6][26]$a$312, B=$memory$auto$proc_rom.cc:155:do_switch$3$rdmux[0][6][26]$b$313, Y=$memory$auto$proc_rom.cc:155:do_switch$3$rdmux[0][5][13]$a$177
      New ports: A={ $memory$auto$proc_rom.cc:155:do_switch$3$rdmux[0][6][26]$a$312 [4] 1'1 $memory$auto$proc_rom.cc:155:do_switch$3$rdmux[0][6][26]$a$312 [4] 2'10 $memory$auto$proc_rom.cc:155:do_switch$3$rdmux[0][6][26]$a$312 [2] $memory$auto$proc_rom.cc:155:do_switch$3$rdmux[0][6][26]$a$312 [2] $memory$auto$proc_rom.cc:155:do_switch$3$rdmux[0][6][26]$a$312 [4] $memory$auto$proc_rom.cc:155:do_switch$3$rdmux[0][6][26]$a$312 [4] $memory$auto$proc_rom.cc:155:do_switch$3$rdmux[0][6][26]$a$312 [2] $memory$auto$proc_rom.cc:155:do_switch$3$rdmux[0][6][26]$a$312 [2] 2'01 }, B={ 1'1 $memory$auto$proc_rom.cc:155:do_switch$3$rdmux[0][6][26]$b$313 [5] $memory$auto$proc_rom.cc:155:do_switch$3$rdmux[0][6][26]$b$313 [12] $memory$auto$proc_rom.cc:155:do_switch$3$rdmux[0][6][26]$b$313 [12] $memory$auto$proc_rom.cc:155:do_switch$3$rdmux[0][6][26]$b$313 [12] $memory$auto$proc_rom.cc:155:do_switch$3$rdmux[0][6][26]$b$313 [12] $memory$auto$proc_rom.cc:155:do_switch$3$rdmux[0][6][26]$b$313 [5] $memory$auto$proc_rom.cc:155:do_switch$3$rdmux[0][6][26]$b$313 [5] 5'01010 }, Y={ $memory$auto$proc_rom.cc:155:do_switch$3$rdmux[0][5][13]$a$177 [19:16] $memory$auto$proc_rom.cc:155:do_switch$3$rdmux[0][5][13]$a$177 [13:12] $memory$auto$proc_rom.cc:155:do_switch$3$rdmux[0][5][13]$a$177 [9] $memory$auto$proc_rom.cc:155:do_switch$3$rdmux[0][5][13]$a$177 [5:0] }
      New connections: { $memory$auto$proc_rom.cc:155:do_switch$3$rdmux[0][5][13]$a$177 [31:20] $memory$auto$proc_rom.cc:155:do_switch$3$rdmux[0][5][13]$a$177 [15:14] $memory$auto$proc_rom.cc:155:do_switch$3$rdmux[0][5][13]$a$177 [11:10] $memory$auto$proc_rom.cc:155:do_switch$3$rdmux[0][5][13]$a$177 [8:6] } = { $memory$auto$proc_rom.cc:155:do_switch$3$rdmux[0][5][13]$a$177 [16] $memory$auto$proc_rom.cc:155:do_switch$3$rdmux[0][5][13]$a$177 [0] $memory$auto$proc_rom.cc:155:do_switch$3$rdmux[0][5][13]$a$177 [1:0] $memory$auto$proc_rom.cc:155:do_switch$3$rdmux[0][5][13]$a$177 [5] $memory$auto$proc_rom.cc:155:do_switch$3$rdmux[0][5][13]$a$177 [1:0] 1'0 $memory$auto$proc_rom.cc:155:do_switch$3$rdmux[0][5][13]$a$177 [16] $memory$auto$proc_rom.cc:155:do_switch$3$rdmux[0][5][13]$a$177 [18] $memory$auto$proc_rom.cc:155:do_switch$3$rdmux[0][5][13]$a$177 [16] $memory$auto$proc_rom.cc:155:do_switch$3$rdmux[0][5][13]$a$177 [2] $memory$auto$proc_rom.cc:155:do_switch$3$rdmux[0][5][13]$a$177 [12] $memory$auto$proc_rom.cc:155:do_switch$3$rdmux[0][5][13]$a$177 [12] $memory$auto$proc_rom.cc:155:do_switch$3$rdmux[0][5][13]$a$177 [4] $memory$auto$proc_rom.cc:155:do_switch$3$rdmux[0][5][13]$a$177 [2] $memory$auto$proc_rom.cc:155:do_switch$3$rdmux[0][5][13]$a$177 [3] $memory$auto$proc_rom.cc:155:do_switch$3$rdmux[0][5][13]$a$177 [5:4] }
    Consolidated identical input bits for $mux cell $memory$auto$proc_rom.cc:155:do_switch$3$rdmux[0][6][25]$308:
      Old ports: A=$memory$auto$proc_rom.cc:155:do_switch$3$rdmux[0][6][25]$a$309, B=$memory$auto$proc_rom.cc:155:do_switch$3$rdmux[0][6][25]$b$310, Y=$memory$auto$proc_rom.cc:155:do_switch$3$rdmux[0][5][12]$b$175
      New ports: A={ 1'1 $memory$auto$proc_rom.cc:155:do_switch$3$rdmux[0][6][25]$a$309 [1] $memory$auto$proc_rom.cc:155:do_switch$3$rdmux[0][6][25]$a$309 [4] 1'1 $memory$auto$proc_rom.cc:155:do_switch$3$rdmux[0][6][25]$a$309 [4] 1'0 $memory$auto$proc_rom.cc:155:do_switch$3$rdmux[0][6][25]$a$309 [1] $memory$auto$proc_rom.cc:155:do_switch$3$rdmux[0][6][25]$a$309 [4] $memory$auto$proc_rom.cc:155:do_switch$3$rdmux[0][6][25]$a$309 [4] 1'0 $memory$auto$proc_rom.cc:155:do_switch$3$rdmux[0][6][25]$a$309 [1] 1'1 }, B={ $memory$auto$proc_rom.cc:155:do_switch$3$rdmux[0][6][25]$b$310 [5] $memory$auto$proc_rom.cc:155:do_switch$3$rdmux[0][6][25]$b$310 [0] 5'00111 $memory$auto$proc_rom.cc:155:do_switch$3$rdmux[0][6][25]$b$310 [5] $memory$auto$proc_rom.cc:155:do_switch$3$rdmux[0][6][25]$b$310 [0] $memory$auto$proc_rom.cc:155:do_switch$3$rdmux[0][6][25]$b$310 [0] 1'0 $memory$auto$proc_rom.cc:155:do_switch$3$rdmux[0][6][25]$b$310 [0] }, Y={ $memory$auto$proc_rom.cc:155:do_switch$3$rdmux[0][5][12]$b$175 [31] $memory$auto$proc_rom.cc:155:do_switch$3$rdmux[0][5][12]$b$175 [23] $memory$auto$proc_rom.cc:155:do_switch$3$rdmux[0][5][12]$b$175 [16] $memory$auto$proc_rom.cc:155:do_switch$3$rdmux[0][5][12]$b$175 [12:11] $memory$auto$proc_rom.cc:155:do_switch$3$rdmux[0][5][12]$b$175 [9] $memory$auto$proc_rom.cc:155:do_switch$3$rdmux[0][5][12]$b$175 [6:3] $memory$auto$proc_rom.cc:155:do_switch$3$rdmux[0][5][12]$b$175 [1:0] }
      New connections: { $memory$auto$proc_rom.cc:155:do_switch$3$rdmux[0][5][12]$b$175 [30:24] $memory$auto$proc_rom.cc:155:do_switch$3$rdmux[0][5][12]$b$175 [22:17] $memory$auto$proc_rom.cc:155:do_switch$3$rdmux[0][5][12]$b$175 [15:13] $memory$auto$proc_rom.cc:155:do_switch$3$rdmux[0][5][12]$b$175 [10] $memory$auto$proc_rom.cc:155:do_switch$3$rdmux[0][5][12]$b$175 [8:7] $memory$auto$proc_rom.cc:155:do_switch$3$rdmux[0][5][12]$b$175 [2] } = { $memory$auto$proc_rom.cc:155:do_switch$3$rdmux[0][5][12]$b$175 [23] $memory$auto$proc_rom.cc:155:do_switch$3$rdmux[0][5][12]$b$175 [0] $memory$auto$proc_rom.cc:155:do_switch$3$rdmux[0][5][12]$b$175 [12] $memory$auto$proc_rom.cc:155:do_switch$3$rdmux[0][5][12]$b$175 [16] $memory$auto$proc_rom.cc:155:do_switch$3$rdmux[0][5][12]$b$175 [4:3] $memory$auto$proc_rom.cc:155:do_switch$3$rdmux[0][5][12]$b$175 [0] $memory$auto$proc_rom.cc:155:do_switch$3$rdmux[0][5][12]$b$175 [4] $memory$auto$proc_rom.cc:155:do_switch$3$rdmux[0][5][12]$b$175 [16] $memory$auto$proc_rom.cc:155:do_switch$3$rdmux[0][5][12]$b$175 [9] $memory$auto$proc_rom.cc:155:do_switch$3$rdmux[0][5][12]$b$175 [3] 1'1 $memory$auto$proc_rom.cc:155:do_switch$3$rdmux[0][5][12]$b$175 [9] $memory$auto$proc_rom.cc:155:do_switch$3$rdmux[0][5][12]$b$175 [1] 1'0 $memory$auto$proc_rom.cc:155:do_switch$3$rdmux[0][5][12]$b$175 [5] $memory$auto$proc_rom.cc:155:do_switch$3$rdmux[0][5][12]$b$175 [5] $memory$auto$proc_rom.cc:155:do_switch$3$rdmux[0][5][12]$b$175 [3] $memory$auto$proc_rom.cc:155:do_switch$3$rdmux[0][5][12]$b$175 [0] $memory$auto$proc_rom.cc:155:do_switch$3$rdmux[0][5][12]$b$175 [1] }
    Consolidated identical input bits for $mux cell $memory$auto$proc_rom.cc:155:do_switch$3$rdmux[0][6][24]$305:
      Old ports: A=$memory$auto$proc_rom.cc:155:do_switch$3$rdmux[0][6][24]$a$306, B=$memory$auto$proc_rom.cc:155:do_switch$3$rdmux[0][6][24]$b$307, Y=$memory$auto$proc_rom.cc:155:do_switch$3$rdmux[0][5][12]$a$174
      New ports: A={ 1'1 $memory$auto$proc_rom.cc:155:do_switch$3$rdmux[0][6][24]$a$306 [0] 1'0 $memory$auto$proc_rom.cc:155:do_switch$3$rdmux[0][6][24]$a$306 [2] $memory$auto$proc_rom.cc:155:do_switch$3$rdmux[0][6][24]$a$306 [2] $memory$auto$proc_rom.cc:155:do_switch$3$rdmux[0][6][24]$a$306 [0] 2'01 $memory$auto$proc_rom.cc:155:do_switch$3$rdmux[0][6][24]$a$306 [2] $memory$auto$proc_rom.cc:155:do_switch$3$rdmux[0][6][24]$a$306 [0] $memory$auto$proc_rom.cc:155:do_switch$3$rdmux[0][6][24]$a$306 [0] }, B={ 1'0 $memory$auto$proc_rom.cc:155:do_switch$3$rdmux[0][6][24]$b$307 [2] 1'1 $memory$auto$proc_rom.cc:155:do_switch$3$rdmux[0][6][24]$b$307 [5] 1'0 $memory$auto$proc_rom.cc:155:do_switch$3$rdmux[0][6][24]$b$307 [5] $memory$auto$proc_rom.cc:155:do_switch$3$rdmux[0][6][24]$b$307 [5] $memory$auto$proc_rom.cc:155:do_switch$3$rdmux[0][6][24]$b$307 [2] $memory$auto$proc_rom.cc:155:do_switch$3$rdmux[0][6][24]$b$307 [2] 2'01 }, Y={ $memory$auto$proc_rom.cc:155:do_switch$3$rdmux[0][5][12]$a$174 [27] $memory$auto$proc_rom.cc:155:do_switch$3$rdmux[0][5][12]$a$174 [17:16] $memory$auto$proc_rom.cc:155:do_switch$3$rdmux[0][5][12]$a$174 [9] $memory$auto$proc_rom.cc:155:do_switch$3$rdmux[0][5][12]$a$174 [7:5] $memory$auto$proc_rom.cc:155:do_switch$3$rdmux[0][5][12]$a$174 [3:0] }
      New connections: { $memory$auto$proc_rom.cc:155:do_switch$3$rdmux[0][5][12]$a$174 [31:28] $memory$auto$proc_rom.cc:155:do_switch$3$rdmux[0][5][12]$a$174 [26:18] $memory$auto$proc_rom.cc:155:do_switch$3$rdmux[0][5][12]$a$174 [15:10] $memory$auto$proc_rom.cc:155:do_switch$3$rdmux[0][5][12]$a$174 [8] $memory$auto$proc_rom.cc:155:do_switch$3$rdmux[0][5][12]$a$174 [4] } = { $memory$auto$proc_rom.cc:155:do_switch$3$rdmux[0][5][12]$a$174 [27] $memory$auto$proc_rom.cc:155:do_switch$3$rdmux[0][5][12]$a$174 [3] $memory$auto$proc_rom.cc:155:do_switch$3$rdmux[0][5][12]$a$174 [17] $memory$auto$proc_rom.cc:155:do_switch$3$rdmux[0][5][12]$a$174 [3:2] $memory$auto$proc_rom.cc:155:do_switch$3$rdmux[0][5][12]$a$174 [17] 1'1 $memory$auto$proc_rom.cc:155:do_switch$3$rdmux[0][5][12]$a$174 [0] 1'1 $memory$auto$proc_rom.cc:155:do_switch$3$rdmux[0][5][12]$a$174 [0] 1'0 $memory$auto$proc_rom.cc:155:do_switch$3$rdmux[0][5][12]$a$174 [3] $memory$auto$proc_rom.cc:155:do_switch$3$rdmux[0][5][12]$a$174 [0] $memory$auto$proc_rom.cc:155:do_switch$3$rdmux[0][5][12]$a$174 [9] $memory$auto$proc_rom.cc:155:do_switch$3$rdmux[0][5][12]$a$174 [1] $memory$auto$proc_rom.cc:155:do_switch$3$rdmux[0][5][12]$a$174 [1] $memory$auto$proc_rom.cc:155:do_switch$3$rdmux[0][5][12]$a$174 [7] $memory$auto$proc_rom.cc:155:do_switch$3$rdmux[0][5][12]$a$174 [3] $memory$auto$proc_rom.cc:155:do_switch$3$rdmux[0][5][12]$a$174 [1] $memory$auto$proc_rom.cc:155:do_switch$3$rdmux[0][5][12]$a$174 [7] 1'0 }
    Consolidated identical input bits for $mux cell $memory$auto$proc_rom.cc:155:do_switch$3$rdmux[0][6][23]$302:
      Old ports: A=$memory$auto$proc_rom.cc:155:do_switch$3$rdmux[0][6][23]$a$303, B=$memory$auto$proc_rom.cc:155:do_switch$3$rdmux[0][6][23]$b$304, Y=$memory$auto$proc_rom.cc:155:do_switch$3$rdmux[0][5][11]$b$172
      New ports: A={ $memory$auto$proc_rom.cc:155:do_switch$3$rdmux[0][6][23]$a$303 [4] $memory$auto$proc_rom.cc:155:do_switch$3$rdmux[0][6][23]$a$303 [7] $memory$auto$proc_rom.cc:155:do_switch$3$rdmux[0][6][23]$a$303 [4] 1'1 $memory$auto$proc_rom.cc:155:do_switch$3$rdmux[0][6][23]$a$303 [7] $memory$auto$proc_rom.cc:155:do_switch$3$rdmux[0][6][23]$a$303 [4] 1'1 $memory$auto$proc_rom.cc:155:do_switch$3$rdmux[0][6][23]$a$303 [4] 3'001 }, B={ 1'0 $memory$auto$proc_rom.cc:155:do_switch$3$rdmux[0][6][23]$b$304 [3] 3'100 $memory$auto$proc_rom.cc:155:do_switch$3$rdmux[0][6][23]$b$304 [3] $memory$auto$proc_rom.cc:155:do_switch$3$rdmux[0][6][23]$b$304 [3] $memory$auto$proc_rom.cc:155:do_switch$3$rdmux[0][6][23]$b$304 [0] $memory$auto$proc_rom.cc:155:do_switch$3$rdmux[0][6][23]$b$304 [3] 1'1 $memory$auto$proc_rom.cc:155:do_switch$3$rdmux[0][6][23]$b$304 [0] }, Y={ $memory$auto$proc_rom.cc:155:do_switch$3$rdmux[0][5][11]$b$172 [24] $memory$auto$proc_rom.cc:155:do_switch$3$rdmux[0][5][11]$b$172 [21] $memory$auto$proc_rom.cc:155:do_switch$3$rdmux[0][5][11]$b$172 [12:11] $memory$auto$proc_rom.cc:155:do_switch$3$rdmux[0][5][11]$b$172 [7:2] $memory$auto$proc_rom.cc:155:do_switch$3$rdmux[0][5][11]$b$172 [0] }
      New connections: { $memory$auto$proc_rom.cc:155:do_switch$3$rdmux[0][5][11]$b$172 [31:25] $memory$auto$proc_rom.cc:155:do_switch$3$rdmux[0][5][11]$b$172 [23:22] $memory$auto$proc_rom.cc:155:do_switch$3$rdmux[0][5][11]$b$172 [20:13] $memory$auto$proc_rom.cc:155:do_switch$3$rdmux[0][5][11]$b$172 [10:8] $memory$auto$proc_rom.cc:155:do_switch$3$rdmux[0][5][11]$b$172 [1] } = { $memory$auto$proc_rom.cc:155:do_switch$3$rdmux[0][5][11]$b$172 [3] $memory$auto$proc_rom.cc:155:do_switch$3$rdmux[0][5][11]$b$172 [4] $memory$auto$proc_rom.cc:155:do_switch$3$rdmux[0][5][11]$b$172 [7] $memory$auto$proc_rom.cc:155:do_switch$3$rdmux[0][5][11]$b$172 [24] $memory$auto$proc_rom.cc:155:do_switch$3$rdmux[0][5][11]$b$172 [4] $memory$auto$proc_rom.cc:155:do_switch$3$rdmux[0][5][11]$b$172 [4] $memory$auto$proc_rom.cc:155:do_switch$3$rdmux[0][5][11]$b$172 [6] 1'0 $memory$auto$proc_rom.cc:155:do_switch$3$rdmux[0][5][11]$b$172 [6] $memory$auto$proc_rom.cc:155:do_switch$3$rdmux[0][5][11]$b$172 [11] 1'0 $memory$auto$proc_rom.cc:155:do_switch$3$rdmux[0][5][11]$b$172 [5] $memory$auto$proc_rom.cc:155:do_switch$3$rdmux[0][5][11]$b$172 [5] $memory$auto$proc_rom.cc:155:do_switch$3$rdmux[0][5][11]$b$172 [11] $memory$auto$proc_rom.cc:155:do_switch$3$rdmux[0][5][11]$b$172 [5] $memory$auto$proc_rom.cc:155:do_switch$3$rdmux[0][5][11]$b$172 [12] 1'1 $memory$auto$proc_rom.cc:155:do_switch$3$rdmux[0][5][11]$b$172 [0] $memory$auto$proc_rom.cc:155:do_switch$3$rdmux[0][5][11]$b$172 [5:4] $memory$auto$proc_rom.cc:155:do_switch$3$rdmux[0][5][11]$b$172 [0] }
    Consolidated identical input bits for $mux cell $memory$auto$proc_rom.cc:155:do_switch$3$rdmux[0][6][22]$299:
      Old ports: A=$memory$auto$proc_rom.cc:155:do_switch$3$rdmux[0][6][22]$a$300, B=$memory$auto$proc_rom.cc:155:do_switch$3$rdmux[0][6][22]$b$301, Y=$memory$auto$proc_rom.cc:155:do_switch$3$rdmux[0][5][11]$a$171
      New ports: A={ 1'1 $memory$auto$proc_rom.cc:155:do_switch$3$rdmux[0][6][22]$a$300 [0] 1'0 $memory$auto$proc_rom.cc:155:do_switch$3$rdmux[0][6][22]$a$300 [4] 3'100 $memory$auto$proc_rom.cc:155:do_switch$3$rdmux[0][6][22]$a$300 [4] $memory$auto$proc_rom.cc:155:do_switch$3$rdmux[0][6][22]$a$300 [4] $memory$auto$proc_rom.cc:155:do_switch$3$rdmux[0][6][22]$a$300 [0] 1'1 $memory$auto$proc_rom.cc:155:do_switch$3$rdmux[0][6][22]$a$300 [0] }, B={ 1'0 $memory$auto$proc_rom.cc:155:do_switch$3$rdmux[0][6][22]$b$301 [4] $memory$auto$proc_rom.cc:155:do_switch$3$rdmux[0][6][22]$b$301 [4] $memory$auto$proc_rom.cc:155:do_switch$3$rdmux[0][6][22]$b$301 [0] $memory$auto$proc_rom.cc:155:do_switch$3$rdmux[0][6][22]$b$301 [4] $memory$auto$proc_rom.cc:155:do_switch$3$rdmux[0][6][22]$b$301 [0] 2'10 $memory$auto$proc_rom.cc:155:do_switch$3$rdmux[0][6][22]$b$301 [4] 1'0 $memory$auto$proc_rom.cc:155:do_switch$3$rdmux[0][6][22]$b$301 [0] $memory$auto$proc_rom.cc:155:do_switch$3$rdmux[0][6][22]$b$301 [0] }, Y={ $memory$auto$proc_rom.cc:155:do_switch$3$rdmux[0][5][11]$a$171 [27] $memory$auto$proc_rom.cc:155:do_switch$3$rdmux[0][5][11]$a$171 [21:20] $memory$auto$proc_rom.cc:155:do_switch$3$rdmux[0][5][11]$a$171 [9:2] $memory$auto$proc_rom.cc:155:do_switch$3$rdmux[0][5][11]$a$171 [0] }
      New connections: { $memory$auto$proc_rom.cc:155:do_switch$3$rdmux[0][5][11]$a$171 [31:28] $memory$auto$proc_rom.cc:155:do_switch$3$rdmux[0][5][11]$a$171 [26:22] $memory$auto$proc_rom.cc:155:do_switch$3$rdmux[0][5][11]$a$171 [19:10] $memory$auto$proc_rom.cc:155:do_switch$3$rdmux[0][5][11]$a$171 [1] } = { $memory$auto$proc_rom.cc:155:do_switch$3$rdmux[0][5][11]$a$171 [2] 1'0 $memory$auto$proc_rom.cc:155:do_switch$3$rdmux[0][5][11]$a$171 [21] $memory$auto$proc_rom.cc:155:do_switch$3$rdmux[0][5][11]$a$171 [0] $memory$auto$proc_rom.cc:155:do_switch$3$rdmux[0][5][11]$a$171 [20] $memory$auto$proc_rom.cc:155:do_switch$3$rdmux[0][5][11]$a$171 [20] $memory$auto$proc_rom.cc:155:do_switch$3$rdmux[0][5][11]$a$171 [2] $memory$auto$proc_rom.cc:155:do_switch$3$rdmux[0][5][11]$a$171 [5] $memory$auto$proc_rom.cc:155:do_switch$3$rdmux[0][5][11]$a$171 [7:6] $memory$auto$proc_rom.cc:155:do_switch$3$rdmux[0][5][11]$a$171 [4] $memory$auto$proc_rom.cc:155:do_switch$3$rdmux[0][5][11]$a$171 [5] $memory$auto$proc_rom.cc:155:do_switch$3$rdmux[0][5][11]$a$171 [2] $memory$auto$proc_rom.cc:155:do_switch$3$rdmux[0][5][11]$a$171 [2] 1'0 $memory$auto$proc_rom.cc:155:do_switch$3$rdmux[0][5][11]$a$171 [4] $memory$auto$proc_rom.cc:155:do_switch$3$rdmux[0][5][11]$a$171 [5] $memory$auto$proc_rom.cc:155:do_switch$3$rdmux[0][5][11]$a$171 [6] $memory$auto$proc_rom.cc:155:do_switch$3$rdmux[0][5][11]$a$171 [9] 1'0 }
    Consolidated identical input bits for $mux cell $memory$auto$proc_rom.cc:155:do_switch$3$rdmux[0][6][21]$296:
      Old ports: A=$memory$auto$proc_rom.cc:155:do_switch$3$rdmux[0][6][21]$a$297, B=$memory$auto$proc_rom.cc:155:do_switch$3$rdmux[0][6][21]$b$298, Y=$memory$auto$proc_rom.cc:155:do_switch$3$rdmux[0][5][10]$b$169
      New ports: A={ 1'0 $memory$auto$proc_rom.cc:155:do_switch$3$rdmux[0][6][21]$a$297 [1] 1'1 $memory$auto$proc_rom.cc:155:do_switch$3$rdmux[0][6][21]$a$297 [1] $memory$auto$proc_rom.cc:155:do_switch$3$rdmux[0][6][21]$a$297 [3] $memory$auto$proc_rom.cc:155:do_switch$3$rdmux[0][6][21]$a$297 [1] 1'1 $memory$auto$proc_rom.cc:155:do_switch$3$rdmux[0][6][21]$a$297 [3] $memory$auto$proc_rom.cc:155:do_switch$3$rdmux[0][6][21]$a$297 [3] 1'0 $memory$auto$proc_rom.cc:155:do_switch$3$rdmux[0][6][21]$a$297 [1] 1'1 }, B={ $memory$auto$proc_rom.cc:155:do_switch$3$rdmux[0][6][21]$b$298 [0] $memory$auto$proc_rom.cc:155:do_switch$3$rdmux[0][6][21]$b$298 [0] 3'000 $memory$auto$proc_rom.cc:155:do_switch$3$rdmux[0][6][21]$b$298 [2] $memory$auto$proc_rom.cc:155:do_switch$3$rdmux[0][6][21]$b$298 [2] $memory$auto$proc_rom.cc:155:do_switch$3$rdmux[0][6][21]$b$298 [2] 1'1 $memory$auto$proc_rom.cc:155:do_switch$3$rdmux[0][6][21]$b$298 [2] 1'1 $memory$auto$proc_rom.cc:155:do_switch$3$rdmux[0][6][21]$b$298 [0] }, Y={ $memory$auto$proc_rom.cc:155:do_switch$3$rdmux[0][5][10]$b$169 [27] $memory$auto$proc_rom.cc:155:do_switch$3$rdmux[0][5][10]$b$169 [21:19] $memory$auto$proc_rom.cc:155:do_switch$3$rdmux[0][5][10]$b$169 [17:16] $memory$auto$proc_rom.cc:155:do_switch$3$rdmux[0][5][10]$b$169 [10:9] $memory$auto$proc_rom.cc:155:do_switch$3$rdmux[0][5][10]$b$169 [3:0] }
      New connections: { $memory$auto$proc_rom.cc:155:do_switch$3$rdmux[0][5][10]$b$169 [31:28] $memory$auto$proc_rom.cc:155:do_switch$3$rdmux[0][5][10]$b$169 [26:22] $memory$auto$proc_rom.cc:155:do_switch$3$rdmux[0][5][10]$b$169 [18] $memory$auto$proc_rom.cc:155:do_switch$3$rdmux[0][5][10]$b$169 [15:11] $memory$auto$proc_rom.cc:155:do_switch$3$rdmux[0][5][10]$b$169 [8:4] } = { $memory$auto$proc_rom.cc:155:do_switch$3$rdmux[0][5][10]$b$169 [2] $memory$auto$proc_rom.cc:155:do_switch$3$rdmux[0][5][10]$b$169 [27] $memory$auto$proc_rom.cc:155:do_switch$3$rdmux[0][5][10]$b$169 [10] $memory$auto$proc_rom.cc:155:do_switch$3$rdmux[0][5][10]$b$169 [20] $memory$auto$proc_rom.cc:155:do_switch$3$rdmux[0][5][10]$b$169 [0] $memory$auto$proc_rom.cc:155:do_switch$3$rdmux[0][5][10]$b$169 [19] $memory$auto$proc_rom.cc:155:do_switch$3$rdmux[0][5][10]$b$169 [0] $memory$auto$proc_rom.cc:155:do_switch$3$rdmux[0][5][10]$b$169 [17:16] $memory$auto$proc_rom.cc:155:do_switch$3$rdmux[0][5][10]$b$169 [17] $memory$auto$proc_rom.cc:155:do_switch$3$rdmux[0][5][10]$b$169 [1] $memory$auto$proc_rom.cc:155:do_switch$3$rdmux[0][5][10]$b$169 [3] $memory$auto$proc_rom.cc:155:do_switch$3$rdmux[0][5][10]$b$169 [1] $memory$auto$proc_rom.cc:155:do_switch$3$rdmux[0][5][10]$b$169 [3] $memory$auto$proc_rom.cc:155:do_switch$3$rdmux[0][5][10]$b$169 [9] $memory$auto$proc_rom.cc:155:do_switch$3$rdmux[0][5][10]$b$169 [2] $memory$auto$proc_rom.cc:155:do_switch$3$rdmux[0][5][10]$b$169 [3] $memory$auto$proc_rom.cc:155:do_switch$3$rdmux[0][5][10]$b$169 [1] $memory$auto$proc_rom.cc:155:do_switch$3$rdmux[0][5][10]$b$169 [2] $memory$auto$proc_rom.cc:155:do_switch$3$rdmux[0][5][10]$b$169 [3] }
    Consolidated identical input bits for $mux cell $memory$auto$proc_rom.cc:155:do_switch$3$rdmux[0][6][20]$293:
      Old ports: A=$memory$auto$proc_rom.cc:155:do_switch$3$rdmux[0][6][20]$a$294, B=$memory$auto$proc_rom.cc:155:do_switch$3$rdmux[0][6][20]$b$295, Y=$memory$auto$proc_rom.cc:155:do_switch$3$rdmux[0][5][10]$a$168
      New ports: A={ $memory$auto$proc_rom.cc:155:do_switch$3$rdmux[0][6][20]$a$294 [1] 2'01 $memory$auto$proc_rom.cc:155:do_switch$3$rdmux[0][6][20]$a$294 [2] $memory$auto$proc_rom.cc:155:do_switch$3$rdmux[0][6][20]$a$294 [2] 1'0 $memory$auto$proc_rom.cc:155:do_switch$3$rdmux[0][6][20]$a$294 [1] 2'11 $memory$auto$proc_rom.cc:155:do_switch$3$rdmux[0][6][20]$a$294 [2] $memory$auto$proc_rom.cc:155:do_switch$3$rdmux[0][6][20]$a$294 [2:1] 1'0 }, B={ $memory$auto$proc_rom.cc:155:do_switch$3$rdmux[0][6][20]$b$295 [0] $memory$auto$proc_rom.cc:155:do_switch$3$rdmux[0][6][20]$b$295 [1] $memory$auto$proc_rom.cc:155:do_switch$3$rdmux[0][6][20]$b$295 [1] 5'01110 $memory$auto$proc_rom.cc:155:do_switch$3$rdmux[0][6][20]$b$295 [0] $memory$auto$proc_rom.cc:155:do_switch$3$rdmux[0][6][20]$b$295 [0] $memory$auto$proc_rom.cc:155:do_switch$3$rdmux[0][6][20]$b$295 [1] $memory$auto$proc_rom.cc:155:do_switch$3$rdmux[0][6][20]$b$295 [1:0] }, Y={ $memory$auto$proc_rom.cc:155:do_switch$3$rdmux[0][5][10]$a$168 [30] $memory$auto$proc_rom.cc:155:do_switch$3$rdmux[0][5][10]$a$168 [21:19] $memory$auto$proc_rom.cc:155:do_switch$3$rdmux[0][5][10]$a$168 [12:10] $memory$auto$proc_rom.cc:155:do_switch$3$rdmux[0][5][10]$a$168 [8] $memory$auto$proc_rom.cc:155:do_switch$3$rdmux[0][5][10]$a$168 [5] $memory$auto$proc_rom.cc:155:do_switch$3$rdmux[0][5][10]$a$168 [3:0] }
      New connections: { $memory$auto$proc_rom.cc:155:do_switch$3$rdmux[0][5][10]$a$168 [31] $memory$auto$proc_rom.cc:155:do_switch$3$rdmux[0][5][10]$a$168 [29:22] $memory$auto$proc_rom.cc:155:do_switch$3$rdmux[0][5][10]$a$168 [18:13] $memory$auto$proc_rom.cc:155:do_switch$3$rdmux[0][5][10]$a$168 [9] $memory$auto$proc_rom.cc:155:do_switch$3$rdmux[0][5][10]$a$168 [7:6] $memory$auto$proc_rom.cc:155:do_switch$3$rdmux[0][5][10]$a$168 [4] } = { $memory$auto$proc_rom.cc:155:do_switch$3$rdmux[0][5][10]$a$168 [10] $memory$auto$proc_rom.cc:155:do_switch$3$rdmux[0][5][10]$a$168 [3] $memory$auto$proc_rom.cc:155:do_switch$3$rdmux[0][5][10]$a$168 [20] $memory$auto$proc_rom.cc:155:do_switch$3$rdmux[0][5][10]$a$168 [1] $memory$auto$proc_rom.cc:155:do_switch$3$rdmux[0][5][10]$a$168 [21] $memory$auto$proc_rom.cc:155:do_switch$3$rdmux[0][5][10]$a$168 [10] 1'1 $memory$auto$proc_rom.cc:155:do_switch$3$rdmux[0][5][10]$a$168 [3] 1'0 $memory$auto$proc_rom.cc:155:do_switch$3$rdmux[0][5][10]$a$168 [10] $memory$auto$proc_rom.cc:155:do_switch$3$rdmux[0][5][10]$a$168 [12] 1'0 $memory$auto$proc_rom.cc:155:do_switch$3$rdmux[0][5][10]$a$168 [1] $memory$auto$proc_rom.cc:155:do_switch$3$rdmux[0][5][10]$a$168 [3] $memory$auto$proc_rom.cc:155:do_switch$3$rdmux[0][5][10]$a$168 [0] $memory$auto$proc_rom.cc:155:do_switch$3$rdmux[0][5][10]$a$168 [5] 2'11 $memory$auto$proc_rom.cc:155:do_switch$3$rdmux[0][5][10]$a$168 [0] }
    Consolidated identical input bits for $mux cell $memory$auto$proc_rom.cc:155:do_switch$3$rdmux[0][6][19]$290:
      Old ports: A=$memory$auto$proc_rom.cc:155:do_switch$3$rdmux[0][6][19]$a$291, B=$memory$auto$proc_rom.cc:155:do_switch$3$rdmux[0][6][19]$b$292, Y=$memory$auto$proc_rom.cc:155:do_switch$3$rdmux[0][5][9]$b$166
      New ports: A={ $memory$auto$proc_rom.cc:155:do_switch$3$rdmux[0][6][19]$a$291 [12] 1'0 $memory$auto$proc_rom.cc:155:do_switch$3$rdmux[0][6][19]$a$291 [12] $memory$auto$proc_rom.cc:155:do_switch$3$rdmux[0][6][19]$a$291 [0] $memory$auto$proc_rom.cc:155:do_switch$3$rdmux[0][6][19]$a$291 [12] 2'10 $memory$auto$proc_rom.cc:155:do_switch$3$rdmux[0][6][19]$a$291 [0] 1'1 $memory$auto$proc_rom.cc:155:do_switch$3$rdmux[0][6][19]$a$291 [0] 1'0 $memory$auto$proc_rom.cc:155:do_switch$3$rdmux[0][6][19]$a$291 [0] }, B={ 4'1100 $memory$auto$proc_rom.cc:155:do_switch$3$rdmux[0][6][19]$b$292 [3] $memory$auto$proc_rom.cc:155:do_switch$3$rdmux[0][6][19]$b$292 [0] $memory$auto$proc_rom.cc:155:do_switch$3$rdmux[0][6][19]$b$292 [3] 1'1 $memory$auto$proc_rom.cc:155:do_switch$3$rdmux[0][6][19]$b$292 [3] $memory$auto$proc_rom.cc:155:do_switch$3$rdmux[0][6][19]$b$292 [3] $memory$auto$proc_rom.cc:155:do_switch$3$rdmux[0][6][19]$b$292 [0] $memory$auto$proc_rom.cc:155:do_switch$3$rdmux[0][6][19]$b$292 [0] }, Y={ $memory$auto$proc_rom.cc:155:do_switch$3$rdmux[0][5][9]$b$166 [21:20] $memory$auto$proc_rom.cc:155:do_switch$3$rdmux[0][5][9]$b$166 [15] $memory$auto$proc_rom.cc:155:do_switch$3$rdmux[0][5][9]$b$166 [13:12] $memory$auto$proc_rom.cc:155:do_switch$3$rdmux[0][5][9]$b$166 [9:8] $memory$auto$proc_rom.cc:155:do_switch$3$rdmux[0][5][9]$b$166 [5:3] $memory$auto$proc_rom.cc:155:do_switch$3$rdmux[0][5][9]$b$166 [1:0] }
      New connections: { $memory$auto$proc_rom.cc:155:do_switch$3$rdmux[0][5][9]$b$166 [31:22] $memory$auto$proc_rom.cc:155:do_switch$3$rdmux[0][5][9]$b$166 [19:16] $memory$auto$proc_rom.cc:155:do_switch$3$rdmux[0][5][9]$b$166 [14] $memory$auto$proc_rom.cc:155:do_switch$3$rdmux[0][5][9]$b$166 [11:10] $memory$auto$proc_rom.cc:155:do_switch$3$rdmux[0][5][9]$b$166 [7:6] $memory$auto$proc_rom.cc:155:do_switch$3$rdmux[0][5][9]$b$166 [2] } = { $memory$auto$proc_rom.cc:155:do_switch$3$rdmux[0][5][9]$b$166 [20] $memory$auto$proc_rom.cc:155:do_switch$3$rdmux[0][5][9]$b$166 [1] $memory$auto$proc_rom.cc:155:do_switch$3$rdmux[0][5][9]$b$166 [5] $memory$auto$proc_rom.cc:155:do_switch$3$rdmux[0][5][9]$b$166 [0] $memory$auto$proc_rom.cc:155:do_switch$3$rdmux[0][5][9]$b$166 [21] 1'0 $memory$auto$proc_rom.cc:155:do_switch$3$rdmux[0][5][9]$b$166 [20] 1'0 $memory$auto$proc_rom.cc:155:do_switch$3$rdmux[0][5][9]$b$166 [15] $memory$auto$proc_rom.cc:155:do_switch$3$rdmux[0][5][9]$b$166 [8] $memory$auto$proc_rom.cc:155:do_switch$3$rdmux[0][5][9]$b$166 [4] $memory$auto$proc_rom.cc:155:do_switch$3$rdmux[0][5][9]$b$166 [1] $memory$auto$proc_rom.cc:155:do_switch$3$rdmux[0][5][9]$b$166 [9] $memory$auto$proc_rom.cc:155:do_switch$3$rdmux[0][5][9]$b$166 [12] $memory$auto$proc_rom.cc:155:do_switch$3$rdmux[0][5][9]$b$166 [3] $memory$auto$proc_rom.cc:155:do_switch$3$rdmux[0][5][9]$b$166 [1] $memory$auto$proc_rom.cc:155:do_switch$3$rdmux[0][5][9]$b$166 [5] $memory$auto$proc_rom.cc:155:do_switch$3$rdmux[0][5][9]$b$166 [5] $memory$auto$proc_rom.cc:155:do_switch$3$rdmux[0][5][9]$b$166 [1] $memory$auto$proc_rom.cc:155:do_switch$3$rdmux[0][5][9]$b$166 [1] }
    Consolidated identical input bits for $mux cell $memory$auto$proc_rom.cc:155:do_switch$3$rdmux[0][6][18]$287:
      Old ports: A=$memory$auto$proc_rom.cc:155:do_switch$3$rdmux[0][6][18]$a$288, B=$memory$auto$proc_rom.cc:155:do_switch$3$rdmux[0][6][18]$b$289, Y=$memory$auto$proc_rom.cc:155:do_switch$3$rdmux[0][5][9]$a$165
      New ports: A={ 1'0 $memory$auto$proc_rom.cc:155:do_switch$3$rdmux[0][6][18]$a$288 [7] $memory$auto$proc_rom.cc:155:do_switch$3$rdmux[0][6][18]$a$288 [1] $memory$auto$proc_rom.cc:155:do_switch$3$rdmux[0][6][18]$a$288 [7] 1'0 $memory$auto$proc_rom.cc:155:do_switch$3$rdmux[0][6][18]$a$288 [7] 3'101 $memory$auto$proc_rom.cc:155:do_switch$3$rdmux[0][6][18]$a$288 [1] $memory$auto$proc_rom.cc:155:do_switch$3$rdmux[0][6][18]$a$288 [1] $memory$auto$proc_rom.cc:155:do_switch$3$rdmux[0][6][18]$a$288 [1] }, B={ $memory$auto$proc_rom.cc:155:do_switch$3$rdmux[0][6][18]$b$289 [3] $memory$auto$proc_rom.cc:155:do_switch$3$rdmux[0][6][18]$b$289 [3] 2'10 $memory$auto$proc_rom.cc:155:do_switch$3$rdmux[0][6][18]$b$289 [2] 3'101 $memory$auto$proc_rom.cc:155:do_switch$3$rdmux[0][6][18]$b$289 [3] $memory$auto$proc_rom.cc:155:do_switch$3$rdmux[0][6][18]$b$289 [3:2] 1'0 }, Y={ $memory$auto$proc_rom.cc:155:do_switch$3$rdmux[0][5][9]$a$165 [27] $memory$auto$proc_rom.cc:155:do_switch$3$rdmux[0][5][9]$a$165 [13] $memory$auto$proc_rom.cc:155:do_switch$3$rdmux[0][5][9]$a$165 [11:9] $memory$auto$proc_rom.cc:155:do_switch$3$rdmux[0][5][9]$a$165 [7:1] }
      New connections: { $memory$auto$proc_rom.cc:155:do_switch$3$rdmux[0][5][9]$a$165 [31:28] $memory$auto$proc_rom.cc:155:do_switch$3$rdmux[0][5][9]$a$165 [26:14] $memory$auto$proc_rom.cc:155:do_switch$3$rdmux[0][5][9]$a$165 [12] $memory$auto$proc_rom.cc:155:do_switch$3$rdmux[0][5][9]$a$165 [8] $memory$auto$proc_rom.cc:155:do_switch$3$rdmux[0][5][9]$a$165 [0] } = { $memory$auto$proc_rom.cc:155:do_switch$3$rdmux[0][5][9]$a$165 [4] $memory$auto$proc_rom.cc:155:do_switch$3$rdmux[0][5][9]$a$165 [10] $memory$auto$proc_rom.cc:155:do_switch$3$rdmux[0][5][9]$a$165 [13] $memory$auto$proc_rom.cc:155:do_switch$3$rdmux[0][5][9]$a$165 [2] 1'0 $memory$auto$proc_rom.cc:155:do_switch$3$rdmux[0][5][9]$a$165 [2] $memory$auto$proc_rom.cc:155:do_switch$3$rdmux[0][5][9]$a$165 [6] $memory$auto$proc_rom.cc:155:do_switch$3$rdmux[0][5][9]$a$165 [4] 2'10 $memory$auto$proc_rom.cc:155:do_switch$3$rdmux[0][5][9]$a$165 [5] $memory$auto$proc_rom.cc:155:do_switch$3$rdmux[0][5][9]$a$165 [2] $memory$auto$proc_rom.cc:155:do_switch$3$rdmux[0][5][9]$a$165 [11] $memory$auto$proc_rom.cc:155:do_switch$3$rdmux[0][5][9]$a$165 [7] $memory$auto$proc_rom.cc:155:do_switch$3$rdmux[0][5][9]$a$165 [5] $memory$auto$proc_rom.cc:155:do_switch$3$rdmux[0][5][9]$a$165 [2] 1'1 $memory$auto$proc_rom.cc:155:do_switch$3$rdmux[0][5][9]$a$165 [11] $memory$auto$proc_rom.cc:155:do_switch$3$rdmux[0][5][9]$a$165 [6] 1'0 }
    Consolidated identical input bits for $mux cell $memory$auto$proc_rom.cc:155:do_switch$3$rdmux[0][6][17]$284:
      Old ports: A=$memory$auto$proc_rom.cc:155:do_switch$3$rdmux[0][6][17]$a$285, B=$memory$auto$proc_rom.cc:155:do_switch$3$rdmux[0][6][17]$b$286, Y=$memory$auto$proc_rom.cc:155:do_switch$3$rdmux[0][5][8]$b$163
      New ports: A={ $memory$auto$proc_rom.cc:155:do_switch$3$rdmux[0][6][17]$a$285 [13] 1'1 $memory$auto$proc_rom.cc:155:do_switch$3$rdmux[0][6][17]$a$285 [13] $memory$auto$proc_rom.cc:155:do_switch$3$rdmux[0][6][17]$a$285 [1] 2'00 $memory$auto$proc_rom.cc:155:do_switch$3$rdmux[0][6][17]$a$285 [1] 1'0 $memory$auto$proc_rom.cc:155:do_switch$3$rdmux[0][6][17]$a$285 [1] $memory$auto$proc_rom.cc:155:do_switch$3$rdmux[0][6][17]$a$285 [1] 1'1 }, B={ 1'1 $memory$auto$proc_rom.cc:155:do_switch$3$rdmux[0][6][17]$b$286 [2] 1'0 $memory$auto$proc_rom.cc:155:do_switch$3$rdmux[0][6][17]$b$286 [10] $memory$auto$proc_rom.cc:155:do_switch$3$rdmux[0][6][17]$b$286 [10] 2'10 $memory$auto$proc_rom.cc:155:do_switch$3$rdmux[0][6][17]$b$286 [2] $memory$auto$proc_rom.cc:155:do_switch$3$rdmux[0][6][17]$b$286 [2] 2'10 }, Y={ $memory$auto$proc_rom.cc:155:do_switch$3$rdmux[0][5][8]$b$163 [26] $memory$auto$proc_rom.cc:155:do_switch$3$rdmux[0][5][8]$b$163 [19] $memory$auto$proc_rom.cc:155:do_switch$3$rdmux[0][5][8]$b$163 [13:12] $memory$auto$proc_rom.cc:155:do_switch$3$rdmux[0][5][8]$b$163 [10] $memory$auto$proc_rom.cc:155:do_switch$3$rdmux[0][5][8]$b$163 [7] $memory$auto$proc_rom.cc:155:do_switch$3$rdmux[0][5][8]$b$163 [4:0] }
      New connections: { $memory$auto$proc_rom.cc:155:do_switch$3$rdmux[0][5][8]$b$163 [31:27] $memory$auto$proc_rom.cc:155:do_switch$3$rdmux[0][5][8]$b$163 [25:20] $memory$auto$proc_rom.cc:155:do_switch$3$rdmux[0][5][8]$b$163 [18:14] $memory$auto$proc_rom.cc:155:do_switch$3$rdmux[0][5][8]$b$163 [11] $memory$auto$proc_rom.cc:155:do_switch$3$rdmux[0][5][8]$b$163 [9:8] $memory$auto$proc_rom.cc:155:do_switch$3$rdmux[0][5][8]$b$163 [6:5] } = { $memory$auto$proc_rom.cc:155:do_switch$3$rdmux[0][5][8]$b$163 [0] $memory$auto$proc_rom.cc:155:do_switch$3$rdmux[0][5][8]$b$163 [7] $memory$auto$proc_rom.cc:155:do_switch$3$rdmux[0][5][8]$b$163 [1] $memory$auto$proc_rom.cc:155:do_switch$3$rdmux[0][5][8]$b$163 [10] $memory$auto$proc_rom.cc:155:do_switch$3$rdmux[0][5][8]$b$163 [0] $memory$auto$proc_rom.cc:155:do_switch$3$rdmux[0][5][8]$b$163 [2] $memory$auto$proc_rom.cc:155:do_switch$3$rdmux[0][5][8]$b$163 [19] $memory$auto$proc_rom.cc:155:do_switch$3$rdmux[0][5][8]$b$163 [1] $memory$auto$proc_rom.cc:155:do_switch$3$rdmux[0][5][8]$b$163 [3] $memory$auto$proc_rom.cc:155:do_switch$3$rdmux[0][5][8]$b$163 [19] $memory$auto$proc_rom.cc:155:do_switch$3$rdmux[0][5][8]$b$163 [4] $memory$auto$proc_rom.cc:155:do_switch$3$rdmux[0][5][8]$b$163 [1] $memory$auto$proc_rom.cc:155:do_switch$3$rdmux[0][5][8]$b$163 [12] $memory$auto$proc_rom.cc:155:do_switch$3$rdmux[0][5][8]$b$163 [4] 1'0 $memory$auto$proc_rom.cc:155:do_switch$3$rdmux[0][5][8]$b$163 [10] $memory$auto$proc_rom.cc:155:do_switch$3$rdmux[0][5][8]$b$163 [0] 1'1 $memory$auto$proc_rom.cc:155:do_switch$3$rdmux[0][5][8]$b$163 [1] $memory$auto$proc_rom.cc:155:do_switch$3$rdmux[0][5][8]$b$163 [2:1] }
    Consolidated identical input bits for $mux cell $memory$auto$proc_rom.cc:155:do_switch$3$rdmux[0][6][16]$281:
      Old ports: A=$memory$auto$proc_rom.cc:155:do_switch$3$rdmux[0][6][16]$a$282, B=$memory$auto$proc_rom.cc:155:do_switch$3$rdmux[0][6][16]$b$283, Y=$memory$auto$proc_rom.cc:155:do_switch$3$rdmux[0][5][8]$a$162
      New ports: A={ 2'10 $memory$auto$proc_rom.cc:155:do_switch$3$rdmux[0][6][16]$a$282 [6] 1'0 $memory$auto$proc_rom.cc:155:do_switch$3$rdmux[0][6][16]$a$282 [1] $memory$auto$proc_rom.cc:155:do_switch$3$rdmux[0][6][16]$a$282 [6] $memory$auto$proc_rom.cc:155:do_switch$3$rdmux[0][6][16]$a$282 [6] $memory$auto$proc_rom.cc:155:do_switch$3$rdmux[0][6][16]$a$282 [1] 1'1 $memory$auto$proc_rom.cc:155:do_switch$3$rdmux[0][6][16]$a$282 [1] $memory$auto$proc_rom.cc:155:do_switch$3$rdmux[0][6][16]$a$282 [1] 1'0 }, B={ 1'0 $memory$auto$proc_rom.cc:155:do_switch$3$rdmux[0][6][16]$b$283 [7] 2'11 $memory$auto$proc_rom.cc:155:do_switch$3$rdmux[0][6][16]$b$283 [7] $memory$auto$proc_rom.cc:155:do_switch$3$rdmux[0][6][16]$b$283 [7] 2'00 $memory$auto$proc_rom.cc:155:do_switch$3$rdmux[0][6][16]$b$283 [0] 1'1 $memory$auto$proc_rom.cc:155:do_switch$3$rdmux[0][6][16]$b$283 [0] $memory$auto$proc_rom.cc:155:do_switch$3$rdmux[0][6][16]$b$283 [0] }, Y={ $memory$auto$proc_rom.cc:155:do_switch$3$rdmux[0][5][8]$a$162 [22] $memory$auto$proc_rom.cc:155:do_switch$3$rdmux[0][5][8]$a$162 [18] $memory$auto$proc_rom.cc:155:do_switch$3$rdmux[0][5][8]$a$162 [16] $memory$auto$proc_rom.cc:155:do_switch$3$rdmux[0][5][8]$a$162 [11] $memory$auto$proc_rom.cc:155:do_switch$3$rdmux[0][5][8]$a$162 [8:6] $memory$auto$proc_rom.cc:155:do_switch$3$rdmux[0][5][8]$a$162 [4:0] }
      New connections: { $memory$auto$proc_rom.cc:155:do_switch$3$rdmux[0][5][8]$a$162 [31:23] $memory$auto$proc_rom.cc:155:do_switch$3$rdmux[0][5][8]$a$162 [21:19] $memory$auto$proc_rom.cc:155:do_switch$3$rdmux[0][5][8]$a$162 [17] $memory$auto$proc_rom.cc:155:do_switch$3$rdmux[0][5][8]$a$162 [15:12] $memory$auto$proc_rom.cc:155:do_switch$3$rdmux[0][5][8]$a$162 [10:9] $memory$auto$proc_rom.cc:155:do_switch$3$rdmux[0][5][8]$a$162 [5] } = { $memory$auto$proc_rom.cc:155:do_switch$3$rdmux[0][5][8]$a$162 [16] $memory$auto$proc_rom.cc:155:do_switch$3$rdmux[0][5][8]$a$162 [4] $memory$auto$proc_rom.cc:155:do_switch$3$rdmux[0][5][8]$a$162 [22] $memory$auto$proc_rom.cc:155:do_switch$3$rdmux[0][5][8]$a$162 [18] $memory$auto$proc_rom.cc:155:do_switch$3$rdmux[0][5][8]$a$162 [1] $memory$auto$proc_rom.cc:155:do_switch$3$rdmux[0][5][8]$a$162 [6] $memory$auto$proc_rom.cc:155:do_switch$3$rdmux[0][5][8]$a$162 [7] 1'0 $memory$auto$proc_rom.cc:155:do_switch$3$rdmux[0][5][8]$a$162 [7] 1'0 $memory$auto$proc_rom.cc:155:do_switch$3$rdmux[0][5][8]$a$162 [16] $memory$auto$proc_rom.cc:155:do_switch$3$rdmux[0][5][8]$a$162 [11] $memory$auto$proc_rom.cc:155:do_switch$3$rdmux[0][5][8]$a$162 [6] $memory$auto$proc_rom.cc:155:do_switch$3$rdmux[0][5][8]$a$162 [6] $memory$auto$proc_rom.cc:155:do_switch$3$rdmux[0][5][8]$a$162 [2] $memory$auto$proc_rom.cc:155:do_switch$3$rdmux[0][5][8]$a$162 [2] $memory$auto$proc_rom.cc:155:do_switch$3$rdmux[0][5][8]$a$162 [8] $memory$auto$proc_rom.cc:155:do_switch$3$rdmux[0][5][8]$a$162 [2] 1'0 $memory$auto$proc_rom.cc:155:do_switch$3$rdmux[0][5][8]$a$162 [3] }
    Consolidated identical input bits for $mux cell $memory$auto$proc_rom.cc:155:do_switch$3$rdmux[0][6][15]$278:
      Old ports: A=$memory$auto$proc_rom.cc:155:do_switch$3$rdmux[0][6][15]$a$279, B=$memory$auto$proc_rom.cc:155:do_switch$3$rdmux[0][6][15]$b$280, Y=$memory$auto$proc_rom.cc:155:do_switch$3$rdmux[0][5][7]$b$160
      New ports: A={ $memory$auto$proc_rom.cc:155:do_switch$3$rdmux[0][6][15]$a$279 [0] 1'1 $memory$auto$proc_rom.cc:155:do_switch$3$rdmux[0][6][15]$a$279 [0] $memory$auto$proc_rom.cc:155:do_switch$3$rdmux[0][6][15]$a$279 [0] 2'00 $memory$auto$proc_rom.cc:155:do_switch$3$rdmux[0][6][15]$a$279 [1] $memory$auto$proc_rom.cc:155:do_switch$3$rdmux[0][6][15]$a$279 [1] $memory$auto$proc_rom.cc:155:do_switch$3$rdmux[0][6][15]$a$279 [1] 2'11 $memory$auto$proc_rom.cc:155:do_switch$3$rdmux[0][6][15]$a$279 [1:0] }, B={ $memory$auto$proc_rom.cc:155:do_switch$3$rdmux[0][6][15]$b$280 [1] 2'00 $memory$auto$proc_rom.cc:155:do_switch$3$rdmux[0][6][15]$b$280 [3] 1'1 $memory$auto$proc_rom.cc:155:do_switch$3$rdmux[0][6][15]$b$280 [3] $memory$auto$proc_rom.cc:155:do_switch$3$rdmux[0][6][15]$b$280 [3] 2'01 $memory$auto$proc_rom.cc:155:do_switch$3$rdmux[0][6][15]$b$280 [3] $memory$auto$proc_rom.cc:155:do_switch$3$rdmux[0][6][15]$b$280 [1] $memory$auto$proc_rom.cc:155:do_switch$3$rdmux[0][6][15]$b$280 [1] 1'1 }, Y={ $memory$auto$proc_rom.cc:155:do_switch$3$rdmux[0][5][7]$b$160 [31] $memory$auto$proc_rom.cc:155:do_switch$3$rdmux[0][5][7]$b$160 [24:22] $memory$auto$proc_rom.cc:155:do_switch$3$rdmux[0][5][7]$b$160 [20] $memory$auto$proc_rom.cc:155:do_switch$3$rdmux[0][5][7]$b$160 [14:13] $memory$auto$proc_rom.cc:155:do_switch$3$rdmux[0][5][7]$b$160 [8:7] $memory$auto$proc_rom.cc:155:do_switch$3$rdmux[0][5][7]$b$160 [3:0] }
      New connections: { $memory$auto$proc_rom.cc:155:do_switch$3$rdmux[0][5][7]$b$160 [30:25] $memory$auto$proc_rom.cc:155:do_switch$3$rdmux[0][5][7]$b$160 [21] $memory$auto$proc_rom.cc:155:do_switch$3$rdmux[0][5][7]$b$160 [19:15] $memory$auto$proc_rom.cc:155:do_switch$3$rdmux[0][5][7]$b$160 [12:9] $memory$auto$proc_rom.cc:155:do_switch$3$rdmux[0][5][7]$b$160 [6:4] } = { $memory$auto$proc_rom.cc:155:do_switch$3$rdmux[0][5][7]$b$160 [23] 1'1 $memory$auto$proc_rom.cc:155:do_switch$3$rdmux[0][5][7]$b$160 [20] $memory$auto$proc_rom.cc:155:do_switch$3$rdmux[0][5][7]$b$160 [3] $memory$auto$proc_rom.cc:155:do_switch$3$rdmux[0][5][7]$b$160 [8] $memory$auto$proc_rom.cc:155:do_switch$3$rdmux[0][5][7]$b$160 [2] 1'0 $memory$auto$proc_rom.cc:155:do_switch$3$rdmux[0][5][7]$b$160 [7] 1'0 $memory$auto$proc_rom.cc:155:do_switch$3$rdmux[0][5][7]$b$160 [8] 2'01 $memory$auto$proc_rom.cc:155:do_switch$3$rdmux[0][5][7]$b$160 [0] $memory$auto$proc_rom.cc:155:do_switch$3$rdmux[0][5][7]$b$160 [7] 1'0 $memory$auto$proc_rom.cc:155:do_switch$3$rdmux[0][5][7]$b$160 [0] $memory$auto$proc_rom.cc:155:do_switch$3$rdmux[0][5][7]$b$160 [0] $memory$auto$proc_rom.cc:155:do_switch$3$rdmux[0][5][7]$b$160 [1] $memory$auto$proc_rom.cc:155:do_switch$3$rdmux[0][5][7]$b$160 [2] }
    Consolidated identical input bits for $mux cell $memory$auto$proc_rom.cc:155:do_switch$3$rdmux[0][6][14]$275:
      Old ports: A=$memory$auto$proc_rom.cc:155:do_switch$3$rdmux[0][6][14]$a$276, B=$memory$auto$proc_rom.cc:155:do_switch$3$rdmux[0][6][14]$b$277, Y=$memory$auto$proc_rom.cc:155:do_switch$3$rdmux[0][5][7]$a$159
      New ports: A={ 2'10 $memory$auto$proc_rom.cc:155:do_switch$3$rdmux[0][6][14]$a$276 [0] 1'0 $memory$auto$proc_rom.cc:155:do_switch$3$rdmux[0][6][14]$a$276 [6] $memory$auto$proc_rom.cc:155:do_switch$3$rdmux[0][6][14]$a$276 [0] $memory$auto$proc_rom.cc:155:do_switch$3$rdmux[0][6][14]$a$276 [6] 1'1 $memory$auto$proc_rom.cc:155:do_switch$3$rdmux[0][6][14]$a$276 [6] $memory$auto$proc_rom.cc:155:do_switch$3$rdmux[0][6][14]$a$276 [0] 1'0 $memory$auto$proc_rom.cc:155:do_switch$3$rdmux[0][6][14]$a$276 [0] }, B={ $memory$auto$proc_rom.cc:155:do_switch$3$rdmux[0][6][14]$b$277 [1] $memory$auto$proc_rom.cc:155:do_switch$3$rdmux[0][6][14]$b$277 [7] $memory$auto$proc_rom.cc:155:do_switch$3$rdmux[0][6][14]$b$277 [7] 1'1 $memory$auto$proc_rom.cc:155:do_switch$3$rdmux[0][6][14]$b$277 [1] 2'10 $memory$auto$proc_rom.cc:155:do_switch$3$rdmux[0][6][14]$b$277 [7] 1'1 $memory$auto$proc_rom.cc:155:do_switch$3$rdmux[0][6][14]$b$277 [1] $memory$auto$proc_rom.cc:155:do_switch$3$rdmux[0][6][14]$b$277 [1] 1'0 }, Y={ $memory$auto$proc_rom.cc:155:do_switch$3$rdmux[0][5][7]$a$159 [22:21] $memory$auto$proc_rom.cc:155:do_switch$3$rdmux[0][5][7]$a$159 [16:14] $memory$auto$proc_rom.cc:155:do_switch$3$rdmux[0][5][7]$a$159 [12] $memory$auto$proc_rom.cc:155:do_switch$3$rdmux[0][5][7]$a$159 [10] $memory$auto$proc_rom.cc:155:do_switch$3$rdmux[0][5][7]$a$159 [7:6] $memory$auto$proc_rom.cc:155:do_switch$3$rdmux[0][5][7]$a$159 [3] $memory$auto$proc_rom.cc:155:do_switch$3$rdmux[0][5][7]$a$159 [1:0] }
      New connections: { $memory$auto$proc_rom.cc:155:do_switch$3$rdmux[0][5][7]$a$159 [31:23] $memory$auto$proc_rom.cc:155:do_switch$3$rdmux[0][5][7]$a$159 [20:17] $memory$auto$proc_rom.cc:155:do_switch$3$rdmux[0][5][7]$a$159 [13] $memory$auto$proc_rom.cc:155:do_switch$3$rdmux[0][5][7]$a$159 [11] $memory$auto$proc_rom.cc:155:do_switch$3$rdmux[0][5][7]$a$159 [9:8] $memory$auto$proc_rom.cc:155:do_switch$3$rdmux[0][5][7]$a$159 [5:4] $memory$auto$proc_rom.cc:155:do_switch$3$rdmux[0][5][7]$a$159 [2] } = { $memory$auto$proc_rom.cc:155:do_switch$3$rdmux[0][5][7]$a$159 [16] $memory$auto$proc_rom.cc:155:do_switch$3$rdmux[0][5][7]$a$159 [12] $memory$auto$proc_rom.cc:155:do_switch$3$rdmux[0][5][7]$a$159 [21] $memory$auto$proc_rom.cc:155:do_switch$3$rdmux[0][5][7]$a$159 [21] $memory$auto$proc_rom.cc:155:do_switch$3$rdmux[0][5][7]$a$159 [16] $memory$auto$proc_rom.cc:155:do_switch$3$rdmux[0][5][7]$a$159 [1] 1'0 $memory$auto$proc_rom.cc:155:do_switch$3$rdmux[0][5][7]$a$159 [16] 1'0 $memory$auto$proc_rom.cc:155:do_switch$3$rdmux[0][5][7]$a$159 [12] 2'11 $memory$auto$proc_rom.cc:155:do_switch$3$rdmux[0][5][7]$a$159 [7] 1'1 $memory$auto$proc_rom.cc:155:do_switch$3$rdmux[0][5][7]$a$159 [0] $memory$auto$proc_rom.cc:155:do_switch$3$rdmux[0][5][7]$a$159 [0] $memory$auto$proc_rom.cc:155:do_switch$3$rdmux[0][5][7]$a$159 [6] 1'1 $memory$auto$proc_rom.cc:155:do_switch$3$rdmux[0][5][7]$a$159 [1] 1'1 }
    Consolidated identical input bits for $mux cell $memory$auto$proc_rom.cc:155:do_switch$3$rdmux[0][6][13]$272:
      Old ports: A=$memory$auto$proc_rom.cc:155:do_switch$3$rdmux[0][6][13]$a$273, B=$memory$auto$proc_rom.cc:155:do_switch$3$rdmux[0][6][13]$b$274, Y=$memory$auto$proc_rom.cc:155:do_switch$3$rdmux[0][5][6]$b$157
      New ports: A={ 1'0 $memory$auto$proc_rom.cc:155:do_switch$3$rdmux[0][6][13]$a$273 [5] 2'11 $memory$auto$proc_rom.cc:155:do_switch$3$rdmux[0][6][13]$a$273 [1] $memory$auto$proc_rom.cc:155:do_switch$3$rdmux[0][6][13]$a$273 [5] 1'1 $memory$auto$proc_rom.cc:155:do_switch$3$rdmux[0][6][13]$a$273 [1] $memory$auto$proc_rom.cc:155:do_switch$3$rdmux[0][6][13]$a$273 [5] $memory$auto$proc_rom.cc:155:do_switch$3$rdmux[0][6][13]$a$273 [1] 1'0 $memory$auto$proc_rom.cc:155:do_switch$3$rdmux[0][6][13]$a$273 [1] 1'0 }, B={ $memory$auto$proc_rom.cc:155:do_switch$3$rdmux[0][6][13]$b$274 [15] 1'0 $memory$auto$proc_rom.cc:155:do_switch$3$rdmux[0][6][13]$b$274 [15] 1'0 $memory$auto$proc_rom.cc:155:do_switch$3$rdmux[0][6][13]$b$274 [15] 1'1 $memory$auto$proc_rom.cc:155:do_switch$3$rdmux[0][6][13]$b$274 [0] $memory$auto$proc_rom.cc:155:do_switch$3$rdmux[0][6][13]$b$274 [0] $memory$auto$proc_rom.cc:155:do_switch$3$rdmux[0][6][13]$b$274 [0] 3'110 $memory$auto$proc_rom.cc:155:do_switch$3$rdmux[0][6][13]$b$274 [0] }, Y={ $memory$auto$proc_rom.cc:155:do_switch$3$rdmux[0][5][6]$b$157 [31] $memory$auto$proc_rom.cc:155:do_switch$3$rdmux[0][5][6]$b$157 [26] $memory$auto$proc_rom.cc:155:do_switch$3$rdmux[0][5][6]$b$157 [21] $memory$auto$proc_rom.cc:155:do_switch$3$rdmux[0][5][6]$b$157 [17] $memory$auto$proc_rom.cc:155:do_switch$3$rdmux[0][5][6]$b$157 [15] $memory$auto$proc_rom.cc:155:do_switch$3$rdmux[0][5][6]$b$157 [11] $memory$auto$proc_rom.cc:155:do_switch$3$rdmux[0][5][6]$b$157 [9] $memory$auto$proc_rom.cc:155:do_switch$3$rdmux[0][5][6]$b$157 [6:5] $memory$auto$proc_rom.cc:155:do_switch$3$rdmux[0][5][6]$b$157 [3:0] }
      New connections: { $memory$auto$proc_rom.cc:155:do_switch$3$rdmux[0][5][6]$b$157 [30:27] $memory$auto$proc_rom.cc:155:do_switch$3$rdmux[0][5][6]$b$157 [25:22] $memory$auto$proc_rom.cc:155:do_switch$3$rdmux[0][5][6]$b$157 [20:18] $memory$auto$proc_rom.cc:155:do_switch$3$rdmux[0][5][6]$b$157 [16] $memory$auto$proc_rom.cc:155:do_switch$3$rdmux[0][5][6]$b$157 [14:12] $memory$auto$proc_rom.cc:155:do_switch$3$rdmux[0][5][6]$b$157 [10] $memory$auto$proc_rom.cc:155:do_switch$3$rdmux[0][5][6]$b$157 [8:7] $memory$auto$proc_rom.cc:155:do_switch$3$rdmux[0][5][6]$b$157 [4] } = { $memory$auto$proc_rom.cc:155:do_switch$3$rdmux[0][5][6]$b$157 [2] $memory$auto$proc_rom.cc:155:do_switch$3$rdmux[0][5][6]$b$157 [15] $memory$auto$proc_rom.cc:155:do_switch$3$rdmux[0][5][6]$b$157 [5] $memory$auto$proc_rom.cc:155:do_switch$3$rdmux[0][5][6]$b$157 [26] $memory$auto$proc_rom.cc:155:do_switch$3$rdmux[0][5][6]$b$157 [2] 1'0 $memory$auto$proc_rom.cc:155:do_switch$3$rdmux[0][5][6]$b$157 [11] $memory$auto$proc_rom.cc:155:do_switch$3$rdmux[0][5][6]$b$157 [1] $memory$auto$proc_rom.cc:155:do_switch$3$rdmux[0][5][6]$b$157 [5] $memory$auto$proc_rom.cc:155:do_switch$3$rdmux[0][5][6]$b$157 [15] $memory$auto$proc_rom.cc:155:do_switch$3$rdmux[0][5][6]$b$157 [15] $memory$auto$proc_rom.cc:155:do_switch$3$rdmux[0][5][6]$b$157 [1] 1'1 $memory$auto$proc_rom.cc:155:do_switch$3$rdmux[0][5][6]$b$157 [11] $memory$auto$proc_rom.cc:155:do_switch$3$rdmux[0][5][6]$b$157 [3] $memory$auto$proc_rom.cc:155:do_switch$3$rdmux[0][5][6]$b$157 [5] $memory$auto$proc_rom.cc:155:do_switch$3$rdmux[0][5][6]$b$157 [1] 1'1 $memory$auto$proc_rom.cc:155:do_switch$3$rdmux[0][5][6]$b$157 [3] }
    Consolidated identical input bits for $mux cell $memory$auto$proc_rom.cc:155:do_switch$3$rdmux[0][6][12]$269:
      Old ports: A=$memory$auto$proc_rom.cc:155:do_switch$3$rdmux[0][6][12]$a$270, B=$memory$auto$proc_rom.cc:155:do_switch$3$rdmux[0][6][12]$b$271, Y=$memory$auto$proc_rom.cc:155:do_switch$3$rdmux[0][5][6]$a$156
      New ports: A={ 1'1 $memory$auto$proc_rom.cc:155:do_switch$3$rdmux[0][6][12]$a$270 [8] $memory$auto$proc_rom.cc:155:do_switch$3$rdmux[0][6][12]$a$270 [8] $memory$auto$proc_rom.cc:155:do_switch$3$rdmux[0][6][12]$a$270 [2] $memory$auto$proc_rom.cc:155:do_switch$3$rdmux[0][6][12]$a$270 [8] 1'0 $memory$auto$proc_rom.cc:155:do_switch$3$rdmux[0][6][12]$a$270 [2] 1'0 $memory$auto$proc_rom.cc:155:do_switch$3$rdmux[0][6][12]$a$270 [2] 2'10 }, B={ $memory$auto$proc_rom.cc:155:do_switch$3$rdmux[0][6][12]$b$271 [3] 1'1 $memory$auto$proc_rom.cc:155:do_switch$3$rdmux[0][6][12]$b$271 [3] $memory$auto$proc_rom.cc:155:do_switch$3$rdmux[0][6][12]$b$271 [3] $memory$auto$proc_rom.cc:155:do_switch$3$rdmux[0][6][12]$b$271 [7] $memory$auto$proc_rom.cc:155:do_switch$3$rdmux[0][6][12]$b$271 [7] 1'0 $memory$auto$proc_rom.cc:155:do_switch$3$rdmux[0][6][12]$b$271 [3] 3'101 }, Y={ $memory$auto$proc_rom.cc:155:do_switch$3$rdmux[0][5][6]$a$156 [24] $memory$auto$proc_rom.cc:155:do_switch$3$rdmux[0][5][6]$a$156 [17] $memory$auto$proc_rom.cc:155:do_switch$3$rdmux[0][5][6]$a$156 [15] $memory$auto$proc_rom.cc:155:do_switch$3$rdmux[0][5][6]$a$156 [9:6] $memory$auto$proc_rom.cc:155:do_switch$3$rdmux[0][5][6]$a$156 [3:0] }
      New connections: { $memory$auto$proc_rom.cc:155:do_switch$3$rdmux[0][5][6]$a$156 [31:25] $memory$auto$proc_rom.cc:155:do_switch$3$rdmux[0][5][6]$a$156 [23:18] $memory$auto$proc_rom.cc:155:do_switch$3$rdmux[0][5][6]$a$156 [16] $memory$auto$proc_rom.cc:155:do_switch$3$rdmux[0][5][6]$a$156 [14:10] $memory$auto$proc_rom.cc:155:do_switch$3$rdmux[0][5][6]$a$156 [5:4] } = { $memory$auto$proc_rom.cc:155:do_switch$3$rdmux[0][5][6]$a$156 [6] $memory$auto$proc_rom.cc:155:do_switch$3$rdmux[0][5][6]$a$156 [0] $memory$auto$proc_rom.cc:155:do_switch$3$rdmux[0][5][6]$a$156 [7] $memory$auto$proc_rom.cc:155:do_switch$3$rdmux[0][5][6]$a$156 [0] $memory$auto$proc_rom.cc:155:do_switch$3$rdmux[0][5][6]$a$156 [8] $memory$auto$proc_rom.cc:155:do_switch$3$rdmux[0][5][6]$a$156 [6] $memory$auto$proc_rom.cc:155:do_switch$3$rdmux[0][5][6]$a$156 [15] $memory$auto$proc_rom.cc:155:do_switch$3$rdmux[0][5][6]$a$156 [6] $memory$auto$proc_rom.cc:155:do_switch$3$rdmux[0][5][6]$a$156 [6] 1'0 $memory$auto$proc_rom.cc:155:do_switch$3$rdmux[0][5][6]$a$156 [1] $memory$auto$proc_rom.cc:155:do_switch$3$rdmux[0][5][6]$a$156 [3] $memory$auto$proc_rom.cc:155:do_switch$3$rdmux[0][5][6]$a$156 [7] 1'0 $memory$auto$proc_rom.cc:155:do_switch$3$rdmux[0][5][6]$a$156 [9] 1'1 $memory$auto$proc_rom.cc:155:do_switch$3$rdmux[0][5][6]$a$156 [0] $memory$auto$proc_rom.cc:155:do_switch$3$rdmux[0][5][6]$a$156 [6] $memory$auto$proc_rom.cc:155:do_switch$3$rdmux[0][5][6]$a$156 [2] $memory$auto$proc_rom.cc:155:do_switch$3$rdmux[0][5][6]$a$156 [2] $memory$auto$proc_rom.cc:155:do_switch$3$rdmux[0][5][6]$a$156 [3] }
    Consolidated identical input bits for $mux cell $memory$auto$proc_rom.cc:155:do_switch$3$rdmux[0][6][11]$266:
      Old ports: A=$memory$auto$proc_rom.cc:155:do_switch$3$rdmux[0][6][11]$a$267, B=$memory$auto$proc_rom.cc:155:do_switch$3$rdmux[0][6][11]$b$268, Y=$memory$auto$proc_rom.cc:155:do_switch$3$rdmux[0][5][5]$b$154
      New ports: A={ 2'11 $memory$auto$proc_rom.cc:155:do_switch$3$rdmux[0][6][11]$a$267 [6] $memory$auto$proc_rom.cc:155:do_switch$3$rdmux[0][6][11]$a$267 [6] 1'0 $memory$auto$proc_rom.cc:155:do_switch$3$rdmux[0][6][11]$a$267 [6] 1'0 $memory$auto$proc_rom.cc:155:do_switch$3$rdmux[0][6][11]$a$267 [4] $memory$auto$proc_rom.cc:155:do_switch$3$rdmux[0][6][11]$a$267 [6] $memory$auto$proc_rom.cc:155:do_switch$3$rdmux[0][6][11]$a$267 [4] $memory$auto$proc_rom.cc:155:do_switch$3$rdmux[0][6][11]$a$267 [4] 2'01 }, B={ 1'0 $memory$auto$proc_rom.cc:155:do_switch$3$rdmux[0][6][11]$b$268 [9] $memory$auto$proc_rom.cc:155:do_switch$3$rdmux[0][6][11]$b$268 [0] 2'01 $memory$auto$proc_rom.cc:155:do_switch$3$rdmux[0][6][11]$b$268 [9] $memory$auto$proc_rom.cc:155:do_switch$3$rdmux[0][6][11]$b$268 [9] 3'011 $memory$auto$proc_rom.cc:155:do_switch$3$rdmux[0][6][11]$b$268 [0] $memory$auto$proc_rom.cc:155:do_switch$3$rdmux[0][6][11]$b$268 [0] $memory$auto$proc_rom.cc:155:do_switch$3$rdmux[0][6][11]$b$268 [0] }, Y={ $memory$auto$proc_rom.cc:155:do_switch$3$rdmux[0][5][5]$b$154 [30] $memory$auto$proc_rom.cc:155:do_switch$3$rdmux[0][5][5]$b$154 [21:19] $memory$auto$proc_rom.cc:155:do_switch$3$rdmux[0][5][5]$b$154 [11:9] $memory$auto$proc_rom.cc:155:do_switch$3$rdmux[0][5][5]$b$154 [7:4] $memory$auto$proc_rom.cc:155:do_switch$3$rdmux[0][5][5]$b$154 [2] $memory$auto$proc_rom.cc:155:do_switch$3$rdmux[0][5][5]$b$154 [0] }
      New connections: { $memory$auto$proc_rom.cc:155:do_switch$3$rdmux[0][5][5]$b$154 [31] $memory$auto$proc_rom.cc:155:do_switch$3$rdmux[0][5][5]$b$154 [29:22] $memory$auto$proc_rom.cc:155:do_switch$3$rdmux[0][5][5]$b$154 [18:12] $memory$auto$proc_rom.cc:155:do_switch$3$rdmux[0][5][5]$b$154 [8] $memory$auto$proc_rom.cc:155:do_switch$3$rdmux[0][5][5]$b$154 [3] $memory$auto$proc_rom.cc:155:do_switch$3$rdmux[0][5][5]$b$154 [1] } = { $memory$auto$proc_rom.cc:155:do_switch$3$rdmux[0][5][5]$b$154 [2] $memory$auto$proc_rom.cc:155:do_switch$3$rdmux[0][5][5]$b$154 [7] $memory$auto$proc_rom.cc:155:do_switch$3$rdmux[0][5][5]$b$154 [10] $memory$auto$proc_rom.cc:155:do_switch$3$rdmux[0][5][5]$b$154 [7:6] $memory$auto$proc_rom.cc:155:do_switch$3$rdmux[0][5][5]$b$154 [10] $memory$auto$proc_rom.cc:155:do_switch$3$rdmux[0][5][5]$b$154 [0] $memory$auto$proc_rom.cc:155:do_switch$3$rdmux[0][5][5]$b$154 [9] $memory$auto$proc_rom.cc:155:do_switch$3$rdmux[0][5][5]$b$154 [21] $memory$auto$proc_rom.cc:155:do_switch$3$rdmux[0][5][5]$b$154 [0] 1'0 $memory$auto$proc_rom.cc:155:do_switch$3$rdmux[0][5][5]$b$154 [6] $memory$auto$proc_rom.cc:155:do_switch$3$rdmux[0][5][5]$b$154 [2] $memory$auto$proc_rom.cc:155:do_switch$3$rdmux[0][5][5]$b$154 [7] 1'1 $memory$auto$proc_rom.cc:155:do_switch$3$rdmux[0][5][5]$b$154 [0] $memory$auto$proc_rom.cc:155:do_switch$3$rdmux[0][5][5]$b$154 [7] $memory$auto$proc_rom.cc:155:do_switch$3$rdmux[0][5][5]$b$154 [2] $memory$auto$proc_rom.cc:155:do_switch$3$rdmux[0][5][5]$b$154 [0] }
    Consolidated identical input bits for $mux cell $memory$auto$proc_rom.cc:155:do_switch$3$rdmux[0][6][10]$263:
      Old ports: A=$memory$auto$proc_rom.cc:155:do_switch$3$rdmux[0][6][10]$a$264, B=$memory$auto$proc_rom.cc:155:do_switch$3$rdmux[0][6][10]$b$265, Y=$memory$auto$proc_rom.cc:155:do_switch$3$rdmux[0][5][5]$a$153
      New ports: A={ $memory$auto$proc_rom.cc:155:do_switch$3$rdmux[0][6][10]$a$264 [13] $memory$auto$proc_rom.cc:155:do_switch$3$rdmux[0][6][10]$a$264 [13] $memory$auto$proc_rom.cc:155:do_switch$3$rdmux[0][6][10]$a$264 [4] 1'0 $memory$auto$proc_rom.cc:155:do_switch$3$rdmux[0][6][10]$a$264 [13] $memory$auto$proc_rom.cc:155:do_switch$3$rdmux[0][6][10]$a$264 [13] $memory$auto$proc_rom.cc:155:do_switch$3$rdmux[0][6][10]$a$264 [4] $memory$auto$proc_rom.cc:155:do_switch$3$rdmux[0][6][10]$a$264 [4] 2'11 $memory$auto$proc_rom.cc:155:do_switch$3$rdmux[0][6][10]$a$264 [4] 2'00 }, B={ $memory$auto$proc_rom.cc:155:do_switch$3$rdmux[0][6][10]$b$265 [4] 2'00 $memory$auto$proc_rom.cc:155:do_switch$3$rdmux[0][6][10]$b$265 [4] $memory$auto$proc_rom.cc:155:do_switch$3$rdmux[0][6][10]$b$265 [2] 1'1 $memory$auto$proc_rom.cc:155:do_switch$3$rdmux[0][6][10]$b$265 [2] 1'1 $memory$auto$proc_rom.cc:155:do_switch$3$rdmux[0][6][10]$b$265 [2] $memory$auto$proc_rom.cc:155:do_switch$3$rdmux[0][6][10]$b$265 [4] $memory$auto$proc_rom.cc:155:do_switch$3$rdmux[0][6][10]$b$265 [4] $memory$auto$proc_rom.cc:155:do_switch$3$rdmux[0][6][10]$b$265 [2] 1'1 }, Y={ $memory$auto$proc_rom.cc:155:do_switch$3$rdmux[0][5][5]$a$153 [23] $memory$auto$proc_rom.cc:155:do_switch$3$rdmux[0][5][5]$a$153 [19:16] $memory$auto$proc_rom.cc:155:do_switch$3$rdmux[0][5][5]$a$153 [13] $memory$auto$proc_rom.cc:155:do_switch$3$rdmux[0][5][5]$a$153 [10:8] $memory$auto$proc_rom.cc:155:do_switch$3$rdmux[0][5][5]$a$153 [6] $memory$auto$proc_rom.cc:155:do_switch$3$rdmux[0][5][5]$a$153 [4] $memory$auto$proc_rom.cc:155:do_switch$3$rdmux[0][5][5]$a$153 [2] $memory$auto$proc_rom.cc:155:do_switch$3$rdmux[0][5][5]$a$153 [0] }
      New connections: { $memory$auto$proc_rom.cc:155:do_switch$3$rdmux[0][5][5]$a$153 [31:24] $memory$auto$proc_rom.cc:155:do_switch$3$rdmux[0][5][5]$a$153 [22:20] $memory$auto$proc_rom.cc:155:do_switch$3$rdmux[0][5][5]$a$153 [15:14] $memory$auto$proc_rom.cc:155:do_switch$3$rdmux[0][5][5]$a$153 [12:11] $memory$auto$proc_rom.cc:155:do_switch$3$rdmux[0][5][5]$a$153 [7] $memory$auto$proc_rom.cc:155:do_switch$3$rdmux[0][5][5]$a$153 [5] $memory$auto$proc_rom.cc:155:do_switch$3$rdmux[0][5][5]$a$153 [3] $memory$auto$proc_rom.cc:155:do_switch$3$rdmux[0][5][5]$a$153 [1] } = { $memory$auto$proc_rom.cc:155:do_switch$3$rdmux[0][5][5]$a$153 [16] 1'1 $memory$auto$proc_rom.cc:155:do_switch$3$rdmux[0][5][5]$a$153 [19] $memory$auto$proc_rom.cc:155:do_switch$3$rdmux[0][5][5]$a$153 [9] 1'1 $memory$auto$proc_rom.cc:155:do_switch$3$rdmux[0][5][5]$a$153 [18] $memory$auto$proc_rom.cc:155:do_switch$3$rdmux[0][5][5]$a$153 [23] $memory$auto$proc_rom.cc:155:do_switch$3$rdmux[0][5][5]$a$153 [4] 1'1 $memory$auto$proc_rom.cc:155:do_switch$3$rdmux[0][5][5]$a$153 [6] $memory$auto$proc_rom.cc:155:do_switch$3$rdmux[0][5][5]$a$153 [4] $memory$auto$proc_rom.cc:155:do_switch$3$rdmux[0][5][5]$a$153 [8] $memory$auto$proc_rom.cc:155:do_switch$3$rdmux[0][5][5]$a$153 [8] $memory$auto$proc_rom.cc:155:do_switch$3$rdmux[0][5][5]$a$153 [4] $memory$auto$proc_rom.cc:155:do_switch$3$rdmux[0][5][5]$a$153 [6] 1'1 $memory$auto$proc_rom.cc:155:do_switch$3$rdmux[0][5][5]$a$153 [4] $memory$auto$proc_rom.cc:155:do_switch$3$rdmux[0][5][5]$a$153 [2] 1'1 }
    Consolidated identical input bits for $mux cell $memory$auto$proc_rom.cc:155:do_switch$3$rdmux[0][6][9]$260:
      Old ports: A=$memory$auto$proc_rom.cc:155:do_switch$3$rdmux[0][6][9]$a$261, B=$memory$auto$proc_rom.cc:155:do_switch$3$rdmux[0][6][9]$b$262, Y=$memory$auto$proc_rom.cc:155:do_switch$3$rdmux[0][5][4]$b$151
      New ports: A={ $memory$auto$proc_rom.cc:155:do_switch$3$rdmux[0][6][9]$a$261 [3] 2'01 $memory$auto$proc_rom.cc:155:do_switch$3$rdmux[0][6][9]$a$261 [3] 1'1 $memory$auto$proc_rom.cc:155:do_switch$3$rdmux[0][6][9]$a$261 [0] 2'10 $memory$auto$proc_rom.cc:155:do_switch$3$rdmux[0][6][9]$a$261 [3] $memory$auto$proc_rom.cc:155:do_switch$3$rdmux[0][6][9]$a$261 [3] 1'0 $memory$auto$proc_rom.cc:155:do_switch$3$rdmux[0][6][9]$a$261 [0] }, B={ $memory$auto$proc_rom.cc:155:do_switch$3$rdmux[0][6][9]$b$262 [8] $memory$auto$proc_rom.cc:155:do_switch$3$rdmux[0][6][9]$b$262 [3] $memory$auto$proc_rom.cc:155:do_switch$3$rdmux[0][6][9]$b$262 [3] 3'000 $memory$auto$proc_rom.cc:155:do_switch$3$rdmux[0][6][9]$b$262 [8] $memory$auto$proc_rom.cc:155:do_switch$3$rdmux[0][6][9]$b$262 [8] 1'1 $memory$auto$proc_rom.cc:155:do_switch$3$rdmux[0][6][9]$b$262 [3] 2'11 }, Y={ $memory$auto$proc_rom.cc:155:do_switch$3$rdmux[0][5][4]$b$151 [31] $memory$auto$proc_rom.cc:155:do_switch$3$rdmux[0][5][4]$b$151 [25] $memory$auto$proc_rom.cc:155:do_switch$3$rdmux[0][5][4]$b$151 [20] $memory$auto$proc_rom.cc:155:do_switch$3$rdmux[0][5][4]$b$151 [15] $memory$auto$proc_rom.cc:155:do_switch$3$rdmux[0][5][4]$b$151 [12:10] $memory$auto$proc_rom.cc:155:do_switch$3$rdmux[0][5][4]$b$151 [8] $memory$auto$proc_rom.cc:155:do_switch$3$rdmux[0][5][4]$b$151 [5] $memory$auto$proc_rom.cc:155:do_switch$3$rdmux[0][5][4]$b$151 [3] $memory$auto$proc_rom.cc:155:do_switch$3$rdmux[0][5][4]$b$151 [1:0] }
      New connections: { $memory$auto$proc_rom.cc:155:do_switch$3$rdmux[0][5][4]$b$151 [30:26] $memory$auto$proc_rom.cc:155:do_switch$3$rdmux[0][5][4]$b$151 [24:21] $memory$auto$proc_rom.cc:155:do_switch$3$rdmux[0][5][4]$b$151 [19:16] $memory$auto$proc_rom.cc:155:do_switch$3$rdmux[0][5][4]$b$151 [14:13] $memory$auto$proc_rom.cc:155:do_switch$3$rdmux[0][5][4]$b$151 [9] $memory$auto$proc_rom.cc:155:do_switch$3$rdmux[0][5][4]$b$151 [7:6] $memory$auto$proc_rom.cc:155:do_switch$3$rdmux[0][5][4]$b$151 [4] $memory$auto$proc_rom.cc:155:do_switch$3$rdmux[0][5][4]$b$151 [2] } = { $memory$auto$proc_rom.cc:155:do_switch$3$rdmux[0][5][4]$b$151 [15] $memory$auto$proc_rom.cc:155:do_switch$3$rdmux[0][5][4]$b$151 [8] $memory$auto$proc_rom.cc:155:do_switch$3$rdmux[0][5][4]$b$151 [10] $memory$auto$proc_rom.cc:155:do_switch$3$rdmux[0][5][4]$b$151 [25] $memory$auto$proc_rom.cc:155:do_switch$3$rdmux[0][5][4]$b$151 [3] $memory$auto$proc_rom.cc:155:do_switch$3$rdmux[0][5][4]$b$151 [15] 2'01 $memory$auto$proc_rom.cc:155:do_switch$3$rdmux[0][5][4]$b$151 [1] $memory$auto$proc_rom.cc:155:do_switch$3$rdmux[0][5][4]$b$151 [1] $memory$auto$proc_rom.cc:155:do_switch$3$rdmux[0][5][4]$b$151 [11] $memory$auto$proc_rom.cc:155:do_switch$3$rdmux[0][5][4]$b$151 [0] $memory$auto$proc_rom.cc:155:do_switch$3$rdmux[0][5][4]$b$151 [11] $memory$auto$proc_rom.cc:155:do_switch$3$rdmux[0][5][4]$b$151 [8] $memory$auto$proc_rom.cc:155:do_switch$3$rdmux[0][5][4]$b$151 [0] $memory$auto$proc_rom.cc:155:do_switch$3$rdmux[0][5][4]$b$151 [8] 1'0 $memory$auto$proc_rom.cc:155:do_switch$3$rdmux[0][5][4]$b$151 [3] 2'10 }
    Consolidated identical input bits for $mux cell $memory$auto$proc_rom.cc:155:do_switch$3$rdmux[0][6][8]$257:
      Old ports: A=$memory$auto$proc_rom.cc:155:do_switch$3$rdmux[0][6][8]$a$258, B=$memory$auto$proc_rom.cc:155:do_switch$3$rdmux[0][6][8]$b$259, Y=$memory$auto$proc_rom.cc:155:do_switch$3$rdmux[0][5][4]$a$150
      New ports: A={ 3'010 $memory$auto$proc_rom.cc:155:do_switch$3$rdmux[0][6][8]$a$258 [0] $memory$auto$proc_rom.cc:155:do_switch$3$rdmux[0][6][8]$a$258 [11] $memory$auto$proc_rom.cc:155:do_switch$3$rdmux[0][6][8]$a$258 [11] $memory$auto$proc_rom.cc:155:do_switch$3$rdmux[0][6][8]$a$258 [11] $memory$auto$proc_rom.cc:155:do_switch$3$rdmux[0][6][8]$a$258 [11] $memory$auto$proc_rom.cc:155:do_switch$3$rdmux[0][6][8]$a$258 [0] 1'1 $memory$auto$proc_rom.cc:155:do_switch$3$rdmux[0][6][8]$a$258 [0] 1'0 $memory$auto$proc_rom.cc:155:do_switch$3$rdmux[0][6][8]$a$258 [0] }, B={ $memory$auto$proc_rom.cc:155:do_switch$3$rdmux[0][6][8]$b$259 [6] $memory$auto$proc_rom.cc:155:do_switch$3$rdmux[0][6][8]$b$259 [1] 2'10 $memory$auto$proc_rom.cc:155:do_switch$3$rdmux[0][6][8]$b$259 [1] $memory$auto$proc_rom.cc:155:do_switch$3$rdmux[0][6][8]$b$259 [6] 2'10 $memory$auto$proc_rom.cc:155:do_switch$3$rdmux[0][6][8]$b$259 [6] 1'0 $memory$auto$proc_rom.cc:155:do_switch$3$rdmux[0][6][8]$b$259 [1] $memory$auto$proc_rom.cc:155:do_switch$3$rdmux[0][6][8]$b$259 [1] 1'1 }, Y={ $memory$auto$proc_rom.cc:155:do_switch$3$rdmux[0][5][4]$a$150 [29] $memory$auto$proc_rom.cc:155:do_switch$3$rdmux[0][5][4]$a$150 [23] $memory$auto$proc_rom.cc:155:do_switch$3$rdmux[0][5][4]$a$150 [20:19] $memory$auto$proc_rom.cc:155:do_switch$3$rdmux[0][5][4]$a$150 [17] $memory$auto$proc_rom.cc:155:do_switch$3$rdmux[0][5][4]$a$150 [14:13] $memory$auto$proc_rom.cc:155:do_switch$3$rdmux[0][5][4]$a$150 [11] $memory$auto$proc_rom.cc:155:do_switch$3$rdmux[0][5][4]$a$150 [6:5] $memory$auto$proc_rom.cc:155:do_switch$3$rdmux[0][5][4]$a$150 [2:0] }
      New connections: { $memory$auto$proc_rom.cc:155:do_switch$3$rdmux[0][5][4]$a$150 [31:30] $memory$auto$proc_rom.cc:155:do_switch$3$rdmux[0][5][4]$a$150 [28:24] $memory$auto$proc_rom.cc:155:do_switch$3$rdmux[0][5][4]$a$150 [22:21] $memory$auto$proc_rom.cc:155:do_switch$3$rdmux[0][5][4]$a$150 [18] $memory$auto$proc_rom.cc:155:do_switch$3$rdmux[0][5][4]$a$150 [16:15] $memory$auto$proc_rom.cc:155:do_switch$3$rdmux[0][5][4]$a$150 [12] $memory$auto$proc_rom.cc:155:do_switch$3$rdmux[0][5][4]$a$150 [10:7] $memory$auto$proc_rom.cc:155:do_switch$3$rdmux[0][5][4]$a$150 [4:3] } = { 1'0 $memory$auto$proc_rom.cc:155:do_switch$3$rdmux[0][5][4]$a$150 [0] $memory$auto$proc_rom.cc:155:do_switch$3$rdmux[0][5][4]$a$150 [6] $memory$auto$proc_rom.cc:155:do_switch$3$rdmux[0][5][4]$a$150 [1] $memory$auto$proc_rom.cc:155:do_switch$3$rdmux[0][5][4]$a$150 [5] $memory$auto$proc_rom.cc:155:do_switch$3$rdmux[0][5][4]$a$150 [20] $memory$auto$proc_rom.cc:155:do_switch$3$rdmux[0][5][4]$a$150 [0] $memory$auto$proc_rom.cc:155:do_switch$3$rdmux[0][5][4]$a$150 [13] $memory$auto$proc_rom.cc:155:do_switch$3$rdmux[0][5][4]$a$150 [14] $memory$auto$proc_rom.cc:155:do_switch$3$rdmux[0][5][4]$a$150 [11] $memory$auto$proc_rom.cc:155:do_switch$3$rdmux[0][5][4]$a$150 [1:0] 1'0 $memory$auto$proc_rom.cc:155:do_switch$3$rdmux[0][5][4]$a$150 [6] $memory$auto$proc_rom.cc:155:do_switch$3$rdmux[0][5][4]$a$150 [6:5] 1'1 $memory$auto$proc_rom.cc:155:do_switch$3$rdmux[0][5][4]$a$150 [2] $memory$auto$proc_rom.cc:155:do_switch$3$rdmux[0][5][4]$a$150 [0] }
    Consolidated identical input bits for $mux cell $memory$auto$proc_rom.cc:155:do_switch$3$rdmux[0][6][7]$254:
      Old ports: A=$memory$auto$proc_rom.cc:155:do_switch$3$rdmux[0][6][7]$a$255, B=$memory$auto$proc_rom.cc:155:do_switch$3$rdmux[0][6][7]$b$256, Y=$memory$auto$proc_rom.cc:155:do_switch$3$rdmux[0][5][3]$b$148
      New ports: A={ $memory$auto$proc_rom.cc:155:do_switch$3$rdmux[0][6][7]$a$255 [4] $memory$auto$proc_rom.cc:155:do_switch$3$rdmux[0][6][7]$a$255 [4] $memory$auto$proc_rom.cc:155:do_switch$3$rdmux[0][6][7]$a$255 [2] 4'1001 $memory$auto$proc_rom.cc:155:do_switch$3$rdmux[0][6][7]$a$255 [2] $memory$auto$proc_rom.cc:155:do_switch$3$rdmux[0][6][7]$a$255 [2] 1'1 $memory$auto$proc_rom.cc:155:do_switch$3$rdmux[0][6][7]$a$255 [4] $memory$auto$proc_rom.cc:155:do_switch$3$rdmux[0][6][7]$a$255 [2] 1'0 }, B={ 1'0 $memory$auto$proc_rom.cc:155:do_switch$3$rdmux[0][6][7]$b$256 [13] $memory$auto$proc_rom.cc:155:do_switch$3$rdmux[0][6][7]$b$256 [13] $memory$auto$proc_rom.cc:155:do_switch$3$rdmux[0][6][7]$b$256 [2] $memory$auto$proc_rom.cc:155:do_switch$3$rdmux[0][6][7]$b$256 [2] $memory$auto$proc_rom.cc:155:do_switch$3$rdmux[0][6][7]$b$256 [13] $memory$auto$proc_rom.cc:155:do_switch$3$rdmux[0][6][7]$b$256 [13] 4'1001 $memory$auto$proc_rom.cc:155:do_switch$3$rdmux[0][6][7]$b$256 [2] 1'1 }, Y={ $memory$auto$proc_rom.cc:155:do_switch$3$rdmux[0][5][3]$b$148 [30] $memory$auto$proc_rom.cc:155:do_switch$3$rdmux[0][5][3]$b$148 [28] $memory$auto$proc_rom.cc:155:do_switch$3$rdmux[0][5][3]$b$148 [22:21] $memory$auto$proc_rom.cc:155:do_switch$3$rdmux[0][5][3]$b$148 [17:16] $memory$auto$proc_rom.cc:155:do_switch$3$rdmux[0][5][3]$b$148 [13] $memory$auto$proc_rom.cc:155:do_switch$3$rdmux[0][5][3]$b$148 [10] $memory$auto$proc_rom.cc:155:do_switch$3$rdmux[0][5][3]$b$148 [8] $memory$auto$proc_rom.cc:155:do_switch$3$rdmux[0][5][3]$b$148 [6] $memory$auto$proc_rom.cc:155:do_switch$3$rdmux[0][5][3]$b$148 [4] $memory$auto$proc_rom.cc:155:do_switch$3$rdmux[0][5][3]$b$148 [2:1] }
      New connections: { $memory$auto$proc_rom.cc:155:do_switch$3$rdmux[0][5][3]$b$148 [31] $memory$auto$proc_rom.cc:155:do_switch$3$rdmux[0][5][3]$b$148 [29] $memory$auto$proc_rom.cc:155:do_switch$3$rdmux[0][5][3]$b$148 [27:23] $memory$auto$proc_rom.cc:155:do_switch$3$rdmux[0][5][3]$b$148 [20:18] $memory$auto$proc_rom.cc:155:do_switch$3$rdmux[0][5][3]$b$148 [15:14] $memory$auto$proc_rom.cc:155:do_switch$3$rdmux[0][5][3]$b$148 [12:11] $memory$auto$proc_rom.cc:155:do_switch$3$rdmux[0][5][3]$b$148 [9] $memory$auto$proc_rom.cc:155:do_switch$3$rdmux[0][5][3]$b$148 [7] $memory$auto$proc_rom.cc:155:do_switch$3$rdmux[0][5][3]$b$148 [5] $memory$auto$proc_rom.cc:155:do_switch$3$rdmux[0][5][3]$b$148 [3] $memory$auto$proc_rom.cc:155:do_switch$3$rdmux[0][5][3]$b$148 [0] } = { $memory$auto$proc_rom.cc:155:do_switch$3$rdmux[0][5][3]$b$148 [10] $memory$auto$proc_rom.cc:155:do_switch$3$rdmux[0][5][3]$b$148 [6] $memory$auto$proc_rom.cc:155:do_switch$3$rdmux[0][5][3]$b$148 [1] $memory$auto$proc_rom.cc:155:do_switch$3$rdmux[0][5][3]$b$148 [1] $memory$auto$proc_rom.cc:155:do_switch$3$rdmux[0][5][3]$b$148 [17] $memory$auto$proc_rom.cc:155:do_switch$3$rdmux[0][5][3]$b$148 [8] 1'0 $memory$auto$proc_rom.cc:155:do_switch$3$rdmux[0][5][3]$b$148 [10] $memory$auto$proc_rom.cc:155:do_switch$3$rdmux[0][5][3]$b$148 [8] $memory$auto$proc_rom.cc:155:do_switch$3$rdmux[0][5][3]$b$148 [4] $memory$auto$proc_rom.cc:155:do_switch$3$rdmux[0][5][3]$b$148 [8] 1'0 $memory$auto$proc_rom.cc:155:do_switch$3$rdmux[0][5][3]$b$148 [10] $memory$auto$proc_rom.cc:155:do_switch$3$rdmux[0][5][3]$b$148 [4] 1'0 $memory$auto$proc_rom.cc:155:do_switch$3$rdmux[0][5][3]$b$148 [1] $memory$auto$proc_rom.cc:155:do_switch$3$rdmux[0][5][3]$b$148 [4] 2'10 }
    Consolidated identical input bits for $mux cell $memory$auto$proc_rom.cc:155:do_switch$3$rdmux[0][6][6]$251:
      Old ports: A=$memory$auto$proc_rom.cc:155:do_switch$3$rdmux[0][6][6]$a$252, B=$memory$auto$proc_rom.cc:155:do_switch$3$rdmux[0][6][6]$b$253, Y=$memory$auto$proc_rom.cc:155:do_switch$3$rdmux[0][5][3]$a$147
      New ports: A={ 1'0 $memory$auto$proc_rom.cc:155:do_switch$3$rdmux[0][6][6]$a$252 [0] $memory$auto$proc_rom.cc:155:do_switch$3$rdmux[0][6][6]$a$252 [0] $memory$auto$proc_rom.cc:155:do_switch$3$rdmux[0][6][6]$a$252 [0] 2'11 $memory$auto$proc_rom.cc:155:do_switch$3$rdmux[0][6][6]$a$252 [3] 1'0 $memory$auto$proc_rom.cc:155:do_switch$3$rdmux[0][6][6]$a$252 [3] $memory$auto$proc_rom.cc:155:do_switch$3$rdmux[0][6][6]$a$252 [3] 1'1 $memory$auto$proc_rom.cc:155:do_switch$3$rdmux[0][6][6]$a$252 [0] }, B={ $memory$auto$proc_rom.cc:155:do_switch$3$rdmux[0][6][6]$b$253 [2] $memory$auto$proc_rom.cc:155:do_switch$3$rdmux[0][6][6]$b$253 [2] 3'100 $memory$auto$proc_rom.cc:155:do_switch$3$rdmux[0][6][6]$b$253 [0] $memory$auto$proc_rom.cc:155:do_switch$3$rdmux[0][6][6]$b$253 [2] 1'1 $memory$auto$proc_rom.cc:155:do_switch$3$rdmux[0][6][6]$b$253 [0] 1'0 $memory$auto$proc_rom.cc:155:do_switch$3$rdmux[0][6][6]$b$253 [2] $memory$auto$proc_rom.cc:155:do_switch$3$rdmux[0][6][6]$b$253 [0] }, Y={ $memory$auto$proc_rom.cc:155:do_switch$3$rdmux[0][5][3]$a$147 [23] $memory$auto$proc_rom.cc:155:do_switch$3$rdmux[0][5][3]$a$147 [21] $memory$auto$proc_rom.cc:155:do_switch$3$rdmux[0][5][3]$a$147 [14:12] $memory$auto$proc_rom.cc:155:do_switch$3$rdmux[0][5][3]$a$147 [10] $memory$auto$proc_rom.cc:155:do_switch$3$rdmux[0][5][3]$a$147 [6:2] $memory$auto$proc_rom.cc:155:do_switch$3$rdmux[0][5][3]$a$147 [0] }
      New connections: { $memory$auto$proc_rom.cc:155:do_switch$3$rdmux[0][5][3]$a$147 [31:24] $memory$auto$proc_rom.cc:155:do_switch$3$rdmux[0][5][3]$a$147 [22] $memory$auto$proc_rom.cc:155:do_switch$3$rdmux[0][5][3]$a$147 [20:15] $memory$auto$proc_rom.cc:155:do_switch$3$rdmux[0][5][3]$a$147 [11] $memory$auto$proc_rom.cc:155:do_switch$3$rdmux[0][5][3]$a$147 [9:7] $memory$auto$proc_rom.cc:155:do_switch$3$rdmux[0][5][3]$a$147 [1] } = { $memory$auto$proc_rom.cc:155:do_switch$3$rdmux[0][5][3]$a$147 [5] $memory$auto$proc_rom.cc:155:do_switch$3$rdmux[0][5][3]$a$147 [6] 1'1 $memory$auto$proc_rom.cc:155:do_switch$3$rdmux[0][5][3]$a$147 [2] $memory$auto$proc_rom.cc:155:do_switch$3$rdmux[0][5][3]$a$147 [10] $memory$auto$proc_rom.cc:155:do_switch$3$rdmux[0][5][3]$a$147 [2] $memory$auto$proc_rom.cc:155:do_switch$3$rdmux[0][5][3]$a$147 [6:5] $memory$auto$proc_rom.cc:155:do_switch$3$rdmux[0][5][3]$a$147 [5] $memory$auto$proc_rom.cc:155:do_switch$3$rdmux[0][5][3]$a$147 [6] $memory$auto$proc_rom.cc:155:do_switch$3$rdmux[0][5][3]$a$147 [12] $memory$auto$proc_rom.cc:155:do_switch$3$rdmux[0][5][3]$a$147 [3] 2'11 $memory$auto$proc_rom.cc:155:do_switch$3$rdmux[0][5][3]$a$147 [12] 1'0 $memory$auto$proc_rom.cc:155:do_switch$3$rdmux[0][5][3]$a$147 [5] $memory$auto$proc_rom.cc:155:do_switch$3$rdmux[0][5][3]$a$147 [3] 2'00 }
    Consolidated identical input bits for $mux cell $memory$auto$proc_rom.cc:155:do_switch$3$rdmux[0][6][5]$248:
      Old ports: A=$memory$auto$proc_rom.cc:155:do_switch$3$rdmux[0][6][5]$a$249, B=$memory$auto$proc_rom.cc:155:do_switch$3$rdmux[0][6][5]$b$250, Y=$memory$auto$proc_rom.cc:155:do_switch$3$rdmux[0][5][2]$b$145
      New ports: A={ $memory$auto$proc_rom.cc:155:do_switch$3$rdmux[0][6][5]$a$249 [6] $memory$auto$proc_rom.cc:155:do_switch$3$rdmux[0][6][5]$a$249 [7:6] 2'11 $memory$auto$proc_rom.cc:155:do_switch$3$rdmux[0][6][5]$a$249 [7:6] $memory$auto$proc_rom.cc:155:do_switch$3$rdmux[0][6][5]$a$249 [7] $memory$auto$proc_rom.cc:155:do_switch$3$rdmux[0][6][5]$a$249 [7:6] 3'000 }, B={ 3'100 $memory$auto$proc_rom.cc:155:do_switch$3$rdmux[0][6][5]$b$250 [2] 2'01 $memory$auto$proc_rom.cc:155:do_switch$3$rdmux[0][6][5]$b$250 [2] $memory$auto$proc_rom.cc:155:do_switch$3$rdmux[0][6][5]$b$250 [2] $memory$auto$proc_rom.cc:155:do_switch$3$rdmux[0][6][5]$b$250 [0] $memory$auto$proc_rom.cc:155:do_switch$3$rdmux[0][6][5]$b$250 [0] $memory$auto$proc_rom.cc:155:do_switch$3$rdmux[0][6][5]$b$250 [2] 1'1 $memory$auto$proc_rom.cc:155:do_switch$3$rdmux[0][6][5]$b$250 [0] }, Y={ $memory$auto$proc_rom.cc:155:do_switch$3$rdmux[0][5][2]$b$145 [31:30] $memory$auto$proc_rom.cc:155:do_switch$3$rdmux[0][5][2]$b$145 [23] $memory$auto$proc_rom.cc:155:do_switch$3$rdmux[0][5][2]$b$145 [18] $memory$auto$proc_rom.cc:155:do_switch$3$rdmux[0][5][2]$b$145 [15] $memory$auto$proc_rom.cc:155:do_switch$3$rdmux[0][5][2]$b$145 [10:6] $memory$auto$proc_rom.cc:155:do_switch$3$rdmux[0][5][2]$b$145 [2:0] }
      New connections: { $memory$auto$proc_rom.cc:155:do_switch$3$rdmux[0][5][2]$b$145 [29:24] $memory$auto$proc_rom.cc:155:do_switch$3$rdmux[0][5][2]$b$145 [22:19] $memory$auto$proc_rom.cc:155:do_switch$3$rdmux[0][5][2]$b$145 [17:16] $memory$auto$proc_rom.cc:155:do_switch$3$rdmux[0][5][2]$b$145 [14:11] $memory$auto$proc_rom.cc:155:do_switch$3$rdmux[0][5][2]$b$145 [5:3] } = { $memory$auto$proc_rom.cc:155:do_switch$3$rdmux[0][5][2]$b$145 [23] $memory$auto$proc_rom.cc:155:do_switch$3$rdmux[0][5][2]$b$145 [8] $memory$auto$proc_rom.cc:155:do_switch$3$rdmux[0][5][2]$b$145 [23] $memory$auto$proc_rom.cc:155:do_switch$3$rdmux[0][5][2]$b$145 [1] $memory$auto$proc_rom.cc:155:do_switch$3$rdmux[0][5][2]$b$145 [18] $memory$auto$proc_rom.cc:155:do_switch$3$rdmux[0][5][2]$b$145 [10] $memory$auto$proc_rom.cc:155:do_switch$3$rdmux[0][5][2]$b$145 [0] $memory$auto$proc_rom.cc:155:do_switch$3$rdmux[0][5][2]$b$145 [8] $memory$auto$proc_rom.cc:155:do_switch$3$rdmux[0][5][2]$b$145 [18] $memory$auto$proc_rom.cc:155:do_switch$3$rdmux[0][5][2]$b$145 [7] $memory$auto$proc_rom.cc:155:do_switch$3$rdmux[0][5][2]$b$145 [8] 1'0 $memory$auto$proc_rom.cc:155:do_switch$3$rdmux[0][5][2]$b$145 [9] $memory$auto$proc_rom.cc:155:do_switch$3$rdmux[0][5][2]$b$145 [10] 1'1 $memory$auto$proc_rom.cc:155:do_switch$3$rdmux[0][5][2]$b$145 [6] $memory$auto$proc_rom.cc:155:do_switch$3$rdmux[0][5][2]$b$145 [0] $memory$auto$proc_rom.cc:155:do_switch$3$rdmux[0][5][2]$b$145 [0] 1'1 }
    Consolidated identical input bits for $mux cell $memory$auto$proc_rom.cc:155:do_switch$3$rdmux[0][6][4]$245:
      Old ports: A=$memory$auto$proc_rom.cc:155:do_switch$3$rdmux[0][6][4]$a$246, B=$memory$auto$proc_rom.cc:155:do_switch$3$rdmux[0][6][4]$b$247, Y=$memory$auto$proc_rom.cc:155:do_switch$3$rdmux[0][5][2]$a$144
      New ports: A={ $memory$auto$proc_rom.cc:155:do_switch$3$rdmux[0][6][4]$a$246 [5] $memory$auto$proc_rom.cc:155:do_switch$3$rdmux[0][6][4]$a$246 [5] 2'00 $memory$auto$proc_rom.cc:155:do_switch$3$rdmux[0][6][4]$a$246 [3] $memory$auto$proc_rom.cc:155:do_switch$3$rdmux[0][6][4]$a$246 [3] 1'1 $memory$auto$proc_rom.cc:155:do_switch$3$rdmux[0][6][4]$a$246 [5] 1'1 $memory$auto$proc_rom.cc:155:do_switch$3$rdmux[0][6][4]$a$246 [3] 1'0 }, B={ $memory$auto$proc_rom.cc:155:do_switch$3$rdmux[0][6][4]$b$247 [9] 1'1 $memory$auto$proc_rom.cc:155:do_switch$3$rdmux[0][6][4]$b$247 [6] $memory$auto$proc_rom.cc:155:do_switch$3$rdmux[0][6][4]$b$247 [9] $memory$auto$proc_rom.cc:155:do_switch$3$rdmux[0][6][4]$b$247 [9] $memory$auto$proc_rom.cc:155:do_switch$3$rdmux[0][6][4]$b$247 [6] $memory$auto$proc_rom.cc:155:do_switch$3$rdmux[0][6][4]$b$247 [6] 4'0011 }, Y={ $memory$auto$proc_rom.cc:155:do_switch$3$rdmux[0][5][2]$a$144 [22] $memory$auto$proc_rom.cc:155:do_switch$3$rdmux[0][5][2]$a$144 [18:17] $memory$auto$proc_rom.cc:155:do_switch$3$rdmux[0][5][2]$a$144 [14] $memory$auto$proc_rom.cc:155:do_switch$3$rdmux[0][5][2]$a$144 [9] $memory$auto$proc_rom.cc:155:do_switch$3$rdmux[0][5][2]$a$144 [7:3] $memory$auto$proc_rom.cc:155:do_switch$3$rdmux[0][5][2]$a$144 [1] }
      New connections: { $memory$auto$proc_rom.cc:155:do_switch$3$rdmux[0][5][2]$a$144 [31:23] $memory$auto$proc_rom.cc:155:do_switch$3$rdmux[0][5][2]$a$144 [21:19] $memory$auto$proc_rom.cc:155:do_switch$3$rdmux[0][5][2]$a$144 [16:15] $memory$auto$proc_rom.cc:155:do_switch$3$rdmux[0][5][2]$a$144 [13:10] $memory$auto$proc_rom.cc:155:do_switch$3$rdmux[0][5][2]$a$144 [8] $memory$auto$proc_rom.cc:155:do_switch$3$rdmux[0][5][2]$a$144 [2] $memory$auto$proc_rom.cc:155:do_switch$3$rdmux[0][5][2]$a$144 [0] } = { $memory$auto$proc_rom.cc:155:do_switch$3$rdmux[0][5][2]$a$144 [22] $memory$auto$proc_rom.cc:155:do_switch$3$rdmux[0][5][2]$a$144 [4] $memory$auto$proc_rom.cc:155:do_switch$3$rdmux[0][5][2]$a$144 [22] $memory$auto$proc_rom.cc:155:do_switch$3$rdmux[0][5][2]$a$144 [14] 1'1 $memory$auto$proc_rom.cc:155:do_switch$3$rdmux[0][5][2]$a$144 [4] 1'1 $memory$auto$proc_rom.cc:155:do_switch$3$rdmux[0][5][2]$a$144 [5] $memory$auto$proc_rom.cc:155:do_switch$3$rdmux[0][5][2]$a$144 [18] $memory$auto$proc_rom.cc:155:do_switch$3$rdmux[0][5][2]$a$144 [3] $memory$auto$proc_rom.cc:155:do_switch$3$rdmux[0][5][2]$a$144 [3] 1'0 $memory$auto$proc_rom.cc:155:do_switch$3$rdmux[0][5][2]$a$144 [4] $memory$auto$proc_rom.cc:155:do_switch$3$rdmux[0][5][2]$a$144 [4] $memory$auto$proc_rom.cc:155:do_switch$3$rdmux[0][5][2]$a$144 [1] $memory$auto$proc_rom.cc:155:do_switch$3$rdmux[0][5][2]$a$144 [1] $memory$auto$proc_rom.cc:155:do_switch$3$rdmux[0][5][2]$a$144 [6] $memory$auto$proc_rom.cc:155:do_switch$3$rdmux[0][5][2]$a$144 [9] $memory$auto$proc_rom.cc:155:do_switch$3$rdmux[0][5][2]$a$144 [5] 2'11 }
    Consolidated identical input bits for $mux cell $memory$auto$proc_rom.cc:155:do_switch$3$rdmux[0][6][3]$242:
      Old ports: A=$memory$auto$proc_rom.cc:155:do_switch$3$rdmux[0][6][3]$a$243, B=$memory$auto$proc_rom.cc:155:do_switch$3$rdmux[0][6][3]$b$244, Y=$memory$auto$proc_rom.cc:155:do_switch$3$rdmux[0][5][1]$b$142
      New ports: A={ 1'0 $memory$auto$proc_rom.cc:155:do_switch$3$rdmux[0][6][3]$a$243 [8] $memory$auto$proc_rom.cc:155:do_switch$3$rdmux[0][6][3]$a$243 [8] 1'1 $memory$auto$proc_rom.cc:155:do_switch$3$rdmux[0][6][3]$a$243 [2] $memory$auto$proc_rom.cc:155:do_switch$3$rdmux[0][6][3]$a$243 [8] 1'1 $memory$auto$proc_rom.cc:155:do_switch$3$rdmux[0][6][3]$a$243 [2] $memory$auto$proc_rom.cc:155:do_switch$3$rdmux[0][6][3]$a$243 [2] 2'10 }, B={ $memory$auto$proc_rom.cc:155:do_switch$3$rdmux[0][6][3]$b$244 [1] 1'1 $memory$auto$proc_rom.cc:155:do_switch$3$rdmux[0][6][3]$b$244 [5] 1'0 $memory$auto$proc_rom.cc:155:do_switch$3$rdmux[0][6][3]$b$244 [5] 1'0 $memory$auto$proc_rom.cc:155:do_switch$3$rdmux[0][6][3]$b$244 [5] 2'10 $memory$auto$proc_rom.cc:155:do_switch$3$rdmux[0][6][3]$b$244 [1] 1'1 }, Y={ $memory$auto$proc_rom.cc:155:do_switch$3$rdmux[0][5][1]$b$142 [31] $memory$auto$proc_rom.cc:155:do_switch$3$rdmux[0][5][1]$b$142 [26] $memory$auto$proc_rom.cc:155:do_switch$3$rdmux[0][5][1]$b$142 [16] $memory$auto$proc_rom.cc:155:do_switch$3$rdmux[0][5][1]$b$142 [13] $memory$auto$proc_rom.cc:155:do_switch$3$rdmux[0][5][1]$b$142 [11] $memory$auto$proc_rom.cc:155:do_switch$3$rdmux[0][5][1]$b$142 [8] $memory$auto$proc_rom.cc:155:do_switch$3$rdmux[0][5][1]$b$142 [5] $memory$auto$proc_rom.cc:155:do_switch$3$rdmux[0][5][1]$b$142 [3:0] }
      New connections: { $memory$auto$proc_rom.cc:155:do_switch$3$rdmux[0][5][1]$b$142 [30:27] $memory$auto$proc_rom.cc:155:do_switch$3$rdmux[0][5][1]$b$142 [25:17] $memory$auto$proc_rom.cc:155:do_switch$3$rdmux[0][5][1]$b$142 [15:14] $memory$auto$proc_rom.cc:155:do_switch$3$rdmux[0][5][1]$b$142 [12] $memory$auto$proc_rom.cc:155:do_switch$3$rdmux[0][5][1]$b$142 [10:9] $memory$auto$proc_rom.cc:155:do_switch$3$rdmux[0][5][1]$b$142 [7:6] $memory$auto$proc_rom.cc:155:do_switch$3$rdmux[0][5][1]$b$142 [4] } = { 1'1 $memory$auto$proc_rom.cc:155:do_switch$3$rdmux[0][5][1]$b$142 [13] $memory$auto$proc_rom.cc:155:do_switch$3$rdmux[0][5][1]$b$142 [5] 2'01 $memory$auto$proc_rom.cc:155:do_switch$3$rdmux[0][5][1]$b$142 [0] $memory$auto$proc_rom.cc:155:do_switch$3$rdmux[0][5][1]$b$142 [13] $memory$auto$proc_rom.cc:155:do_switch$3$rdmux[0][5][1]$b$142 [5] $memory$auto$proc_rom.cc:155:do_switch$3$rdmux[0][5][1]$b$142 [16] $memory$auto$proc_rom.cc:155:do_switch$3$rdmux[0][5][1]$b$142 [0] 2'11 $memory$auto$proc_rom.cc:155:do_switch$3$rdmux[0][5][1]$b$142 [5] $memory$auto$proc_rom.cc:155:do_switch$3$rdmux[0][5][1]$b$142 [13] $memory$auto$proc_rom.cc:155:do_switch$3$rdmux[0][5][1]$b$142 [3] $memory$auto$proc_rom.cc:155:do_switch$3$rdmux[0][5][1]$b$142 [11] 1'1 $memory$auto$proc_rom.cc:155:do_switch$3$rdmux[0][5][1]$b$142 [3:2] $memory$auto$proc_rom.cc:155:do_switch$3$rdmux[0][5][1]$b$142 [5] $memory$auto$proc_rom.cc:155:do_switch$3$rdmux[0][5][1]$b$142 [1] }
    Consolidated identical input bits for $mux cell $memory$auto$proc_rom.cc:155:do_switch$3$rdmux[0][6][2]$239:
      Old ports: A=$memory$auto$proc_rom.cc:155:do_switch$3$rdmux[0][6][2]$a$240, B=$memory$auto$proc_rom.cc:155:do_switch$3$rdmux[0][6][2]$b$241, Y=$memory$auto$proc_rom.cc:155:do_switch$3$rdmux[0][5][1]$a$141
      New ports: A={ 2'10 $memory$auto$proc_rom.cc:155:do_switch$3$rdmux[0][6][2]$a$240 [2:1] 1'1 $memory$auto$proc_rom.cc:155:do_switch$3$rdmux[0][6][2]$a$240 [2] $memory$auto$proc_rom.cc:155:do_switch$3$rdmux[0][6][2]$a$240 [2:1] 1'0 $memory$auto$proc_rom.cc:155:do_switch$3$rdmux[0][6][2]$a$240 [1] $memory$auto$proc_rom.cc:155:do_switch$3$rdmux[0][6][2]$a$240 [2:1] 1'1 }, B={ $memory$auto$proc_rom.cc:155:do_switch$3$rdmux[0][6][2]$b$241 [5] 1'1 $memory$auto$proc_rom.cc:155:do_switch$3$rdmux[0][6][2]$b$241 [5] 3'001 $memory$auto$proc_rom.cc:155:do_switch$3$rdmux[0][6][2]$b$241 [0] $memory$auto$proc_rom.cc:155:do_switch$3$rdmux[0][6][2]$b$241 [5] $memory$auto$proc_rom.cc:155:do_switch$3$rdmux[0][6][2]$b$241 [5] $memory$auto$proc_rom.cc:155:do_switch$3$rdmux[0][6][2]$b$241 [0] 2'01 $memory$auto$proc_rom.cc:155:do_switch$3$rdmux[0][6][2]$b$241 [0] }, Y={ $memory$auto$proc_rom.cc:155:do_switch$3$rdmux[0][5][1]$a$141 [27:26] $memory$auto$proc_rom.cc:155:do_switch$3$rdmux[0][5][1]$a$141 [20] $memory$auto$proc_rom.cc:155:do_switch$3$rdmux[0][5][1]$a$141 [16] $memory$auto$proc_rom.cc:155:do_switch$3$rdmux[0][5][1]$a$141 [12] $memory$auto$proc_rom.cc:155:do_switch$3$rdmux[0][5][1]$a$141 [8:4] $memory$auto$proc_rom.cc:155:do_switch$3$rdmux[0][5][1]$a$141 [2:0] }
      New connections: { $memory$auto$proc_rom.cc:155:do_switch$3$rdmux[0][5][1]$a$141 [31:28] $memory$auto$proc_rom.cc:155:do_switch$3$rdmux[0][5][1]$a$141 [25:21] $memory$auto$proc_rom.cc:155:do_switch$3$rdmux[0][5][1]$a$141 [19:17] $memory$auto$proc_rom.cc:155:do_switch$3$rdmux[0][5][1]$a$141 [15:13] $memory$auto$proc_rom.cc:155:do_switch$3$rdmux[0][5][1]$a$141 [11:9] $memory$auto$proc_rom.cc:155:do_switch$3$rdmux[0][5][1]$a$141 [3] } = { $memory$auto$proc_rom.cc:155:do_switch$3$rdmux[0][5][1]$a$141 [26] $memory$auto$proc_rom.cc:155:do_switch$3$rdmux[0][5][1]$a$141 [1] $memory$auto$proc_rom.cc:155:do_switch$3$rdmux[0][5][1]$a$141 [2] $memory$auto$proc_rom.cc:155:do_switch$3$rdmux[0][5][1]$a$141 [16] $memory$auto$proc_rom.cc:155:do_switch$3$rdmux[0][5][1]$a$141 [16] $memory$auto$proc_rom.cc:155:do_switch$3$rdmux[0][5][1]$a$141 [0] $memory$auto$proc_rom.cc:155:do_switch$3$rdmux[0][5][1]$a$141 [1] $memory$auto$proc_rom.cc:155:do_switch$3$rdmux[0][5][1]$a$141 [8] $memory$auto$proc_rom.cc:155:do_switch$3$rdmux[0][5][1]$a$141 [20] $memory$auto$proc_rom.cc:155:do_switch$3$rdmux[0][5][1]$a$141 [12] 1'1 $memory$auto$proc_rom.cc:155:do_switch$3$rdmux[0][5][1]$a$141 [0] 1'0 $memory$auto$proc_rom.cc:155:do_switch$3$rdmux[0][5][1]$a$141 [7] $memory$auto$proc_rom.cc:155:do_switch$3$rdmux[0][5][1]$a$141 [0] $memory$auto$proc_rom.cc:155:do_switch$3$rdmux[0][5][1]$a$141 [2] $memory$auto$proc_rom.cc:155:do_switch$3$rdmux[0][5][1]$a$141 [6] $memory$auto$proc_rom.cc:155:do_switch$3$rdmux[0][5][1]$a$141 [1] $memory$auto$proc_rom.cc:155:do_switch$3$rdmux[0][5][1]$a$141 [2] }
    Consolidated identical input bits for $mux cell $memory$auto$proc_rom.cc:155:do_switch$3$rdmux[0][6][1]$236:
      Old ports: A=$memory$auto$proc_rom.cc:155:do_switch$3$rdmux[0][6][1]$a$237, B=$memory$auto$proc_rom.cc:155:do_switch$3$rdmux[0][6][1]$b$238, Y=$memory$auto$proc_rom.cc:155:do_switch$3$rdmux[0][5][0]$b$139
      New ports: A={ 1'1 $memory$auto$proc_rom.cc:155:do_switch$3$rdmux[0][6][1]$a$237 [0] 2'10 $memory$auto$proc_rom.cc:155:do_switch$3$rdmux[0][6][1]$a$237 [0] $memory$auto$proc_rom.cc:155:do_switch$3$rdmux[0][6][1]$a$237 [3] 1'0 $memory$auto$proc_rom.cc:155:do_switch$3$rdmux[0][6][1]$a$237 [3] 1'1 $memory$auto$proc_rom.cc:155:do_switch$3$rdmux[0][6][1]$a$237 [0] $memory$auto$proc_rom.cc:155:do_switch$3$rdmux[0][6][1]$a$237 [3] $memory$auto$proc_rom.cc:155:do_switch$3$rdmux[0][6][1]$a$237 [3] 1'0 $memory$auto$proc_rom.cc:155:do_switch$3$rdmux[0][6][1]$a$237 [0] }, B={ $memory$auto$proc_rom.cc:155:do_switch$3$rdmux[0][6][1]$b$238 [17] $memory$auto$proc_rom.cc:155:do_switch$3$rdmux[0][6][1]$b$238 [17] 1'0 $memory$auto$proc_rom.cc:155:do_switch$3$rdmux[0][6][1]$b$238 [17] 1'1 $memory$auto$proc_rom.cc:155:do_switch$3$rdmux[0][6][1]$b$238 [17] 2'11 $memory$auto$proc_rom.cc:155:do_switch$3$rdmux[0][6][1]$b$238 [0] 1'0 $memory$auto$proc_rom.cc:155:do_switch$3$rdmux[0][6][1]$b$238 [0] 1'0 $memory$auto$proc_rom.cc:155:do_switch$3$rdmux[0][6][1]$b$238 [0] $memory$auto$proc_rom.cc:155:do_switch$3$rdmux[0][6][1]$b$238 [0] }, Y={ $memory$auto$proc_rom.cc:155:do_switch$3$rdmux[0][5][0]$b$139 [31] $memory$auto$proc_rom.cc:155:do_switch$3$rdmux[0][5][0]$b$139 [27] $memory$auto$proc_rom.cc:155:do_switch$3$rdmux[0][5][0]$b$139 [25] $memory$auto$proc_rom.cc:155:do_switch$3$rdmux[0][5][0]$b$139 [22] $memory$auto$proc_rom.cc:155:do_switch$3$rdmux[0][5][0]$b$139 [18:17] $memory$auto$proc_rom.cc:155:do_switch$3$rdmux[0][5][0]$b$139 [11:9] $memory$auto$proc_rom.cc:155:do_switch$3$rdmux[0][5][0]$b$139 [7] $memory$auto$proc_rom.cc:155:do_switch$3$rdmux[0][5][0]$b$139 [5] $memory$auto$proc_rom.cc:155:do_switch$3$rdmux[0][5][0]$b$139 [3] $memory$auto$proc_rom.cc:155:do_switch$3$rdmux[0][5][0]$b$139 [1:0] }
      New connections: { $memory$auto$proc_rom.cc:155:do_switch$3$rdmux[0][5][0]$b$139 [30:28] $memory$auto$proc_rom.cc:155:do_switch$3$rdmux[0][5][0]$b$139 [26] $memory$auto$proc_rom.cc:155:do_switch$3$rdmux[0][5][0]$b$139 [24:23] $memory$auto$proc_rom.cc:155:do_switch$3$rdmux[0][5][0]$b$139 [21:19] $memory$auto$proc_rom.cc:155:do_switch$3$rdmux[0][5][0]$b$139 [16:12] $memory$auto$proc_rom.cc:155:do_switch$3$rdmux[0][5][0]$b$139 [8] $memory$auto$proc_rom.cc:155:do_switch$3$rdmux[0][5][0]$b$139 [6] $memory$auto$proc_rom.cc:155:do_switch$3$rdmux[0][5][0]$b$139 [4] $memory$auto$proc_rom.cc:155:do_switch$3$rdmux[0][5][0]$b$139 [2] } = { $memory$auto$proc_rom.cc:155:do_switch$3$rdmux[0][5][0]$b$139 [1] 1'1 $memory$auto$proc_rom.cc:155:do_switch$3$rdmux[0][5][0]$b$139 [25] $memory$auto$proc_rom.cc:155:do_switch$3$rdmux[0][5][0]$b$139 [7] $memory$auto$proc_rom.cc:155:do_switch$3$rdmux[0][5][0]$b$139 [18] $memory$auto$proc_rom.cc:155:do_switch$3$rdmux[0][5][0]$b$139 [5] $memory$auto$proc_rom.cc:155:do_switch$3$rdmux[0][5][0]$b$139 [3] $memory$auto$proc_rom.cc:155:do_switch$3$rdmux[0][5][0]$b$139 [9] $memory$auto$proc_rom.cc:155:do_switch$3$rdmux[0][5][0]$b$139 [5] 1'0 $memory$auto$proc_rom.cc:155:do_switch$3$rdmux[0][5][0]$b$139 [10] $memory$auto$proc_rom.cc:155:do_switch$3$rdmux[0][5][0]$b$139 [1] $memory$auto$proc_rom.cc:155:do_switch$3$rdmux[0][5][0]$b$139 [11] $memory$auto$proc_rom.cc:155:do_switch$3$rdmux[0][5][0]$b$139 [1] $memory$auto$proc_rom.cc:155:do_switch$3$rdmux[0][5][0]$b$139 [3] $memory$auto$proc_rom.cc:155:do_switch$3$rdmux[0][5][0]$b$139 [5] $memory$auto$proc_rom.cc:155:do_switch$3$rdmux[0][5][0]$b$139 [3] 1'0 }
    Consolidated identical input bits for $mux cell $memory$auto$proc_rom.cc:155:do_switch$3$rdmux[0][6][0]$233:
      Old ports: A=$memory$auto$proc_rom.cc:155:do_switch$3$rdmux[0][6][0]$a$234, B=$memory$auto$proc_rom.cc:155:do_switch$3$rdmux[0][6][0]$b$235, Y=$memory$auto$proc_rom.cc:155:do_switch$3$rdmux[0][5][0]$a$138
      New ports: A={ $memory$auto$proc_rom.cc:155:do_switch$3$rdmux[0][6][0]$a$234 [2:1] 3'010 $memory$auto$proc_rom.cc:155:do_switch$3$rdmux[0][6][0]$a$234 [1] $memory$auto$proc_rom.cc:155:do_switch$3$rdmux[0][6][0]$a$234 [2] 2'10 $memory$auto$proc_rom.cc:155:do_switch$3$rdmux[0][6][0]$a$234 [1] $memory$auto$proc_rom.cc:155:do_switch$3$rdmux[0][6][0]$a$234 [2:1] }, B={ 1'1 $memory$auto$proc_rom.cc:155:do_switch$3$rdmux[0][6][0]$b$235 [2] 1'1 $memory$auto$proc_rom.cc:155:do_switch$3$rdmux[0][6][0]$b$235 [3] $memory$auto$proc_rom.cc:155:do_switch$3$rdmux[0][6][0]$b$235 [3] 3'100 $memory$auto$proc_rom.cc:155:do_switch$3$rdmux[0][6][0]$b$235 [2] $memory$auto$proc_rom.cc:155:do_switch$3$rdmux[0][6][0]$b$235 [3:2] 1'0 }, Y={ $memory$auto$proc_rom.cc:155:do_switch$3$rdmux[0][5][0]$a$138 [28] $memory$auto$proc_rom.cc:155:do_switch$3$rdmux[0][5][0]$a$138 [25] $memory$auto$proc_rom.cc:155:do_switch$3$rdmux[0][5][0]$a$138 [18] $memory$auto$proc_rom.cc:155:do_switch$3$rdmux[0][5][0]$a$138 [15] $memory$auto$proc_rom.cc:155:do_switch$3$rdmux[0][5][0]$a$138 [12:11] $memory$auto$proc_rom.cc:155:do_switch$3$rdmux[0][5][0]$a$138 [9] $memory$auto$proc_rom.cc:155:do_switch$3$rdmux[0][5][0]$a$138 [5:1] }
      New connections: { $memory$auto$proc_rom.cc:155:do_switch$3$rdmux[0][5][0]$a$138 [31:29] $memory$auto$proc_rom.cc:155:do_switch$3$rdmux[0][5][0]$a$138 [27:26] $memory$auto$proc_rom.cc:155:do_switch$3$rdmux[0][5][0]$a$138 [24:19] $memory$auto$proc_rom.cc:155:do_switch$3$rdmux[0][5][0]$a$138 [17:16] $memory$auto$proc_rom.cc:155:do_switch$3$rdmux[0][5][0]$a$138 [14:13] $memory$auto$proc_rom.cc:155:do_switch$3$rdmux[0][5][0]$a$138 [10] $memory$auto$proc_rom.cc:155:do_switch$3$rdmux[0][5][0]$a$138 [8:6] $memory$auto$proc_rom.cc:155:do_switch$3$rdmux[0][5][0]$a$138 [0] } = { $memory$auto$proc_rom.cc:155:do_switch$3$rdmux[0][5][0]$a$138 [1] $memory$auto$proc_rom.cc:155:do_switch$3$rdmux[0][5][0]$a$138 [5] $memory$auto$proc_rom.cc:155:do_switch$3$rdmux[0][5][0]$a$138 [11] 2'10 $memory$auto$proc_rom.cc:155:do_switch$3$rdmux[0][5][0]$a$138 [4] $memory$auto$proc_rom.cc:155:do_switch$3$rdmux[0][5][0]$a$138 [5:4] 1'1 $memory$auto$proc_rom.cc:155:do_switch$3$rdmux[0][5][0]$a$138 [1] 2'01 $memory$auto$proc_rom.cc:155:do_switch$3$rdmux[0][5][0]$a$138 [3:2] $memory$auto$proc_rom.cc:155:do_switch$3$rdmux[0][5][0]$a$138 [12] $memory$auto$proc_rom.cc:155:do_switch$3$rdmux[0][5][0]$a$138 [1] $memory$auto$proc_rom.cc:155:do_switch$3$rdmux[0][5][0]$a$138 [2] 1'1 $memory$auto$proc_rom.cc:155:do_switch$3$rdmux[0][5][0]$a$138 [2] 1'1 }
  Optimizing cells in module \sweep_256x32_portable.
    Consolidated identical input bits for $mux cell $memory$auto$proc_rom.cc:155:do_switch$3$rdmux[0][5][31]$230:
      Old ports: A=$memory$auto$proc_rom.cc:155:do_switch$3$rdmux[0][5][31]$a$231, B=$memory$auto$proc_rom.cc:155:do_switch$3$rdmux[0][5][31]$b$232, Y=$memory$auto$proc_rom.cc:155:do_switch$3$rdmux[0][4][15]$b$136
      New ports: A={ 1'0 $memory$auto$proc_rom.cc:155:do_switch$3$rdmux[0][5][31]$a$231 [25] $memory$auto$proc_rom.cc:155:do_switch$3$rdmux[0][5][31]$a$231 [25] $memory$auto$proc_rom.cc:155:do_switch$3$rdmux[0][5][31]$a$231 [27] $memory$auto$proc_rom.cc:155:do_switch$3$rdmux[0][5][31]$a$231 [27] $memory$auto$proc_rom.cc:155:do_switch$3$rdmux[0][5][31]$a$231 [7] $memory$auto$proc_rom.cc:155:do_switch$3$rdmux[0][5][31]$a$231 [25] 1'0 $memory$auto$proc_rom.cc:155:do_switch$3$rdmux[0][5][31]$a$231 [7] 1'0 $memory$auto$proc_rom.cc:155:do_switch$3$rdmux[0][5][31]$a$231 [20] $memory$auto$proc_rom.cc:155:do_switch$3$rdmux[0][5][31]$a$231 [13] $memory$auto$proc_rom.cc:155:do_switch$3$rdmux[0][5][31]$a$231 [18] $memory$auto$proc_rom.cc:155:do_switch$3$rdmux[0][5][31]$a$231 [0] $memory$auto$proc_rom.cc:155:do_switch$3$rdmux[0][5][31]$a$231 [16] $memory$auto$proc_rom.cc:155:do_switch$3$rdmux[0][5][31]$a$231 [0] $memory$auto$proc_rom.cc:155:do_switch$3$rdmux[0][5][31]$a$231 [2] $memory$auto$proc_rom.cc:155:do_switch$3$rdmux[0][5][31]$a$231 [13] $memory$auto$proc_rom.cc:155:do_switch$3$rdmux[0][5][31]$a$231 [4] $memory$auto$proc_rom.cc:155:do_switch$3$rdmux[0][5][31]$a$231 [0] $memory$auto$proc_rom.cc:155:do_switch$3$rdmux[0][5][31]$a$231 [7] $memory$auto$proc_rom.cc:155:do_switch$3$rdmux[0][5][31]$a$231 [9:7] $memory$auto$proc_rom.cc:155:do_switch$3$rdmux[0][5][31]$a$231 [2] 1'1 $memory$auto$proc_rom.cc:155:do_switch$3$rdmux[0][5][31]$a$231 [4] 1'0 $memory$auto$proc_rom.cc:155:do_switch$3$rdmux[0][5][31]$a$231 [2] 1'0 $memory$auto$proc_rom.cc:155:do_switch$3$rdmux[0][5][31]$a$231 [0] }, B={ $memory$auto$proc_rom.cc:155:do_switch$3$rdmux[0][5][31]$b$232 [25] 1'0 $memory$auto$proc_rom.cc:155:do_switch$3$rdmux[0][5][31]$b$232 [12] $memory$auto$proc_rom.cc:155:do_switch$3$rdmux[0][5][31]$b$232 [21] 1'1 $memory$auto$proc_rom.cc:155:do_switch$3$rdmux[0][5][31]$b$232 [13] $memory$auto$proc_rom.cc:155:do_switch$3$rdmux[0][5][31]$b$232 [25] $memory$auto$proc_rom.cc:155:do_switch$3$rdmux[0][5][31]$b$232 [11] $memory$auto$proc_rom.cc:155:do_switch$3$rdmux[0][5][31]$b$232 [3] $memory$auto$proc_rom.cc:155:do_switch$3$rdmux[0][5][31]$b$232 [21] $memory$auto$proc_rom.cc:155:do_switch$3$rdmux[0][5][31]$b$232 [1] 2'10 $memory$auto$proc_rom.cc:155:do_switch$3$rdmux[0][5][31]$b$232 [1] $memory$auto$proc_rom.cc:155:do_switch$3$rdmux[0][5][31]$b$232 [3] $memory$auto$proc_rom.cc:155:do_switch$3$rdmux[0][5][31]$b$232 [15] $memory$auto$proc_rom.cc:155:do_switch$3$rdmux[0][5][31]$b$232 [12] $memory$auto$proc_rom.cc:155:do_switch$3$rdmux[0][5][31]$b$232 [13:9] 1'1 $memory$auto$proc_rom.cc:155:do_switch$3$rdmux[0][5][31]$b$232 [0] $memory$auto$proc_rom.cc:155:do_switch$3$rdmux[0][5][31]$b$232 [3] $memory$auto$proc_rom.cc:155:do_switch$3$rdmux[0][5][31]$b$232 [5] $memory$auto$proc_rom.cc:155:do_switch$3$rdmux[0][5][31]$b$232 [0] $memory$auto$proc_rom.cc:155:do_switch$3$rdmux[0][5][31]$b$232 [3] 1'0 $memory$auto$proc_rom.cc:155:do_switch$3$rdmux[0][5][31]$b$232 [1:0] }, Y={ $memory$auto$proc_rom.cc:155:do_switch$3$rdmux[0][4][15]$b$136 [31:24] $memory$auto$proc_rom.cc:155:do_switch$3$rdmux[0][4][15]$b$136 [22:0] }
      New connections: $memory$auto$proc_rom.cc:155:do_switch$3$rdmux[0][4][15]$b$136 [23] = $memory$auto$proc_rom.cc:155:do_switch$3$rdmux[0][4][15]$b$136 [6]
    Consolidated identical input bits for $mux cell $memory$auto$proc_rom.cc:155:do_switch$3$rdmux[0][5][30]$227:
      Old ports: A=$memory$auto$proc_rom.cc:155:do_switch$3$rdmux[0][5][30]$a$228, B=$memory$auto$proc_rom.cc:155:do_switch$3$rdmux[0][5][30]$b$229, Y=$memory$auto$proc_rom.cc:155:do_switch$3$rdmux[0][4][15]$a$135
      New ports: A={ $memory$auto$proc_rom.cc:155:do_switch$3$rdmux[0][5][30]$a$228 [18] $memory$auto$proc_rom.cc:155:do_switch$3$rdmux[0][5][30]$a$228 [30] $memory$auto$proc_rom.cc:155:do_switch$3$rdmux[0][5][30]$a$228 [8] $memory$auto$proc_rom.cc:155:do_switch$3$rdmux[0][5][30]$a$228 [12] 1'1 $memory$auto$proc_rom.cc:155:do_switch$3$rdmux[0][5][30]$a$228 [24:23] $memory$auto$proc_rom.cc:155:do_switch$3$rdmux[0][5][30]$a$228 [16] $memory$auto$proc_rom.cc:155:do_switch$3$rdmux[0][5][30]$a$228 [17] $memory$auto$proc_rom.cc:155:do_switch$3$rdmux[0][5][30]$a$228 [18] $memory$auto$proc_rom.cc:155:do_switch$3$rdmux[0][5][30]$a$228 [7] $memory$auto$proc_rom.cc:155:do_switch$3$rdmux[0][5][30]$a$228 [18:16] $memory$auto$proc_rom.cc:155:do_switch$3$rdmux[0][5][30]$a$228 [12] $memory$auto$proc_rom.cc:155:do_switch$3$rdmux[0][5][30]$a$228 [14] 1'0 $memory$auto$proc_rom.cc:155:do_switch$3$rdmux[0][5][30]$a$228 [12] 1'1 $memory$auto$proc_rom.cc:155:do_switch$3$rdmux[0][5][30]$a$228 [2] $memory$auto$proc_rom.cc:155:do_switch$3$rdmux[0][5][30]$a$228 [8] $memory$auto$proc_rom.cc:155:do_switch$3$rdmux[0][5][30]$a$228 [8:7] 1'1 $memory$auto$proc_rom.cc:155:do_switch$3$rdmux[0][5][30]$a$228 [0] $memory$auto$proc_rom.cc:155:do_switch$3$rdmux[0][5][30]$a$228 [3] $memory$auto$proc_rom.cc:155:do_switch$3$rdmux[0][5][30]$a$228 [3:2] 1'0 $memory$auto$proc_rom.cc:155:do_switch$3$rdmux[0][5][30]$a$228 [0] }, B={ $memory$auto$proc_rom.cc:155:do_switch$3$rdmux[0][5][30]$b$229 [2] $memory$auto$proc_rom.cc:155:do_switch$3$rdmux[0][5][30]$b$229 [2] $memory$auto$proc_rom.cc:155:do_switch$3$rdmux[0][5][30]$b$229 [2] $memory$auto$proc_rom.cc:155:do_switch$3$rdmux[0][5][30]$b$229 [6] $memory$auto$proc_rom.cc:155:do_switch$3$rdmux[0][5][30]$b$229 [23] $memory$auto$proc_rom.cc:155:do_switch$3$rdmux[0][5][30]$b$229 [4] $memory$auto$proc_rom.cc:155:do_switch$3$rdmux[0][5][30]$b$229 [23:22] $memory$auto$proc_rom.cc:155:do_switch$3$rdmux[0][5][30]$b$229 [14] $memory$auto$proc_rom.cc:155:do_switch$3$rdmux[0][5][30]$b$229 [6] $memory$auto$proc_rom.cc:155:do_switch$3$rdmux[0][5][30]$b$229 [19] $memory$auto$proc_rom.cc:155:do_switch$3$rdmux[0][5][30]$b$229 [3] $memory$auto$proc_rom.cc:155:do_switch$3$rdmux[0][5][30]$b$229 [17] $memory$auto$proc_rom.cc:155:do_switch$3$rdmux[0][5][30]$b$229 [6] $memory$auto$proc_rom.cc:155:do_switch$3$rdmux[0][5][30]$b$229 [15:14] $memory$auto$proc_rom.cc:155:do_switch$3$rdmux[0][5][30]$b$229 [3] $memory$auto$proc_rom.cc:155:do_switch$3$rdmux[0][5][30]$b$229 [3] $memory$auto$proc_rom.cc:155:do_switch$3$rdmux[0][5][30]$b$229 [11] 1'1 $memory$auto$proc_rom.cc:155:do_switch$3$rdmux[0][5][30]$b$229 [5:4] $memory$auto$proc_rom.cc:155:do_switch$3$rdmux[0][5][30]$b$229 [6] $memory$auto$proc_rom.cc:155:do_switch$3$rdmux[0][5][30]$b$229 [6:2] 2'11 }, Y={ $memory$auto$proc_rom.cc:155:do_switch$3$rdmux[0][4][15]$a$135 [31:30] $memory$auto$proc_rom.cc:155:do_switch$3$rdmux[0][4][15]$a$135 [28:27] $memory$auto$proc_rom.cc:155:do_switch$3$rdmux[0][4][15]$a$135 [25:0] }
      New connections: { $memory$auto$proc_rom.cc:155:do_switch$3$rdmux[0][4][15]$a$135 [29] $memory$auto$proc_rom.cc:155:do_switch$3$rdmux[0][4][15]$a$135 [26] } = { $memory$auto$proc_rom.cc:155:do_switch$3$rdmux[0][4][15]$a$135 [3] $memory$auto$proc_rom.cc:155:do_switch$3$rdmux[0][4][15]$a$135 [6] }
    Consolidated identical input bits for $mux cell $memory$auto$proc_rom.cc:155:do_switch$3$rdmux[0][5][29]$224:
      Old ports: A=$memory$auto$proc_rom.cc:155:do_switch$3$rdmux[0][5][29]$a$225, B=$memory$auto$proc_rom.cc:155:do_switch$3$rdmux[0][5][29]$b$226, Y=$memory$auto$proc_rom.cc:155:do_switch$3$rdmux[0][4][14]$b$133
      New ports: A={ $memory$auto$proc_rom.cc:155:do_switch$3$rdmux[0][5][29]$a$225 [16] 1'0 $memory$auto$proc_rom.cc:155:do_switch$3$rdmux[0][5][29]$a$225 [28] $memory$auto$proc_rom.cc:155:do_switch$3$rdmux[0][5][29]$a$225 [13] $memory$auto$proc_rom.cc:155:do_switch$3$rdmux[0][5][29]$a$225 [15] $memory$auto$proc_rom.cc:155:do_switch$3$rdmux[0][5][29]$a$225 [15] $memory$auto$proc_rom.cc:155:do_switch$3$rdmux[0][5][29]$a$225 [1] 1'1 $memory$auto$proc_rom.cc:155:do_switch$3$rdmux[0][5][29]$a$225 [1] $memory$auto$proc_rom.cc:155:do_switch$3$rdmux[0][5][29]$a$225 [3] $memory$auto$proc_rom.cc:155:do_switch$3$rdmux[0][5][29]$a$225 [6] 1'0 $memory$auto$proc_rom.cc:155:do_switch$3$rdmux[0][5][29]$a$225 [5] $memory$auto$proc_rom.cc:155:do_switch$3$rdmux[0][5][29]$a$225 [16:12] 1'1 $memory$auto$proc_rom.cc:155:do_switch$3$rdmux[0][5][29]$a$225 [1] $memory$auto$proc_rom.cc:155:do_switch$3$rdmux[0][5][29]$a$225 [6] $memory$auto$proc_rom.cc:155:do_switch$3$rdmux[0][5][29]$a$225 [3] 1'1 $memory$auto$proc_rom.cc:155:do_switch$3$rdmux[0][5][29]$a$225 [6:5] $memory$auto$proc_rom.cc:155:do_switch$3$rdmux[0][5][29]$a$225 [0] $memory$auto$proc_rom.cc:155:do_switch$3$rdmux[0][5][29]$a$225 [3] $memory$auto$proc_rom.cc:155:do_switch$3$rdmux[0][5][29]$a$225 [1] $memory$auto$proc_rom.cc:155:do_switch$3$rdmux[0][5][29]$a$225 [1:0] }, B={ $memory$auto$proc_rom.cc:155:do_switch$3$rdmux[0][5][29]$b$226 [8] $memory$auto$proc_rom.cc:155:do_switch$3$rdmux[0][5][29]$b$226 [6] $memory$auto$proc_rom.cc:155:do_switch$3$rdmux[0][5][29]$b$226 [6] $memory$auto$proc_rom.cc:155:do_switch$3$rdmux[0][5][29]$b$226 [1] $memory$auto$proc_rom.cc:155:do_switch$3$rdmux[0][5][29]$b$226 [4] $memory$auto$proc_rom.cc:155:do_switch$3$rdmux[0][5][29]$b$226 [10] $memory$auto$proc_rom.cc:155:do_switch$3$rdmux[0][5][29]$b$226 [23] $memory$auto$proc_rom.cc:155:do_switch$3$rdmux[0][5][29]$b$226 [14] $memory$auto$proc_rom.cc:155:do_switch$3$rdmux[0][5][29]$b$226 [0] $memory$auto$proc_rom.cc:155:do_switch$3$rdmux[0][5][29]$b$226 [20] 1'0 $memory$auto$proc_rom.cc:155:do_switch$3$rdmux[0][5][29]$b$226 [8:7] $memory$auto$proc_rom.cc:155:do_switch$3$rdmux[0][5][29]$b$226 [1] $memory$auto$proc_rom.cc:155:do_switch$3$rdmux[0][5][29]$b$226 [2] $memory$auto$proc_rom.cc:155:do_switch$3$rdmux[0][5][29]$b$226 [14] $memory$auto$proc_rom.cc:155:do_switch$3$rdmux[0][5][29]$b$226 [2] $memory$auto$proc_rom.cc:155:do_switch$3$rdmux[0][5][29]$b$226 [4] $memory$auto$proc_rom.cc:155:do_switch$3$rdmux[0][5][29]$b$226 [2] $memory$auto$proc_rom.cc:155:do_switch$3$rdmux[0][5][29]$b$226 [10] $memory$auto$proc_rom.cc:155:do_switch$3$rdmux[0][5][29]$b$226 [1] $memory$auto$proc_rom.cc:155:do_switch$3$rdmux[0][5][29]$b$226 [8:4] $memory$auto$proc_rom.cc:155:do_switch$3$rdmux[0][5][29]$b$226 [1] $memory$auto$proc_rom.cc:155:do_switch$3$rdmux[0][5][29]$b$226 [2:0] }, Y={ $memory$auto$proc_rom.cc:155:do_switch$3$rdmux[0][4][14]$b$133 [31] $memory$auto$proc_rom.cc:155:do_switch$3$rdmux[0][4][14]$b$133 [29:27] $memory$auto$proc_rom.cc:155:do_switch$3$rdmux[0][4][14]$b$133 [25:0] }
      New connections: { $memory$auto$proc_rom.cc:155:do_switch$3$rdmux[0][4][14]$b$133 [30] $memory$auto$proc_rom.cc:155:do_switch$3$rdmux[0][4][14]$b$133 [26] } = { $memory$auto$proc_rom.cc:155:do_switch$3$rdmux[0][4][14]$b$133 [17] $memory$auto$proc_rom.cc:155:do_switch$3$rdmux[0][4][14]$b$133 [12] }
    Consolidated identical input bits for $mux cell $memory$auto$proc_rom.cc:155:do_switch$3$rdmux[0][5][28]$221:
      Old ports: A=$memory$auto$proc_rom.cc:155:do_switch$3$rdmux[0][5][28]$a$222, B=$memory$auto$proc_rom.cc:155:do_switch$3$rdmux[0][5][28]$b$223, Y=$memory$auto$proc_rom.cc:155:do_switch$3$rdmux[0][4][14]$a$132
      New ports: A={ $memory$auto$proc_rom.cc:155:do_switch$3$rdmux[0][5][28]$a$222 [22] $memory$auto$proc_rom.cc:155:do_switch$3$rdmux[0][5][28]$a$222 [10] 1'1 $memory$auto$proc_rom.cc:155:do_switch$3$rdmux[0][5][28]$a$222 [27] $memory$auto$proc_rom.cc:155:do_switch$3$rdmux[0][5][28]$a$222 [3] $memory$auto$proc_rom.cc:155:do_switch$3$rdmux[0][5][28]$a$222 [25] $memory$auto$proc_rom.cc:155:do_switch$3$rdmux[0][5][28]$a$222 [10] $memory$auto$proc_rom.cc:155:do_switch$3$rdmux[0][5][28]$a$222 [2] $memory$auto$proc_rom.cc:155:do_switch$3$rdmux[0][5][28]$a$222 [22] $memory$auto$proc_rom.cc:155:do_switch$3$rdmux[0][5][28]$a$222 [9] $memory$auto$proc_rom.cc:155:do_switch$3$rdmux[0][5][28]$a$222 [9] 1'0 $memory$auto$proc_rom.cc:155:do_switch$3$rdmux[0][5][28]$a$222 [5] $memory$auto$proc_rom.cc:155:do_switch$3$rdmux[0][5][28]$a$222 [9] $memory$auto$proc_rom.cc:155:do_switch$3$rdmux[0][5][28]$a$222 [5] $memory$auto$proc_rom.cc:155:do_switch$3$rdmux[0][5][28]$a$222 [1] $memory$auto$proc_rom.cc:155:do_switch$3$rdmux[0][5][28]$a$222 [5] $memory$auto$proc_rom.cc:155:do_switch$3$rdmux[0][5][28]$a$222 [12] $memory$auto$proc_rom.cc:155:do_switch$3$rdmux[0][5][28]$a$222 [6] $memory$auto$proc_rom.cc:155:do_switch$3$rdmux[0][5][28]$a$222 [10:9] $memory$auto$proc_rom.cc:155:do_switch$3$rdmux[0][5][28]$a$222 [2] 1'1 $memory$auto$proc_rom.cc:155:do_switch$3$rdmux[0][5][28]$a$222 [6:5] 1'0 $memory$auto$proc_rom.cc:155:do_switch$3$rdmux[0][5][28]$a$222 [3:1] 1'1 }, B={ $memory$auto$proc_rom.cc:155:do_switch$3$rdmux[0][5][28]$b$223 [11] $memory$auto$proc_rom.cc:155:do_switch$3$rdmux[0][5][28]$b$223 [6] $memory$auto$proc_rom.cc:155:do_switch$3$rdmux[0][5][28]$b$223 [24] $memory$auto$proc_rom.cc:155:do_switch$3$rdmux[0][5][28]$b$223 [24] 1'1 $memory$auto$proc_rom.cc:155:do_switch$3$rdmux[0][5][28]$b$223 [24] $memory$auto$proc_rom.cc:155:do_switch$3$rdmux[0][5][28]$b$223 [24] $memory$auto$proc_rom.cc:155:do_switch$3$rdmux[0][5][28]$b$223 [11] $memory$auto$proc_rom.cc:155:do_switch$3$rdmux[0][5][28]$b$223 [3] $memory$auto$proc_rom.cc:155:do_switch$3$rdmux[0][5][28]$b$223 [4:3] 1'1 $memory$auto$proc_rom.cc:155:do_switch$3$rdmux[0][5][28]$b$223 [18:17] $memory$auto$proc_rom.cc:155:do_switch$3$rdmux[0][5][28]$b$223 [12] 1'0 $memory$auto$proc_rom.cc:155:do_switch$3$rdmux[0][5][28]$b$223 [11] $memory$auto$proc_rom.cc:155:do_switch$3$rdmux[0][5][28]$b$223 [12:11] $memory$auto$proc_rom.cc:155:do_switch$3$rdmux[0][5][28]$b$223 [3] $memory$auto$proc_rom.cc:155:do_switch$3$rdmux[0][5][28]$b$223 [9:8] $memory$auto$proc_rom.cc:155:do_switch$3$rdmux[0][5][28]$b$223 [2] $memory$auto$proc_rom.cc:155:do_switch$3$rdmux[0][5][28]$b$223 [6] $memory$auto$proc_rom.cc:155:do_switch$3$rdmux[0][5][28]$b$223 [1] $memory$auto$proc_rom.cc:155:do_switch$3$rdmux[0][5][28]$b$223 [4:1] 1'0 }, Y={ $memory$auto$proc_rom.cc:155:do_switch$3$rdmux[0][4][14]$a$132 [31:29] $memory$auto$proc_rom.cc:155:do_switch$3$rdmux[0][4][14]$a$132 [27:17] $memory$auto$proc_rom.cc:155:do_switch$3$rdmux[0][4][14]$a$132 [15:0] }
      New connections: { $memory$auto$proc_rom.cc:155:do_switch$3$rdmux[0][4][14]$a$132 [28] $memory$auto$proc_rom.cc:155:do_switch$3$rdmux[0][4][14]$a$132 [16] } = { $memory$auto$proc_rom.cc:155:do_switch$3$rdmux[0][4][14]$a$132 [1] $memory$auto$proc_rom.cc:155:do_switch$3$rdmux[0][4][14]$a$132 [12] }
    Consolidated identical input bits for $mux cell $memory$auto$proc_rom.cc:155:do_switch$3$rdmux[0][5][26]$215:
      Old ports: A=$memory$auto$proc_rom.cc:155:do_switch$3$rdmux[0][5][26]$a$216, B=$memory$auto$proc_rom.cc:155:do_switch$3$rdmux[0][5][26]$b$217, Y=$memory$auto$proc_rom.cc:155:do_switch$3$rdmux[0][4][13]$a$129
      New ports: A={ $memory$auto$proc_rom.cc:155:do_switch$3$rdmux[0][5][26]$a$216 [17] $memory$auto$proc_rom.cc:155:do_switch$3$rdmux[0][5][26]$a$216 [5] $memory$auto$proc_rom.cc:155:do_switch$3$rdmux[0][5][26]$a$216 [7] $memory$auto$proc_rom.cc:155:do_switch$3$rdmux[0][5][26]$a$216 [13] 1'0 $memory$auto$proc_rom.cc:155:do_switch$3$rdmux[0][5][26]$a$216 [26] $memory$auto$proc_rom.cc:155:do_switch$3$rdmux[0][5][26]$a$216 [2] $memory$auto$proc_rom.cc:155:do_switch$3$rdmux[0][5][26]$a$216 [5] $memory$auto$proc_rom.cc:155:do_switch$3$rdmux[0][5][26]$a$216 [7:6] 1'1 $memory$auto$proc_rom.cc:155:do_switch$3$rdmux[0][5][26]$a$216 [17] $memory$auto$proc_rom.cc:155:do_switch$3$rdmux[0][5][26]$a$216 [18:17] $memory$auto$proc_rom.cc:155:do_switch$3$rdmux[0][5][26]$a$216 [2] $memory$auto$proc_rom.cc:155:do_switch$3$rdmux[0][5][26]$a$216 [15] $memory$auto$proc_rom.cc:155:do_switch$3$rdmux[0][5][26]$a$216 [3] $memory$auto$proc_rom.cc:155:do_switch$3$rdmux[0][5][26]$a$216 [13] 1'1 $memory$auto$proc_rom.cc:155:do_switch$3$rdmux[0][5][26]$a$216 [6] $memory$auto$proc_rom.cc:155:do_switch$3$rdmux[0][5][26]$a$216 [3] $memory$auto$proc_rom.cc:155:do_switch$3$rdmux[0][5][26]$a$216 [8:5] $memory$auto$proc_rom.cc:155:do_switch$3$rdmux[0][5][26]$a$216 [1] $memory$auto$proc_rom.cc:155:do_switch$3$rdmux[0][5][26]$a$216 [3:0] }, B={ $memory$auto$proc_rom.cc:155:do_switch$3$rdmux[0][5][26]$b$217 [14] $memory$auto$proc_rom.cc:155:do_switch$3$rdmux[0][5][26]$b$217 [7] $memory$auto$proc_rom.cc:155:do_switch$3$rdmux[0][5][26]$b$217 [3] $memory$auto$proc_rom.cc:155:do_switch$3$rdmux[0][5][26]$b$217 [26:25] $memory$auto$proc_rom.cc:155:do_switch$3$rdmux[0][5][26]$b$217 [26:25] $memory$auto$proc_rom.cc:155:do_switch$3$rdmux[0][5][26]$b$217 [14] 1'1 $memory$auto$proc_rom.cc:155:do_switch$3$rdmux[0][5][26]$b$217 [22] $memory$auto$proc_rom.cc:155:do_switch$3$rdmux[0][5][26]$b$217 [14] $memory$auto$proc_rom.cc:155:do_switch$3$rdmux[0][5][26]$b$217 [20] $memory$auto$proc_rom.cc:155:do_switch$3$rdmux[0][5][26]$b$217 [6] 1'1 $memory$auto$proc_rom.cc:155:do_switch$3$rdmux[0][5][26]$b$217 [16] $memory$auto$proc_rom.cc:155:do_switch$3$rdmux[0][5][26]$b$217 [14] $memory$auto$proc_rom.cc:155:do_switch$3$rdmux[0][5][26]$b$217 [14] $memory$auto$proc_rom.cc:155:do_switch$3$rdmux[0][5][26]$b$217 [3] $memory$auto$proc_rom.cc:155:do_switch$3$rdmux[0][5][26]$b$217 [10] $memory$auto$proc_rom.cc:155:do_switch$3$rdmux[0][5][26]$b$217 [10] $memory$auto$proc_rom.cc:155:do_switch$3$rdmux[0][5][26]$b$217 [5] 1'0 $memory$auto$proc_rom.cc:155:do_switch$3$rdmux[0][5][26]$b$217 [7:5] $memory$auto$proc_rom.cc:155:do_switch$3$rdmux[0][5][26]$b$217 [0] $memory$auto$proc_rom.cc:155:do_switch$3$rdmux[0][5][26]$b$217 [3] $memory$auto$proc_rom.cc:155:do_switch$3$rdmux[0][5][26]$b$217 [0] $memory$auto$proc_rom.cc:155:do_switch$3$rdmux[0][5][26]$b$217 [1:0] }, Y={ $memory$auto$proc_rom.cc:155:do_switch$3$rdmux[0][4][13]$a$129 [31:20] $memory$auto$proc_rom.cc:155:do_switch$3$rdmux[0][4][13]$a$129 [18:13] $memory$auto$proc_rom.cc:155:do_switch$3$rdmux[0][4][13]$a$129 [11:0] }
      New connections: { $memory$auto$proc_rom.cc:155:do_switch$3$rdmux[0][4][13]$a$129 [19] $memory$auto$proc_rom.cc:155:do_switch$3$rdmux[0][4][13]$a$129 [12] } = { $memory$auto$proc_rom.cc:155:do_switch$3$rdmux[0][4][13]$a$129 [7] $memory$auto$proc_rom.cc:155:do_switch$3$rdmux[0][4][13]$a$129 [2] }
    Consolidated identical input bits for $mux cell $memory$auto$proc_rom.cc:155:do_switch$3$rdmux[0][5][24]$209:
      Old ports: A=$memory$auto$proc_rom.cc:155:do_switch$3$rdmux[0][5][24]$a$210, B=$memory$auto$proc_rom.cc:155:do_switch$3$rdmux[0][5][24]$b$211, Y=$memory$auto$proc_rom.cc:155:do_switch$3$rdmux[0][4][12]$a$126
      New ports: A={ $memory$auto$proc_rom.cc:155:do_switch$3$rdmux[0][5][24]$a$210 [30] $memory$auto$proc_rom.cc:155:do_switch$3$rdmux[0][5][24]$a$210 [14] $memory$auto$proc_rom.cc:155:do_switch$3$rdmux[0][5][24]$a$210 [10] $memory$auto$proc_rom.cc:155:do_switch$3$rdmux[0][5][24]$a$210 [12] $memory$auto$proc_rom.cc:155:do_switch$3$rdmux[0][5][24]$a$210 [12] $memory$auto$proc_rom.cc:155:do_switch$3$rdmux[0][5][24]$a$210 [3] $memory$auto$proc_rom.cc:155:do_switch$3$rdmux[0][5][24]$a$210 [1] $memory$auto$proc_rom.cc:155:do_switch$3$rdmux[0][5][24]$a$210 [9] $memory$auto$proc_rom.cc:155:do_switch$3$rdmux[0][5][24]$a$210 [17] $memory$auto$proc_rom.cc:155:do_switch$3$rdmux[0][5][24]$a$210 [1] $memory$auto$proc_rom.cc:155:do_switch$3$rdmux[0][5][24]$a$210 [8] $memory$auto$proc_rom.cc:155:do_switch$3$rdmux[0][5][24]$a$210 [8] $memory$auto$proc_rom.cc:155:do_switch$3$rdmux[0][5][24]$a$210 [17] 1'1 $memory$auto$proc_rom.cc:155:do_switch$3$rdmux[0][5][24]$a$210 [7] $memory$auto$proc_rom.cc:155:do_switch$3$rdmux[0][5][24]$a$210 [14] $memory$auto$proc_rom.cc:155:do_switch$3$rdmux[0][5][24]$a$210 [7] $memory$auto$proc_rom.cc:155:do_switch$3$rdmux[0][5][24]$a$210 [12] $memory$auto$proc_rom.cc:155:do_switch$3$rdmux[0][5][24]$a$210 [4] $memory$auto$proc_rom.cc:155:do_switch$3$rdmux[0][5][24]$a$210 [10:7] $memory$auto$proc_rom.cc:155:do_switch$3$rdmux[0][5][24]$a$210 [5:3] 1'0 $memory$auto$proc_rom.cc:155:do_switch$3$rdmux[0][5][24]$a$210 [1:0] }, B={ $memory$auto$proc_rom.cc:155:do_switch$3$rdmux[0][5][24]$b$211 [4] $memory$auto$proc_rom.cc:155:do_switch$3$rdmux[0][5][24]$b$211 [12] 1'0 $memory$auto$proc_rom.cc:155:do_switch$3$rdmux[0][5][24]$b$211 [1] $memory$auto$proc_rom.cc:155:do_switch$3$rdmux[0][5][24]$b$211 [15] $memory$auto$proc_rom.cc:155:do_switch$3$rdmux[0][5][24]$b$211 [10:9] $memory$auto$proc_rom.cc:155:do_switch$3$rdmux[0][5][24]$b$211 [10] 1'1 $memory$auto$proc_rom.cc:155:do_switch$3$rdmux[0][5][24]$b$211 [10] 1'0 $memory$auto$proc_rom.cc:155:do_switch$3$rdmux[0][5][24]$b$211 [19] $memory$auto$proc_rom.cc:155:do_switch$3$rdmux[0][5][24]$b$211 [17:15] $memory$auto$proc_rom.cc:155:do_switch$3$rdmux[0][5][24]$b$211 [5] $memory$auto$proc_rom.cc:155:do_switch$3$rdmux[0][5][24]$b$211 [10] $memory$auto$proc_rom.cc:155:do_switch$3$rdmux[0][5][24]$b$211 [12] $memory$auto$proc_rom.cc:155:do_switch$3$rdmux[0][5][24]$b$211 [1] $memory$auto$proc_rom.cc:155:do_switch$3$rdmux[0][5][24]$b$211 [10:9] 2'10 $memory$auto$proc_rom.cc:155:do_switch$3$rdmux[0][5][24]$b$211 [5:4] 1'1 $memory$auto$proc_rom.cc:155:do_switch$3$rdmux[0][5][24]$b$211 [2:1] 1'1 }, Y={ $memory$auto$proc_rom.cc:155:do_switch$3$rdmux[0][4][12]$a$126 [30:19] $memory$auto$proc_rom.cc:155:do_switch$3$rdmux[0][4][12]$a$126 [17:7] $memory$auto$proc_rom.cc:155:do_switch$3$rdmux[0][4][12]$a$126 [5:0] }
      New connections: { $memory$auto$proc_rom.cc:155:do_switch$3$rdmux[0][4][12]$a$126 [31] $memory$auto$proc_rom.cc:155:do_switch$3$rdmux[0][4][12]$a$126 [18] $memory$auto$proc_rom.cc:155:do_switch$3$rdmux[0][4][12]$a$126 [6] } = { $memory$auto$proc_rom.cc:155:do_switch$3$rdmux[0][4][12]$a$126 [21] $memory$auto$proc_rom.cc:155:do_switch$3$rdmux[0][4][12]$a$126 [10] 1'1 }
    Consolidated identical input bits for $mux cell $memory$auto$proc_rom.cc:155:do_switch$3$rdmux[0][5][23]$206:
      Old ports: A=$memory$auto$proc_rom.cc:155:do_switch$3$rdmux[0][5][23]$a$207, B=$memory$auto$proc_rom.cc:155:do_switch$3$rdmux[0][5][23]$b$208, Y=$memory$auto$proc_rom.cc:155:do_switch$3$rdmux[0][4][11]$b$124
      New ports: A={ $memory$auto$proc_rom.cc:155:do_switch$3$rdmux[0][5][23]$a$207 [1] $memory$auto$proc_rom.cc:155:do_switch$3$rdmux[0][5][23]$a$207 [1] $memory$auto$proc_rom.cc:155:do_switch$3$rdmux[0][5][23]$a$207 [29:27] $memory$auto$proc_rom.cc:155:do_switch$3$rdmux[0][5][23]$a$207 [11] 1'1 $memory$auto$proc_rom.cc:155:do_switch$3$rdmux[0][5][23]$a$207 [2] $memory$auto$proc_rom.cc:155:do_switch$3$rdmux[0][5][23]$a$207 [20] $memory$auto$proc_rom.cc:155:do_switch$3$rdmux[0][5][23]$a$207 [5] $memory$auto$proc_rom.cc:155:do_switch$3$rdmux[0][5][23]$a$207 [20] $memory$auto$proc_rom.cc:155:do_switch$3$rdmux[0][5][23]$a$207 [10] $memory$auto$proc_rom.cc:155:do_switch$3$rdmux[0][5][23]$a$207 [15] $memory$auto$proc_rom.cc:155:do_switch$3$rdmux[0][5][23]$a$207 [3] $memory$auto$proc_rom.cc:155:do_switch$3$rdmux[0][5][23]$a$207 [15] $memory$auto$proc_rom.cc:155:do_switch$3$rdmux[0][5][23]$a$207 [0] $memory$auto$proc_rom.cc:155:do_switch$3$rdmux[0][5][23]$a$207 [0] 1'0 $memory$auto$proc_rom.cc:155:do_switch$3$rdmux[0][5][23]$a$207 [11:10] $memory$auto$proc_rom.cc:155:do_switch$3$rdmux[0][5][23]$a$207 [0] 1'1 $memory$auto$proc_rom.cc:155:do_switch$3$rdmux[0][5][23]$a$207 [2] 1'1 $memory$auto$proc_rom.cc:155:do_switch$3$rdmux[0][5][23]$a$207 [5:0] }, B={ $memory$auto$proc_rom.cc:155:do_switch$3$rdmux[0][5][23]$b$208 [7] $memory$auto$proc_rom.cc:155:do_switch$3$rdmux[0][5][23]$b$208 [9] $memory$auto$proc_rom.cc:155:do_switch$3$rdmux[0][5][23]$b$208 [25] $memory$auto$proc_rom.cc:155:do_switch$3$rdmux[0][5][23]$b$208 [20] $memory$auto$proc_rom.cc:155:do_switch$3$rdmux[0][5][23]$b$208 [0] $memory$auto$proc_rom.cc:155:do_switch$3$rdmux[0][5][23]$b$208 [0] $memory$auto$proc_rom.cc:155:do_switch$3$rdmux[0][5][23]$b$208 [25] $memory$auto$proc_rom.cc:155:do_switch$3$rdmux[0][5][23]$b$208 [21] $memory$auto$proc_rom.cc:155:do_switch$3$rdmux[0][5][23]$b$208 [11] $memory$auto$proc_rom.cc:155:do_switch$3$rdmux[0][5][23]$b$208 [21:20] $memory$auto$proc_rom.cc:155:do_switch$3$rdmux[0][5][23]$b$208 [5] $memory$auto$proc_rom.cc:155:do_switch$3$rdmux[0][5][23]$b$208 [17] 1'0 $memory$auto$proc_rom.cc:155:do_switch$3$rdmux[0][5][23]$b$208 [11] $memory$auto$proc_rom.cc:155:do_switch$3$rdmux[0][5][23]$b$208 [1] 1'1 $memory$auto$proc_rom.cc:155:do_switch$3$rdmux[0][5][23]$b$208 [5] $memory$auto$proc_rom.cc:155:do_switch$3$rdmux[0][5][23]$b$208 [11] $memory$auto$proc_rom.cc:155:do_switch$3$rdmux[0][5][23]$b$208 [0] $memory$auto$proc_rom.cc:155:do_switch$3$rdmux[0][5][23]$b$208 [9] $memory$auto$proc_rom.cc:155:do_switch$3$rdmux[0][5][23]$b$208 [1] $memory$auto$proc_rom.cc:155:do_switch$3$rdmux[0][5][23]$b$208 [7] $memory$auto$proc_rom.cc:155:do_switch$3$rdmux[0][5][23]$b$208 [2] $memory$auto$proc_rom.cc:155:do_switch$3$rdmux[0][5][23]$b$208 [5:0] }, Y={ $memory$auto$proc_rom.cc:155:do_switch$3$rdmux[0][4][11]$b$124 [31:25] $memory$auto$proc_rom.cc:155:do_switch$3$rdmux[0][4][11]$b$124 [23:20] $memory$auto$proc_rom.cc:155:do_switch$3$rdmux[0][4][11]$b$124 [18:0] }
      New connections: { $memory$auto$proc_rom.cc:155:do_switch$3$rdmux[0][4][11]$b$124 [24] $memory$auto$proc_rom.cc:155:do_switch$3$rdmux[0][4][11]$b$124 [19] } = { $memory$auto$proc_rom.cc:155:do_switch$3$rdmux[0][4][11]$b$124 [2] $memory$auto$proc_rom.cc:155:do_switch$3$rdmux[0][4][11]$b$124 [6] }
    Consolidated identical input bits for $mux cell $memory$auto$proc_rom.cc:155:do_switch$3$rdmux[0][5][22]$203:
      Old ports: A=$memory$auto$proc_rom.cc:155:do_switch$3$rdmux[0][5][22]$a$204, B=$memory$auto$proc_rom.cc:155:do_switch$3$rdmux[0][5][22]$b$205, Y=$memory$auto$proc_rom.cc:155:do_switch$3$rdmux[0][4][11]$a$123
      New ports: A={ 1'0 $memory$auto$proc_rom.cc:155:do_switch$3$rdmux[0][5][22]$a$204 [23] $memory$auto$proc_rom.cc:155:do_switch$3$rdmux[0][5][22]$a$204 [13] $memory$auto$proc_rom.cc:155:do_switch$3$rdmux[0][5][22]$a$204 [13] $memory$auto$proc_rom.cc:155:do_switch$3$rdmux[0][5][22]$a$204 [23] 1'1 $memory$auto$proc_rom.cc:155:do_switch$3$rdmux[0][5][22]$a$204 [23] $memory$auto$proc_rom.cc:155:do_switch$3$rdmux[0][5][22]$a$204 [6] $memory$auto$proc_rom.cc:155:do_switch$3$rdmux[0][5][22]$a$204 [1] $memory$auto$proc_rom.cc:155:do_switch$3$rdmux[0][5][22]$a$204 [19] $memory$auto$proc_rom.cc:155:do_switch$3$rdmux[0][5][22]$a$204 [8] $memory$auto$proc_rom.cc:155:do_switch$3$rdmux[0][5][22]$a$204 [13] $memory$auto$proc_rom.cc:155:do_switch$3$rdmux[0][5][22]$a$204 [8] $memory$auto$proc_rom.cc:155:do_switch$3$rdmux[0][5][22]$a$204 [8] $memory$auto$proc_rom.cc:155:do_switch$3$rdmux[0][5][22]$a$204 [4] $memory$auto$proc_rom.cc:155:do_switch$3$rdmux[0][5][22]$a$204 [13] 1'1 $memory$auto$proc_rom.cc:155:do_switch$3$rdmux[0][5][22]$a$204 [11:10] $memory$auto$proc_rom.cc:155:do_switch$3$rdmux[0][5][22]$a$204 [6] $memory$auto$proc_rom.cc:155:do_switch$3$rdmux[0][5][22]$a$204 [8] 1'0 $memory$auto$proc_rom.cc:155:do_switch$3$rdmux[0][5][22]$a$204 [6:3] $memory$auto$proc_rom.cc:155:do_switch$3$rdmux[0][5][22]$a$204 [0] $memory$auto$proc_rom.cc:155:do_switch$3$rdmux[0][5][22]$a$204 [1:0] }, B={ $memory$auto$proc_rom.cc:155:do_switch$3$rdmux[0][5][22]$b$205 [6] $memory$auto$proc_rom.cc:155:do_switch$3$rdmux[0][5][22]$b$205 [28] $memory$auto$proc_rom.cc:155:do_switch$3$rdmux[0][5][22]$b$205 [6] 1'1 $memory$auto$proc_rom.cc:155:do_switch$3$rdmux[0][5][22]$b$205 [6] $memory$auto$proc_rom.cc:155:do_switch$3$rdmux[0][5][22]$b$205 [4:3] $memory$auto$proc_rom.cc:155:do_switch$3$rdmux[0][5][22]$b$205 [4] $memory$auto$proc_rom.cc:155:do_switch$3$rdmux[0][5][22]$b$205 [20] $memory$auto$proc_rom.cc:155:do_switch$3$rdmux[0][5][22]$b$205 [1] $memory$auto$proc_rom.cc:155:do_switch$3$rdmux[0][5][22]$b$205 [6] $memory$auto$proc_rom.cc:155:do_switch$3$rdmux[0][5][22]$b$205 [3] $memory$auto$proc_rom.cc:155:do_switch$3$rdmux[0][5][22]$b$205 [4] $memory$auto$proc_rom.cc:155:do_switch$3$rdmux[0][5][22]$b$205 [15:14] $memory$auto$proc_rom.cc:155:do_switch$3$rdmux[0][5][22]$b$205 [1] 2'01 $memory$auto$proc_rom.cc:155:do_switch$3$rdmux[0][5][22]$b$205 [10] 2'10 $memory$auto$proc_rom.cc:155:do_switch$3$rdmux[0][5][22]$b$205 [7:6] 1'1 $memory$auto$proc_rom.cc:155:do_switch$3$rdmux[0][5][22]$b$205 [4:0] }, Y={ $memory$auto$proc_rom.cc:155:do_switch$3$rdmux[0][4][11]$a$123 [29:22] $memory$auto$proc_rom.cc:155:do_switch$3$rdmux[0][4][11]$a$123 [20:0] }
      New connections: { $memory$auto$proc_rom.cc:155:do_switch$3$rdmux[0][4][11]$a$123 [31:30] $memory$auto$proc_rom.cc:155:do_switch$3$rdmux[0][4][11]$a$123 [21] } = { $memory$auto$proc_rom.cc:155:do_switch$3$rdmux[0][4][11]$a$123 [16] $memory$auto$proc_rom.cc:155:do_switch$3$rdmux[0][4][11]$a$123 [28] $memory$auto$proc_rom.cc:155:do_switch$3$rdmux[0][4][11]$a$123 [18] }
    Consolidated identical input bits for $mux cell $memory$auto$proc_rom.cc:155:do_switch$3$rdmux[0][5][21]$200:
      Old ports: A=$memory$auto$proc_rom.cc:155:do_switch$3$rdmux[0][5][21]$a$201, B=$memory$auto$proc_rom.cc:155:do_switch$3$rdmux[0][5][21]$b$202, Y=$memory$auto$proc_rom.cc:155:do_switch$3$rdmux[0][4][10]$b$121
      New ports: A={ $memory$auto$proc_rom.cc:155:do_switch$3$rdmux[0][5][21]$a$201 [19] $memory$auto$proc_rom.cc:155:do_switch$3$rdmux[0][5][21]$a$201 [19] $memory$auto$proc_rom.cc:155:do_switch$3$rdmux[0][5][21]$a$201 [19] $memory$auto$proc_rom.cc:155:do_switch$3$rdmux[0][5][21]$a$201 [24] $memory$auto$proc_rom.cc:155:do_switch$3$rdmux[0][5][21]$a$201 [6] $memory$auto$proc_rom.cc:155:do_switch$3$rdmux[0][5][21]$a$201 [25:24] $memory$auto$proc_rom.cc:155:do_switch$3$rdmux[0][5][21]$a$201 [2] $memory$auto$proc_rom.cc:155:do_switch$3$rdmux[0][5][21]$a$201 [2:1] $memory$auto$proc_rom.cc:155:do_switch$3$rdmux[0][5][21]$a$201 [19] $memory$auto$proc_rom.cc:155:do_switch$3$rdmux[0][5][21]$a$201 [1] $memory$auto$proc_rom.cc:155:do_switch$3$rdmux[0][5][21]$a$201 [17] $memory$auto$proc_rom.cc:155:do_switch$3$rdmux[0][5][21]$a$201 [2] $memory$auto$proc_rom.cc:155:do_switch$3$rdmux[0][5][21]$a$201 [15] $memory$auto$proc_rom.cc:155:do_switch$3$rdmux[0][5][21]$a$201 [3] 1'1 $memory$auto$proc_rom.cc:155:do_switch$3$rdmux[0][5][21]$a$201 [1] $memory$auto$proc_rom.cc:155:do_switch$3$rdmux[0][5][21]$a$201 [5] $memory$auto$proc_rom.cc:155:do_switch$3$rdmux[0][5][21]$a$201 [9] $memory$auto$proc_rom.cc:155:do_switch$3$rdmux[0][5][21]$a$201 [5] $memory$auto$proc_rom.cc:155:do_switch$3$rdmux[0][5][21]$a$201 [5] $memory$auto$proc_rom.cc:155:do_switch$3$rdmux[0][5][21]$a$201 [6:1] 1'0 }, B={ $memory$auto$proc_rom.cc:155:do_switch$3$rdmux[0][5][21]$b$202 [16] $memory$auto$proc_rom.cc:155:do_switch$3$rdmux[0][5][21]$b$202 [3] $memory$auto$proc_rom.cc:155:do_switch$3$rdmux[0][5][21]$b$202 [29:28] $memory$auto$proc_rom.cc:155:do_switch$3$rdmux[0][5][21]$b$202 [4] $memory$auto$proc_rom.cc:155:do_switch$3$rdmux[0][5][21]$b$202 [1] $memory$auto$proc_rom.cc:155:do_switch$3$rdmux[0][5][21]$b$202 [24] $memory$auto$proc_rom.cc:155:do_switch$3$rdmux[0][5][21]$b$202 [10] $memory$auto$proc_rom.cc:155:do_switch$3$rdmux[0][5][21]$b$202 [21] $memory$auto$proc_rom.cc:155:do_switch$3$rdmux[0][5][21]$b$202 [21] 2'10 $memory$auto$proc_rom.cc:155:do_switch$3$rdmux[0][5][21]$b$202 [5] $memory$auto$proc_rom.cc:155:do_switch$3$rdmux[0][5][21]$b$202 [16] $memory$auto$proc_rom.cc:155:do_switch$3$rdmux[0][5][21]$b$202 [1] $memory$auto$proc_rom.cc:155:do_switch$3$rdmux[0][5][21]$b$202 [6] $memory$auto$proc_rom.cc:155:do_switch$3$rdmux[0][5][21]$b$202 [1] $memory$auto$proc_rom.cc:155:do_switch$3$rdmux[0][5][21]$b$202 [7] $memory$auto$proc_rom.cc:155:do_switch$3$rdmux[0][5][21]$b$202 [10] $memory$auto$proc_rom.cc:155:do_switch$3$rdmux[0][5][21]$b$202 [6] $memory$auto$proc_rom.cc:155:do_switch$3$rdmux[0][5][21]$b$202 [6] $memory$auto$proc_rom.cc:155:do_switch$3$rdmux[0][5][21]$b$202 [7:3] 1'0 $memory$auto$proc_rom.cc:155:do_switch$3$rdmux[0][5][21]$b$202 [1] 1'1 }, Y={ $memory$auto$proc_rom.cc:155:do_switch$3$rdmux[0][4][10]$b$121 [31:27] $memory$auto$proc_rom.cc:155:do_switch$3$rdmux[0][4][10]$b$121 [25:21] $memory$auto$proc_rom.cc:155:do_switch$3$rdmux[0][4][10]$b$121 [19:13] $memory$auto$proc_rom.cc:155:do_switch$3$rdmux[0][4][10]$b$121 [11:0] }
      New connections: { $memory$auto$proc_rom.cc:155:do_switch$3$rdmux[0][4][10]$b$121 [26] $memory$auto$proc_rom.cc:155:do_switch$3$rdmux[0][4][10]$b$121 [20] $memory$auto$proc_rom.cc:155:do_switch$3$rdmux[0][4][10]$b$121 [12] } = { $memory$auto$proc_rom.cc:155:do_switch$3$rdmux[0][4][10]$b$121 [16] $memory$auto$proc_rom.cc:155:do_switch$3$rdmux[0][4][10]$b$121 [16] $memory$auto$proc_rom.cc:155:do_switch$3$rdmux[0][4][10]$b$121 [9] }
    Consolidated identical input bits for $mux cell $memory$auto$proc_rom.cc:155:do_switch$3$rdmux[0][5][20]$197:
      Old ports: A=$memory$auto$proc_rom.cc:155:do_switch$3$rdmux[0][5][20]$a$198, B=$memory$auto$proc_rom.cc:155:do_switch$3$rdmux[0][5][20]$b$199, Y=$memory$auto$proc_rom.cc:155:do_switch$3$rdmux[0][4][10]$a$120
      New ports: A={ $memory$auto$proc_rom.cc:155:do_switch$3$rdmux[0][5][20]$a$198 [3] $memory$auto$proc_rom.cc:155:do_switch$3$rdmux[0][5][20]$a$198 [1] $memory$auto$proc_rom.cc:155:do_switch$3$rdmux[0][5][20]$a$198 [29] $memory$auto$proc_rom.cc:155:do_switch$3$rdmux[0][5][20]$a$198 [1] 1'0 $memory$auto$proc_rom.cc:155:do_switch$3$rdmux[0][5][20]$a$198 [14] 1'1 $memory$auto$proc_rom.cc:155:do_switch$3$rdmux[0][5][20]$a$198 [14] $memory$auto$proc_rom.cc:155:do_switch$3$rdmux[0][5][20]$a$198 [1] $memory$auto$proc_rom.cc:155:do_switch$3$rdmux[0][5][20]$a$198 [11] $memory$auto$proc_rom.cc:155:do_switch$3$rdmux[0][5][20]$a$198 [8] $memory$auto$proc_rom.cc:155:do_switch$3$rdmux[0][5][20]$a$198 [10] $memory$auto$proc_rom.cc:155:do_switch$3$rdmux[0][5][20]$a$198 [14] $memory$auto$proc_rom.cc:155:do_switch$3$rdmux[0][5][20]$a$198 [17] 1'1 $memory$auto$proc_rom.cc:155:do_switch$3$rdmux[0][5][20]$a$198 [7] $memory$auto$proc_rom.cc:155:do_switch$3$rdmux[0][5][20]$a$198 [14] $memory$auto$proc_rom.cc:155:do_switch$3$rdmux[0][5][20]$a$198 [4:3] $memory$auto$proc_rom.cc:155:do_switch$3$rdmux[0][5][20]$a$198 [11:10] $memory$auto$proc_rom.cc:155:do_switch$3$rdmux[0][5][20]$a$198 [8:7] $memory$auto$proc_rom.cc:155:do_switch$3$rdmux[0][5][20]$a$198 [4] $memory$auto$proc_rom.cc:155:do_switch$3$rdmux[0][5][20]$a$198 [0] $memory$auto$proc_rom.cc:155:do_switch$3$rdmux[0][5][20]$a$198 [4:0] }, B={ 1'0 $memory$auto$proc_rom.cc:155:do_switch$3$rdmux[0][5][20]$b$199 [30] $memory$auto$proc_rom.cc:155:do_switch$3$rdmux[0][5][20]$b$199 [2] $memory$auto$proc_rom.cc:155:do_switch$3$rdmux[0][5][20]$b$199 [14] $memory$auto$proc_rom.cc:155:do_switch$3$rdmux[0][5][20]$b$199 [5] $memory$auto$proc_rom.cc:155:do_switch$3$rdmux[0][5][20]$b$199 [25] $memory$auto$proc_rom.cc:155:do_switch$3$rdmux[0][5][20]$b$199 [25] $memory$auto$proc_rom.cc:155:do_switch$3$rdmux[0][5][20]$b$199 [1] $memory$auto$proc_rom.cc:155:do_switch$3$rdmux[0][5][20]$b$199 [20] 1'1 $memory$auto$proc_rom.cc:155:do_switch$3$rdmux[0][5][20]$b$199 [20:18] 1'1 $memory$auto$proc_rom.cc:155:do_switch$3$rdmux[0][5][20]$b$199 [16] 1'0 $memory$auto$proc_rom.cc:155:do_switch$3$rdmux[0][5][20]$b$199 [14] $memory$auto$proc_rom.cc:155:do_switch$3$rdmux[0][5][20]$b$199 [5] $memory$auto$proc_rom.cc:155:do_switch$3$rdmux[0][5][20]$b$199 [11] $memory$auto$proc_rom.cc:155:do_switch$3$rdmux[0][5][20]$b$199 [11] $memory$auto$proc_rom.cc:155:do_switch$3$rdmux[0][5][20]$b$199 [0] $memory$auto$proc_rom.cc:155:do_switch$3$rdmux[0][5][20]$b$199 [1] $memory$auto$proc_rom.cc:155:do_switch$3$rdmux[0][5][20]$b$199 [2] 1'1 $memory$auto$proc_rom.cc:155:do_switch$3$rdmux[0][5][20]$b$199 [5] $memory$auto$proc_rom.cc:155:do_switch$3$rdmux[0][5][20]$b$199 [0] $memory$auto$proc_rom.cc:155:do_switch$3$rdmux[0][5][20]$b$199 [1] $memory$auto$proc_rom.cc:155:do_switch$3$rdmux[0][5][20]$b$199 [2:0] }, Y={ $memory$auto$proc_rom.cc:155:do_switch$3$rdmux[0][4][10]$a$120 [31:24] $memory$auto$proc_rom.cc:155:do_switch$3$rdmux[0][4][10]$a$120 [22:10] $memory$auto$proc_rom.cc:155:do_switch$3$rdmux[0][4][10]$a$120 [8:0] }
      New connections: { $memory$auto$proc_rom.cc:155:do_switch$3$rdmux[0][4][10]$a$120 [23] $memory$auto$proc_rom.cc:155:do_switch$3$rdmux[0][4][10]$a$120 [9] } = { $memory$auto$proc_rom.cc:155:do_switch$3$rdmux[0][4][10]$a$120 [4] $memory$auto$proc_rom.cc:155:do_switch$3$rdmux[0][4][10]$a$120 [4] }
    Consolidated identical input bits for $mux cell $memory$auto$proc_rom.cc:155:do_switch$3$rdmux[0][5][19]$194:
      Old ports: A=$memory$auto$proc_rom.cc:155:do_switch$3$rdmux[0][5][19]$a$195, B=$memory$auto$proc_rom.cc:155:do_switch$3$rdmux[0][5][19]$b$196, Y=$memory$auto$proc_rom.cc:155:do_switch$3$rdmux[0][4][9]$b$118
      New ports: A={ $memory$auto$proc_rom.cc:155:do_switch$3$rdmux[0][5][19]$a$195 [31:29] $memory$auto$proc_rom.cc:155:do_switch$3$rdmux[0][5][19]$a$195 [3:2] $memory$auto$proc_rom.cc:155:do_switch$3$rdmux[0][5][19]$a$195 [8] $memory$auto$proc_rom.cc:155:do_switch$3$rdmux[0][5][19]$a$195 [24] $memory$auto$proc_rom.cc:155:do_switch$3$rdmux[0][5][19]$a$195 [0] $memory$auto$proc_rom.cc:155:do_switch$3$rdmux[0][5][19]$a$195 [13] $memory$auto$proc_rom.cc:155:do_switch$3$rdmux[0][5][19]$a$195 [2] $memory$auto$proc_rom.cc:155:do_switch$3$rdmux[0][5][19]$a$195 [5] $memory$auto$proc_rom.cc:155:do_switch$3$rdmux[0][5][19]$a$195 [18] $memory$auto$proc_rom.cc:155:do_switch$3$rdmux[0][5][19]$a$195 [16] $memory$auto$proc_rom.cc:155:do_switch$3$rdmux[0][5][19]$a$195 [8] $memory$auto$proc_rom.cc:155:do_switch$3$rdmux[0][5][19]$a$195 [11] $memory$auto$proc_rom.cc:155:do_switch$3$rdmux[0][5][19]$a$195 [13] $memory$auto$proc_rom.cc:155:do_switch$3$rdmux[0][5][19]$a$195 [0] $memory$auto$proc_rom.cc:155:do_switch$3$rdmux[0][5][19]$a$195 [11] $memory$auto$proc_rom.cc:155:do_switch$3$rdmux[0][5][19]$a$195 [5] $memory$auto$proc_rom.cc:155:do_switch$3$rdmux[0][5][19]$a$195 [2] $memory$auto$proc_rom.cc:155:do_switch$3$rdmux[0][5][19]$a$195 [8] $memory$auto$proc_rom.cc:155:do_switch$3$rdmux[0][5][19]$a$195 [3] $memory$auto$proc_rom.cc:155:do_switch$3$rdmux[0][5][19]$a$195 [5] 1'1 $memory$auto$proc_rom.cc:155:do_switch$3$rdmux[0][5][19]$a$195 [3:2] $memory$auto$proc_rom.cc:155:do_switch$3$rdmux[0][5][19]$a$195 [0] $memory$auto$proc_rom.cc:155:do_switch$3$rdmux[0][5][19]$a$195 [0] }, B={ $memory$auto$proc_rom.cc:155:do_switch$3$rdmux[0][5][19]$b$196 [31] $memory$auto$proc_rom.cc:155:do_switch$3$rdmux[0][5][19]$b$196 [2] $memory$auto$proc_rom.cc:155:do_switch$3$rdmux[0][5][19]$b$196 [3] $memory$auto$proc_rom.cc:155:do_switch$3$rdmux[0][5][19]$b$196 [8] 2'01 $memory$auto$proc_rom.cc:155:do_switch$3$rdmux[0][5][19]$b$196 [24] $memory$auto$proc_rom.cc:155:do_switch$3$rdmux[0][5][19]$b$196 [11] $memory$auto$proc_rom.cc:155:do_switch$3$rdmux[0][5][19]$b$196 [11] $memory$auto$proc_rom.cc:155:do_switch$3$rdmux[0][5][19]$b$196 [7] $memory$auto$proc_rom.cc:155:do_switch$3$rdmux[0][5][19]$b$196 [20] $memory$auto$proc_rom.cc:155:do_switch$3$rdmux[0][5][19]$b$196 [10] $memory$auto$proc_rom.cc:155:do_switch$3$rdmux[0][5][19]$b$196 [16] $memory$auto$proc_rom.cc:155:do_switch$3$rdmux[0][5][19]$b$196 [5] $memory$auto$proc_rom.cc:155:do_switch$3$rdmux[0][5][19]$b$196 [1] $memory$auto$proc_rom.cc:155:do_switch$3$rdmux[0][5][19]$b$196 [5] $memory$auto$proc_rom.cc:155:do_switch$3$rdmux[0][5][19]$b$196 [5] $memory$auto$proc_rom.cc:155:do_switch$3$rdmux[0][5][19]$b$196 [11:10] $memory$auto$proc_rom.cc:155:do_switch$3$rdmux[0][5][19]$b$196 [8] $memory$auto$proc_rom.cc:155:do_switch$3$rdmux[0][5][19]$b$196 [8:7] $memory$auto$proc_rom.cc:155:do_switch$3$rdmux[0][5][19]$b$196 [5:1] 1'1 }, Y={ $memory$auto$proc_rom.cc:155:do_switch$3$rdmux[0][4][9]$b$118 [31:28] $memory$auto$proc_rom.cc:155:do_switch$3$rdmux[0][4][9]$b$118 [26:20] $memory$auto$proc_rom.cc:155:do_switch$3$rdmux[0][4][9]$b$118 [18] $memory$auto$proc_rom.cc:155:do_switch$3$rdmux[0][4][9]$b$118 [16:7] $memory$auto$proc_rom.cc:155:do_switch$3$rdmux[0][4][9]$b$118 [5:0] }
      New connections: { $memory$auto$proc_rom.cc:155:do_switch$3$rdmux[0][4][9]$b$118 [27] $memory$auto$proc_rom.cc:155:do_switch$3$rdmux[0][4][9]$b$118 [19] $memory$auto$proc_rom.cc:155:do_switch$3$rdmux[0][4][9]$b$118 [17] $memory$auto$proc_rom.cc:155:do_switch$3$rdmux[0][4][9]$b$118 [6] } = { $memory$auto$proc_rom.cc:155:do_switch$3$rdmux[0][4][9]$b$118 [24] $memory$auto$proc_rom.cc:155:do_switch$3$rdmux[0][4][9]$b$118 [13] $memory$auto$proc_rom.cc:155:do_switch$3$rdmux[0][4][9]$b$118 [11] $memory$auto$proc_rom.cc:155:do_switch$3$rdmux[0][4][9]$b$118 [3] }
    Consolidated identical input bits for $mux cell $memory$auto$proc_rom.cc:155:do_switch$3$rdmux[0][5][18]$191:
      Old ports: A=$memory$auto$proc_rom.cc:155:do_switch$3$rdmux[0][5][18]$a$192, B=$memory$auto$proc_rom.cc:155:do_switch$3$rdmux[0][5][18]$b$193, Y=$memory$auto$proc_rom.cc:155:do_switch$3$rdmux[0][4][9]$a$117
      New ports: A={ $memory$auto$proc_rom.cc:155:do_switch$3$rdmux[0][5][18]$a$192 [3] $memory$auto$proc_rom.cc:155:do_switch$3$rdmux[0][5][18]$a$192 [11] $memory$auto$proc_rom.cc:155:do_switch$3$rdmux[0][5][18]$a$192 [29] $memory$auto$proc_rom.cc:155:do_switch$3$rdmux[0][5][18]$a$192 [1] $memory$auto$proc_rom.cc:155:do_switch$3$rdmux[0][5][18]$a$192 [2] $memory$auto$proc_rom.cc:155:do_switch$3$rdmux[0][5][18]$a$192 [13] $memory$auto$proc_rom.cc:155:do_switch$3$rdmux[0][5][18]$a$192 [25] $memory$auto$proc_rom.cc:155:do_switch$3$rdmux[0][5][18]$a$192 [10] $memory$auto$proc_rom.cc:155:do_switch$3$rdmux[0][5][18]$a$192 [14] $memory$auto$proc_rom.cc:155:do_switch$3$rdmux[0][5][18]$a$192 [22] $memory$auto$proc_rom.cc:155:do_switch$3$rdmux[0][5][18]$a$192 [0] $memory$auto$proc_rom.cc:155:do_switch$3$rdmux[0][5][18]$a$192 [13] $memory$auto$proc_rom.cc:155:do_switch$3$rdmux[0][5][18]$a$192 [19] $memory$auto$proc_rom.cc:155:do_switch$3$rdmux[0][5][18]$a$192 [1] $memory$auto$proc_rom.cc:155:do_switch$3$rdmux[0][5][18]$a$192 [1] $memory$auto$proc_rom.cc:155:do_switch$3$rdmux[0][5][18]$a$192 [3] $memory$auto$proc_rom.cc:155:do_switch$3$rdmux[0][5][18]$a$192 [14:13] $memory$auto$proc_rom.cc:155:do_switch$3$rdmux[0][5][18]$a$192 [10] $memory$auto$proc_rom.cc:155:do_switch$3$rdmux[0][5][18]$a$192 [11:10] 1'1 $memory$auto$proc_rom.cc:155:do_switch$3$rdmux[0][5][18]$a$192 [0] $memory$auto$proc_rom.cc:155:do_switch$3$rdmux[0][5][18]$a$192 [2] 1'0 $memory$auto$proc_rom.cc:155:do_switch$3$rdmux[0][5][18]$a$192 [5] $memory$auto$proc_rom.cc:155:do_switch$3$rdmux[0][5][18]$a$192 [3:0] }, B={ $memory$auto$proc_rom.cc:155:do_switch$3$rdmux[0][5][18]$b$193 [2] $memory$auto$proc_rom.cc:155:do_switch$3$rdmux[0][5][18]$b$193 [2] $memory$auto$proc_rom.cc:155:do_switch$3$rdmux[0][5][18]$b$193 [29:28] $memory$auto$proc_rom.cc:155:do_switch$3$rdmux[0][5][18]$b$193 [22] $memory$auto$proc_rom.cc:155:do_switch$3$rdmux[0][5][18]$b$193 [22] $memory$auto$proc_rom.cc:155:do_switch$3$rdmux[0][5][18]$b$193 [6] $memory$auto$proc_rom.cc:155:do_switch$3$rdmux[0][5][18]$b$193 [11] $memory$auto$proc_rom.cc:155:do_switch$3$rdmux[0][5][18]$b$193 [6] $memory$auto$proc_rom.cc:155:do_switch$3$rdmux[0][5][18]$b$193 [22] $memory$auto$proc_rom.cc:155:do_switch$3$rdmux[0][5][18]$b$193 [17] $memory$auto$proc_rom.cc:155:do_switch$3$rdmux[0][5][18]$b$193 [20] $memory$auto$proc_rom.cc:155:do_switch$3$rdmux[0][5][18]$b$193 [1] 1'0 $memory$auto$proc_rom.cc:155:do_switch$3$rdmux[0][5][18]$b$193 [17] $memory$auto$proc_rom.cc:155:do_switch$3$rdmux[0][5][18]$b$193 [6] $memory$auto$proc_rom.cc:155:do_switch$3$rdmux[0][5][18]$b$193 [14] $memory$auto$proc_rom.cc:155:do_switch$3$rdmux[0][5][18]$b$193 [6] $memory$auto$proc_rom.cc:155:do_switch$3$rdmux[0][5][18]$b$193 [2] $memory$auto$proc_rom.cc:155:do_switch$3$rdmux[0][5][18]$b$193 [11] $memory$auto$proc_rom.cc:155:do_switch$3$rdmux[0][5][18]$b$193 [6] $memory$auto$proc_rom.cc:155:do_switch$3$rdmux[0][5][18]$b$193 [6] 1'0 $memory$auto$proc_rom.cc:155:do_switch$3$rdmux[0][5][18]$b$193 [1] $memory$auto$proc_rom.cc:155:do_switch$3$rdmux[0][5][18]$b$193 [6:5] 1'1 $memory$auto$proc_rom.cc:155:do_switch$3$rdmux[0][5][18]$b$193 [2:0] }, Y={ $memory$auto$proc_rom.cc:155:do_switch$3$rdmux[0][4][9]$a$117 [31:17] $memory$auto$proc_rom.cc:155:do_switch$3$rdmux[0][4][9]$a$117 [15:5] $memory$auto$proc_rom.cc:155:do_switch$3$rdmux[0][4][9]$a$117 [3:0] }
      New connections: { $memory$auto$proc_rom.cc:155:do_switch$3$rdmux[0][4][9]$a$117 [16] $memory$auto$proc_rom.cc:155:do_switch$3$rdmux[0][4][9]$a$117 [4] } = { $memory$auto$proc_rom.cc:155:do_switch$3$rdmux[0][4][9]$a$117 [14] $memory$auto$proc_rom.cc:155:do_switch$3$rdmux[0][4][9]$a$117 [2] }
    Consolidated identical input bits for $mux cell $memory$auto$proc_rom.cc:155:do_switch$3$rdmux[0][5][17]$188:
      Old ports: A=$memory$auto$proc_rom.cc:155:do_switch$3$rdmux[0][5][17]$a$189, B=$memory$auto$proc_rom.cc:155:do_switch$3$rdmux[0][5][17]$b$190, Y=$memory$auto$proc_rom.cc:155:do_switch$3$rdmux[0][4][8]$b$115
      New ports: A={ $memory$auto$proc_rom.cc:155:do_switch$3$rdmux[0][5][17]$a$189 [3] $memory$auto$proc_rom.cc:155:do_switch$3$rdmux[0][5][17]$a$189 [30] $memory$auto$proc_rom.cc:155:do_switch$3$rdmux[0][5][17]$a$189 [10] $memory$auto$proc_rom.cc:155:do_switch$3$rdmux[0][5][17]$a$189 [10] $memory$auto$proc_rom.cc:155:do_switch$3$rdmux[0][5][17]$a$189 [27] $memory$auto$proc_rom.cc:155:do_switch$3$rdmux[0][5][17]$a$189 [10] $memory$auto$proc_rom.cc:155:do_switch$3$rdmux[0][5][17]$a$189 [16] $memory$auto$proc_rom.cc:155:do_switch$3$rdmux[0][5][17]$a$189 [0] $memory$auto$proc_rom.cc:155:do_switch$3$rdmux[0][5][17]$a$189 [13] $memory$auto$proc_rom.cc:155:do_switch$3$rdmux[0][5][17]$a$189 [21] $memory$auto$proc_rom.cc:155:do_switch$3$rdmux[0][5][17]$a$189 [18] $memory$auto$proc_rom.cc:155:do_switch$3$rdmux[0][5][17]$a$189 [8] $memory$auto$proc_rom.cc:155:do_switch$3$rdmux[0][5][17]$a$189 [18] $memory$auto$proc_rom.cc:155:do_switch$3$rdmux[0][5][17]$a$189 [3] $memory$auto$proc_rom.cc:155:do_switch$3$rdmux[0][5][17]$a$189 [16:15] $memory$auto$proc_rom.cc:155:do_switch$3$rdmux[0][5][17]$a$189 [13] $memory$auto$proc_rom.cc:155:do_switch$3$rdmux[0][5][17]$a$189 [13] 2'01 $memory$auto$proc_rom.cc:155:do_switch$3$rdmux[0][5][17]$a$189 [10] $memory$auto$proc_rom.cc:155:do_switch$3$rdmux[0][5][17]$a$189 [2] $memory$auto$proc_rom.cc:155:do_switch$3$rdmux[0][5][17]$a$189 [8] $memory$auto$proc_rom.cc:155:do_switch$3$rdmux[0][5][17]$a$189 [0] 1'0 $memory$auto$proc_rom.cc:155:do_switch$3$rdmux[0][5][17]$a$189 [0] $memory$auto$proc_rom.cc:155:do_switch$3$rdmux[0][5][17]$a$189 [4:2] 1'0 $memory$auto$proc_rom.cc:155:do_switch$3$rdmux[0][5][17]$a$189 [0] }, B={ $memory$auto$proc_rom.cc:155:do_switch$3$rdmux[0][5][17]$b$190 [0] $memory$auto$proc_rom.cc:155:do_switch$3$rdmux[0][5][17]$b$190 [16] 1'1 $memory$auto$proc_rom.cc:155:do_switch$3$rdmux[0][5][17]$b$190 [6] $memory$auto$proc_rom.cc:155:do_switch$3$rdmux[0][5][17]$b$190 [1] $memory$auto$proc_rom.cc:155:do_switch$3$rdmux[0][5][17]$b$190 [14] $memory$auto$proc_rom.cc:155:do_switch$3$rdmux[0][5][17]$b$190 [14] $memory$auto$proc_rom.cc:155:do_switch$3$rdmux[0][5][17]$b$190 [23:22] $memory$auto$proc_rom.cc:155:do_switch$3$rdmux[0][5][17]$b$190 [14] $memory$auto$proc_rom.cc:155:do_switch$3$rdmux[0][5][17]$b$190 [1] $memory$auto$proc_rom.cc:155:do_switch$3$rdmux[0][5][17]$b$190 [5] $memory$auto$proc_rom.cc:155:do_switch$3$rdmux[0][5][17]$b$190 [16] 1'0 $memory$auto$proc_rom.cc:155:do_switch$3$rdmux[0][5][17]$b$190 [16] $memory$auto$proc_rom.cc:155:do_switch$3$rdmux[0][5][17]$b$190 [2] $memory$auto$proc_rom.cc:155:do_switch$3$rdmux[0][5][17]$b$190 [14] 1'1 $memory$auto$proc_rom.cc:155:do_switch$3$rdmux[0][5][17]$b$190 [12:11] $memory$auto$proc_rom.cc:155:do_switch$3$rdmux[0][5][17]$b$190 [0] $memory$auto$proc_rom.cc:155:do_switch$3$rdmux[0][5][17]$b$190 [7] $memory$auto$proc_rom.cc:155:do_switch$3$rdmux[0][5][17]$b$190 [0] $memory$auto$proc_rom.cc:155:do_switch$3$rdmux[0][5][17]$b$190 [7:4] 1'1 $memory$auto$proc_rom.cc:155:do_switch$3$rdmux[0][5][17]$b$190 [2:0] }, Y={ $memory$auto$proc_rom.cc:155:do_switch$3$rdmux[0][4][8]$b$115 [31:25] $memory$auto$proc_rom.cc:155:do_switch$3$rdmux[0][4][8]$b$115 [23:0] }
      New connections: $memory$auto$proc_rom.cc:155:do_switch$3$rdmux[0][4][8]$b$115 [24] = $memory$auto$proc_rom.cc:155:do_switch$3$rdmux[0][4][8]$b$115 [19]
    Consolidated identical input bits for $mux cell $memory$auto$proc_rom.cc:155:do_switch$3$rdmux[0][5][16]$185:
      Old ports: A=$memory$auto$proc_rom.cc:155:do_switch$3$rdmux[0][5][16]$a$186, B=$memory$auto$proc_rom.cc:155:do_switch$3$rdmux[0][5][16]$b$187, Y=$memory$auto$proc_rom.cc:155:do_switch$3$rdmux[0][4][8]$a$114
      New ports: A={ $memory$auto$proc_rom.cc:155:do_switch$3$rdmux[0][5][16]$a$186 [5] $memory$auto$proc_rom.cc:155:do_switch$3$rdmux[0][5][16]$a$186 [5] $memory$auto$proc_rom.cc:155:do_switch$3$rdmux[0][5][16]$a$186 [28] $memory$auto$proc_rom.cc:155:do_switch$3$rdmux[0][5][16]$a$186 [21] $memory$auto$proc_rom.cc:155:do_switch$3$rdmux[0][5][16]$a$186 [14] $memory$auto$proc_rom.cc:155:do_switch$3$rdmux[0][5][16]$a$186 [7] $memory$auto$proc_rom.cc:155:do_switch$3$rdmux[0][5][16]$a$186 [21] $memory$auto$proc_rom.cc:155:do_switch$3$rdmux[0][5][16]$a$186 [1] $memory$auto$proc_rom.cc:155:do_switch$3$rdmux[0][5][16]$a$186 [21] $memory$auto$proc_rom.cc:155:do_switch$3$rdmux[0][5][16]$a$186 [21] $memory$auto$proc_rom.cc:155:do_switch$3$rdmux[0][5][16]$a$186 [8] 1'0 $memory$auto$proc_rom.cc:155:do_switch$3$rdmux[0][5][16]$a$186 [17] $memory$auto$proc_rom.cc:155:do_switch$3$rdmux[0][5][16]$a$186 [0] $memory$auto$proc_rom.cc:155:do_switch$3$rdmux[0][5][16]$a$186 [10] $memory$auto$proc_rom.cc:155:do_switch$3$rdmux[0][5][16]$a$186 [14] $memory$auto$proc_rom.cc:155:do_switch$3$rdmux[0][5][16]$a$186 [0] $memory$auto$proc_rom.cc:155:do_switch$3$rdmux[0][5][16]$a$186 [12] $memory$auto$proc_rom.cc:155:do_switch$3$rdmux[0][5][16]$a$186 [4] $memory$auto$proc_rom.cc:155:do_switch$3$rdmux[0][5][16]$a$186 [10:7] $memory$auto$proc_rom.cc:155:do_switch$3$rdmux[0][5][16]$a$186 [2] $memory$auto$proc_rom.cc:155:do_switch$3$rdmux[0][5][16]$a$186 [5:4] $memory$auto$proc_rom.cc:155:do_switch$3$rdmux[0][5][16]$a$186 [0] $memory$auto$proc_rom.cc:155:do_switch$3$rdmux[0][5][16]$a$186 [2:0] }, B={ $memory$auto$proc_rom.cc:155:do_switch$3$rdmux[0][5][16]$b$187 [7] 1'1 $memory$auto$proc_rom.cc:155:do_switch$3$rdmux[0][5][16]$b$187 [21] $memory$auto$proc_rom.cc:155:do_switch$3$rdmux[0][5][16]$b$187 [9] $memory$auto$proc_rom.cc:155:do_switch$3$rdmux[0][5][16]$b$187 [7] $memory$auto$proc_rom.cc:155:do_switch$3$rdmux[0][5][16]$b$187 [24] $memory$auto$proc_rom.cc:155:do_switch$3$rdmux[0][5][16]$b$187 [24] $memory$auto$proc_rom.cc:155:do_switch$3$rdmux[0][5][16]$b$187 [19] $memory$auto$proc_rom.cc:155:do_switch$3$rdmux[0][5][16]$b$187 [5] $memory$auto$proc_rom.cc:155:do_switch$3$rdmux[0][5][16]$b$187 [21] $memory$auto$proc_rom.cc:155:do_switch$3$rdmux[0][5][16]$b$187 [19] $memory$auto$proc_rom.cc:155:do_switch$3$rdmux[0][5][16]$b$187 [4] $memory$auto$proc_rom.cc:155:do_switch$3$rdmux[0][5][16]$b$187 [10] $memory$auto$proc_rom.cc:155:do_switch$3$rdmux[0][5][16]$b$187 [4] 1'1 $memory$auto$proc_rom.cc:155:do_switch$3$rdmux[0][5][16]$b$187 [8:7] 1'1 $memory$auto$proc_rom.cc:155:do_switch$3$rdmux[0][5][16]$b$187 [10] $memory$auto$proc_rom.cc:155:do_switch$3$rdmux[0][5][16]$b$187 [10:7] 1'0 $memory$auto$proc_rom.cc:155:do_switch$3$rdmux[0][5][16]$b$187 [5:0] }, Y={ $memory$auto$proc_rom.cc:155:do_switch$3$rdmux[0][4][8]$a$114 [31] $memory$auto$proc_rom.cc:155:do_switch$3$rdmux[0][4][8]$a$114 [29:21] $memory$auto$proc_rom.cc:155:do_switch$3$rdmux[0][4][8]$a$114 [19:0] }
      New connections: { $memory$auto$proc_rom.cc:155:do_switch$3$rdmux[0][4][8]$a$114 [30] $memory$auto$proc_rom.cc:155:do_switch$3$rdmux[0][4][8]$a$114 [20] } = { $memory$auto$proc_rom.cc:155:do_switch$3$rdmux[0][4][8]$a$114 [25] $memory$auto$proc_rom.cc:155:do_switch$3$rdmux[0][4][8]$a$114 [7] }
    Consolidated identical input bits for $mux cell $memory$auto$proc_rom.cc:155:do_switch$3$rdmux[0][5][15]$182:
      Old ports: A=$memory$auto$proc_rom.cc:155:do_switch$3$rdmux[0][5][15]$a$183, B=$memory$auto$proc_rom.cc:155:do_switch$3$rdmux[0][5][15]$b$184, Y=$memory$auto$proc_rom.cc:155:do_switch$3$rdmux[0][4][7]$b$112
      New ports: A={ $memory$auto$proc_rom.cc:155:do_switch$3$rdmux[0][5][15]$a$183 [11] $memory$auto$proc_rom.cc:155:do_switch$3$rdmux[0][5][15]$a$183 [6] $memory$auto$proc_rom.cc:155:do_switch$3$rdmux[0][5][15]$a$183 [14] $memory$auto$proc_rom.cc:155:do_switch$3$rdmux[0][5][15]$a$183 [0] $memory$auto$proc_rom.cc:155:do_switch$3$rdmux[0][5][15]$a$183 [10] $memory$auto$proc_rom.cc:155:do_switch$3$rdmux[0][5][15]$a$183 [13] $memory$auto$proc_rom.cc:155:do_switch$3$rdmux[0][5][15]$a$183 [24] $memory$auto$proc_rom.cc:155:do_switch$3$rdmux[0][5][15]$a$183 [6] $memory$auto$proc_rom.cc:155:do_switch$3$rdmux[0][5][15]$a$183 [6] $memory$auto$proc_rom.cc:155:do_switch$3$rdmux[0][5][15]$a$183 [13] $memory$auto$proc_rom.cc:155:do_switch$3$rdmux[0][5][15]$a$183 [11:10] $memory$auto$proc_rom.cc:155:do_switch$3$rdmux[0][5][15]$a$183 [14] $memory$auto$proc_rom.cc:155:do_switch$3$rdmux[0][5][15]$a$183 [8] $memory$auto$proc_rom.cc:155:do_switch$3$rdmux[0][5][15]$a$183 [15:13] $memory$auto$proc_rom.cc:155:do_switch$3$rdmux[0][5][15]$a$183 [1] $memory$auto$proc_rom.cc:155:do_switch$3$rdmux[0][5][15]$a$183 [11:10] $memory$auto$proc_rom.cc:155:do_switch$3$rdmux[0][5][15]$a$183 [0] $memory$auto$proc_rom.cc:155:do_switch$3$rdmux[0][5][15]$a$183 [8] $memory$auto$proc_rom.cc:155:do_switch$3$rdmux[0][5][15]$a$183 [4] $memory$auto$proc_rom.cc:155:do_switch$3$rdmux[0][5][15]$a$183 [6] 1'1 $memory$auto$proc_rom.cc:155:do_switch$3$rdmux[0][5][15]$a$183 [4] $memory$auto$proc_rom.cc:155:do_switch$3$rdmux[0][5][15]$a$183 [2] $memory$auto$proc_rom.cc:155:do_switch$3$rdmux[0][5][15]$a$183 [2:0] }, B={ $memory$auto$proc_rom.cc:155:do_switch$3$rdmux[0][5][15]$b$184 [8] 1'1 $memory$auto$proc_rom.cc:155:do_switch$3$rdmux[0][5][15]$b$184 [11] $memory$auto$proc_rom.cc:155:do_switch$3$rdmux[0][5][15]$b$184 [27] 1'1 $memory$auto$proc_rom.cc:155:do_switch$3$rdmux[0][5][15]$b$184 [5] $memory$auto$proc_rom.cc:155:do_switch$3$rdmux[0][5][15]$b$184 [6] $memory$auto$proc_rom.cc:155:do_switch$3$rdmux[0][5][15]$b$184 [1] $memory$auto$proc_rom.cc:155:do_switch$3$rdmux[0][5][15]$b$184 [2] $memory$auto$proc_rom.cc:155:do_switch$3$rdmux[0][5][15]$b$184 [8:7] $memory$auto$proc_rom.cc:155:do_switch$3$rdmux[0][5][15]$b$184 [2] $memory$auto$proc_rom.cc:155:do_switch$3$rdmux[0][5][15]$b$184 [3] $memory$auto$proc_rom.cc:155:do_switch$3$rdmux[0][5][15]$b$184 [3] $memory$auto$proc_rom.cc:155:do_switch$3$rdmux[0][5][15]$b$184 [15] $memory$auto$proc_rom.cc:155:do_switch$3$rdmux[0][5][15]$b$184 [7] $memory$auto$proc_rom.cc:155:do_switch$3$rdmux[0][5][15]$b$184 [1] $memory$auto$proc_rom.cc:155:do_switch$3$rdmux[0][5][15]$b$184 [3] $memory$auto$proc_rom.cc:155:do_switch$3$rdmux[0][5][15]$b$184 [11:10] $memory$auto$proc_rom.cc:155:do_switch$3$rdmux[0][5][15]$b$184 [6] $memory$auto$proc_rom.cc:155:do_switch$3$rdmux[0][5][15]$b$184 [8:1] 1'0 }, Y={ $memory$auto$proc_rom.cc:155:do_switch$3$rdmux[0][4][7]$b$112 [31:29] $memory$auto$proc_rom.cc:155:do_switch$3$rdmux[0][4][7]$b$112 [27:17] $memory$auto$proc_rom.cc:155:do_switch$3$rdmux[0][4][7]$b$112 [15:0] }
      New connections: { $memory$auto$proc_rom.cc:155:do_switch$3$rdmux[0][4][7]$b$112 [28] $memory$auto$proc_rom.cc:155:do_switch$3$rdmux[0][4][7]$b$112 [16] } = { $memory$auto$proc_rom.cc:155:do_switch$3$rdmux[0][4][7]$b$112 [23] $memory$auto$proc_rom.cc:155:do_switch$3$rdmux[0][4][7]$b$112 [5] }
    Consolidated identical input bits for $mux cell $memory$auto$proc_rom.cc:155:do_switch$3$rdmux[0][5][14]$179:
      Old ports: A=$memory$auto$proc_rom.cc:155:do_switch$3$rdmux[0][5][14]$a$180, B=$memory$auto$proc_rom.cc:155:do_switch$3$rdmux[0][5][14]$b$181, Y=$memory$auto$proc_rom.cc:155:do_switch$3$rdmux[0][4][7]$a$111
      New ports: A={ $memory$auto$proc_rom.cc:155:do_switch$3$rdmux[0][5][14]$a$180 [3] $memory$auto$proc_rom.cc:155:do_switch$3$rdmux[0][5][14]$a$180 [6] $memory$auto$proc_rom.cc:155:do_switch$3$rdmux[0][5][14]$a$180 [20] $memory$auto$proc_rom.cc:155:do_switch$3$rdmux[0][5][14]$a$180 [13] $memory$auto$proc_rom.cc:155:do_switch$3$rdmux[0][5][14]$a$180 [13] 2'10 $memory$auto$proc_rom.cc:155:do_switch$3$rdmux[0][5][14]$a$180 [2] 1'0 $memory$auto$proc_rom.cc:155:do_switch$3$rdmux[0][5][14]$a$180 [1] $memory$auto$proc_rom.cc:155:do_switch$3$rdmux[0][5][14]$a$180 [9] $memory$auto$proc_rom.cc:155:do_switch$3$rdmux[0][5][14]$a$180 [20] $memory$auto$proc_rom.cc:155:do_switch$3$rdmux[0][5][14]$a$180 [2:1] 1'0 $memory$auto$proc_rom.cc:155:do_switch$3$rdmux[0][5][14]$a$180 [14] $memory$auto$proc_rom.cc:155:do_switch$3$rdmux[0][5][14]$a$180 [14:13] 1'1 $memory$auto$proc_rom.cc:155:do_switch$3$rdmux[0][5][14]$a$180 [9] $memory$auto$proc_rom.cc:155:do_switch$3$rdmux[0][5][14]$a$180 [7] $memory$auto$proc_rom.cc:155:do_switch$3$rdmux[0][5][14]$a$180 [9] $memory$auto$proc_rom.cc:155:do_switch$3$rdmux[0][5][14]$a$180 [6] $memory$auto$proc_rom.cc:155:do_switch$3$rdmux[0][5][14]$a$180 [7:5] $memory$auto$proc_rom.cc:155:do_switch$3$rdmux[0][5][14]$a$180 [1] $memory$auto$proc_rom.cc:155:do_switch$3$rdmux[0][5][14]$a$180 [3:0] }, B={ $memory$auto$proc_rom.cc:155:do_switch$3$rdmux[0][5][14]$b$181 [20] $memory$auto$proc_rom.cc:155:do_switch$3$rdmux[0][5][14]$b$181 [20] $memory$auto$proc_rom.cc:155:do_switch$3$rdmux[0][5][14]$b$181 [29] $memory$auto$proc_rom.cc:155:do_switch$3$rdmux[0][5][14]$b$181 [6] $memory$auto$proc_rom.cc:155:do_switch$3$rdmux[0][5][14]$b$181 [26] $memory$auto$proc_rom.cc:155:do_switch$3$rdmux[0][5][14]$b$181 [26] $memory$auto$proc_rom.cc:155:do_switch$3$rdmux[0][5][14]$b$181 [20] $memory$auto$proc_rom.cc:155:do_switch$3$rdmux[0][5][14]$b$181 [14] $memory$auto$proc_rom.cc:155:do_switch$3$rdmux[0][5][14]$b$181 [2] $memory$auto$proc_rom.cc:155:do_switch$3$rdmux[0][5][14]$b$181 [22] $memory$auto$proc_rom.cc:155:do_switch$3$rdmux[0][5][14]$b$181 [2] $memory$auto$proc_rom.cc:155:do_switch$3$rdmux[0][5][14]$b$181 [20] $memory$auto$proc_rom.cc:155:do_switch$3$rdmux[0][5][14]$b$181 [7:6] $memory$auto$proc_rom.cc:155:do_switch$3$rdmux[0][5][14]$b$181 [13] $memory$auto$proc_rom.cc:155:do_switch$3$rdmux[0][5][14]$b$181 [1] $memory$auto$proc_rom.cc:155:do_switch$3$rdmux[0][5][14]$b$181 [14:13] $memory$auto$proc_rom.cc:155:do_switch$3$rdmux[0][5][14]$b$181 [2] $memory$auto$proc_rom.cc:155:do_switch$3$rdmux[0][5][14]$b$181 [11] $memory$auto$proc_rom.cc:155:do_switch$3$rdmux[0][5][14]$b$181 [2] $memory$auto$proc_rom.cc:155:do_switch$3$rdmux[0][5][14]$b$181 [9] $memory$auto$proc_rom.cc:155:do_switch$3$rdmux[0][5][14]$b$181 [7] $memory$auto$proc_rom.cc:155:do_switch$3$rdmux[0][5][14]$b$181 [7:4] 1'1 $memory$auto$proc_rom.cc:155:do_switch$3$rdmux[0][5][14]$b$181 [2:1] 1'1 }, Y={ $memory$auto$proc_rom.cc:155:do_switch$3$rdmux[0][4][7]$a$111 [31:20] $memory$auto$proc_rom.cc:155:do_switch$3$rdmux[0][4][7]$a$111 [18:0] }
      New connections: $memory$auto$proc_rom.cc:155:do_switch$3$rdmux[0][4][7]$a$111 [19] = 1'1
    Consolidated identical input bits for $mux cell $memory$auto$proc_rom.cc:155:do_switch$3$rdmux[0][5][13]$176:
      Old ports: A=$memory$auto$proc_rom.cc:155:do_switch$3$rdmux[0][5][13]$a$177, B=$memory$auto$proc_rom.cc:155:do_switch$3$rdmux[0][5][13]$b$178, Y=$memory$auto$proc_rom.cc:155:do_switch$3$rdmux[0][4][6]$b$109
      New ports: A={ $memory$auto$proc_rom.cc:155:do_switch$3$rdmux[0][5][13]$a$177 [16] $memory$auto$proc_rom.cc:155:do_switch$3$rdmux[0][5][13]$a$177 [0] $memory$auto$proc_rom.cc:155:do_switch$3$rdmux[0][5][13]$a$177 [1:0] $memory$auto$proc_rom.cc:155:do_switch$3$rdmux[0][5][13]$a$177 [5] $memory$auto$proc_rom.cc:155:do_switch$3$rdmux[0][5][13]$a$177 [1:0] 1'0 $memory$auto$proc_rom.cc:155:do_switch$3$rdmux[0][5][13]$a$177 [16] $memory$auto$proc_rom.cc:155:do_switch$3$rdmux[0][5][13]$a$177 [18] $memory$auto$proc_rom.cc:155:do_switch$3$rdmux[0][5][13]$a$177 [2] $memory$auto$proc_rom.cc:155:do_switch$3$rdmux[0][5][13]$a$177 [19:16] $memory$auto$proc_rom.cc:155:do_switch$3$rdmux[0][5][13]$a$177 [12] $memory$auto$proc_rom.cc:155:do_switch$3$rdmux[0][5][13]$a$177 [13:12] $memory$auto$proc_rom.cc:155:do_switch$3$rdmux[0][5][13]$a$177 [4] $memory$auto$proc_rom.cc:155:do_switch$3$rdmux[0][5][13]$a$177 [2] $memory$auto$proc_rom.cc:155:do_switch$3$rdmux[0][5][13]$a$177 [9] $memory$auto$proc_rom.cc:155:do_switch$3$rdmux[0][5][13]$a$177 [3] $memory$auto$proc_rom.cc:155:do_switch$3$rdmux[0][5][13]$a$177 [5:4] $memory$auto$proc_rom.cc:155:do_switch$3$rdmux[0][5][13]$a$177 [5:0] }, B={ $memory$auto$proc_rom.cc:155:do_switch$3$rdmux[0][5][13]$b$178 [11] $memory$auto$proc_rom.cc:155:do_switch$3$rdmux[0][5][13]$b$178 [30] 3'111 $memory$auto$proc_rom.cc:155:do_switch$3$rdmux[0][5][13]$b$178 [24] $memory$auto$proc_rom.cc:155:do_switch$3$rdmux[0][5][13]$b$178 [3] $memory$auto$proc_rom.cc:155:do_switch$3$rdmux[0][5][13]$b$178 [24] $memory$auto$proc_rom.cc:155:do_switch$3$rdmux[0][5][13]$b$178 [19] $memory$auto$proc_rom.cc:155:do_switch$3$rdmux[0][5][13]$b$178 [5] $memory$auto$proc_rom.cc:155:do_switch$3$rdmux[0][5][13]$b$178 [3] $memory$auto$proc_rom.cc:155:do_switch$3$rdmux[0][5][13]$b$178 [19] $memory$auto$proc_rom.cc:155:do_switch$3$rdmux[0][5][13]$b$178 [16] 1'0 $memory$auto$proc_rom.cc:155:do_switch$3$rdmux[0][5][13]$b$178 [16] $memory$auto$proc_rom.cc:155:do_switch$3$rdmux[0][5][13]$b$178 [3] $memory$auto$proc_rom.cc:155:do_switch$3$rdmux[0][5][13]$b$178 [10] $memory$auto$proc_rom.cc:155:do_switch$3$rdmux[0][5][13]$b$178 [4] $memory$auto$proc_rom.cc:155:do_switch$3$rdmux[0][5][13]$b$178 [11:10] $memory$auto$proc_rom.cc:155:do_switch$3$rdmux[0][5][13]$b$178 [6] $memory$auto$proc_rom.cc:155:do_switch$3$rdmux[0][5][13]$b$178 [8:3] 2'00 $memory$auto$proc_rom.cc:155:do_switch$3$rdmux[0][5][13]$b$178 [0] }, Y={ $memory$auto$proc_rom.cc:155:do_switch$3$rdmux[0][4][6]$b$109 [31:22] $memory$auto$proc_rom.cc:155:do_switch$3$rdmux[0][4][6]$b$109 [20:15] $memory$auto$proc_rom.cc:155:do_switch$3$rdmux[0][4][6]$b$109 [13:0] }
      New connections: { $memory$auto$proc_rom.cc:155:do_switch$3$rdmux[0][4][6]$b$109 [21] $memory$auto$proc_rom.cc:155:do_switch$3$rdmux[0][4][6]$b$109 [14] } = { $memory$auto$proc_rom.cc:155:do_switch$3$rdmux[0][4][6]$b$109 [16] $memory$auto$proc_rom.cc:155:do_switch$3$rdmux[0][4][6]$b$109 [12] }
    Consolidated identical input bits for $mux cell $memory$auto$proc_rom.cc:155:do_switch$3$rdmux[0][5][12]$173:
      Old ports: A=$memory$auto$proc_rom.cc:155:do_switch$3$rdmux[0][5][12]$a$174, B=$memory$auto$proc_rom.cc:155:do_switch$3$rdmux[0][5][12]$b$175, Y=$memory$auto$proc_rom.cc:155:do_switch$3$rdmux[0][4][6]$a$108
      New ports: A={ $memory$auto$proc_rom.cc:155:do_switch$3$rdmux[0][5][12]$a$174 [27] $memory$auto$proc_rom.cc:155:do_switch$3$rdmux[0][5][12]$a$174 [3] $memory$auto$proc_rom.cc:155:do_switch$3$rdmux[0][5][12]$a$174 [17] $memory$auto$proc_rom.cc:155:do_switch$3$rdmux[0][5][12]$a$174 [3] $memory$auto$proc_rom.cc:155:do_switch$3$rdmux[0][5][12]$a$174 [27] $memory$auto$proc_rom.cc:155:do_switch$3$rdmux[0][5][12]$a$174 [2] $memory$auto$proc_rom.cc:155:do_switch$3$rdmux[0][5][12]$a$174 [17] 1'1 $memory$auto$proc_rom.cc:155:do_switch$3$rdmux[0][5][12]$a$174 [0] 1'1 $memory$auto$proc_rom.cc:155:do_switch$3$rdmux[0][5][12]$a$174 [0] 1'0 $memory$auto$proc_rom.cc:155:do_switch$3$rdmux[0][5][12]$a$174 [0] $memory$auto$proc_rom.cc:155:do_switch$3$rdmux[0][5][12]$a$174 [17:16] $memory$auto$proc_rom.cc:155:do_switch$3$rdmux[0][5][12]$a$174 [9] $memory$auto$proc_rom.cc:155:do_switch$3$rdmux[0][5][12]$a$174 [1] $memory$auto$proc_rom.cc:155:do_switch$3$rdmux[0][5][12]$a$174 [7] $memory$auto$proc_rom.cc:155:do_switch$3$rdmux[0][5][12]$a$174 [3] $memory$auto$proc_rom.cc:155:do_switch$3$rdmux[0][5][12]$a$174 [1] $memory$auto$proc_rom.cc:155:do_switch$3$rdmux[0][5][12]$a$174 [9] $memory$auto$proc_rom.cc:155:do_switch$3$rdmux[0][5][12]$a$174 [7] $memory$auto$proc_rom.cc:155:do_switch$3$rdmux[0][5][12]$a$174 [7:5] 1'0 $memory$auto$proc_rom.cc:155:do_switch$3$rdmux[0][5][12]$a$174 [3:0] }, B={ $memory$auto$proc_rom.cc:155:do_switch$3$rdmux[0][5][12]$b$175 [31] $memory$auto$proc_rom.cc:155:do_switch$3$rdmux[0][5][12]$b$175 [23] $memory$auto$proc_rom.cc:155:do_switch$3$rdmux[0][5][12]$b$175 [0] $memory$auto$proc_rom.cc:155:do_switch$3$rdmux[0][5][12]$b$175 [12] $memory$auto$proc_rom.cc:155:do_switch$3$rdmux[0][5][12]$b$175 [16] $memory$auto$proc_rom.cc:155:do_switch$3$rdmux[0][5][12]$b$175 [4:3] $memory$auto$proc_rom.cc:155:do_switch$3$rdmux[0][5][12]$b$175 [0] $memory$auto$proc_rom.cc:155:do_switch$3$rdmux[0][5][12]$b$175 [23] $memory$auto$proc_rom.cc:155:do_switch$3$rdmux[0][5][12]$b$175 [4] $memory$auto$proc_rom.cc:155:do_switch$3$rdmux[0][5][12]$b$175 [16] $memory$auto$proc_rom.cc:155:do_switch$3$rdmux[0][5][12]$b$175 [9] 1'1 $memory$auto$proc_rom.cc:155:do_switch$3$rdmux[0][5][12]$b$175 [9] $memory$auto$proc_rom.cc:155:do_switch$3$rdmux[0][5][12]$b$175 [16] $memory$auto$proc_rom.cc:155:do_switch$3$rdmux[0][5][12]$b$175 [1] 1'0 $memory$auto$proc_rom.cc:155:do_switch$3$rdmux[0][5][12]$b$175 [12:11] $memory$auto$proc_rom.cc:155:do_switch$3$rdmux[0][5][12]$b$175 [5] $memory$auto$proc_rom.cc:155:do_switch$3$rdmux[0][5][12]$b$175 [9] $memory$auto$proc_rom.cc:155:do_switch$3$rdmux[0][5][12]$b$175 [3] $memory$auto$proc_rom.cc:155:do_switch$3$rdmux[0][5][12]$b$175 [0] $memory$auto$proc_rom.cc:155:do_switch$3$rdmux[0][5][12]$b$175 [6:3] $memory$auto$proc_rom.cc:155:do_switch$3$rdmux[0][5][12]$b$175 [1] $memory$auto$proc_rom.cc:155:do_switch$3$rdmux[0][5][12]$b$175 [1:0] }, Y={ $memory$auto$proc_rom.cc:155:do_switch$3$rdmux[0][4][6]$a$108 [31:20] $memory$auto$proc_rom.cc:155:do_switch$3$rdmux[0][4][6]$a$108 [18:14] $memory$auto$proc_rom.cc:155:do_switch$3$rdmux[0][4][6]$a$108 [12:0] }
      New connections: { $memory$auto$proc_rom.cc:155:do_switch$3$rdmux[0][4][6]$a$108 [19] $memory$auto$proc_rom.cc:155:do_switch$3$rdmux[0][4][6]$a$108 [13] } = { $memory$auto$proc_rom.cc:155:do_switch$3$rdmux[0][4][6]$a$108 [3] $memory$auto$proc_rom.cc:155:do_switch$3$rdmux[0][4][6]$a$108 [10] }
    Consolidated identical input bits for $mux cell $memory$auto$proc_rom.cc:155:do_switch$3$rdmux[0][5][11]$170:
      Old ports: A=$memory$auto$proc_rom.cc:155:do_switch$3$rdmux[0][5][11]$a$171, B=$memory$auto$proc_rom.cc:155:do_switch$3$rdmux[0][5][11]$b$172, Y=$memory$auto$proc_rom.cc:155:do_switch$3$rdmux[0][4][5]$b$106
      New ports: A={ $memory$auto$proc_rom.cc:155:do_switch$3$rdmux[0][5][11]$a$171 [2] 1'0 $memory$auto$proc_rom.cc:155:do_switch$3$rdmux[0][5][11]$a$171 [21] $memory$auto$proc_rom.cc:155:do_switch$3$rdmux[0][5][11]$a$171 [0] $memory$auto$proc_rom.cc:155:do_switch$3$rdmux[0][5][11]$a$171 [27] $memory$auto$proc_rom.cc:155:do_switch$3$rdmux[0][5][11]$a$171 [20] $memory$auto$proc_rom.cc:155:do_switch$3$rdmux[0][5][11]$a$171 [20] $memory$auto$proc_rom.cc:155:do_switch$3$rdmux[0][5][11]$a$171 [2] $memory$auto$proc_rom.cc:155:do_switch$3$rdmux[0][5][11]$a$171 [5] $memory$auto$proc_rom.cc:155:do_switch$3$rdmux[0][5][11]$a$171 [7] $memory$auto$proc_rom.cc:155:do_switch$3$rdmux[0][5][11]$a$171 [21:20] $memory$auto$proc_rom.cc:155:do_switch$3$rdmux[0][5][11]$a$171 [6] $memory$auto$proc_rom.cc:155:do_switch$3$rdmux[0][5][11]$a$171 [4] $memory$auto$proc_rom.cc:155:do_switch$3$rdmux[0][5][11]$a$171 [2] $memory$auto$proc_rom.cc:155:do_switch$3$rdmux[0][5][11]$a$171 [2] 1'0 $memory$auto$proc_rom.cc:155:do_switch$3$rdmux[0][5][11]$a$171 [4] $memory$auto$proc_rom.cc:155:do_switch$3$rdmux[0][5][11]$a$171 [5] $memory$auto$proc_rom.cc:155:do_switch$3$rdmux[0][5][11]$a$171 [6] $memory$auto$proc_rom.cc:155:do_switch$3$rdmux[0][5][11]$a$171 [9] $memory$auto$proc_rom.cc:155:do_switch$3$rdmux[0][5][11]$a$171 [9:2] 1'0 $memory$auto$proc_rom.cc:155:do_switch$3$rdmux[0][5][11]$a$171 [0] }, B={ $memory$auto$proc_rom.cc:155:do_switch$3$rdmux[0][5][11]$b$172 [3] $memory$auto$proc_rom.cc:155:do_switch$3$rdmux[0][5][11]$b$172 [4] $memory$auto$proc_rom.cc:155:do_switch$3$rdmux[0][5][11]$b$172 [7] $memory$auto$proc_rom.cc:155:do_switch$3$rdmux[0][5][11]$b$172 [24] $memory$auto$proc_rom.cc:155:do_switch$3$rdmux[0][5][11]$b$172 [4] $memory$auto$proc_rom.cc:155:do_switch$3$rdmux[0][5][11]$b$172 [4] $memory$auto$proc_rom.cc:155:do_switch$3$rdmux[0][5][11]$b$172 [6] $memory$auto$proc_rom.cc:155:do_switch$3$rdmux[0][5][11]$b$172 [24] 1'0 $memory$auto$proc_rom.cc:155:do_switch$3$rdmux[0][5][11]$b$172 [6] $memory$auto$proc_rom.cc:155:do_switch$3$rdmux[0][5][11]$b$172 [21] $memory$auto$proc_rom.cc:155:do_switch$3$rdmux[0][5][11]$b$172 [11] 1'0 $memory$auto$proc_rom.cc:155:do_switch$3$rdmux[0][5][11]$b$172 [5] $memory$auto$proc_rom.cc:155:do_switch$3$rdmux[0][5][11]$b$172 [11] $memory$auto$proc_rom.cc:155:do_switch$3$rdmux[0][5][11]$b$172 [5] $memory$auto$proc_rom.cc:155:do_switch$3$rdmux[0][5][11]$b$172 [12] 1'1 $memory$auto$proc_rom.cc:155:do_switch$3$rdmux[0][5][11]$b$172 [12:11] $memory$auto$proc_rom.cc:155:do_switch$3$rdmux[0][5][11]$b$172 [0] $memory$auto$proc_rom.cc:155:do_switch$3$rdmux[0][5][11]$b$172 [5:4] $memory$auto$proc_rom.cc:155:do_switch$3$rdmux[0][5][11]$b$172 [7:2] $memory$auto$proc_rom.cc:155:do_switch$3$rdmux[0][5][11]$b$172 [0] $memory$auto$proc_rom.cc:155:do_switch$3$rdmux[0][5][11]$b$172 [0] }, Y={ $memory$auto$proc_rom.cc:155:do_switch$3$rdmux[0][4][5]$b$106 [31:18] $memory$auto$proc_rom.cc:155:do_switch$3$rdmux[0][4][5]$b$106 [16:0] }
      New connections: $memory$auto$proc_rom.cc:155:do_switch$3$rdmux[0][4][5]$b$106 [17] = $memory$auto$proc_rom.cc:155:do_switch$3$rdmux[0][4][5]$b$106 [5]
    Consolidated identical input bits for $mux cell $memory$auto$proc_rom.cc:155:do_switch$3$rdmux[0][5][10]$167:
      Old ports: A=$memory$auto$proc_rom.cc:155:do_switch$3$rdmux[0][5][10]$a$168, B=$memory$auto$proc_rom.cc:155:do_switch$3$rdmux[0][5][10]$b$169, Y=$memory$auto$proc_rom.cc:155:do_switch$3$rdmux[0][4][5]$a$105
      New ports: A={ $memory$auto$proc_rom.cc:155:do_switch$3$rdmux[0][5][10]$a$168 [10] $memory$auto$proc_rom.cc:155:do_switch$3$rdmux[0][5][10]$a$168 [30] $memory$auto$proc_rom.cc:155:do_switch$3$rdmux[0][5][10]$a$168 [3] $memory$auto$proc_rom.cc:155:do_switch$3$rdmux[0][5][10]$a$168 [1] $memory$auto$proc_rom.cc:155:do_switch$3$rdmux[0][5][10]$a$168 [21] $memory$auto$proc_rom.cc:155:do_switch$3$rdmux[0][5][10]$a$168 [10] 1'1 $memory$auto$proc_rom.cc:155:do_switch$3$rdmux[0][5][10]$a$168 [3] $memory$auto$proc_rom.cc:155:do_switch$3$rdmux[0][5][10]$a$168 [21:19] $memory$auto$proc_rom.cc:155:do_switch$3$rdmux[0][5][10]$a$168 [10] $memory$auto$proc_rom.cc:155:do_switch$3$rdmux[0][5][10]$a$168 [12] 1'0 $memory$auto$proc_rom.cc:155:do_switch$3$rdmux[0][5][10]$a$168 [0] $memory$auto$proc_rom.cc:155:do_switch$3$rdmux[0][5][10]$a$168 [12:10] $memory$auto$proc_rom.cc:155:do_switch$3$rdmux[0][5][10]$a$168 [5] $memory$auto$proc_rom.cc:155:do_switch$3$rdmux[0][5][10]$a$168 [8] 2'11 $memory$auto$proc_rom.cc:155:do_switch$3$rdmux[0][5][10]$a$168 [5] $memory$auto$proc_rom.cc:155:do_switch$3$rdmux[0][5][10]$a$168 [0] $memory$auto$proc_rom.cc:155:do_switch$3$rdmux[0][5][10]$a$168 [3:0] }, B={ $memory$auto$proc_rom.cc:155:do_switch$3$rdmux[0][5][10]$b$169 [2] $memory$auto$proc_rom.cc:155:do_switch$3$rdmux[0][5][10]$b$169 [27] $memory$auto$proc_rom.cc:155:do_switch$3$rdmux[0][5][10]$b$169 [10] $memory$auto$proc_rom.cc:155:do_switch$3$rdmux[0][5][10]$b$169 [27] $memory$auto$proc_rom.cc:155:do_switch$3$rdmux[0][5][10]$b$169 [0] $memory$auto$proc_rom.cc:155:do_switch$3$rdmux[0][5][10]$b$169 [19] $memory$auto$proc_rom.cc:155:do_switch$3$rdmux[0][5][10]$b$169 [0] $memory$auto$proc_rom.cc:155:do_switch$3$rdmux[0][5][10]$b$169 [17] $memory$auto$proc_rom.cc:155:do_switch$3$rdmux[0][5][10]$b$169 [21:19] $memory$auto$proc_rom.cc:155:do_switch$3$rdmux[0][5][10]$b$169 [17] $memory$auto$proc_rom.cc:155:do_switch$3$rdmux[0][5][10]$b$169 [17:16] $memory$auto$proc_rom.cc:155:do_switch$3$rdmux[0][5][10]$b$169 [1] $memory$auto$proc_rom.cc:155:do_switch$3$rdmux[0][5][10]$b$169 [3] $memory$auto$proc_rom.cc:155:do_switch$3$rdmux[0][5][10]$b$169 [9] $memory$auto$proc_rom.cc:155:do_switch$3$rdmux[0][5][10]$b$169 [10:9] $memory$auto$proc_rom.cc:155:do_switch$3$rdmux[0][5][10]$b$169 [2] $memory$auto$proc_rom.cc:155:do_switch$3$rdmux[0][5][10]$b$169 [3] $memory$auto$proc_rom.cc:155:do_switch$3$rdmux[0][5][10]$b$169 [1] $memory$auto$proc_rom.cc:155:do_switch$3$rdmux[0][5][10]$b$169 [2] $memory$auto$proc_rom.cc:155:do_switch$3$rdmux[0][5][10]$b$169 [3] $memory$auto$proc_rom.cc:155:do_switch$3$rdmux[0][5][10]$b$169 [3:0] }, Y={ $memory$auto$proc_rom.cc:155:do_switch$3$rdmux[0][4][5]$a$105 [31:29] $memory$auto$proc_rom.cc:155:do_switch$3$rdmux[0][4][5]$a$105 [27:23] $memory$auto$proc_rom.cc:155:do_switch$3$rdmux[0][4][5]$a$105 [21:16] $memory$auto$proc_rom.cc:155:do_switch$3$rdmux[0][4][5]$a$105 [13:0] }
      New connections: { $memory$auto$proc_rom.cc:155:do_switch$3$rdmux[0][4][5]$a$105 [28] $memory$auto$proc_rom.cc:155:do_switch$3$rdmux[0][4][5]$a$105 [22] $memory$auto$proc_rom.cc:155:do_switch$3$rdmux[0][4][5]$a$105 [15:14] } = { $memory$auto$proc_rom.cc:155:do_switch$3$rdmux[0][4][5]$a$105 [20] $memory$auto$proc_rom.cc:155:do_switch$3$rdmux[0][4][5]$a$105 [16] $memory$auto$proc_rom.cc:155:do_switch$3$rdmux[0][4][5]$a$105 [1] $memory$auto$proc_rom.cc:155:do_switch$3$rdmux[0][4][5]$a$105 [3] }
    Consolidated identical input bits for $mux cell $memory$auto$proc_rom.cc:155:do_switch$3$rdmux[0][5][9]$164:
      Old ports: A=$memory$auto$proc_rom.cc:155:do_switch$3$rdmux[0][5][9]$a$165, B=$memory$auto$proc_rom.cc:155:do_switch$3$rdmux[0][5][9]$b$166, Y=$memory$auto$proc_rom.cc:155:do_switch$3$rdmux[0][4][4]$b$103
      New ports: A={ $memory$auto$proc_rom.cc:155:do_switch$3$rdmux[0][5][9]$a$165 [4] $memory$auto$proc_rom.cc:155:do_switch$3$rdmux[0][5][9]$a$165 [10] $memory$auto$proc_rom.cc:155:do_switch$3$rdmux[0][5][9]$a$165 [13] $memory$auto$proc_rom.cc:155:do_switch$3$rdmux[0][5][9]$a$165 [2] $memory$auto$proc_rom.cc:155:do_switch$3$rdmux[0][5][9]$a$165 [27] $memory$auto$proc_rom.cc:155:do_switch$3$rdmux[0][5][9]$a$165 [2] $memory$auto$proc_rom.cc:155:do_switch$3$rdmux[0][5][9]$a$165 [6] $memory$auto$proc_rom.cc:155:do_switch$3$rdmux[0][5][9]$a$165 [4] 2'10 $memory$auto$proc_rom.cc:155:do_switch$3$rdmux[0][5][9]$a$165 [5] $memory$auto$proc_rom.cc:155:do_switch$3$rdmux[0][5][9]$a$165 [2] $memory$auto$proc_rom.cc:155:do_switch$3$rdmux[0][5][9]$a$165 [7] $memory$auto$proc_rom.cc:155:do_switch$3$rdmux[0][5][9]$a$165 [5] $memory$auto$proc_rom.cc:155:do_switch$3$rdmux[0][5][9]$a$165 [2] 1'1 $memory$auto$proc_rom.cc:155:do_switch$3$rdmux[0][5][9]$a$165 [13] $memory$auto$proc_rom.cc:155:do_switch$3$rdmux[0][5][9]$a$165 [11] $memory$auto$proc_rom.cc:155:do_switch$3$rdmux[0][5][9]$a$165 [11:9] $memory$auto$proc_rom.cc:155:do_switch$3$rdmux[0][5][9]$a$165 [6] $memory$auto$proc_rom.cc:155:do_switch$3$rdmux[0][5][9]$a$165 [7:1] 1'0 }, B={ $memory$auto$proc_rom.cc:155:do_switch$3$rdmux[0][5][9]$b$166 [20] $memory$auto$proc_rom.cc:155:do_switch$3$rdmux[0][5][9]$b$166 [1] $memory$auto$proc_rom.cc:155:do_switch$3$rdmux[0][5][9]$b$166 [5] $memory$auto$proc_rom.cc:155:do_switch$3$rdmux[0][5][9]$b$166 [0] $memory$auto$proc_rom.cc:155:do_switch$3$rdmux[0][5][9]$b$166 [21:20] 1'0 $memory$auto$proc_rom.cc:155:do_switch$3$rdmux[0][5][9]$b$166 [15] $memory$auto$proc_rom.cc:155:do_switch$3$rdmux[0][5][9]$b$166 [8] $memory$auto$proc_rom.cc:155:do_switch$3$rdmux[0][5][9]$b$166 [21:20] $memory$auto$proc_rom.cc:155:do_switch$3$rdmux[0][5][9]$b$166 [4] $memory$auto$proc_rom.cc:155:do_switch$3$rdmux[0][5][9]$b$166 [9] $memory$auto$proc_rom.cc:155:do_switch$3$rdmux[0][5][9]$b$166 [12] $memory$auto$proc_rom.cc:155:do_switch$3$rdmux[0][5][9]$b$166 [15] $memory$auto$proc_rom.cc:155:do_switch$3$rdmux[0][5][9]$b$166 [3] $memory$auto$proc_rom.cc:155:do_switch$3$rdmux[0][5][9]$b$166 [13:12] $memory$auto$proc_rom.cc:155:do_switch$3$rdmux[0][5][9]$b$166 [1] $memory$auto$proc_rom.cc:155:do_switch$3$rdmux[0][5][9]$b$166 [5] $memory$auto$proc_rom.cc:155:do_switch$3$rdmux[0][5][9]$b$166 [9:8] $memory$auto$proc_rom.cc:155:do_switch$3$rdmux[0][5][9]$b$166 [5] $memory$auto$proc_rom.cc:155:do_switch$3$rdmux[0][5][9]$b$166 [1] $memory$auto$proc_rom.cc:155:do_switch$3$rdmux[0][5][9]$b$166 [5:3] $memory$auto$proc_rom.cc:155:do_switch$3$rdmux[0][5][9]$b$166 [1] $memory$auto$proc_rom.cc:155:do_switch$3$rdmux[0][5][9]$b$166 [1:0] }, Y={ $memory$auto$proc_rom.cc:155:do_switch$3$rdmux[0][4][4]$b$103 [31:27] $memory$auto$proc_rom.cc:155:do_switch$3$rdmux[0][4][4]$b$103 [25:19] $memory$auto$proc_rom.cc:155:do_switch$3$rdmux[0][4][4]$b$103 [17:0] }
      New connections: { $memory$auto$proc_rom.cc:155:do_switch$3$rdmux[0][4][4]$b$103 [26] $memory$auto$proc_rom.cc:155:do_switch$3$rdmux[0][4][4]$b$103 [18] } = { 1'0 $memory$auto$proc_rom.cc:155:do_switch$3$rdmux[0][4][4]$b$103 [11] }
    Consolidated identical input bits for $mux cell $memory$auto$proc_rom.cc:155:do_switch$3$rdmux[0][5][8]$161:
      Old ports: A=$memory$auto$proc_rom.cc:155:do_switch$3$rdmux[0][5][8]$a$162, B=$memory$auto$proc_rom.cc:155:do_switch$3$rdmux[0][5][8]$b$163, Y=$memory$auto$proc_rom.cc:155:do_switch$3$rdmux[0][4][4]$a$102
      New ports: A={ $memory$auto$proc_rom.cc:155:do_switch$3$rdmux[0][5][8]$a$162 [16] $memory$auto$proc_rom.cc:155:do_switch$3$rdmux[0][5][8]$a$162 [4] $memory$auto$proc_rom.cc:155:do_switch$3$rdmux[0][5][8]$a$162 [22] $memory$auto$proc_rom.cc:155:do_switch$3$rdmux[0][5][8]$a$162 [18] $memory$auto$proc_rom.cc:155:do_switch$3$rdmux[0][5][8]$a$162 [1] $memory$auto$proc_rom.cc:155:do_switch$3$rdmux[0][5][8]$a$162 [6] $memory$auto$proc_rom.cc:155:do_switch$3$rdmux[0][5][8]$a$162 [7] $memory$auto$proc_rom.cc:155:do_switch$3$rdmux[0][5][8]$a$162 [7] $memory$auto$proc_rom.cc:155:do_switch$3$rdmux[0][5][8]$a$162 [22] 1'0 $memory$auto$proc_rom.cc:155:do_switch$3$rdmux[0][5][8]$a$162 [11] $memory$auto$proc_rom.cc:155:do_switch$3$rdmux[0][5][8]$a$162 [18] $memory$auto$proc_rom.cc:155:do_switch$3$rdmux[0][5][8]$a$162 [6] $memory$auto$proc_rom.cc:155:do_switch$3$rdmux[0][5][8]$a$162 [16] $memory$auto$proc_rom.cc:155:do_switch$3$rdmux[0][5][8]$a$162 [6] $memory$auto$proc_rom.cc:155:do_switch$3$rdmux[0][5][8]$a$162 [2] $memory$auto$proc_rom.cc:155:do_switch$3$rdmux[0][5][8]$a$162 [8] $memory$auto$proc_rom.cc:155:do_switch$3$rdmux[0][5][8]$a$162 [11] $memory$auto$proc_rom.cc:155:do_switch$3$rdmux[0][5][8]$a$162 [2] 1'0 $memory$auto$proc_rom.cc:155:do_switch$3$rdmux[0][5][8]$a$162 [8:6] $memory$auto$proc_rom.cc:155:do_switch$3$rdmux[0][5][8]$a$162 [3] $memory$auto$proc_rom.cc:155:do_switch$3$rdmux[0][5][8]$a$162 [4:0] }, B={ $memory$auto$proc_rom.cc:155:do_switch$3$rdmux[0][5][8]$b$163 [0] $memory$auto$proc_rom.cc:155:do_switch$3$rdmux[0][5][8]$b$163 [7] $memory$auto$proc_rom.cc:155:do_switch$3$rdmux[0][5][8]$b$163 [1] $memory$auto$proc_rom.cc:155:do_switch$3$rdmux[0][5][8]$b$163 [10] $memory$auto$proc_rom.cc:155:do_switch$3$rdmux[0][5][8]$b$163 [0] $memory$auto$proc_rom.cc:155:do_switch$3$rdmux[0][5][8]$b$163 [26] $memory$auto$proc_rom.cc:155:do_switch$3$rdmux[0][5][8]$b$163 [2:1] $memory$auto$proc_rom.cc:155:do_switch$3$rdmux[0][5][8]$b$163 [3] $memory$auto$proc_rom.cc:155:do_switch$3$rdmux[0][5][8]$b$163 [19] $memory$auto$proc_rom.cc:155:do_switch$3$rdmux[0][5][8]$b$163 [19] $memory$auto$proc_rom.cc:155:do_switch$3$rdmux[0][5][8]$b$163 [1] $memory$auto$proc_rom.cc:155:do_switch$3$rdmux[0][5][8]$b$163 [12] $memory$auto$proc_rom.cc:155:do_switch$3$rdmux[0][5][8]$b$163 [4] 1'0 $memory$auto$proc_rom.cc:155:do_switch$3$rdmux[0][5][8]$b$163 [13:12] $memory$auto$proc_rom.cc:155:do_switch$3$rdmux[0][5][8]$b$163 [0] $memory$auto$proc_rom.cc:155:do_switch$3$rdmux[0][5][8]$b$163 [10] 1'1 $memory$auto$proc_rom.cc:155:do_switch$3$rdmux[0][5][8]$b$163 [1] $memory$auto$proc_rom.cc:155:do_switch$3$rdmux[0][5][8]$b$163 [7] $memory$auto$proc_rom.cc:155:do_switch$3$rdmux[0][5][8]$b$163 [2:1] $memory$auto$proc_rom.cc:155:do_switch$3$rdmux[0][5][8]$b$163 [4:0] }, Y={ $memory$auto$proc_rom.cc:155:do_switch$3$rdmux[0][4][4]$a$102 [31:25] $memory$auto$proc_rom.cc:155:do_switch$3$rdmux[0][4][4]$a$102 [23:21] $memory$auto$proc_rom.cc:155:do_switch$3$rdmux[0][4][4]$a$102 [19:15] $memory$auto$proc_rom.cc:155:do_switch$3$rdmux[0][4][4]$a$102 [13:0] }
      New connections: { $memory$auto$proc_rom.cc:155:do_switch$3$rdmux[0][4][4]$a$102 [24] $memory$auto$proc_rom.cc:155:do_switch$3$rdmux[0][4][4]$a$102 [20] $memory$auto$proc_rom.cc:155:do_switch$3$rdmux[0][4][4]$a$102 [14] } = { $memory$auto$proc_rom.cc:155:do_switch$3$rdmux[0][4][4]$a$102 [21] $memory$auto$proc_rom.cc:155:do_switch$3$rdmux[0][4][4]$a$102 [16] $memory$auto$proc_rom.cc:155:do_switch$3$rdmux[0][4][4]$a$102 [10] }
    Consolidated identical input bits for $mux cell $memory$auto$proc_rom.cc:155:do_switch$3$rdmux[0][5][7]$158:
      Old ports: A=$memory$auto$proc_rom.cc:155:do_switch$3$rdmux[0][5][7]$a$159, B=$memory$auto$proc_rom.cc:155:do_switch$3$rdmux[0][5][7]$b$160, Y=$memory$auto$proc_rom.cc:155:do_switch$3$rdmux[0][4][3]$b$100
      New ports: A={ $memory$auto$proc_rom.cc:155:do_switch$3$rdmux[0][5][7]$a$159 [16] $memory$auto$proc_rom.cc:155:do_switch$3$rdmux[0][5][7]$a$159 [12] $memory$auto$proc_rom.cc:155:do_switch$3$rdmux[0][5][7]$a$159 [21] $memory$auto$proc_rom.cc:155:do_switch$3$rdmux[0][5][7]$a$159 [21] $memory$auto$proc_rom.cc:155:do_switch$3$rdmux[0][5][7]$a$159 [16] $memory$auto$proc_rom.cc:155:do_switch$3$rdmux[0][5][7]$a$159 [1] 1'0 $memory$auto$proc_rom.cc:155:do_switch$3$rdmux[0][5][7]$a$159 [16] 1'0 $memory$auto$proc_rom.cc:155:do_switch$3$rdmux[0][5][7]$a$159 [22:21] $memory$auto$proc_rom.cc:155:do_switch$3$rdmux[0][5][7]$a$159 [12] 2'11 $memory$auto$proc_rom.cc:155:do_switch$3$rdmux[0][5][7]$a$159 [7] $memory$auto$proc_rom.cc:155:do_switch$3$rdmux[0][5][7]$a$159 [16:14] 1'1 $memory$auto$proc_rom.cc:155:do_switch$3$rdmux[0][5][7]$a$159 [12] $memory$auto$proc_rom.cc:155:do_switch$3$rdmux[0][5][7]$a$159 [0] $memory$auto$proc_rom.cc:155:do_switch$3$rdmux[0][5][7]$a$159 [10] $memory$auto$proc_rom.cc:155:do_switch$3$rdmux[0][5][7]$a$159 [6] $memory$auto$proc_rom.cc:155:do_switch$3$rdmux[0][5][7]$a$159 [7:6] 1'1 $memory$auto$proc_rom.cc:155:do_switch$3$rdmux[0][5][7]$a$159 [1] $memory$auto$proc_rom.cc:155:do_switch$3$rdmux[0][5][7]$a$159 [3] 1'1 $memory$auto$proc_rom.cc:155:do_switch$3$rdmux[0][5][7]$a$159 [1:0] }, B={ $memory$auto$proc_rom.cc:155:do_switch$3$rdmux[0][5][7]$b$160 [31] $memory$auto$proc_rom.cc:155:do_switch$3$rdmux[0][5][7]$b$160 [23] 1'1 $memory$auto$proc_rom.cc:155:do_switch$3$rdmux[0][5][7]$b$160 [20] $memory$auto$proc_rom.cc:155:do_switch$3$rdmux[0][5][7]$b$160 [3] $memory$auto$proc_rom.cc:155:do_switch$3$rdmux[0][5][7]$b$160 [8] $memory$auto$proc_rom.cc:155:do_switch$3$rdmux[0][5][7]$b$160 [2] $memory$auto$proc_rom.cc:155:do_switch$3$rdmux[0][5][7]$b$160 [24:22] 1'0 $memory$auto$proc_rom.cc:155:do_switch$3$rdmux[0][5][7]$b$160 [20] $memory$auto$proc_rom.cc:155:do_switch$3$rdmux[0][5][7]$b$160 [7] 1'0 $memory$auto$proc_rom.cc:155:do_switch$3$rdmux[0][5][7]$b$160 [8] 2'01 $memory$auto$proc_rom.cc:155:do_switch$3$rdmux[0][5][7]$b$160 [14:13] $memory$auto$proc_rom.cc:155:do_switch$3$rdmux[0][5][7]$b$160 [0] $memory$auto$proc_rom.cc:155:do_switch$3$rdmux[0][5][7]$b$160 [7] 1'0 $memory$auto$proc_rom.cc:155:do_switch$3$rdmux[0][5][7]$b$160 [8:7] $memory$auto$proc_rom.cc:155:do_switch$3$rdmux[0][5][7]$b$160 [0] $memory$auto$proc_rom.cc:155:do_switch$3$rdmux[0][5][7]$b$160 [1] $memory$auto$proc_rom.cc:155:do_switch$3$rdmux[0][5][7]$b$160 [2] $memory$auto$proc_rom.cc:155:do_switch$3$rdmux[0][5][7]$b$160 [3:0] }, Y={ $memory$auto$proc_rom.cc:155:do_switch$3$rdmux[0][4][3]$b$100 [31:10] $memory$auto$proc_rom.cc:155:do_switch$3$rdmux[0][4][3]$b$100 [8:0] }
      New connections: $memory$auto$proc_rom.cc:155:do_switch$3$rdmux[0][4][3]$b$100 [9] = $memory$auto$proc_rom.cc:155:do_switch$3$rdmux[0][4][3]$b$100 [0]
    Consolidated identical input bits for $mux cell $memory$auto$proc_rom.cc:155:do_switch$3$rdmux[0][5][6]$155:
      Old ports: A=$memory$auto$proc_rom.cc:155:do_switch$3$rdmux[0][5][6]$a$156, B=$memory$auto$proc_rom.cc:155:do_switch$3$rdmux[0][5][6]$b$157, Y=$memory$auto$proc_rom.cc:155:do_switch$3$rdmux[0][4][3]$a$99
      New ports: A={ $memory$auto$proc_rom.cc:155:do_switch$3$rdmux[0][5][6]$a$156 [6] $memory$auto$proc_rom.cc:155:do_switch$3$rdmux[0][5][6]$a$156 [0] $memory$auto$proc_rom.cc:155:do_switch$3$rdmux[0][5][6]$a$156 [0] $memory$auto$proc_rom.cc:155:do_switch$3$rdmux[0][5][6]$a$156 [8] $memory$auto$proc_rom.cc:155:do_switch$3$rdmux[0][5][6]$a$156 [6] $memory$auto$proc_rom.cc:155:do_switch$3$rdmux[0][5][6]$a$156 [15] $memory$auto$proc_rom.cc:155:do_switch$3$rdmux[0][5][6]$a$156 [24] $memory$auto$proc_rom.cc:155:do_switch$3$rdmux[0][5][6]$a$156 [6] 1'0 $memory$auto$proc_rom.cc:155:do_switch$3$rdmux[0][5][6]$a$156 [1] $memory$auto$proc_rom.cc:155:do_switch$3$rdmux[0][5][6]$a$156 [3] $memory$auto$proc_rom.cc:155:do_switch$3$rdmux[0][5][6]$a$156 [7] $memory$auto$proc_rom.cc:155:do_switch$3$rdmux[0][5][6]$a$156 [17] 1'0 $memory$auto$proc_rom.cc:155:do_switch$3$rdmux[0][5][6]$a$156 [15] $memory$auto$proc_rom.cc:155:do_switch$3$rdmux[0][5][6]$a$156 [9] 1'1 $memory$auto$proc_rom.cc:155:do_switch$3$rdmux[0][5][6]$a$156 [0] $memory$auto$proc_rom.cc:155:do_switch$3$rdmux[0][5][6]$a$156 [6] $memory$auto$proc_rom.cc:155:do_switch$3$rdmux[0][5][6]$a$156 [9:6] $memory$auto$proc_rom.cc:155:do_switch$3$rdmux[0][5][6]$a$156 [2] $memory$auto$proc_rom.cc:155:do_switch$3$rdmux[0][5][6]$a$156 [3:0] }, B={ $memory$auto$proc_rom.cc:155:do_switch$3$rdmux[0][5][6]$b$157 [31] $memory$auto$proc_rom.cc:155:do_switch$3$rdmux[0][5][6]$b$157 [2] $memory$auto$proc_rom.cc:155:do_switch$3$rdmux[0][5][6]$b$157 [5] $memory$auto$proc_rom.cc:155:do_switch$3$rdmux[0][5][6]$b$157 [26] $memory$auto$proc_rom.cc:155:do_switch$3$rdmux[0][5][6]$b$157 [26] $memory$auto$proc_rom.cc:155:do_switch$3$rdmux[0][5][6]$b$157 [2] 1'0 $memory$auto$proc_rom.cc:155:do_switch$3$rdmux[0][5][6]$b$157 [1] $memory$auto$proc_rom.cc:155:do_switch$3$rdmux[0][5][6]$b$157 [21] $memory$auto$proc_rom.cc:155:do_switch$3$rdmux[0][5][6]$b$157 [5] $memory$auto$proc_rom.cc:155:do_switch$3$rdmux[0][5][6]$b$157 [15] $memory$auto$proc_rom.cc:155:do_switch$3$rdmux[0][5][6]$b$157 [15] $memory$auto$proc_rom.cc:155:do_switch$3$rdmux[0][5][6]$b$157 [17] $memory$auto$proc_rom.cc:155:do_switch$3$rdmux[0][5][6]$b$157 [1] $memory$auto$proc_rom.cc:155:do_switch$3$rdmux[0][5][6]$b$157 [15] 1'1 $memory$auto$proc_rom.cc:155:do_switch$3$rdmux[0][5][6]$b$157 [11] $memory$auto$proc_rom.cc:155:do_switch$3$rdmux[0][5][6]$b$157 [3] $memory$auto$proc_rom.cc:155:do_switch$3$rdmux[0][5][6]$b$157 [11] $memory$auto$proc_rom.cc:155:do_switch$3$rdmux[0][5][6]$b$157 [9] $memory$auto$proc_rom.cc:155:do_switch$3$rdmux[0][5][6]$b$157 [1] 1'1 $memory$auto$proc_rom.cc:155:do_switch$3$rdmux[0][5][6]$b$157 [6:5] $memory$auto$proc_rom.cc:155:do_switch$3$rdmux[0][5][6]$b$157 [3:0] }, Y={ $memory$auto$proc_rom.cc:155:do_switch$3$rdmux[0][4][3]$a$99 [31:30] $memory$auto$proc_rom.cc:155:do_switch$3$rdmux[0][4][3]$a$99 [28:24] $memory$auto$proc_rom.cc:155:do_switch$3$rdmux[0][4][3]$a$99 [22:11] $memory$auto$proc_rom.cc:155:do_switch$3$rdmux[0][4][3]$a$99 [9:5] $memory$auto$proc_rom.cc:155:do_switch$3$rdmux[0][4][3]$a$99 [3:0] }
      New connections: { $memory$auto$proc_rom.cc:155:do_switch$3$rdmux[0][4][3]$a$99 [29] $memory$auto$proc_rom.cc:155:do_switch$3$rdmux[0][4][3]$a$99 [23] $memory$auto$proc_rom.cc:155:do_switch$3$rdmux[0][4][3]$a$99 [10] $memory$auto$proc_rom.cc:155:do_switch$3$rdmux[0][4][3]$a$99 [4] } = { $memory$auto$proc_rom.cc:155:do_switch$3$rdmux[0][4][3]$a$99 [18] $memory$auto$proc_rom.cc:155:do_switch$3$rdmux[0][4][3]$a$99 [11] $memory$auto$proc_rom.cc:155:do_switch$3$rdmux[0][4][3]$a$99 [5] $memory$auto$proc_rom.cc:155:do_switch$3$rdmux[0][4][3]$a$99 [3] }
    Consolidated identical input bits for $mux cell $memory$auto$proc_rom.cc:155:do_switch$3$rdmux[0][5][5]$152:
      Old ports: A=$memory$auto$proc_rom.cc:155:do_switch$3$rdmux[0][5][5]$a$153, B=$memory$auto$proc_rom.cc:155:do_switch$3$rdmux[0][5][5]$b$154, Y=$memory$auto$proc_rom.cc:155:do_switch$3$rdmux[0][4][2]$b$97
      New ports: A={ $memory$auto$proc_rom.cc:155:do_switch$3$rdmux[0][5][5]$a$153 [16] 1'1 $memory$auto$proc_rom.cc:155:do_switch$3$rdmux[0][5][5]$a$153 [19] $memory$auto$proc_rom.cc:155:do_switch$3$rdmux[0][5][5]$a$153 [9] $memory$auto$proc_rom.cc:155:do_switch$3$rdmux[0][5][5]$a$153 [18] $memory$auto$proc_rom.cc:155:do_switch$3$rdmux[0][5][5]$a$153 [23] $memory$auto$proc_rom.cc:155:do_switch$3$rdmux[0][5][5]$a$153 [23] 1'1 $memory$auto$proc_rom.cc:155:do_switch$3$rdmux[0][5][5]$a$153 [6] $memory$auto$proc_rom.cc:155:do_switch$3$rdmux[0][5][5]$a$153 [4] $memory$auto$proc_rom.cc:155:do_switch$3$rdmux[0][5][5]$a$153 [19:16] $memory$auto$proc_rom.cc:155:do_switch$3$rdmux[0][5][5]$a$153 [8] $memory$auto$proc_rom.cc:155:do_switch$3$rdmux[0][5][5]$a$153 [13] $memory$auto$proc_rom.cc:155:do_switch$3$rdmux[0][5][5]$a$153 [4] $memory$auto$proc_rom.cc:155:do_switch$3$rdmux[0][5][5]$a$153 [6] $memory$auto$proc_rom.cc:155:do_switch$3$rdmux[0][5][5]$a$153 [10:8] 1'1 $memory$auto$proc_rom.cc:155:do_switch$3$rdmux[0][5][5]$a$153 [6] $memory$auto$proc_rom.cc:155:do_switch$3$rdmux[0][5][5]$a$153 [4] $memory$auto$proc_rom.cc:155:do_switch$3$rdmux[0][5][5]$a$153 [4] $memory$auto$proc_rom.cc:155:do_switch$3$rdmux[0][5][5]$a$153 [2] 1'1 $memory$auto$proc_rom.cc:155:do_switch$3$rdmux[0][5][5]$a$153 [0] }, B={ $memory$auto$proc_rom.cc:155:do_switch$3$rdmux[0][5][5]$b$154 [2] $memory$auto$proc_rom.cc:155:do_switch$3$rdmux[0][5][5]$b$154 [30] $memory$auto$proc_rom.cc:155:do_switch$3$rdmux[0][5][5]$b$154 [7] $memory$auto$proc_rom.cc:155:do_switch$3$rdmux[0][5][5]$b$154 [10] $memory$auto$proc_rom.cc:155:do_switch$3$rdmux[0][5][5]$b$154 [6] $memory$auto$proc_rom.cc:155:do_switch$3$rdmux[0][5][5]$b$154 [10:9] $memory$auto$proc_rom.cc:155:do_switch$3$rdmux[0][5][5]$b$154 [21] $memory$auto$proc_rom.cc:155:do_switch$3$rdmux[0][5][5]$b$154 [21:19] $memory$auto$proc_rom.cc:155:do_switch$3$rdmux[0][5][5]$b$154 [0] 1'0 $memory$auto$proc_rom.cc:155:do_switch$3$rdmux[0][5][5]$b$154 [6] $memory$auto$proc_rom.cc:155:do_switch$3$rdmux[0][5][5]$b$154 [2] 1'1 $memory$auto$proc_rom.cc:155:do_switch$3$rdmux[0][5][5]$b$154 [0] $memory$auto$proc_rom.cc:155:do_switch$3$rdmux[0][5][5]$b$154 [11:9] $memory$auto$proc_rom.cc:155:do_switch$3$rdmux[0][5][5]$b$154 [7] $memory$auto$proc_rom.cc:155:do_switch$3$rdmux[0][5][5]$b$154 [7:4] $memory$auto$proc_rom.cc:155:do_switch$3$rdmux[0][5][5]$b$154 [2] $memory$auto$proc_rom.cc:155:do_switch$3$rdmux[0][5][5]$b$154 [0] $memory$auto$proc_rom.cc:155:do_switch$3$rdmux[0][5][5]$b$154 [0] }, Y={ $memory$auto$proc_rom.cc:155:do_switch$3$rdmux[0][4][2]$b$97 [31:28] $memory$auto$proc_rom.cc:155:do_switch$3$rdmux[0][4][2]$b$97 [26:25] $memory$auto$proc_rom.cc:155:do_switch$3$rdmux[0][4][2]$b$97 [23:15] $memory$auto$proc_rom.cc:155:do_switch$3$rdmux[0][4][2]$b$97 [13:4] $memory$auto$proc_rom.cc:155:do_switch$3$rdmux[0][4][2]$b$97 [2:0] }
      New connections: { $memory$auto$proc_rom.cc:155:do_switch$3$rdmux[0][4][2]$b$97 [27] $memory$auto$proc_rom.cc:155:do_switch$3$rdmux[0][4][2]$b$97 [24] $memory$auto$proc_rom.cc:155:do_switch$3$rdmux[0][4][2]$b$97 [14] $memory$auto$proc_rom.cc:155:do_switch$3$rdmux[0][4][2]$b$97 [3] } = { $memory$auto$proc_rom.cc:155:do_switch$3$rdmux[0][4][2]$b$97 [7] $memory$auto$proc_rom.cc:155:do_switch$3$rdmux[0][4][2]$b$97 [12] $memory$auto$proc_rom.cc:155:do_switch$3$rdmux[0][4][2]$b$97 [8] $memory$auto$proc_rom.cc:155:do_switch$3$rdmux[0][4][2]$b$97 [2] }
    Consolidated identical input bits for $mux cell $memory$auto$proc_rom.cc:155:do_switch$3$rdmux[0][5][4]$149:
      Old ports: A=$memory$auto$proc_rom.cc:155:do_switch$3$rdmux[0][5][4]$a$150, B=$memory$auto$proc_rom.cc:155:do_switch$3$rdmux[0][5][4]$b$151, Y=$memory$auto$proc_rom.cc:155:do_switch$3$rdmux[0][4][2]$a$96
      New ports: A={ 1'0 $memory$auto$proc_rom.cc:155:do_switch$3$rdmux[0][5][4]$a$150 [29] $memory$auto$proc_rom.cc:155:do_switch$3$rdmux[0][5][4]$a$150 [1] $memory$auto$proc_rom.cc:155:do_switch$3$rdmux[0][5][4]$a$150 [5] $memory$auto$proc_rom.cc:155:do_switch$3$rdmux[0][5][4]$a$150 [20] $memory$auto$proc_rom.cc:155:do_switch$3$rdmux[0][5][4]$a$150 [23] $memory$auto$proc_rom.cc:155:do_switch$3$rdmux[0][5][4]$a$150 [13] $memory$auto$proc_rom.cc:155:do_switch$3$rdmux[0][5][4]$a$150 [14] $memory$auto$proc_rom.cc:155:do_switch$3$rdmux[0][5][4]$a$150 [20:19] $memory$auto$proc_rom.cc:155:do_switch$3$rdmux[0][5][4]$a$150 [17] $memory$auto$proc_rom.cc:155:do_switch$3$rdmux[0][5][4]$a$150 [1:0] $memory$auto$proc_rom.cc:155:do_switch$3$rdmux[0][5][4]$a$150 [14:13] 1'0 $memory$auto$proc_rom.cc:155:do_switch$3$rdmux[0][5][4]$a$150 [11] $memory$auto$proc_rom.cc:155:do_switch$3$rdmux[0][5][4]$a$150 [6] $memory$auto$proc_rom.cc:155:do_switch$3$rdmux[0][5][4]$a$150 [6:5] 1'1 $memory$auto$proc_rom.cc:155:do_switch$3$rdmux[0][5][4]$a$150 [6:5] $memory$auto$proc_rom.cc:155:do_switch$3$rdmux[0][5][4]$a$150 [2] $memory$auto$proc_rom.cc:155:do_switch$3$rdmux[0][5][4]$a$150 [0] $memory$auto$proc_rom.cc:155:do_switch$3$rdmux[0][5][4]$a$150 [2:0] }, B={ $memory$auto$proc_rom.cc:155:do_switch$3$rdmux[0][5][4]$b$151 [31] $memory$auto$proc_rom.cc:155:do_switch$3$rdmux[0][5][4]$b$151 [8] $memory$auto$proc_rom.cc:155:do_switch$3$rdmux[0][5][4]$b$151 [25] $memory$auto$proc_rom.cc:155:do_switch$3$rdmux[0][5][4]$b$151 [3] $memory$auto$proc_rom.cc:155:do_switch$3$rdmux[0][5][4]$b$151 [25] 2'01 $memory$auto$proc_rom.cc:155:do_switch$3$rdmux[0][5][4]$b$151 [1] $memory$auto$proc_rom.cc:155:do_switch$3$rdmux[0][5][4]$b$151 [20] $memory$auto$proc_rom.cc:155:do_switch$3$rdmux[0][5][4]$b$151 [1:0] $memory$auto$proc_rom.cc:155:do_switch$3$rdmux[0][5][4]$b$151 [11] $memory$auto$proc_rom.cc:155:do_switch$3$rdmux[0][5][4]$b$151 [15] $memory$auto$proc_rom.cc:155:do_switch$3$rdmux[0][5][4]$b$151 [8] $memory$auto$proc_rom.cc:155:do_switch$3$rdmux[0][5][4]$b$151 [0] $memory$auto$proc_rom.cc:155:do_switch$3$rdmux[0][5][4]$b$151 [12:10] $memory$auto$proc_rom.cc:155:do_switch$3$rdmux[0][5][4]$b$151 [8] $memory$auto$proc_rom.cc:155:do_switch$3$rdmux[0][5][4]$b$151 [8] 1'0 $memory$auto$proc_rom.cc:155:do_switch$3$rdmux[0][5][4]$b$151 [3] $memory$auto$proc_rom.cc:155:do_switch$3$rdmux[0][5][4]$b$151 [5] 1'1 $memory$auto$proc_rom.cc:155:do_switch$3$rdmux[0][5][4]$b$151 [3] 1'0 $memory$auto$proc_rom.cc:155:do_switch$3$rdmux[0][5][4]$b$151 [1:0] }, Y={ $memory$auto$proc_rom.cc:155:do_switch$3$rdmux[0][4][2]$a$96 [31] $memory$auto$proc_rom.cc:155:do_switch$3$rdmux[0][4][2]$a$96 [29] $memory$auto$proc_rom.cc:155:do_switch$3$rdmux[0][4][2]$a$96 [27:25] $memory$auto$proc_rom.cc:155:do_switch$3$rdmux[0][4][2]$a$96 [23:19] $memory$auto$proc_rom.cc:155:do_switch$3$rdmux[0][4][2]$a$96 [17:0] }
      New connections: { $memory$auto$proc_rom.cc:155:do_switch$3$rdmux[0][4][2]$a$96 [30] $memory$auto$proc_rom.cc:155:do_switch$3$rdmux[0][4][2]$a$96 [28] $memory$auto$proc_rom.cc:155:do_switch$3$rdmux[0][4][2]$a$96 [24] $memory$auto$proc_rom.cc:155:do_switch$3$rdmux[0][4][2]$a$96 [18] } = { $memory$auto$proc_rom.cc:155:do_switch$3$rdmux[0][4][2]$a$96 [15] $memory$auto$proc_rom.cc:155:do_switch$3$rdmux[0][4][2]$a$96 [10] $memory$auto$proc_rom.cc:155:do_switch$3$rdmux[0][4][2]$a$96 [15] $memory$auto$proc_rom.cc:155:do_switch$3$rdmux[0][4][2]$a$96 [11] }
    Consolidated identical input bits for $mux cell $memory$auto$proc_rom.cc:155:do_switch$3$rdmux[0][5][3]$146:
      Old ports: A=$memory$auto$proc_rom.cc:155:do_switch$3$rdmux[0][5][3]$a$147, B=$memory$auto$proc_rom.cc:155:do_switch$3$rdmux[0][5][3]$b$148, Y=$memory$auto$proc_rom.cc:155:do_switch$3$rdmux[0][4][1]$b$94
      New ports: A={ $memory$auto$proc_rom.cc:155:do_switch$3$rdmux[0][5][3]$a$147 [5] $memory$auto$proc_rom.cc:155:do_switch$3$rdmux[0][5][3]$a$147 [6] 1'1 $memory$auto$proc_rom.cc:155:do_switch$3$rdmux[0][5][3]$a$147 [2] $memory$auto$proc_rom.cc:155:do_switch$3$rdmux[0][5][3]$a$147 [10] $memory$auto$proc_rom.cc:155:do_switch$3$rdmux[0][5][3]$a$147 [2] $memory$auto$proc_rom.cc:155:do_switch$3$rdmux[0][5][3]$a$147 [6:5] $memory$auto$proc_rom.cc:155:do_switch$3$rdmux[0][5][3]$a$147 [23] $memory$auto$proc_rom.cc:155:do_switch$3$rdmux[0][5][3]$a$147 [5] $memory$auto$proc_rom.cc:155:do_switch$3$rdmux[0][5][3]$a$147 [21] $memory$auto$proc_rom.cc:155:do_switch$3$rdmux[0][5][3]$a$147 [6] $memory$auto$proc_rom.cc:155:do_switch$3$rdmux[0][5][3]$a$147 [3] 2'11 $memory$auto$proc_rom.cc:155:do_switch$3$rdmux[0][5][3]$a$147 [12] $memory$auto$proc_rom.cc:155:do_switch$3$rdmux[0][5][3]$a$147 [14:12] 1'0 $memory$auto$proc_rom.cc:155:do_switch$3$rdmux[0][5][3]$a$147 [10] $memory$auto$proc_rom.cc:155:do_switch$3$rdmux[0][5][3]$a$147 [5] $memory$auto$proc_rom.cc:155:do_switch$3$rdmux[0][5][3]$a$147 [3] $memory$auto$proc_rom.cc:155:do_switch$3$rdmux[0][5][3]$a$147 [6:2] 1'0 $memory$auto$proc_rom.cc:155:do_switch$3$rdmux[0][5][3]$a$147 [0] }, B={ $memory$auto$proc_rom.cc:155:do_switch$3$rdmux[0][5][3]$b$148 [10] $memory$auto$proc_rom.cc:155:do_switch$3$rdmux[0][5][3]$b$148 [30] $memory$auto$proc_rom.cc:155:do_switch$3$rdmux[0][5][3]$b$148 [6] $memory$auto$proc_rom.cc:155:do_switch$3$rdmux[0][5][3]$b$148 [28] $memory$auto$proc_rom.cc:155:do_switch$3$rdmux[0][5][3]$b$148 [1] $memory$auto$proc_rom.cc:155:do_switch$3$rdmux[0][5][3]$b$148 [1] $memory$auto$proc_rom.cc:155:do_switch$3$rdmux[0][5][3]$b$148 [17] $memory$auto$proc_rom.cc:155:do_switch$3$rdmux[0][5][3]$b$148 [8] 1'0 $memory$auto$proc_rom.cc:155:do_switch$3$rdmux[0][5][3]$b$148 [22:21] $memory$auto$proc_rom.cc:155:do_switch$3$rdmux[0][5][3]$b$148 [10] $memory$auto$proc_rom.cc:155:do_switch$3$rdmux[0][5][3]$b$148 [4] $memory$auto$proc_rom.cc:155:do_switch$3$rdmux[0][5][3]$b$148 [17:16] $memory$auto$proc_rom.cc:155:do_switch$3$rdmux[0][5][3]$b$148 [8] 1'0 $memory$auto$proc_rom.cc:155:do_switch$3$rdmux[0][5][3]$b$148 [13] $memory$auto$proc_rom.cc:155:do_switch$3$rdmux[0][5][3]$b$148 [10] $memory$auto$proc_rom.cc:155:do_switch$3$rdmux[0][5][3]$b$148 [4] $memory$auto$proc_rom.cc:155:do_switch$3$rdmux[0][5][3]$b$148 [10] 1'0 $memory$auto$proc_rom.cc:155:do_switch$3$rdmux[0][5][3]$b$148 [8] $memory$auto$proc_rom.cc:155:do_switch$3$rdmux[0][5][3]$b$148 [6] $memory$auto$proc_rom.cc:155:do_switch$3$rdmux[0][5][3]$b$148 [4] $memory$auto$proc_rom.cc:155:do_switch$3$rdmux[0][5][3]$b$148 [4] 1'1 $memory$auto$proc_rom.cc:155:do_switch$3$rdmux[0][5][3]$b$148 [2:1] 1'0 }, Y={ $memory$auto$proc_rom.cc:155:do_switch$3$rdmux[0][4][1]$b$94 [31:20] $memory$auto$proc_rom.cc:155:do_switch$3$rdmux[0][4][1]$b$94 [18:8] $memory$auto$proc_rom.cc:155:do_switch$3$rdmux[0][4][1]$b$94 [6:0] }
      New connections: { $memory$auto$proc_rom.cc:155:do_switch$3$rdmux[0][4][1]$b$94 [19] $memory$auto$proc_rom.cc:155:do_switch$3$rdmux[0][4][1]$b$94 [7] } = { $memory$auto$proc_rom.cc:155:do_switch$3$rdmux[0][4][1]$b$94 [15] $memory$auto$proc_rom.cc:155:do_switch$3$rdmux[0][4][1]$b$94 [1] }
    Consolidated identical input bits for $mux cell $memory$auto$proc_rom.cc:155:do_switch$3$rdmux[0][5][2]$143:
      Old ports: A=$memory$auto$proc_rom.cc:155:do_switch$3$rdmux[0][5][2]$a$144, B=$memory$auto$proc_rom.cc:155:do_switch$3$rdmux[0][5][2]$b$145, Y=$memory$auto$proc_rom.cc:155:do_switch$3$rdmux[0][4][1]$a$93
      New ports: A={ $memory$auto$proc_rom.cc:155:do_switch$3$rdmux[0][5][2]$a$144 [22] $memory$auto$proc_rom.cc:155:do_switch$3$rdmux[0][5][2]$a$144 [4] $memory$auto$proc_rom.cc:155:do_switch$3$rdmux[0][5][2]$a$144 [22] $memory$auto$proc_rom.cc:155:do_switch$3$rdmux[0][5][2]$a$144 [14] 1'1 $memory$auto$proc_rom.cc:155:do_switch$3$rdmux[0][5][2]$a$144 [4] 1'1 $memory$auto$proc_rom.cc:155:do_switch$3$rdmux[0][5][2]$a$144 [5] $memory$auto$proc_rom.cc:155:do_switch$3$rdmux[0][5][2]$a$144 [18] $memory$auto$proc_rom.cc:155:do_switch$3$rdmux[0][5][2]$a$144 [22] $memory$auto$proc_rom.cc:155:do_switch$3$rdmux[0][5][2]$a$144 [3] $memory$auto$proc_rom.cc:155:do_switch$3$rdmux[0][5][2]$a$144 [3] 1'0 $memory$auto$proc_rom.cc:155:do_switch$3$rdmux[0][5][2]$a$144 [18:17] $memory$auto$proc_rom.cc:155:do_switch$3$rdmux[0][5][2]$a$144 [4] $memory$auto$proc_rom.cc:155:do_switch$3$rdmux[0][5][2]$a$144 [4] $memory$auto$proc_rom.cc:155:do_switch$3$rdmux[0][5][2]$a$144 [14] $memory$auto$proc_rom.cc:155:do_switch$3$rdmux[0][5][2]$a$144 [1] $memory$auto$proc_rom.cc:155:do_switch$3$rdmux[0][5][2]$a$144 [1] $memory$auto$proc_rom.cc:155:do_switch$3$rdmux[0][5][2]$a$144 [9] $memory$auto$proc_rom.cc:155:do_switch$3$rdmux[0][5][2]$a$144 [9] $memory$auto$proc_rom.cc:155:do_switch$3$rdmux[0][5][2]$a$144 [5] $memory$auto$proc_rom.cc:155:do_switch$3$rdmux[0][5][2]$a$144 [7:3] 1'1 $memory$auto$proc_rom.cc:155:do_switch$3$rdmux[0][5][2]$a$144 [1] 1'1 }, B={ $memory$auto$proc_rom.cc:155:do_switch$3$rdmux[0][5][2]$b$145 [31:30] $memory$auto$proc_rom.cc:155:do_switch$3$rdmux[0][5][2]$b$145 [23] $memory$auto$proc_rom.cc:155:do_switch$3$rdmux[0][5][2]$b$145 [8] $memory$auto$proc_rom.cc:155:do_switch$3$rdmux[0][5][2]$b$145 [23] $memory$auto$proc_rom.cc:155:do_switch$3$rdmux[0][5][2]$b$145 [1] $memory$auto$proc_rom.cc:155:do_switch$3$rdmux[0][5][2]$b$145 [18] $memory$auto$proc_rom.cc:155:do_switch$3$rdmux[0][5][2]$b$145 [10] $memory$auto$proc_rom.cc:155:do_switch$3$rdmux[0][5][2]$b$145 [23] $memory$auto$proc_rom.cc:155:do_switch$3$rdmux[0][5][2]$b$145 [0] $memory$auto$proc_rom.cc:155:do_switch$3$rdmux[0][5][2]$b$145 [8] $memory$auto$proc_rom.cc:155:do_switch$3$rdmux[0][5][2]$b$145 [18] $memory$auto$proc_rom.cc:155:do_switch$3$rdmux[0][5][2]$b$145 [7] $memory$auto$proc_rom.cc:155:do_switch$3$rdmux[0][5][2]$b$145 [18] $memory$auto$proc_rom.cc:155:do_switch$3$rdmux[0][5][2]$b$145 [8] 1'0 $memory$auto$proc_rom.cc:155:do_switch$3$rdmux[0][5][2]$b$145 [15] $memory$auto$proc_rom.cc:155:do_switch$3$rdmux[0][5][2]$b$145 [9] $memory$auto$proc_rom.cc:155:do_switch$3$rdmux[0][5][2]$b$145 [10] 1'1 $memory$auto$proc_rom.cc:155:do_switch$3$rdmux[0][5][2]$b$145 [10:6] $memory$auto$proc_rom.cc:155:do_switch$3$rdmux[0][5][2]$b$145 [0] $memory$auto$proc_rom.cc:155:do_switch$3$rdmux[0][5][2]$b$145 [0] 1'1 $memory$auto$proc_rom.cc:155:do_switch$3$rdmux[0][5][2]$b$145 [2:0] }, Y={ $memory$auto$proc_rom.cc:155:do_switch$3$rdmux[0][4][1]$a$93 [31:12] $memory$auto$proc_rom.cc:155:do_switch$3$rdmux[0][4][1]$a$93 [10:0] }
      New connections: $memory$auto$proc_rom.cc:155:do_switch$3$rdmux[0][4][1]$a$93 [11] = $memory$auto$proc_rom.cc:155:do_switch$3$rdmux[0][4][1]$a$93 [6]
    Consolidated identical input bits for $mux cell $memory$auto$proc_rom.cc:155:do_switch$3$rdmux[0][5][1]$140:
      Old ports: A=$memory$auto$proc_rom.cc:155:do_switch$3$rdmux[0][5][1]$a$141, B=$memory$auto$proc_rom.cc:155:do_switch$3$rdmux[0][5][1]$b$142, Y=$memory$auto$proc_rom.cc:155:do_switch$3$rdmux[0][4][0]$b$91
      New ports: A={ $memory$auto$proc_rom.cc:155:do_switch$3$rdmux[0][5][1]$a$141 [26] $memory$auto$proc_rom.cc:155:do_switch$3$rdmux[0][5][1]$a$141 [1] $memory$auto$proc_rom.cc:155:do_switch$3$rdmux[0][5][1]$a$141 [2] $memory$auto$proc_rom.cc:155:do_switch$3$rdmux[0][5][1]$a$141 [16] $memory$auto$proc_rom.cc:155:do_switch$3$rdmux[0][5][1]$a$141 [27:26] $memory$auto$proc_rom.cc:155:do_switch$3$rdmux[0][5][1]$a$141 [16] $memory$auto$proc_rom.cc:155:do_switch$3$rdmux[0][5][1]$a$141 [1] $memory$auto$proc_rom.cc:155:do_switch$3$rdmux[0][5][1]$a$141 [8] $memory$auto$proc_rom.cc:155:do_switch$3$rdmux[0][5][1]$a$141 [20] $memory$auto$proc_rom.cc:155:do_switch$3$rdmux[0][5][1]$a$141 [20] $memory$auto$proc_rom.cc:155:do_switch$3$rdmux[0][5][1]$a$141 [12] $memory$auto$proc_rom.cc:155:do_switch$3$rdmux[0][5][1]$a$141 [0] $memory$auto$proc_rom.cc:155:do_switch$3$rdmux[0][5][1]$a$141 [16] 1'0 $memory$auto$proc_rom.cc:155:do_switch$3$rdmux[0][5][1]$a$141 [7] $memory$auto$proc_rom.cc:155:do_switch$3$rdmux[0][5][1]$a$141 [0] $memory$auto$proc_rom.cc:155:do_switch$3$rdmux[0][5][1]$a$141 [12] $memory$auto$proc_rom.cc:155:do_switch$3$rdmux[0][5][1]$a$141 [2] $memory$auto$proc_rom.cc:155:do_switch$3$rdmux[0][5][1]$a$141 [6] $memory$auto$proc_rom.cc:155:do_switch$3$rdmux[0][5][1]$a$141 [1] $memory$auto$proc_rom.cc:155:do_switch$3$rdmux[0][5][1]$a$141 [8:4] $memory$auto$proc_rom.cc:155:do_switch$3$rdmux[0][5][1]$a$141 [2] $memory$auto$proc_rom.cc:155:do_switch$3$rdmux[0][5][1]$a$141 [2:0] }, B={ $memory$auto$proc_rom.cc:155:do_switch$3$rdmux[0][5][1]$b$142 [31] 1'1 $memory$auto$proc_rom.cc:155:do_switch$3$rdmux[0][5][1]$b$142 [13] $memory$auto$proc_rom.cc:155:do_switch$3$rdmux[0][5][1]$b$142 [5] 1'0 $memory$auto$proc_rom.cc:155:do_switch$3$rdmux[0][5][1]$b$142 [26] 1'1 $memory$auto$proc_rom.cc:155:do_switch$3$rdmux[0][5][1]$b$142 [13] $memory$auto$proc_rom.cc:155:do_switch$3$rdmux[0][5][1]$b$142 [5] $memory$auto$proc_rom.cc:155:do_switch$3$rdmux[0][5][1]$b$142 [16] $memory$auto$proc_rom.cc:155:do_switch$3$rdmux[0][5][1]$b$142 [0] 1'1 $memory$auto$proc_rom.cc:155:do_switch$3$rdmux[0][5][1]$b$142 [5] $memory$auto$proc_rom.cc:155:do_switch$3$rdmux[0][5][1]$b$142 [16] $memory$auto$proc_rom.cc:155:do_switch$3$rdmux[0][5][1]$b$142 [13] $memory$auto$proc_rom.cc:155:do_switch$3$rdmux[0][5][1]$b$142 [3] $memory$auto$proc_rom.cc:155:do_switch$3$rdmux[0][5][1]$b$142 [13] $memory$auto$proc_rom.cc:155:do_switch$3$rdmux[0][5][1]$b$142 [11] $memory$auto$proc_rom.cc:155:do_switch$3$rdmux[0][5][1]$b$142 [11] 1'1 $memory$auto$proc_rom.cc:155:do_switch$3$rdmux[0][5][1]$b$142 [3] $memory$auto$proc_rom.cc:155:do_switch$3$rdmux[0][5][1]$b$142 [8] $memory$auto$proc_rom.cc:155:do_switch$3$rdmux[0][5][1]$b$142 [2] $memory$auto$proc_rom.cc:155:do_switch$3$rdmux[0][5][1]$b$142 [5] $memory$auto$proc_rom.cc:155:do_switch$3$rdmux[0][5][1]$b$142 [5] $memory$auto$proc_rom.cc:155:do_switch$3$rdmux[0][5][1]$b$142 [1] $memory$auto$proc_rom.cc:155:do_switch$3$rdmux[0][5][1]$b$142 [3:0] }, Y={ $memory$auto$proc_rom.cc:155:do_switch$3$rdmux[0][4][0]$b$91 [31:25] $memory$auto$proc_rom.cc:155:do_switch$3$rdmux[0][4][0]$b$91 [23:19] $memory$auto$proc_rom.cc:155:do_switch$3$rdmux[0][4][0]$b$91 [17:0] }
      New connections: { $memory$auto$proc_rom.cc:155:do_switch$3$rdmux[0][4][0]$b$91 [24] $memory$auto$proc_rom.cc:155:do_switch$3$rdmux[0][4][0]$b$91 [18] } = { $memory$auto$proc_rom.cc:155:do_switch$3$rdmux[0][4][0]$b$91 [0] 1'1 }
    Consolidated identical input bits for $mux cell $memory$auto$proc_rom.cc:155:do_switch$3$rdmux[0][5][0]$137:
      Old ports: A=$memory$auto$proc_rom.cc:155:do_switch$3$rdmux[0][5][0]$a$138, B=$memory$auto$proc_rom.cc:155:do_switch$3$rdmux[0][5][0]$b$139, Y=$memory$auto$proc_rom.cc:155:do_switch$3$rdmux[0][4][0]$a$90
      New ports: A={ $memory$auto$proc_rom.cc:155:do_switch$3$rdmux[0][5][0]$a$138 [1] $memory$auto$proc_rom.cc:155:do_switch$3$rdmux[0][5][0]$a$138 [5] $memory$auto$proc_rom.cc:155:do_switch$3$rdmux[0][5][0]$a$138 [11] $memory$auto$proc_rom.cc:155:do_switch$3$rdmux[0][5][0]$a$138 [28] 2'10 $memory$auto$proc_rom.cc:155:do_switch$3$rdmux[0][5][0]$a$138 [25] $memory$auto$proc_rom.cc:155:do_switch$3$rdmux[0][5][0]$a$138 [4] $memory$auto$proc_rom.cc:155:do_switch$3$rdmux[0][5][0]$a$138 [4] 1'1 $memory$auto$proc_rom.cc:155:do_switch$3$rdmux[0][5][0]$a$138 [1] 1'0 $memory$auto$proc_rom.cc:155:do_switch$3$rdmux[0][5][0]$a$138 [18] 1'1 $memory$auto$proc_rom.cc:155:do_switch$3$rdmux[0][5][0]$a$138 [3] $memory$auto$proc_rom.cc:155:do_switch$3$rdmux[0][5][0]$a$138 [15] $memory$auto$proc_rom.cc:155:do_switch$3$rdmux[0][5][0]$a$138 [2] $memory$auto$proc_rom.cc:155:do_switch$3$rdmux[0][5][0]$a$138 [12] $memory$auto$proc_rom.cc:155:do_switch$3$rdmux[0][5][0]$a$138 [12:11] $memory$auto$proc_rom.cc:155:do_switch$3$rdmux[0][5][0]$a$138 [1] $memory$auto$proc_rom.cc:155:do_switch$3$rdmux[0][5][0]$a$138 [9] $memory$auto$proc_rom.cc:155:do_switch$3$rdmux[0][5][0]$a$138 [2] 1'1 $memory$auto$proc_rom.cc:155:do_switch$3$rdmux[0][5][0]$a$138 [2] $memory$auto$proc_rom.cc:155:do_switch$3$rdmux[0][5][0]$a$138 [5:1] 1'1 }, B={ $memory$auto$proc_rom.cc:155:do_switch$3$rdmux[0][5][0]$b$139 [31] $memory$auto$proc_rom.cc:155:do_switch$3$rdmux[0][5][0]$b$139 [1] 1'1 $memory$auto$proc_rom.cc:155:do_switch$3$rdmux[0][5][0]$b$139 [25] $memory$auto$proc_rom.cc:155:do_switch$3$rdmux[0][5][0]$b$139 [27] $memory$auto$proc_rom.cc:155:do_switch$3$rdmux[0][5][0]$b$139 [7] $memory$auto$proc_rom.cc:155:do_switch$3$rdmux[0][5][0]$b$139 [25] $memory$auto$proc_rom.cc:155:do_switch$3$rdmux[0][5][0]$b$139 [18] $memory$auto$proc_rom.cc:155:do_switch$3$rdmux[0][5][0]$b$139 [22] $memory$auto$proc_rom.cc:155:do_switch$3$rdmux[0][5][0]$b$139 [3] $memory$auto$proc_rom.cc:155:do_switch$3$rdmux[0][5][0]$b$139 [9] $memory$auto$proc_rom.cc:155:do_switch$3$rdmux[0][5][0]$b$139 [5] $memory$auto$proc_rom.cc:155:do_switch$3$rdmux[0][5][0]$b$139 [18:17] 1'0 $memory$auto$proc_rom.cc:155:do_switch$3$rdmux[0][5][0]$b$139 [10] $memory$auto$proc_rom.cc:155:do_switch$3$rdmux[0][5][0]$b$139 [1] $memory$auto$proc_rom.cc:155:do_switch$3$rdmux[0][5][0]$b$139 [11] $memory$auto$proc_rom.cc:155:do_switch$3$rdmux[0][5][0]$b$139 [1] $memory$auto$proc_rom.cc:155:do_switch$3$rdmux[0][5][0]$b$139 [11:9] $memory$auto$proc_rom.cc:155:do_switch$3$rdmux[0][5][0]$b$139 [3] $memory$auto$proc_rom.cc:155:do_switch$3$rdmux[0][5][0]$b$139 [7] $memory$auto$proc_rom.cc:155:do_switch$3$rdmux[0][5][0]$b$139 [5] $memory$auto$proc_rom.cc:155:do_switch$3$rdmux[0][5][0]$b$139 [5] $memory$auto$proc_rom.cc:155:do_switch$3$rdmux[0][5][0]$b$139 [3] $memory$auto$proc_rom.cc:155:do_switch$3$rdmux[0][5][0]$b$139 [3] 1'0 $memory$auto$proc_rom.cc:155:do_switch$3$rdmux[0][5][0]$b$139 [1:0] }, Y={ $memory$auto$proc_rom.cc:155:do_switch$3$rdmux[0][4][0]$a$90 [31:24] $memory$auto$proc_rom.cc:155:do_switch$3$rdmux[0][4][0]$a$90 [22:0] }
      New connections: $memory$auto$proc_rom.cc:155:do_switch$3$rdmux[0][4][0]$a$90 [23] = $memory$auto$proc_rom.cc:155:do_switch$3$rdmux[0][4][0]$a$90 [5]
  Optimizing cells in module \sweep_256x32_portable.
Performed a total of 222 changes.

8.5. Executing OPT_MERGE pass (detect identical cells).
Finding identical cells in module `\sweep_256x32_portable'.
Computing hashes of 256 cells of `\sweep_256x32_portable'.
Finding duplicate cells in `\sweep_256x32_portable'.
Computing hashes of 130 cells of `\sweep_256x32_portable'.
Finding duplicate cells in `\sweep_256x32_portable'.
<suppressed ~378 debug messages>
Removed a total of 126 cells.

8.6. Executing OPT_SHARE pass.

8.7. Executing OPT_DFF pass (perform DFF optimizations).

8.8. Executing OPT_CLEAN pass (remove unused cells and wires).
Finding unused cells or wires in module \sweep_256x32_portable..
Removed 0 unused cells and 382 unused wires.
<suppressed ~1 debug messages>

8.9. Executing OPT_EXPR pass (perform const folding).
Optimizing module sweep_256x32_portable.

8.10. Rerunning OPT passes. (Maybe there is more to do..)

8.11. Executing OPT_MUXTREE pass (detect dead branches in mux trees).
Running muxtree optimizer on module \sweep_256x32_portable..
  Creating internal representation of mux trees.
  Evaluating internal representation of mux trees.
  Analyzing evaluation results.
Removed 0 multiplexer ports.
<suppressed ~260 debug messages>

8.12. Executing OPT_REDUCE pass (consolidate $*mux and $reduce_* inputs).
  Optimizing cells in module \sweep_256x32_portable.
    Consolidated identical input bits for $mux cell $memory$auto$proc_rom.cc:155:do_switch$3$rdmux[0][6][62]$419:
      Old ports: A={ $memory$auto$proc_rom.cc:155:do_switch$3$rdmux[0][6][11]$a$267 [6] $memory$auto$proc_rom.cc:155:do_switch$3$rdmux[0][6][11]$a$267 [6] 1'1 $memory$auto$proc_rom.cc:155:do_switch$3$rdmux[0][6][11]$a$267 [4] $memory$auto$proc_rom.cc:155:do_switch$3$rdmux[0][6][11]$a$267 [4] $memory$auto$proc_rom.cc:155:do_switch$3$rdmux[0][6][11]$a$267 [6] $memory$auto$proc_rom.cc:155:do_switch$3$rdmux[0][6][11]$a$267 [6] 1'0 $memory$auto$proc_rom.cc:155:do_switch$3$rdmux[0][6][11]$a$267 [4] 1'1 $memory$auto$proc_rom.cc:155:do_switch$3$rdmux[0][6][11]$a$267 [4] 1'0 }, B={ 1'1 $memory$auto$proc_rom.cc:155:do_switch$3$rdmux[0][6][11]$a$267 [6] 1'0 $memory$auto$proc_rom.cc:155:do_switch$3$rdmux[0][6][11]$a$267 [4] 2'10 $memory$auto$proc_rom.cc:155:do_switch$3$rdmux[0][6][11]$a$267 [4] $memory$auto$proc_rom.cc:155:do_switch$3$rdmux[0][6][11]$a$267 [6] 1'0 $memory$auto$proc_rom.cc:155:do_switch$3$rdmux[0][6][11]$a$267 [4] $memory$auto$proc_rom.cc:155:do_switch$3$rdmux[0][6][11]$a$267 [6] $memory$auto$proc_rom.cc:155:do_switch$3$rdmux[0][6][11]$a$267 [4] }, Y={ $memory$auto$proc_rom.cc:155:do_switch$3$rdmux[0][5][31]$a$231 [27] $memory$auto$proc_rom.cc:155:do_switch$3$rdmux[0][5][31]$a$231 [25] $memory$auto$proc_rom.cc:155:do_switch$3$rdmux[0][5][31]$a$231 [20] $memory$auto$proc_rom.cc:155:do_switch$3$rdmux[0][5][31]$a$231 [18] $memory$auto$proc_rom.cc:155:do_switch$3$rdmux[0][5][31]$a$231 [16] $memory$auto$proc_rom.cc:155:do_switch$3$rdmux[0][5][31]$a$231 [13] $memory$auto$proc_rom.cc:155:do_switch$3$rdmux[0][5][31]$a$231 [9:7] $memory$auto$proc_rom.cc:155:do_switch$3$rdmux[0][5][31]$a$231 [4] $memory$auto$proc_rom.cc:155:do_switch$3$rdmux[0][5][31]$a$231 [2] $memory$auto$proc_rom.cc:155:do_switch$3$rdmux[0][5][31]$a$231 [0] }
      New ports: A={ $memory$auto$proc_rom.cc:155:do_switch$3$rdmux[0][6][11]$a$267 [6] 1'1 $memory$auto$proc_rom.cc:155:do_switch$3$rdmux[0][6][11]$a$267 [4] $memory$auto$proc_rom.cc:155:do_switch$3$rdmux[0][6][11]$a$267 [6] $memory$auto$proc_rom.cc:155:do_switch$3$rdmux[0][6][11]$a$267 [6] 1'0 $memory$auto$proc_rom.cc:155:do_switch$3$rdmux[0][6][11]$a$267 [4] 1'1 $memory$auto$proc_rom.cc:155:do_switch$3$rdmux[0][6][11]$a$267 [4] 1'0 }, B={ 4'1010 $memory$auto$proc_rom.cc:155:do_switch$3$rdmux[0][6][11]$a$267 [4] $memory$auto$proc_rom.cc:155:do_switch$3$rdmux[0][6][11]$a$267 [6] 1'0 $memory$auto$proc_rom.cc:155:do_switch$3$rdmux[0][6][11]$a$267 [4] $memory$auto$proc_rom.cc:155:do_switch$3$rdmux[0][6][11]$a$267 [6] $memory$auto$proc_rom.cc:155:do_switch$3$rdmux[0][6][11]$a$267 [4] }, Y={ $memory$auto$proc_rom.cc:155:do_switch$3$rdmux[0][5][31]$a$231 [27] $memory$auto$proc_rom.cc:155:do_switch$3$rdmux[0][5][31]$a$231 [20] $memory$auto$proc_rom.cc:155:do_switch$3$rdmux[0][5][31]$a$231 [16] $memory$auto$proc_rom.cc:155:do_switch$3$rdmux[0][5][31]$a$231 [13] $memory$auto$proc_rom.cc:155:do_switch$3$rdmux[0][5][31]$a$231 [9:7] $memory$auto$proc_rom.cc:155:do_switch$3$rdmux[0][5][31]$a$231 [4] $memory$auto$proc_rom.cc:155:do_switch$3$rdmux[0][5][31]$a$231 [2] $memory$auto$proc_rom.cc:155:do_switch$3$rdmux[0][5][31]$a$231 [0] }
      New connections: { $memory$auto$proc_rom.cc:155:do_switch$3$rdmux[0][5][31]$a$231 [25] $memory$auto$proc_rom.cc:155:do_switch$3$rdmux[0][5][31]$a$231 [18] } = { $memory$auto$proc_rom.cc:155:do_switch$3$rdmux[0][6][11]$a$267 [6] $memory$auto$proc_rom.cc:155:do_switch$3$rdmux[0][6][11]$a$267 [4] }
    Consolidated identical input bits for $mux cell $memory$auto$proc_rom.cc:155:do_switch$3$rdmux[0][6][59]$410:
      Old ports: A={ 1'0 $memory$auto$proc_rom.cc:155:do_switch$3$rdmux[0][6][0]$a$234 [1] $memory$auto$proc_rom.cc:155:do_switch$3$rdmux[0][6][0]$a$234 [2] $memory$auto$proc_rom.cc:155:do_switch$3$rdmux[0][6][0]$a$234 [2:1] 1'1 $memory$auto$proc_rom.cc:155:do_switch$3$rdmux[0][6][0]$a$234 [2] 3'011 $memory$auto$proc_rom.cc:155:do_switch$3$rdmux[0][6][0]$a$234 [1] 1'0 }, B={ 3'100 $memory$auto$proc_rom.cc:155:do_switch$3$rdmux[0][6][0]$a$234 [1] 3'101 $memory$auto$proc_rom.cc:155:do_switch$3$rdmux[0][6][0]$a$234 [2] $memory$auto$proc_rom.cc:155:do_switch$3$rdmux[0][6][0]$a$234 [2:1] $memory$auto$proc_rom.cc:155:do_switch$3$rdmux[0][6][0]$a$234 [1] $memory$auto$proc_rom.cc:155:do_switch$3$rdmux[0][6][0]$a$234 [1] }, Y={ $memory$auto$proc_rom.cc:155:do_switch$3$rdmux[0][5][29]$b$226 [23] $memory$auto$proc_rom.cc:155:do_switch$3$rdmux[0][5][29]$b$226 [20] $memory$auto$proc_rom.cc:155:do_switch$3$rdmux[0][5][29]$b$226 [14] $memory$auto$proc_rom.cc:155:do_switch$3$rdmux[0][5][29]$b$226 [10] $memory$auto$proc_rom.cc:155:do_switch$3$rdmux[0][5][29]$b$226 [8:4] $memory$auto$proc_rom.cc:155:do_switch$3$rdmux[0][5][29]$b$226 [2:0] }
      New ports: A={ 1'0 $memory$auto$proc_rom.cc:155:do_switch$3$rdmux[0][6][0]$a$234 [1] $memory$auto$proc_rom.cc:155:do_switch$3$rdmux[0][6][0]$a$234 [2] $memory$auto$proc_rom.cc:155:do_switch$3$rdmux[0][6][0]$a$234 [2:1] 1'1 $memory$auto$proc_rom.cc:155:do_switch$3$rdmux[0][6][0]$a$234 [2] 4'0110 }, B={ 3'100 $memory$auto$proc_rom.cc:155:do_switch$3$rdmux[0][6][0]$a$234 [1] 3'101 $memory$auto$proc_rom.cc:155:do_switch$3$rdmux[0][6][0]$a$234 [2] $memory$auto$proc_rom.cc:155:do_switch$3$rdmux[0][6][0]$a$234 [2:1] $memory$auto$proc_rom.cc:155:do_switch$3$rdmux[0][6][0]$a$234 [1] }, Y={ $memory$auto$proc_rom.cc:155:do_switch$3$rdmux[0][5][29]$b$226 [23] $memory$auto$proc_rom.cc:155:do_switch$3$rdmux[0][5][29]$b$226 [20] $memory$auto$proc_rom.cc:155:do_switch$3$rdmux[0][5][29]$b$226 [14] $memory$auto$proc_rom.cc:155:do_switch$3$rdmux[0][5][29]$b$226 [10] $memory$auto$proc_rom.cc:155:do_switch$3$rdmux[0][5][29]$b$226 [8:4] $memory$auto$proc_rom.cc:155:do_switch$3$rdmux[0][5][29]$b$226 [2] $memory$auto$proc_rom.cc:155:do_switch$3$rdmux[0][5][29]$b$226 [0] }
      New connections: $memory$auto$proc_rom.cc:155:do_switch$3$rdmux[0][5][29]$b$226 [1] = $memory$auto$proc_rom.cc:155:do_switch$3$rdmux[0][6][0]$a$234 [1]
    Consolidated identical input bits for $mux cell $memory$auto$proc_rom.cc:155:do_switch$3$rdmux[0][6][58]$407:
      Old ports: A={ $memory$auto$proc_rom.cc:155:do_switch$3$rdmux[0][6][11]$a$267 [4] $memory$auto$proc_rom.cc:155:do_switch$3$rdmux[0][6][11]$a$267 [6] 1'1 $memory$auto$proc_rom.cc:155:do_switch$3$rdmux[0][6][11]$a$267 [6] $memory$auto$proc_rom.cc:155:do_switch$3$rdmux[0][6][11]$a$267 [4] 3'101 $memory$auto$proc_rom.cc:155:do_switch$3$rdmux[0][6][11]$a$267 [6] $memory$auto$proc_rom.cc:155:do_switch$3$rdmux[0][6][11]$a$267 [4] $memory$auto$proc_rom.cc:155:do_switch$3$rdmux[0][6][11]$a$267 [4] }, B={ 2'11 $memory$auto$proc_rom.cc:155:do_switch$3$rdmux[0][6][11]$a$267 [6] 1'0 $memory$auto$proc_rom.cc:155:do_switch$3$rdmux[0][6][11]$a$267 [6] 2'01 $memory$auto$proc_rom.cc:155:do_switch$3$rdmux[0][6][11]$a$267 [4] $memory$auto$proc_rom.cc:155:do_switch$3$rdmux[0][6][11]$a$267 [6] 1'0 $memory$auto$proc_rom.cc:155:do_switch$3$rdmux[0][6][11]$a$267 [4] }, Y={ $memory$auto$proc_rom.cc:155:do_switch$3$rdmux[0][5][29]$a$225 [28] $memory$auto$proc_rom.cc:155:do_switch$3$rdmux[0][5][29]$a$225 [16:12] $memory$auto$proc_rom.cc:155:do_switch$3$rdmux[0][5][29]$a$225 [6:5] $memory$auto$proc_rom.cc:155:do_switch$3$rdmux[0][5][29]$a$225 [3] $memory$auto$proc_rom.cc:155:do_switch$3$rdmux[0][5][29]$a$225 [1:0] }
      New ports: A={ $memory$auto$proc_rom.cc:155:do_switch$3$rdmux[0][6][11]$a$267 [4] $memory$auto$proc_rom.cc:155:do_switch$3$rdmux[0][6][11]$a$267 [6] 1'1 $memory$auto$proc_rom.cc:155:do_switch$3$rdmux[0][6][11]$a$267 [6] $memory$auto$proc_rom.cc:155:do_switch$3$rdmux[0][6][11]$a$267 [4] 3'101 $memory$auto$proc_rom.cc:155:do_switch$3$rdmux[0][6][11]$a$267 [4] }, B={ 2'11 $memory$auto$proc_rom.cc:155:do_switch$3$rdmux[0][6][11]$a$267 [6] 1'0 $memory$auto$proc_rom.cc:155:do_switch$3$rdmux[0][6][11]$a$267 [6] 2'01 $memory$auto$proc_rom.cc:155:do_switch$3$rdmux[0][6][11]$a$267 [4] 1'0 }, Y={ $memory$auto$proc_rom.cc:155:do_switch$3$rdmux[0][5][29]$a$225 [28] $memory$auto$proc_rom.cc:155:do_switch$3$rdmux[0][5][29]$a$225 [16:12] $memory$auto$proc_rom.cc:155:do_switch$3$rdmux[0][5][29]$a$225 [6:5] $memory$auto$proc_rom.cc:155:do_switch$3$rdmux[0][5][29]$a$225 [1] }
      New connections: { $memory$auto$proc_rom.cc:155:do_switch$3$rdmux[0][5][29]$a$225 [3] $memory$auto$proc_rom.cc:155:do_switch$3$rdmux[0][5][29]$a$225 [0] } = { $memory$auto$proc_rom.cc:155:do_switch$3$rdmux[0][6][11]$a$267 [6] $memory$auto$proc_rom.cc:155:do_switch$3$rdmux[0][6][11]$a$267 [4] }
    Consolidated identical input bits for $mux cell $memory$auto$proc_rom.cc:155:do_switch$3$rdmux[0][6][57]$404:
      Old ports: A={ 4'0101 $memory$auto$proc_rom.cc:155:do_switch$3$rdmux[0][6][0]$a$234 [1] 1'1 $memory$auto$proc_rom.cc:155:do_switch$3$rdmux[0][6][0]$a$234 [2:1] $memory$auto$proc_rom.cc:155:do_switch$3$rdmux[0][6][0]$a$234 [1] $memory$auto$proc_rom.cc:155:do_switch$3$rdmux[0][6][0]$a$234 [2:1] 1'0 }, B={ $memory$auto$proc_rom.cc:155:do_switch$3$rdmux[0][6][0]$a$234 [2] 2'01 $memory$auto$proc_rom.cc:155:do_switch$3$rdmux[0][6][0]$a$234 [2] $memory$auto$proc_rom.cc:155:do_switch$3$rdmux[0][6][0]$a$234 [2:1] $memory$auto$proc_rom.cc:155:do_switch$3$rdmux[0][6][0]$a$234 [1] $memory$auto$proc_rom.cc:155:do_switch$3$rdmux[0][6][0]$a$234 [1] 3'001 $memory$auto$proc_rom.cc:155:do_switch$3$rdmux[0][6][0]$a$234 [1] }, Y={ $memory$auto$proc_rom.cc:155:do_switch$3$rdmux[0][5][28]$b$223 [24] $memory$auto$proc_rom.cc:155:do_switch$3$rdmux[0][5][28]$b$223 [18:17] $memory$auto$proc_rom.cc:155:do_switch$3$rdmux[0][5][28]$b$223 [12:11] $memory$auto$proc_rom.cc:155:do_switch$3$rdmux[0][5][28]$b$223 [9:8] $memory$auto$proc_rom.cc:155:do_switch$3$rdmux[0][5][28]$b$223 [6] $memory$auto$proc_rom.cc:155:do_switch$3$rdmux[0][5][28]$b$223 [4:1] }
      New ports: A={ 4'0101 $memory$auto$proc_rom.cc:155:do_switch$3$rdmux[0][6][0]$a$234 [1] 1'1 $memory$auto$proc_rom.cc:155:do_switch$3$rdmux[0][6][0]$a$234 [2:1] $memory$auto$proc_rom.cc:155:do_switch$3$rdmux[0][6][0]$a$234 [2:1] 1'0 }, B={ $memory$auto$proc_rom.cc:155:do_switch$3$rdmux[0][6][0]$a$234 [2] 2'01 $memory$auto$proc_rom.cc:155:do_switch$3$rdmux[0][6][0]$a$234 [2] $memory$auto$proc_rom.cc:155:do_switch$3$rdmux[0][6][0]$a$234 [2:1] $memory$auto$proc_rom.cc:155:do_switch$3$rdmux[0][6][0]$a$234 [1] 3'001 $memory$auto$proc_rom.cc:155:do_switch$3$rdmux[0][6][0]$a$234 [1] }, Y={ $memory$auto$proc_rom.cc:155:do_switch$3$rdmux[0][5][28]$b$223 [24] $memory$auto$proc_rom.cc:155:do_switch$3$rdmux[0][5][28]$b$223 [18:17] $memory$auto$proc_rom.cc:155:do_switch$3$rdmux[0][5][28]$b$223 [12:11] $memory$auto$proc_rom.cc:155:do_switch$3$rdmux[0][5][28]$b$223 [9:8] $memory$auto$proc_rom.cc:155:do_switch$3$rdmux[0][5][28]$b$223 [4:1] }
      New connections: $memory$auto$proc_rom.cc:155:do_switch$3$rdmux[0][5][28]$b$223 [6] = $memory$auto$proc_rom.cc:155:do_switch$3$rdmux[0][6][0]$a$234 [1]
    Consolidated identical input bits for $mux cell $memory$auto$proc_rom.cc:155:do_switch$3$rdmux[0][6][55]$398:
      Old ports: A={ $memory$auto$proc_rom.cc:155:do_switch$3$rdmux[0][6][0]$a$234 [2:1] $memory$auto$proc_rom.cc:155:do_switch$3$rdmux[0][6][0]$a$234 [2] $memory$auto$proc_rom.cc:155:do_switch$3$rdmux[0][6][0]$a$234 [2] 3'100 $memory$auto$proc_rom.cc:155:do_switch$3$rdmux[0][6][0]$a$234 [2] 1'0 $memory$auto$proc_rom.cc:155:do_switch$3$rdmux[0][6][0]$a$234 [1] $memory$auto$proc_rom.cc:155:do_switch$3$rdmux[0][6][0]$a$234 [1] $memory$auto$proc_rom.cc:155:do_switch$3$rdmux[0][6][0]$a$234 [1] }, B={ $memory$auto$proc_rom.cc:155:do_switch$3$rdmux[0][6][0]$a$234 [2] 2'00 $memory$auto$proc_rom.cc:155:do_switch$3$rdmux[0][6][0]$a$234 [1] $memory$auto$proc_rom.cc:155:do_switch$3$rdmux[0][6][0]$a$234 [1] 1'1 $memory$auto$proc_rom.cc:155:do_switch$3$rdmux[0][6][0]$a$234 [2] 1'1 $memory$auto$proc_rom.cc:155:do_switch$3$rdmux[0][6][0]$a$234 [1] $memory$auto$proc_rom.cc:155:do_switch$3$rdmux[0][6][0]$a$234 [2] 1'1 $memory$auto$proc_rom.cc:155:do_switch$3$rdmux[0][6][0]$a$234 [1] }, Y={ $memory$auto$proc_rom.cc:155:do_switch$3$rdmux[0][5][27]$b$220 [27] $memory$auto$proc_rom.cc:155:do_switch$3$rdmux[0][5][27]$b$220 [24] $memory$auto$proc_rom.cc:155:do_switch$3$rdmux[0][5][27]$b$220 [19] $memory$auto$proc_rom.cc:155:do_switch$3$rdmux[0][5][27]$b$220 [14] $memory$auto$proc_rom.cc:155:do_switch$3$rdmux[0][5][27]$b$220 [12] $memory$auto$proc_rom.cc:155:do_switch$3$rdmux[0][5][27]$b$220 [8:7] $memory$auto$proc_rom.cc:155:do_switch$3$rdmux[0][5][27]$b$220 [5:4] $memory$auto$proc_rom.cc:155:do_switch$3$rdmux[0][5][27]$b$220 [2:0] }
      New ports: A={ $memory$auto$proc_rom.cc:155:do_switch$3$rdmux[0][6][0]$a$234 [1] $memory$auto$proc_rom.cc:155:do_switch$3$rdmux[0][6][0]$a$234 [2] $memory$auto$proc_rom.cc:155:do_switch$3$rdmux[0][6][0]$a$234 [2] 3'100 $memory$auto$proc_rom.cc:155:do_switch$3$rdmux[0][6][0]$a$234 [2] 1'0 $memory$auto$proc_rom.cc:155:do_switch$3$rdmux[0][6][0]$a$234 [1] $memory$auto$proc_rom.cc:155:do_switch$3$rdmux[0][6][0]$a$234 [1] }, B={ 2'00 $memory$auto$proc_rom.cc:155:do_switch$3$rdmux[0][6][0]$a$234 [1] $memory$auto$proc_rom.cc:155:do_switch$3$rdmux[0][6][0]$a$234 [1] 1'1 $memory$auto$proc_rom.cc:155:do_switch$3$rdmux[0][6][0]$a$234 [2] 1'1 $memory$auto$proc_rom.cc:155:do_switch$3$rdmux[0][6][0]$a$234 [1] $memory$auto$proc_rom.cc:155:do_switch$3$rdmux[0][6][0]$a$234 [2] 1'1 }, Y={ $memory$auto$proc_rom.cc:155:do_switch$3$rdmux[0][5][27]$b$220 [24] $memory$auto$proc_rom.cc:155:do_switch$3$rdmux[0][5][27]$b$220 [19] $memory$auto$proc_rom.cc:155:do_switch$3$rdmux[0][5][27]$b$220 [14] $memory$auto$proc_rom.cc:155:do_switch$3$rdmux[0][5][27]$b$220 [12] $memory$auto$proc_rom.cc:155:do_switch$3$rdmux[0][5][27]$b$220 [8:7] $memory$auto$proc_rom.cc:155:do_switch$3$rdmux[0][5][27]$b$220 [5:4] $memory$auto$proc_rom.cc:155:do_switch$3$rdmux[0][5][27]$b$220 [2:1] }
      New connections: { $memory$auto$proc_rom.cc:155:do_switch$3$rdmux[0][5][27]$b$220 [27] $memory$auto$proc_rom.cc:155:do_switch$3$rdmux[0][5][27]$b$220 [0] } = $memory$auto$proc_rom.cc:155:do_switch$3$rdmux[0][6][0]$a$234 [2:1]
    Consolidated identical input bits for $mux cell $memory$auto$proc_rom.cc:155:do_switch$3$rdmux[0][6][54]$395:
      Old ports: A={ $memory$auto$proc_rom.cc:155:do_switch$3$rdmux[0][6][0]$a$234 [2] $memory$auto$proc_rom.cc:155:do_switch$3$rdmux[0][6][0]$a$234 [2] $memory$auto$proc_rom.cc:155:do_switch$3$rdmux[0][6][0]$a$234 [2] 1'1 $memory$auto$proc_rom.cc:155:do_switch$3$rdmux[0][6][0]$a$234 [1] $memory$auto$proc_rom.cc:155:do_switch$3$rdmux[0][6][0]$a$234 [1] 2'00 $memory$auto$proc_rom.cc:155:do_switch$3$rdmux[0][6][0]$a$234 [1] 2'01 $memory$auto$proc_rom.cc:155:do_switch$3$rdmux[0][6][0]$a$234 [1] }, B={ $memory$auto$proc_rom.cc:155:do_switch$3$rdmux[0][6][0]$a$234 [1] $memory$auto$proc_rom.cc:155:do_switch$3$rdmux[0][6][0]$a$234 [2] 2'10 $memory$auto$proc_rom.cc:155:do_switch$3$rdmux[0][6][0]$a$234 [2] 1'1 $memory$auto$proc_rom.cc:155:do_switch$3$rdmux[0][6][0]$a$234 [1] 2'10 $memory$auto$proc_rom.cc:155:do_switch$3$rdmux[0][6][0]$a$234 [2] $memory$auto$proc_rom.cc:155:do_switch$3$rdmux[0][6][0]$a$234 [2:1] }, Y={ $memory$auto$proc_rom.cc:155:do_switch$3$rdmux[0][5][27]$a$219 [21] $memory$auto$proc_rom.cc:155:do_switch$3$rdmux[0][5][27]$a$219 [15:13] $memory$auto$proc_rom.cc:155:do_switch$3$rdmux[0][5][27]$a$219 [11] $memory$auto$proc_rom.cc:155:do_switch$3$rdmux[0][5][27]$a$219 [7:5] $memory$auto$proc_rom.cc:155:do_switch$3$rdmux[0][5][27]$a$219 [3:0] }
      New ports: A={ $memory$auto$proc_rom.cc:155:do_switch$3$rdmux[0][6][0]$a$234 [2] $memory$auto$proc_rom.cc:155:do_switch$3$rdmux[0][6][0]$a$234 [2] 1'1 $memory$auto$proc_rom.cc:155:do_switch$3$rdmux[0][6][0]$a$234 [1] $memory$auto$proc_rom.cc:155:do_switch$3$rdmux[0][6][0]$a$234 [1] 2'00 $memory$auto$proc_rom.cc:155:do_switch$3$rdmux[0][6][0]$a$234 [1] 2'01 }, B={ $memory$auto$proc_rom.cc:155:do_switch$3$rdmux[0][6][0]$a$234 [1] 2'10 $memory$auto$proc_rom.cc:155:do_switch$3$rdmux[0][6][0]$a$234 [2] 1'1 $memory$auto$proc_rom.cc:155:do_switch$3$rdmux[0][6][0]$a$234 [1] 2'10 $memory$auto$proc_rom.cc:155:do_switch$3$rdmux[0][6][0]$a$234 [2] $memory$auto$proc_rom.cc:155:do_switch$3$rdmux[0][6][0]$a$234 [2] }, Y={ $memory$auto$proc_rom.cc:155:do_switch$3$rdmux[0][5][27]$a$219 [21] $memory$auto$proc_rom.cc:155:do_switch$3$rdmux[0][5][27]$a$219 [14:13] $memory$auto$proc_rom.cc:155:do_switch$3$rdmux[0][5][27]$a$219 [11] $memory$auto$proc_rom.cc:155:do_switch$3$rdmux[0][5][27]$a$219 [7:5] $memory$auto$proc_rom.cc:155:do_switch$3$rdmux[0][5][27]$a$219 [3:1] }
      New connections: { $memory$auto$proc_rom.cc:155:do_switch$3$rdmux[0][5][27]$a$219 [15] $memory$auto$proc_rom.cc:155:do_switch$3$rdmux[0][5][27]$a$219 [0] } = $memory$auto$proc_rom.cc:155:do_switch$3$rdmux[0][6][0]$a$234 [2:1]
    Consolidated identical input bits for $mux cell $memory$auto$proc_rom.cc:155:do_switch$3$rdmux[0][6][53]$392:
      Old ports: A={ $memory$auto$proc_rom.cc:155:do_switch$3$rdmux[0][6][11]$a$267 [4] $memory$auto$proc_rom.cc:155:do_switch$3$rdmux[0][6][11]$a$267 [6] $memory$auto$proc_rom.cc:155:do_switch$3$rdmux[0][6][11]$a$267 [4] $memory$auto$proc_rom.cc:155:do_switch$3$rdmux[0][6][11]$a$267 [6] 3'000 $memory$auto$proc_rom.cc:155:do_switch$3$rdmux[0][6][11]$a$267 [6] 1'1 $memory$auto$proc_rom.cc:155:do_switch$3$rdmux[0][6][11]$a$267 [6] $memory$auto$proc_rom.cc:155:do_switch$3$rdmux[0][6][11]$a$267 [4] 2'11 }, B={ $memory$auto$proc_rom.cc:155:do_switch$3$rdmux[0][6][11]$a$267 [4] $memory$auto$proc_rom.cc:155:do_switch$3$rdmux[0][6][11]$a$267 [4] $memory$auto$proc_rom.cc:155:do_switch$3$rdmux[0][6][11]$a$267 [6] 1'1 $memory$auto$proc_rom.cc:155:do_switch$3$rdmux[0][6][11]$a$267 [6] $memory$auto$proc_rom.cc:155:do_switch$3$rdmux[0][6][11]$a$267 [4] 2'10 $memory$auto$proc_rom.cc:155:do_switch$3$rdmux[0][6][11]$a$267 [6] $memory$auto$proc_rom.cc:155:do_switch$3$rdmux[0][6][11]$a$267 [6] 1'1 $memory$auto$proc_rom.cc:155:do_switch$3$rdmux[0][6][11]$a$267 [4] 1'0 }, Y={ $memory$auto$proc_rom.cc:155:do_switch$3$rdmux[0][5][26]$b$217 [26:25] $memory$auto$proc_rom.cc:155:do_switch$3$rdmux[0][5][26]$b$217 [22] $memory$auto$proc_rom.cc:155:do_switch$3$rdmux[0][5][26]$b$217 [20] $memory$auto$proc_rom.cc:155:do_switch$3$rdmux[0][5][26]$b$217 [16] $memory$auto$proc_rom.cc:155:do_switch$3$rdmux[0][5][26]$b$217 [14] $memory$auto$proc_rom.cc:155:do_switch$3$rdmux[0][5][26]$b$217 [10] $memory$auto$proc_rom.cc:155:do_switch$3$rdmux[0][5][26]$b$217 [7:5] $memory$auto$proc_rom.cc:155:do_switch$3$rdmux[0][5][26]$b$217 [3] $memory$auto$proc_rom.cc:155:do_switch$3$rdmux[0][5][26]$b$217 [1:0] }
      New ports: A={ $memory$auto$proc_rom.cc:155:do_switch$3$rdmux[0][6][11]$a$267 [6] $memory$auto$proc_rom.cc:155:do_switch$3$rdmux[0][6][11]$a$267 [4] $memory$auto$proc_rom.cc:155:do_switch$3$rdmux[0][6][11]$a$267 [6] 3'000 $memory$auto$proc_rom.cc:155:do_switch$3$rdmux[0][6][11]$a$267 [6] 1'1 $memory$auto$proc_rom.cc:155:do_switch$3$rdmux[0][6][11]$a$267 [4] 2'11 }, B={ $memory$auto$proc_rom.cc:155:do_switch$3$rdmux[0][6][11]$a$267 [4] $memory$auto$proc_rom.cc:155:do_switch$3$rdmux[0][6][11]$a$267 [6] 1'1 $memory$auto$proc_rom.cc:155:do_switch$3$rdmux[0][6][11]$a$267 [6] $memory$auto$proc_rom.cc:155:do_switch$3$rdmux[0][6][11]$a$267 [4] 2'10 $memory$auto$proc_rom.cc:155:do_switch$3$rdmux[0][6][11]$a$267 [6] 1'1 $memory$auto$proc_rom.cc:155:do_switch$3$rdmux[0][6][11]$a$267 [4] 1'0 }, Y={ $memory$auto$proc_rom.cc:155:do_switch$3$rdmux[0][5][26]$b$217 [25] $memory$auto$proc_rom.cc:155:do_switch$3$rdmux[0][5][26]$b$217 [22] $memory$auto$proc_rom.cc:155:do_switch$3$rdmux[0][5][26]$b$217 [20] $memory$auto$proc_rom.cc:155:do_switch$3$rdmux[0][5][26]$b$217 [16] $memory$auto$proc_rom.cc:155:do_switch$3$rdmux[0][5][26]$b$217 [14] $memory$auto$proc_rom.cc:155:do_switch$3$rdmux[0][5][26]$b$217 [10] $memory$auto$proc_rom.cc:155:do_switch$3$rdmux[0][5][26]$b$217 [7:6] $memory$auto$proc_rom.cc:155:do_switch$3$rdmux[0][5][26]$b$217 [3] $memory$auto$proc_rom.cc:155:do_switch$3$rdmux[0][5][26]$b$217 [1:0] }
      New connections: { $memory$auto$proc_rom.cc:155:do_switch$3$rdmux[0][5][26]$b$217 [26] $memory$auto$proc_rom.cc:155:do_switch$3$rdmux[0][5][26]$b$217 [5] } = { $memory$auto$proc_rom.cc:155:do_switch$3$rdmux[0][6][11]$a$267 [4] $memory$auto$proc_rom.cc:155:do_switch$3$rdmux[0][6][11]$a$267 [6] }
    Consolidated identical input bits for $mux cell $memory$auto$proc_rom.cc:155:do_switch$3$rdmux[0][6][52]$389:
      Old ports: A={ $memory$auto$proc_rom.cc:155:do_switch$3$rdmux[0][6][11]$a$267 [4] 1'0 $memory$auto$proc_rom.cc:155:do_switch$3$rdmux[0][6][11]$a$267 [6] $memory$auto$proc_rom.cc:155:do_switch$3$rdmux[0][6][11]$a$267 [6] 1'0 $memory$auto$proc_rom.cc:155:do_switch$3$rdmux[0][6][11]$a$267 [4] $memory$auto$proc_rom.cc:155:do_switch$3$rdmux[0][6][11]$a$267 [6] 2'11 $memory$auto$proc_rom.cc:155:do_switch$3$rdmux[0][6][11]$a$267 [6] 1'1 $memory$auto$proc_rom.cc:155:do_switch$3$rdmux[0][6][11]$a$267 [4] 1'0 }, B={ $memory$auto$proc_rom.cc:155:do_switch$3$rdmux[0][6][11]$a$267 [4] $memory$auto$proc_rom.cc:155:do_switch$3$rdmux[0][6][11]$a$267 [4] 1'0 $memory$auto$proc_rom.cc:155:do_switch$3$rdmux[0][6][11]$a$267 [6] $memory$auto$proc_rom.cc:155:do_switch$3$rdmux[0][6][11]$a$267 [6] 2'01 $memory$auto$proc_rom.cc:155:do_switch$3$rdmux[0][6][11]$a$267 [6] 1'0 $memory$auto$proc_rom.cc:155:do_switch$3$rdmux[0][6][11]$a$267 [4] $memory$auto$proc_rom.cc:155:do_switch$3$rdmux[0][6][11]$a$267 [4] 2'11 }, Y={ $memory$auto$proc_rom.cc:155:do_switch$3$rdmux[0][5][26]$a$216 [26] $memory$auto$proc_rom.cc:155:do_switch$3$rdmux[0][5][26]$a$216 [18:17] $memory$auto$proc_rom.cc:155:do_switch$3$rdmux[0][5][26]$a$216 [15] $memory$auto$proc_rom.cc:155:do_switch$3$rdmux[0][5][26]$a$216 [13] $memory$auto$proc_rom.cc:155:do_switch$3$rdmux[0][5][26]$a$216 [8:5] $memory$auto$proc_rom.cc:155:do_switch$3$rdmux[0][5][26]$a$216 [3:0] }
      New ports: A={ 1'0 $memory$auto$proc_rom.cc:155:do_switch$3$rdmux[0][6][11]$a$267 [6] 1'0 $memory$auto$proc_rom.cc:155:do_switch$3$rdmux[0][6][11]$a$267 [4] $memory$auto$proc_rom.cc:155:do_switch$3$rdmux[0][6][11]$a$267 [6] 2'11 $memory$auto$proc_rom.cc:155:do_switch$3$rdmux[0][6][11]$a$267 [6] 1'1 $memory$auto$proc_rom.cc:155:do_switch$3$rdmux[0][6][11]$a$267 [4] 1'0 }, B={ $memory$auto$proc_rom.cc:155:do_switch$3$rdmux[0][6][11]$a$267 [4] 1'0 $memory$auto$proc_rom.cc:155:do_switch$3$rdmux[0][6][11]$a$267 [6] 2'01 $memory$auto$proc_rom.cc:155:do_switch$3$rdmux[0][6][11]$a$267 [6] 1'0 $memory$auto$proc_rom.cc:155:do_switch$3$rdmux[0][6][11]$a$267 [4] $memory$auto$proc_rom.cc:155:do_switch$3$rdmux[0][6][11]$a$267 [4] 2'11 }, Y={ $memory$auto$proc_rom.cc:155:do_switch$3$rdmux[0][5][26]$a$216 [18:17] $memory$auto$proc_rom.cc:155:do_switch$3$rdmux[0][5][26]$a$216 [13] $memory$auto$proc_rom.cc:155:do_switch$3$rdmux[0][5][26]$a$216 [8:5] $memory$auto$proc_rom.cc:155:do_switch$3$rdmux[0][5][26]$a$216 [3:0] }
      New connections: { $memory$auto$proc_rom.cc:155:do_switch$3$rdmux[0][5][26]$a$216 [26] $memory$auto$proc_rom.cc:155:do_switch$3$rdmux[0][5][26]$a$216 [15] } = { $memory$auto$proc_rom.cc:155:do_switch$3$rdmux[0][6][11]$a$267 [4] $memory$auto$proc_rom.cc:155:do_switch$3$rdmux[0][6][11]$a$267 [6] }
    Consolidated identical input bits for $mux cell $memory$auto$proc_rom.cc:155:do_switch$3$rdmux[0][6][50]$383:
      Old ports: A={ $memory$auto$proc_rom.cc:155:do_switch$3$rdmux[0][6][0]$a$234 [2] $memory$auto$proc_rom.cc:155:do_switch$3$rdmux[0][6][0]$a$234 [2:1] $memory$auto$proc_rom.cc:155:do_switch$3$rdmux[0][6][0]$a$234 [2] 5'00110 $memory$auto$proc_rom.cc:155:do_switch$3$rdmux[0][6][0]$a$234 [1] 1'1 $memory$auto$proc_rom.cc:155:do_switch$3$rdmux[0][6][0]$a$234 [1] }, B={ $memory$auto$proc_rom.cc:155:do_switch$3$rdmux[0][6][0]$a$234 [1] $memory$auto$proc_rom.cc:155:do_switch$3$rdmux[0][6][0]$a$234 [2] $memory$auto$proc_rom.cc:155:do_switch$3$rdmux[0][6][0]$a$234 [2] 1'1 $memory$auto$proc_rom.cc:155:do_switch$3$rdmux[0][6][0]$a$234 [1] 1'1 $memory$auto$proc_rom.cc:155:do_switch$3$rdmux[0][6][0]$a$234 [2] 1'0 $memory$auto$proc_rom.cc:155:do_switch$3$rdmux[0][6][0]$a$234 [2] 1'1 $memory$auto$proc_rom.cc:155:do_switch$3$rdmux[0][6][0]$a$234 [1] $memory$auto$proc_rom.cc:155:do_switch$3$rdmux[0][6][0]$a$234 [1] }, Y={ $memory$auto$proc_rom.cc:155:do_switch$3$rdmux[0][5][25]$a$213 [28] $memory$auto$proc_rom.cc:155:do_switch$3$rdmux[0][5][25]$a$213 [24:23] $memory$auto$proc_rom.cc:155:do_switch$3$rdmux[0][5][25]$a$213 [14] $memory$auto$proc_rom.cc:155:do_switch$3$rdmux[0][5][25]$a$213 [12:11] $memory$auto$proc_rom.cc:155:do_switch$3$rdmux[0][5][25]$a$213 [9:8] $memory$auto$proc_rom.cc:155:do_switch$3$rdmux[0][5][25]$a$213 [4:3] $memory$auto$proc_rom.cc:155:do_switch$3$rdmux[0][5][25]$a$213 [1:0] }
      New ports: A={ $memory$auto$proc_rom.cc:155:do_switch$3$rdmux[0][6][0]$a$234 [2:1] $memory$auto$proc_rom.cc:155:do_switch$3$rdmux[0][6][0]$a$234 [2] 5'00110 $memory$auto$proc_rom.cc:155:do_switch$3$rdmux[0][6][0]$a$234 [1] 1'1 }, B={ $memory$auto$proc_rom.cc:155:do_switch$3$rdmux[0][6][0]$a$234 [1] $memory$auto$proc_rom.cc:155:do_switch$3$rdmux[0][6][0]$a$234 [2] 1'1 $memory$auto$proc_rom.cc:155:do_switch$3$rdmux[0][6][0]$a$234 [1] 1'1 $memory$auto$proc_rom.cc:155:do_switch$3$rdmux[0][6][0]$a$234 [2] 1'0 $memory$auto$proc_rom.cc:155:do_switch$3$rdmux[0][6][0]$a$234 [2] 1'1 $memory$auto$proc_rom.cc:155:do_switch$3$rdmux[0][6][0]$a$234 [1] }, Y={ $memory$auto$proc_rom.cc:155:do_switch$3$rdmux[0][5][25]$a$213 [28] $memory$auto$proc_rom.cc:155:do_switch$3$rdmux[0][5][25]$a$213 [23] $memory$auto$proc_rom.cc:155:do_switch$3$rdmux[0][5][25]$a$213 [14] $memory$auto$proc_rom.cc:155:do_switch$3$rdmux[0][5][25]$a$213 [12:11] $memory$auto$proc_rom.cc:155:do_switch$3$rdmux[0][5][25]$a$213 [9:8] $memory$auto$proc_rom.cc:155:do_switch$3$rdmux[0][5][25]$a$213 [4:3] $memory$auto$proc_rom.cc:155:do_switch$3$rdmux[0][5][25]$a$213 [1] }
      New connections: { $memory$auto$proc_rom.cc:155:do_switch$3$rdmux[0][5][25]$a$213 [24] $memory$auto$proc_rom.cc:155:do_switch$3$rdmux[0][5][25]$a$213 [0] } = $memory$auto$proc_rom.cc:155:do_switch$3$rdmux[0][6][0]$a$234 [2:1]
    Consolidated identical input bits for $mux cell $memory$auto$proc_rom.cc:155:do_switch$3$rdmux[0][6][49]$380:
      Old ports: A={ $memory$auto$proc_rom.cc:155:do_switch$3$rdmux[0][6][0]$a$234 [1] $memory$auto$proc_rom.cc:155:do_switch$3$rdmux[0][6][0]$a$234 [2] $memory$auto$proc_rom.cc:155:do_switch$3$rdmux[0][6][0]$a$234 [2] 1'0 $memory$auto$proc_rom.cc:155:do_switch$3$rdmux[0][6][0]$a$234 [1] 2'11 $memory$auto$proc_rom.cc:155:do_switch$3$rdmux[0][6][0]$a$234 [1] 1'0 $memory$auto$proc_rom.cc:155:do_switch$3$rdmux[0][6][0]$a$234 [1] 1'1 }, B={ $memory$auto$proc_rom.cc:155:do_switch$3$rdmux[0][6][0]$a$234 [2] 1'1 $memory$auto$proc_rom.cc:155:do_switch$3$rdmux[0][6][0]$a$234 [1] $memory$auto$proc_rom.cc:155:do_switch$3$rdmux[0][6][0]$a$234 [2] 1'1 $memory$auto$proc_rom.cc:155:do_switch$3$rdmux[0][6][0]$a$234 [1] $memory$auto$proc_rom.cc:155:do_switch$3$rdmux[0][6][0]$a$234 [2:1] $memory$auto$proc_rom.cc:155:do_switch$3$rdmux[0][6][0]$a$234 [1] 2'00 }, Y={ $memory$auto$proc_rom.cc:155:do_switch$3$rdmux[0][5][24]$b$211 [19] $memory$auto$proc_rom.cc:155:do_switch$3$rdmux[0][5][24]$b$211 [17:15] $memory$auto$proc_rom.cc:155:do_switch$3$rdmux[0][5][24]$b$211 [12] $memory$auto$proc_rom.cc:155:do_switch$3$rdmux[0][5][24]$b$211 [10:9] $memory$auto$proc_rom.cc:155:do_switch$3$rdmux[0][5][24]$b$211 [5:4] $memory$auto$proc_rom.cc:155:do_switch$3$rdmux[0][5][24]$b$211 [2:1] }
      New ports: A={ $memory$auto$proc_rom.cc:155:do_switch$3$rdmux[0][6][0]$a$234 [1] $memory$auto$proc_rom.cc:155:do_switch$3$rdmux[0][6][0]$a$234 [2] $memory$auto$proc_rom.cc:155:do_switch$3$rdmux[0][6][0]$a$234 [2] 1'0 $memory$auto$proc_rom.cc:155:do_switch$3$rdmux[0][6][0]$a$234 [1] 3'110 $memory$auto$proc_rom.cc:155:do_switch$3$rdmux[0][6][0]$a$234 [1] 1'1 }, B={ $memory$auto$proc_rom.cc:155:do_switch$3$rdmux[0][6][0]$a$234 [2] 1'1 $memory$auto$proc_rom.cc:155:do_switch$3$rdmux[0][6][0]$a$234 [1] $memory$auto$proc_rom.cc:155:do_switch$3$rdmux[0][6][0]$a$234 [2] 1'1 $memory$auto$proc_rom.cc:155:do_switch$3$rdmux[0][6][0]$a$234 [1] $memory$auto$proc_rom.cc:155:do_switch$3$rdmux[0][6][0]$a$234 [2:1] 2'00 }, Y={ $memory$auto$proc_rom.cc:155:do_switch$3$rdmux[0][5][24]$b$211 [19] $memory$auto$proc_rom.cc:155:do_switch$3$rdmux[0][5][24]$b$211 [17:15] $memory$auto$proc_rom.cc:155:do_switch$3$rdmux[0][5][24]$b$211 [12] $memory$auto$proc_rom.cc:155:do_switch$3$rdmux[0][5][24]$b$211 [10:9] $memory$auto$proc_rom.cc:155:do_switch$3$rdmux[0][5][24]$b$211 [4] $memory$auto$proc_rom.cc:155:do_switch$3$rdmux[0][5][24]$b$211 [2:1] }
      New connections: $memory$auto$proc_rom.cc:155:do_switch$3$rdmux[0][5][24]$b$211 [5] = $memory$auto$proc_rom.cc:155:do_switch$3$rdmux[0][6][0]$a$234 [1]
    Consolidated identical input bits for $mux cell $memory$auto$proc_rom.cc:155:do_switch$3$rdmux[0][6][45]$368:
      Old ports: A={ $memory$auto$proc_rom.cc:155:do_switch$3$rdmux[0][6][11]$a$267 [6] $memory$auto$proc_rom.cc:155:do_switch$3$rdmux[0][6][11]$a$267 [6] 1'1 $memory$auto$proc_rom.cc:155:do_switch$3$rdmux[0][6][11]$a$267 [6] 1'0 $memory$auto$proc_rom.cc:155:do_switch$3$rdmux[0][6][11]$a$267 [6] $memory$auto$proc_rom.cc:155:do_switch$3$rdmux[0][6][11]$a$267 [4] 1'1 $memory$auto$proc_rom.cc:155:do_switch$3$rdmux[0][6][11]$a$267 [4] 1'1 $memory$auto$proc_rom.cc:155:do_switch$3$rdmux[0][6][11]$a$267 [4] $memory$auto$proc_rom.cc:155:do_switch$3$rdmux[0][6][11]$a$267 [4] }, B={ 1'1 $memory$auto$proc_rom.cc:155:do_switch$3$rdmux[0][6][11]$a$267 [6] $memory$auto$proc_rom.cc:155:do_switch$3$rdmux[0][6][11]$a$267 [6] $memory$auto$proc_rom.cc:155:do_switch$3$rdmux[0][6][11]$a$267 [4] $memory$auto$proc_rom.cc:155:do_switch$3$rdmux[0][6][11]$a$267 [4] 1'0 $memory$auto$proc_rom.cc:155:do_switch$3$rdmux[0][6][11]$a$267 [6] 2'01 $memory$auto$proc_rom.cc:155:do_switch$3$rdmux[0][6][11]$a$267 [4] 1'0 $memory$auto$proc_rom.cc:155:do_switch$3$rdmux[0][6][11]$a$267 [4] }, Y={ $memory$auto$proc_rom.cc:155:do_switch$3$rdmux[0][5][22]$b$205 [28] $memory$auto$proc_rom.cc:155:do_switch$3$rdmux[0][5][22]$b$205 [20] $memory$auto$proc_rom.cc:155:do_switch$3$rdmux[0][5][22]$b$205 [15:14] $memory$auto$proc_rom.cc:155:do_switch$3$rdmux[0][5][22]$b$205 [10] $memory$auto$proc_rom.cc:155:do_switch$3$rdmux[0][5][22]$b$205 [7:6] $memory$auto$proc_rom.cc:155:do_switch$3$rdmux[0][5][22]$b$205 [4:0] }
      New ports: A={ $memory$auto$proc_rom.cc:155:do_switch$3$rdmux[0][6][11]$a$267 [6] 1'1 $memory$auto$proc_rom.cc:155:do_switch$3$rdmux[0][6][11]$a$267 [6] 1'0 $memory$auto$proc_rom.cc:155:do_switch$3$rdmux[0][6][11]$a$267 [6] $memory$auto$proc_rom.cc:155:do_switch$3$rdmux[0][6][11]$a$267 [4] 1'1 $memory$auto$proc_rom.cc:155:do_switch$3$rdmux[0][6][11]$a$267 [4] 1'1 $memory$auto$proc_rom.cc:155:do_switch$3$rdmux[0][6][11]$a$267 [4] }, B={ 1'1 $memory$auto$proc_rom.cc:155:do_switch$3$rdmux[0][6][11]$a$267 [6] $memory$auto$proc_rom.cc:155:do_switch$3$rdmux[0][6][11]$a$267 [4] $memory$auto$proc_rom.cc:155:do_switch$3$rdmux[0][6][11]$a$267 [4] 1'0 $memory$auto$proc_rom.cc:155:do_switch$3$rdmux[0][6][11]$a$267 [6] 2'01 $memory$auto$proc_rom.cc:155:do_switch$3$rdmux[0][6][11]$a$267 [4] 1'0 }, Y={ $memory$auto$proc_rom.cc:155:do_switch$3$rdmux[0][5][22]$b$205 [28] $memory$auto$proc_rom.cc:155:do_switch$3$rdmux[0][5][22]$b$205 [15:14] $memory$auto$proc_rom.cc:155:do_switch$3$rdmux[0][5][22]$b$205 [10] $memory$auto$proc_rom.cc:155:do_switch$3$rdmux[0][5][22]$b$205 [7:6] $memory$auto$proc_rom.cc:155:do_switch$3$rdmux[0][5][22]$b$205 [4:1] }
      New connections: { $memory$auto$proc_rom.cc:155:do_switch$3$rdmux[0][5][22]$b$205 [20] $memory$auto$proc_rom.cc:155:do_switch$3$rdmux[0][5][22]$b$205 [0] } = { $memory$auto$proc_rom.cc:155:do_switch$3$rdmux[0][6][11]$a$267 [6] $memory$auto$proc_rom.cc:155:do_switch$3$rdmux[0][6][11]$a$267 [4] }
    Consolidated identical input bits for $mux cell $memory$auto$proc_rom.cc:155:do_switch$3$rdmux[0][6][43]$362:
      Old ports: A={ 3'101 $memory$auto$proc_rom.cc:155:do_switch$3$rdmux[0][6][11]$a$267 [6] 2'10 $memory$auto$proc_rom.cc:155:do_switch$3$rdmux[0][6][11]$a$267 [4] $memory$auto$proc_rom.cc:155:do_switch$3$rdmux[0][6][11]$a$267 [4] $memory$auto$proc_rom.cc:155:do_switch$3$rdmux[0][6][11]$a$267 [6] 1'0 $memory$auto$proc_rom.cc:155:do_switch$3$rdmux[0][6][11]$a$267 [6] $memory$auto$proc_rom.cc:155:do_switch$3$rdmux[0][6][11]$a$267 [4] }, B={ $memory$auto$proc_rom.cc:155:do_switch$3$rdmux[0][6][11]$a$267 [6] $memory$auto$proc_rom.cc:155:do_switch$3$rdmux[0][6][11]$a$267 [6] 2'00 $memory$auto$proc_rom.cc:155:do_switch$3$rdmux[0][6][11]$a$267 [4] $memory$auto$proc_rom.cc:155:do_switch$3$rdmux[0][6][11]$a$267 [4] $memory$auto$proc_rom.cc:155:do_switch$3$rdmux[0][6][11]$a$267 [4] $memory$auto$proc_rom.cc:155:do_switch$3$rdmux[0][6][11]$a$267 [6] $memory$auto$proc_rom.cc:155:do_switch$3$rdmux[0][6][11]$a$267 [4] 3'110 }, Y={ $memory$auto$proc_rom.cc:155:do_switch$3$rdmux[0][5][21]$b$202 [29:28] $memory$auto$proc_rom.cc:155:do_switch$3$rdmux[0][5][21]$b$202 [24] $memory$auto$proc_rom.cc:155:do_switch$3$rdmux[0][5][21]$b$202 [21] $memory$auto$proc_rom.cc:155:do_switch$3$rdmux[0][5][21]$b$202 [16] $memory$auto$proc_rom.cc:155:do_switch$3$rdmux[0][5][21]$b$202 [10] $memory$auto$proc_rom.cc:155:do_switch$3$rdmux[0][5][21]$b$202 [7:3] $memory$auto$proc_rom.cc:155:do_switch$3$rdmux[0][5][21]$b$202 [1] }
      New ports: A={ 3'101 $memory$auto$proc_rom.cc:155:do_switch$3$rdmux[0][6][11]$a$267 [6] 2'10 $memory$auto$proc_rom.cc:155:do_switch$3$rdmux[0][6][11]$a$267 [4] $memory$auto$proc_rom.cc:155:do_switch$3$rdmux[0][6][11]$a$267 [6] 1'0 $memory$auto$proc_rom.cc:155:do_switch$3$rdmux[0][6][11]$a$267 [6] $memory$auto$proc_rom.cc:155:do_switch$3$rdmux[0][6][11]$a$267 [4] }, B={ $memory$auto$proc_rom.cc:155:do_switch$3$rdmux[0][6][11]$a$267 [6] $memory$auto$proc_rom.cc:155:do_switch$3$rdmux[0][6][11]$a$267 [6] 2'00 $memory$auto$proc_rom.cc:155:do_switch$3$rdmux[0][6][11]$a$267 [4] $memory$auto$proc_rom.cc:155:do_switch$3$rdmux[0][6][11]$a$267 [4] $memory$auto$proc_rom.cc:155:do_switch$3$rdmux[0][6][11]$a$267 [6] $memory$auto$proc_rom.cc:155:do_switch$3$rdmux[0][6][11]$a$267 [4] 3'110 }, Y={ $memory$auto$proc_rom.cc:155:do_switch$3$rdmux[0][5][21]$b$202 [29:28] $memory$auto$proc_rom.cc:155:do_switch$3$rdmux[0][5][21]$b$202 [24] $memory$auto$proc_rom.cc:155:do_switch$3$rdmux[0][5][21]$b$202 [21] $memory$auto$proc_rom.cc:155:do_switch$3$rdmux[0][5][21]$b$202 [16] $memory$auto$proc_rom.cc:155:do_switch$3$rdmux[0][5][21]$b$202 [10] $memory$auto$proc_rom.cc:155:do_switch$3$rdmux[0][5][21]$b$202 [6:3] $memory$auto$proc_rom.cc:155:do_switch$3$rdmux[0][5][21]$b$202 [1] }
      New connections: $memory$auto$proc_rom.cc:155:do_switch$3$rdmux[0][5][21]$b$202 [7] = $memory$auto$proc_rom.cc:155:do_switch$3$rdmux[0][6][11]$a$267 [4]
    Consolidated identical input bits for $mux cell $memory$auto$proc_rom.cc:155:do_switch$3$rdmux[0][6][42]$359:
      Old ports: A={ 1'1 $memory$auto$proc_rom.cc:155:do_switch$3$rdmux[0][6][11]$a$267 [6] $memory$auto$proc_rom.cc:155:do_switch$3$rdmux[0][6][11]$a$267 [4] $memory$auto$proc_rom.cc:155:do_switch$3$rdmux[0][6][11]$a$267 [4] $memory$auto$proc_rom.cc:155:do_switch$3$rdmux[0][6][11]$a$267 [6] $memory$auto$proc_rom.cc:155:do_switch$3$rdmux[0][6][11]$a$267 [6] $memory$auto$proc_rom.cc:155:do_switch$3$rdmux[0][6][11]$a$267 [4] 1'0 $memory$auto$proc_rom.cc:155:do_switch$3$rdmux[0][6][11]$a$267 [6] 2'10 $memory$auto$proc_rom.cc:155:do_switch$3$rdmux[0][6][11]$a$267 [4] }, B={ 2'00 $memory$auto$proc_rom.cc:155:do_switch$3$rdmux[0][6][11]$a$267 [6] 2'11 $memory$auto$proc_rom.cc:155:do_switch$3$rdmux[0][6][11]$a$267 [6] $memory$auto$proc_rom.cc:155:do_switch$3$rdmux[0][6][11]$a$267 [4] 1'1 $memory$auto$proc_rom.cc:155:do_switch$3$rdmux[0][6][11]$a$267 [4] $memory$auto$proc_rom.cc:155:do_switch$3$rdmux[0][6][11]$a$267 [6] $memory$auto$proc_rom.cc:155:do_switch$3$rdmux[0][6][11]$a$267 [4] 1'0 }, Y={ $memory$auto$proc_rom.cc:155:do_switch$3$rdmux[0][5][21]$a$201 [25:24] $memory$auto$proc_rom.cc:155:do_switch$3$rdmux[0][5][21]$a$201 [19] $memory$auto$proc_rom.cc:155:do_switch$3$rdmux[0][5][21]$a$201 [17] $memory$auto$proc_rom.cc:155:do_switch$3$rdmux[0][5][21]$a$201 [15] $memory$auto$proc_rom.cc:155:do_switch$3$rdmux[0][5][21]$a$201 [9] $memory$auto$proc_rom.cc:155:do_switch$3$rdmux[0][5][21]$a$201 [6:1] }
      New ports: A={ 1'1 $memory$auto$proc_rom.cc:155:do_switch$3$rdmux[0][6][11]$a$267 [6] $memory$auto$proc_rom.cc:155:do_switch$3$rdmux[0][6][11]$a$267 [4] $memory$auto$proc_rom.cc:155:do_switch$3$rdmux[0][6][11]$a$267 [4] $memory$auto$proc_rom.cc:155:do_switch$3$rdmux[0][6][11]$a$267 [6] 1'0 $memory$auto$proc_rom.cc:155:do_switch$3$rdmux[0][6][11]$a$267 [6] 2'10 $memory$auto$proc_rom.cc:155:do_switch$3$rdmux[0][6][11]$a$267 [4] }, B={ 2'00 $memory$auto$proc_rom.cc:155:do_switch$3$rdmux[0][6][11]$a$267 [6] 3'111 $memory$auto$proc_rom.cc:155:do_switch$3$rdmux[0][6][11]$a$267 [4] $memory$auto$proc_rom.cc:155:do_switch$3$rdmux[0][6][11]$a$267 [6] $memory$auto$proc_rom.cc:155:do_switch$3$rdmux[0][6][11]$a$267 [4] 1'0 }, Y={ $memory$auto$proc_rom.cc:155:do_switch$3$rdmux[0][5][21]$a$201 [25:24] $memory$auto$proc_rom.cc:155:do_switch$3$rdmux[0][5][21]$a$201 [19] $memory$auto$proc_rom.cc:155:do_switch$3$rdmux[0][5][21]$a$201 [17] $memory$auto$proc_rom.cc:155:do_switch$3$rdmux[0][5][21]$a$201 [15] $memory$auto$proc_rom.cc:155:do_switch$3$rdmux[0][5][21]$a$201 [5:1] }
      New connections: { $memory$auto$proc_rom.cc:155:do_switch$3$rdmux[0][5][21]$a$201 [9] $memory$auto$proc_rom.cc:155:do_switch$3$rdmux[0][5][21]$a$201 [6] } = { $memory$auto$proc_rom.cc:155:do_switch$3$rdmux[0][6][11]$a$267 [6] $memory$auto$proc_rom.cc:155:do_switch$3$rdmux[0][6][11]$a$267 [4] }
    Consolidated identical input bits for $mux cell $memory$auto$proc_rom.cc:155:do_switch$3$rdmux[0][6][39]$350:
      Old ports: A={ $memory$auto$proc_rom.cc:155:do_switch$3$rdmux[0][6][11]$a$267 [6] 1'0 $memory$auto$proc_rom.cc:155:do_switch$3$rdmux[0][6][11]$a$267 [6] 1'1 $memory$auto$proc_rom.cc:155:do_switch$3$rdmux[0][6][11]$a$267 [6] $memory$auto$proc_rom.cc:155:do_switch$3$rdmux[0][6][11]$a$267 [4] $memory$auto$proc_rom.cc:155:do_switch$3$rdmux[0][6][11]$a$267 [4] 1'0 $memory$auto$proc_rom.cc:155:do_switch$3$rdmux[0][6][11]$a$267 [6] 2'01 $memory$auto$proc_rom.cc:155:do_switch$3$rdmux[0][6][11]$a$267 [4] 1'1 }, B={ 1'0 $memory$auto$proc_rom.cc:155:do_switch$3$rdmux[0][6][11]$a$267 [4] 1'1 $memory$auto$proc_rom.cc:155:do_switch$3$rdmux[0][6][11]$a$267 [6] $memory$auto$proc_rom.cc:155:do_switch$3$rdmux[0][6][11]$a$267 [6] 1'0 $memory$auto$proc_rom.cc:155:do_switch$3$rdmux[0][6][11]$a$267 [4] 1'1 $memory$auto$proc_rom.cc:155:do_switch$3$rdmux[0][6][11]$a$267 [4] $memory$auto$proc_rom.cc:155:do_switch$3$rdmux[0][6][11]$a$267 [6] 2'01 $memory$auto$proc_rom.cc:155:do_switch$3$rdmux[0][6][11]$a$267 [4] }, Y={ $memory$auto$proc_rom.cc:155:do_switch$3$rdmux[0][5][19]$b$196 [31] $memory$auto$proc_rom.cc:155:do_switch$3$rdmux[0][5][19]$b$196 [24] $memory$auto$proc_rom.cc:155:do_switch$3$rdmux[0][5][19]$b$196 [20] $memory$auto$proc_rom.cc:155:do_switch$3$rdmux[0][5][19]$b$196 [16] $memory$auto$proc_rom.cc:155:do_switch$3$rdmux[0][5][19]$b$196 [11:10] $memory$auto$proc_rom.cc:155:do_switch$3$rdmux[0][5][19]$b$196 [8:7] $memory$auto$proc_rom.cc:155:do_switch$3$rdmux[0][5][19]$b$196 [5:1] }
      New ports: A={ $memory$auto$proc_rom.cc:155:do_switch$3$rdmux[0][6][11]$a$267 [6] 1'0 $memory$auto$proc_rom.cc:155:do_switch$3$rdmux[0][6][11]$a$267 [6] 1'1 $memory$auto$proc_rom.cc:155:do_switch$3$rdmux[0][6][11]$a$267 [4] 1'0 $memory$auto$proc_rom.cc:155:do_switch$3$rdmux[0][6][11]$a$267 [6] 2'01 $memory$auto$proc_rom.cc:155:do_switch$3$rdmux[0][6][11]$a$267 [4] 1'1 }, B={ 1'0 $memory$auto$proc_rom.cc:155:do_switch$3$rdmux[0][6][11]$a$267 [4] 1'1 $memory$auto$proc_rom.cc:155:do_switch$3$rdmux[0][6][11]$a$267 [6] 2'01 $memory$auto$proc_rom.cc:155:do_switch$3$rdmux[0][6][11]$a$267 [4] $memory$auto$proc_rom.cc:155:do_switch$3$rdmux[0][6][11]$a$267 [6] 2'01 $memory$auto$proc_rom.cc:155:do_switch$3$rdmux[0][6][11]$a$267 [4] }, Y={ $memory$auto$proc_rom.cc:155:do_switch$3$rdmux[0][5][19]$b$196 [31] $memory$auto$proc_rom.cc:155:do_switch$3$rdmux[0][5][19]$b$196 [24] $memory$auto$proc_rom.cc:155:do_switch$3$rdmux[0][5][19]$b$196 [20] $memory$auto$proc_rom.cc:155:do_switch$3$rdmux[0][5][19]$b$196 [16] $memory$auto$proc_rom.cc:155:do_switch$3$rdmux[0][5][19]$b$196 [10] $memory$auto$proc_rom.cc:155:do_switch$3$rdmux[0][5][19]$b$196 [7] $memory$auto$proc_rom.cc:155:do_switch$3$rdmux[0][5][19]$b$196 [5:1] }
      New connections: { $memory$auto$proc_rom.cc:155:do_switch$3$rdmux[0][5][19]$b$196 [11] $memory$auto$proc_rom.cc:155:do_switch$3$rdmux[0][5][19]$b$196 [8] } = { $memory$auto$proc_rom.cc:155:do_switch$3$rdmux[0][6][11]$a$267 [6] $memory$auto$proc_rom.cc:155:do_switch$3$rdmux[0][6][11]$a$267 [4] }
    Consolidated identical input bits for $mux cell $memory$auto$proc_rom.cc:155:do_switch$3$rdmux[0][6][38]$347:
      Old ports: A={ $memory$auto$proc_rom.cc:155:do_switch$3$rdmux[0][6][11]$a$267 [4] 1'0 $memory$auto$proc_rom.cc:155:do_switch$3$rdmux[0][6][11]$a$267 [6] $memory$auto$proc_rom.cc:155:do_switch$3$rdmux[0][6][11]$a$267 [6] $memory$auto$proc_rom.cc:155:do_switch$3$rdmux[0][6][11]$a$267 [4] 2'10 $memory$auto$proc_rom.cc:155:do_switch$3$rdmux[0][6][11]$a$267 [4] 1'0 $memory$auto$proc_rom.cc:155:do_switch$3$rdmux[0][6][11]$a$267 [6] 1'1 $memory$auto$proc_rom.cc:155:do_switch$3$rdmux[0][6][11]$a$267 [4] 1'1 }, B={ $memory$auto$proc_rom.cc:155:do_switch$3$rdmux[0][6][11]$a$267 [6] 1'1 $memory$auto$proc_rom.cc:155:do_switch$3$rdmux[0][6][11]$a$267 [6] 2'10 $memory$auto$proc_rom.cc:155:do_switch$3$rdmux[0][6][11]$a$267 [6] $memory$auto$proc_rom.cc:155:do_switch$3$rdmux[0][6][11]$a$267 [6] 1'1 $memory$auto$proc_rom.cc:155:do_switch$3$rdmux[0][6][11]$a$267 [4] 1'0 $memory$auto$proc_rom.cc:155:do_switch$3$rdmux[0][6][11]$a$267 [4] $memory$auto$proc_rom.cc:155:do_switch$3$rdmux[0][6][11]$a$267 [4] 1'0 }, Y={ $memory$auto$proc_rom.cc:155:do_switch$3$rdmux[0][5][19]$a$195 [31:29] $memory$auto$proc_rom.cc:155:do_switch$3$rdmux[0][5][19]$a$195 [24] $memory$auto$proc_rom.cc:155:do_switch$3$rdmux[0][5][19]$a$195 [18] $memory$auto$proc_rom.cc:155:do_switch$3$rdmux[0][5][19]$a$195 [16] $memory$auto$proc_rom.cc:155:do_switch$3$rdmux[0][5][19]$a$195 [13] $memory$auto$proc_rom.cc:155:do_switch$3$rdmux[0][5][19]$a$195 [11] $memory$auto$proc_rom.cc:155:do_switch$3$rdmux[0][5][19]$a$195 [8] $memory$auto$proc_rom.cc:155:do_switch$3$rdmux[0][5][19]$a$195 [5] $memory$auto$proc_rom.cc:155:do_switch$3$rdmux[0][5][19]$a$195 [3:2] $memory$auto$proc_rom.cc:155:do_switch$3$rdmux[0][5][19]$a$195 [0] }
      New ports: A={ $memory$auto$proc_rom.cc:155:do_switch$3$rdmux[0][6][11]$a$267 [4] 1'0 $memory$auto$proc_rom.cc:155:do_switch$3$rdmux[0][6][11]$a$267 [6] $memory$auto$proc_rom.cc:155:do_switch$3$rdmux[0][6][11]$a$267 [4] 2'10 $memory$auto$proc_rom.cc:155:do_switch$3$rdmux[0][6][11]$a$267 [4] 1'0 $memory$auto$proc_rom.cc:155:do_switch$3$rdmux[0][6][11]$a$267 [6] 2'11 }, B={ $memory$auto$proc_rom.cc:155:do_switch$3$rdmux[0][6][11]$a$267 [6] 3'110 $memory$auto$proc_rom.cc:155:do_switch$3$rdmux[0][6][11]$a$267 [6] $memory$auto$proc_rom.cc:155:do_switch$3$rdmux[0][6][11]$a$267 [6] 1'1 $memory$auto$proc_rom.cc:155:do_switch$3$rdmux[0][6][11]$a$267 [4] 1'0 $memory$auto$proc_rom.cc:155:do_switch$3$rdmux[0][6][11]$a$267 [4] 1'0 }, Y={ $memory$auto$proc_rom.cc:155:do_switch$3$rdmux[0][5][19]$a$195 [31:30] $memory$auto$proc_rom.cc:155:do_switch$3$rdmux[0][5][19]$a$195 [24] $memory$auto$proc_rom.cc:155:do_switch$3$rdmux[0][5][19]$a$195 [18] $memory$auto$proc_rom.cc:155:do_switch$3$rdmux[0][5][19]$a$195 [16] $memory$auto$proc_rom.cc:155:do_switch$3$rdmux[0][5][19]$a$195 [13] $memory$auto$proc_rom.cc:155:do_switch$3$rdmux[0][5][19]$a$195 [11] $memory$auto$proc_rom.cc:155:do_switch$3$rdmux[0][5][19]$a$195 [8] $memory$auto$proc_rom.cc:155:do_switch$3$rdmux[0][5][19]$a$195 [5] $memory$auto$proc_rom.cc:155:do_switch$3$rdmux[0][5][19]$a$195 [3] $memory$auto$proc_rom.cc:155:do_switch$3$rdmux[0][5][19]$a$195 [0] }
      New connections: { $memory$auto$proc_rom.cc:155:do_switch$3$rdmux[0][5][19]$a$195 [29] $memory$auto$proc_rom.cc:155:do_switch$3$rdmux[0][5][19]$a$195 [2] } = { $memory$auto$proc_rom.cc:155:do_switch$3$rdmux[0][6][11]$a$267 [6] $memory$auto$proc_rom.cc:155:do_switch$3$rdmux[0][6][11]$a$267 [4] }
    Consolidated identical input bits for $mux cell $memory$auto$proc_rom.cc:155:do_switch$3$rdmux[0][6][33]$332:
      Old ports: A={ 1'1 $memory$auto$proc_rom.cc:155:do_switch$3$rdmux[0][6][0]$a$234 [2] $memory$auto$proc_rom.cc:155:do_switch$3$rdmux[0][6][0]$a$234 [2] 1'0 $memory$auto$proc_rom.cc:155:do_switch$3$rdmux[0][6][0]$a$234 [2] 2'11 $memory$auto$proc_rom.cc:155:do_switch$3$rdmux[0][6][0]$a$234 [1] $memory$auto$proc_rom.cc:155:do_switch$3$rdmux[0][6][0]$a$234 [1] $memory$auto$proc_rom.cc:155:do_switch$3$rdmux[0][6][0]$a$234 [2] 2'00 $memory$auto$proc_rom.cc:155:do_switch$3$rdmux[0][6][0]$a$234 [1] }, B={ 2'00 $memory$auto$proc_rom.cc:155:do_switch$3$rdmux[0][6][0]$a$234 [2] $memory$auto$proc_rom.cc:155:do_switch$3$rdmux[0][6][0]$a$234 [2:1] $memory$auto$proc_rom.cc:155:do_switch$3$rdmux[0][6][0]$a$234 [1] $memory$auto$proc_rom.cc:155:do_switch$3$rdmux[0][6][0]$a$234 [2:1] 3'111 $memory$auto$proc_rom.cc:155:do_switch$3$rdmux[0][6][0]$a$234 [1] 1'0 }, Y={ $memory$auto$proc_rom.cc:155:do_switch$3$rdmux[0][5][16]$b$187 [24] $memory$auto$proc_rom.cc:155:do_switch$3$rdmux[0][5][16]$b$187 [21] $memory$auto$proc_rom.cc:155:do_switch$3$rdmux[0][5][16]$b$187 [19] $memory$auto$proc_rom.cc:155:do_switch$3$rdmux[0][5][16]$b$187 [10:7] $memory$auto$proc_rom.cc:155:do_switch$3$rdmux[0][5][16]$b$187 [5:0] }
      New ports: A={ 1'1 $memory$auto$proc_rom.cc:155:do_switch$3$rdmux[0][6][0]$a$234 [2] 1'0 $memory$auto$proc_rom.cc:155:do_switch$3$rdmux[0][6][0]$a$234 [2] 2'11 $memory$auto$proc_rom.cc:155:do_switch$3$rdmux[0][6][0]$a$234 [1] $memory$auto$proc_rom.cc:155:do_switch$3$rdmux[0][6][0]$a$234 [2] 2'00 $memory$auto$proc_rom.cc:155:do_switch$3$rdmux[0][6][0]$a$234 [1] }, B={ 2'00 $memory$auto$proc_rom.cc:155:do_switch$3$rdmux[0][6][0]$a$234 [2:1] $memory$auto$proc_rom.cc:155:do_switch$3$rdmux[0][6][0]$a$234 [1] $memory$auto$proc_rom.cc:155:do_switch$3$rdmux[0][6][0]$a$234 [2] 3'111 $memory$auto$proc_rom.cc:155:do_switch$3$rdmux[0][6][0]$a$234 [1] 1'0 }, Y={ $memory$auto$proc_rom.cc:155:do_switch$3$rdmux[0][5][16]$b$187 [24] $memory$auto$proc_rom.cc:155:do_switch$3$rdmux[0][5][16]$b$187 [21] $memory$auto$proc_rom.cc:155:do_switch$3$rdmux[0][5][16]$b$187 [10:7] $memory$auto$proc_rom.cc:155:do_switch$3$rdmux[0][5][16]$b$187 [4:0] }
      New connections: { $memory$auto$proc_rom.cc:155:do_switch$3$rdmux[0][5][16]$b$187 [19] $memory$auto$proc_rom.cc:155:do_switch$3$rdmux[0][5][16]$b$187 [5] } = $memory$auto$proc_rom.cc:155:do_switch$3$rdmux[0][6][0]$a$234 [2:1]
    Consolidated identical input bits for $mux cell $memory$auto$proc_rom.cc:155:do_switch$3$rdmux[0][6][32]$329:
      Old ports: A={ $memory$auto$proc_rom.cc:155:do_switch$3$rdmux[0][6][11]$a$267 [4] 1'1 $memory$auto$proc_rom.cc:155:do_switch$3$rdmux[0][6][11]$a$267 [4] $memory$auto$proc_rom.cc:155:do_switch$3$rdmux[0][6][11]$a$267 [6] $memory$auto$proc_rom.cc:155:do_switch$3$rdmux[0][6][11]$a$267 [4] $memory$auto$proc_rom.cc:155:do_switch$3$rdmux[0][6][11]$a$267 [6] $memory$auto$proc_rom.cc:155:do_switch$3$rdmux[0][6][11]$a$267 [6] $memory$auto$proc_rom.cc:155:do_switch$3$rdmux[0][6][11]$a$267 [6] 3'101 $memory$auto$proc_rom.cc:155:do_switch$3$rdmux[0][6][11]$a$267 [4] 2'00 }, B={ $memory$auto$proc_rom.cc:155:do_switch$3$rdmux[0][6][11]$a$267 [6] $memory$auto$proc_rom.cc:155:do_switch$3$rdmux[0][6][11]$a$267 [6] 1'0 $memory$auto$proc_rom.cc:155:do_switch$3$rdmux[0][6][11]$a$267 [6] $memory$auto$proc_rom.cc:155:do_switch$3$rdmux[0][6][11]$a$267 [4] 1'1 $memory$auto$proc_rom.cc:155:do_switch$3$rdmux[0][6][11]$a$267 [4] 2'00 $memory$auto$proc_rom.cc:155:do_switch$3$rdmux[0][6][11]$a$267 [6] $memory$auto$proc_rom.cc:155:do_switch$3$rdmux[0][6][11]$a$267 [4] 1'1 $memory$auto$proc_rom.cc:155:do_switch$3$rdmux[0][6][11]$a$267 [4] 1'1 }, Y={ $memory$auto$proc_rom.cc:155:do_switch$3$rdmux[0][5][16]$a$186 [28] $memory$auto$proc_rom.cc:155:do_switch$3$rdmux[0][5][16]$a$186 [21] $memory$auto$proc_rom.cc:155:do_switch$3$rdmux[0][5][16]$a$186 [17] $memory$auto$proc_rom.cc:155:do_switch$3$rdmux[0][5][16]$a$186 [14] $memory$auto$proc_rom.cc:155:do_switch$3$rdmux[0][5][16]$a$186 [12] $memory$auto$proc_rom.cc:155:do_switch$3$rdmux[0][5][16]$a$186 [10:7] $memory$auto$proc_rom.cc:155:do_switch$3$rdmux[0][5][16]$a$186 [5:4] $memory$auto$proc_rom.cc:155:do_switch$3$rdmux[0][5][16]$a$186 [2:0] }
      New ports: A={ $memory$auto$proc_rom.cc:155:do_switch$3$rdmux[0][6][11]$a$267 [4] 1'1 $memory$auto$proc_rom.cc:155:do_switch$3$rdmux[0][6][11]$a$267 [4] $memory$auto$proc_rom.cc:155:do_switch$3$rdmux[0][6][11]$a$267 [6] $memory$auto$proc_rom.cc:155:do_switch$3$rdmux[0][6][11]$a$267 [6] $memory$auto$proc_rom.cc:155:do_switch$3$rdmux[0][6][11]$a$267 [6] 3'101 $memory$auto$proc_rom.cc:155:do_switch$3$rdmux[0][6][11]$a$267 [4] 2'00 }, B={ $memory$auto$proc_rom.cc:155:do_switch$3$rdmux[0][6][11]$a$267 [6] $memory$auto$proc_rom.cc:155:do_switch$3$rdmux[0][6][11]$a$267 [6] 2'01 $memory$auto$proc_rom.cc:155:do_switch$3$rdmux[0][6][11]$a$267 [4] 2'00 $memory$auto$proc_rom.cc:155:do_switch$3$rdmux[0][6][11]$a$267 [6] $memory$auto$proc_rom.cc:155:do_switch$3$rdmux[0][6][11]$a$267 [4] 1'1 $memory$auto$proc_rom.cc:155:do_switch$3$rdmux[0][6][11]$a$267 [4] 1'1 }, Y={ $memory$auto$proc_rom.cc:155:do_switch$3$rdmux[0][5][16]$a$186 [28] $memory$auto$proc_rom.cc:155:do_switch$3$rdmux[0][5][16]$a$186 [21] $memory$auto$proc_rom.cc:155:do_switch$3$rdmux[0][5][16]$a$186 [17] $memory$auto$proc_rom.cc:155:do_switch$3$rdmux[0][5][16]$a$186 [10:7] $memory$auto$proc_rom.cc:155:do_switch$3$rdmux[0][5][16]$a$186 [5:4] $memory$auto$proc_rom.cc:155:do_switch$3$rdmux[0][5][16]$a$186 [2:0] }
      New connections: { $memory$auto$proc_rom.cc:155:do_switch$3$rdmux[0][5][16]$a$186 [14] $memory$auto$proc_rom.cc:155:do_switch$3$rdmux[0][5][16]$a$186 [12] } = { $memory$auto$proc_rom.cc:155:do_switch$3$rdmux[0][6][11]$a$267 [6] $memory$auto$proc_rom.cc:155:do_switch$3$rdmux[0][6][11]$a$267 [4] }
    Consolidated identical input bits for $mux cell $memory$auto$proc_rom.cc:155:do_switch$3$rdmux[0][6][29]$320:
      Old ports: A={ 1'1 $memory$auto$proc_rom.cc:155:do_switch$3$rdmux[0][6][0]$a$234 [1] 1'0 $memory$auto$proc_rom.cc:155:do_switch$3$rdmux[0][6][0]$a$234 [1] $memory$auto$proc_rom.cc:155:do_switch$3$rdmux[0][6][0]$a$234 [2:1] $memory$auto$proc_rom.cc:155:do_switch$3$rdmux[0][6][0]$a$234 [2] $memory$auto$proc_rom.cc:155:do_switch$3$rdmux[0][6][0]$a$234 [2] 3'110 $memory$auto$proc_rom.cc:155:do_switch$3$rdmux[0][6][0]$a$234 [2:1] 1'0 }, B={ $memory$auto$proc_rom.cc:155:do_switch$3$rdmux[0][6][0]$a$234 [2:1] $memory$auto$proc_rom.cc:155:do_switch$3$rdmux[0][6][0]$a$234 [2] 3'001 $memory$auto$proc_rom.cc:155:do_switch$3$rdmux[0][6][0]$a$234 [1] $memory$auto$proc_rom.cc:155:do_switch$3$rdmux[0][6][0]$a$234 [2:1] 3'011 $memory$auto$proc_rom.cc:155:do_switch$3$rdmux[0][6][0]$a$234 [2:1] }, Y={ $memory$auto$proc_rom.cc:155:do_switch$3$rdmux[0][5][14]$b$181 [29] $memory$auto$proc_rom.cc:155:do_switch$3$rdmux[0][5][14]$b$181 [26] $memory$auto$proc_rom.cc:155:do_switch$3$rdmux[0][5][14]$b$181 [22] $memory$auto$proc_rom.cc:155:do_switch$3$rdmux[0][5][14]$b$181 [20] $memory$auto$proc_rom.cc:155:do_switch$3$rdmux[0][5][14]$b$181 [14:13] $memory$auto$proc_rom.cc:155:do_switch$3$rdmux[0][5][14]$b$181 [11] $memory$auto$proc_rom.cc:155:do_switch$3$rdmux[0][5][14]$b$181 [9] $memory$auto$proc_rom.cc:155:do_switch$3$rdmux[0][5][14]$b$181 [7:4] $memory$auto$proc_rom.cc:155:do_switch$3$rdmux[0][5][14]$b$181 [2:1] }
      New ports: A={ 2'10 $memory$auto$proc_rom.cc:155:do_switch$3$rdmux[0][6][0]$a$234 [1] $memory$auto$proc_rom.cc:155:do_switch$3$rdmux[0][6][0]$a$234 [2:1] $memory$auto$proc_rom.cc:155:do_switch$3$rdmux[0][6][0]$a$234 [2] 3'110 $memory$auto$proc_rom.cc:155:do_switch$3$rdmux[0][6][0]$a$234 [2:1] 1'0 }, B={ $memory$auto$proc_rom.cc:155:do_switch$3$rdmux[0][6][0]$a$234 [2] $memory$auto$proc_rom.cc:155:do_switch$3$rdmux[0][6][0]$a$234 [2] 3'001 $memory$auto$proc_rom.cc:155:do_switch$3$rdmux[0][6][0]$a$234 [1] $memory$auto$proc_rom.cc:155:do_switch$3$rdmux[0][6][0]$a$234 [1] 3'011 $memory$auto$proc_rom.cc:155:do_switch$3$rdmux[0][6][0]$a$234 [2:1] }, Y={ $memory$auto$proc_rom.cc:155:do_switch$3$rdmux[0][5][14]$b$181 [29] $memory$auto$proc_rom.cc:155:do_switch$3$rdmux[0][5][14]$b$181 [22] $memory$auto$proc_rom.cc:155:do_switch$3$rdmux[0][5][14]$b$181 [20] $memory$auto$proc_rom.cc:155:do_switch$3$rdmux[0][5][14]$b$181 [14:13] $memory$auto$proc_rom.cc:155:do_switch$3$rdmux[0][5][14]$b$181 [11] $memory$auto$proc_rom.cc:155:do_switch$3$rdmux[0][5][14]$b$181 [7:4] $memory$auto$proc_rom.cc:155:do_switch$3$rdmux[0][5][14]$b$181 [2:1] }
      New connections: { $memory$auto$proc_rom.cc:155:do_switch$3$rdmux[0][5][14]$b$181 [26] $memory$auto$proc_rom.cc:155:do_switch$3$rdmux[0][5][14]$b$181 [9] } = { $memory$auto$proc_rom.cc:155:do_switch$3$rdmux[0][6][0]$a$234 [1] $memory$auto$proc_rom.cc:155:do_switch$3$rdmux[0][6][0]$a$234 [2] }
    Consolidated identical input bits for $mux cell $memory$auto$proc_rom.cc:155:do_switch$3$rdmux[0][6][24]$305:
      Old ports: A={ 1'1 $memory$auto$proc_rom.cc:155:do_switch$3$rdmux[0][6][0]$a$234 [1] 1'0 $memory$auto$proc_rom.cc:155:do_switch$3$rdmux[0][6][0]$a$234 [2] $memory$auto$proc_rom.cc:155:do_switch$3$rdmux[0][6][0]$a$234 [2:1] 2'01 $memory$auto$proc_rom.cc:155:do_switch$3$rdmux[0][6][0]$a$234 [2:1] $memory$auto$proc_rom.cc:155:do_switch$3$rdmux[0][6][0]$a$234 [1] }, B={ 1'0 $memory$auto$proc_rom.cc:155:do_switch$3$rdmux[0][6][0]$a$234 [1] 1'1 $memory$auto$proc_rom.cc:155:do_switch$3$rdmux[0][6][0]$a$234 [2] 1'0 $memory$auto$proc_rom.cc:155:do_switch$3$rdmux[0][6][0]$a$234 [2] $memory$auto$proc_rom.cc:155:do_switch$3$rdmux[0][6][0]$a$234 [2:1] $memory$auto$proc_rom.cc:155:do_switch$3$rdmux[0][6][0]$a$234 [1] 2'01 }, Y={ $memory$auto$proc_rom.cc:155:do_switch$3$rdmux[0][5][12]$a$174 [27] $memory$auto$proc_rom.cc:155:do_switch$3$rdmux[0][5][12]$a$174 [17:16] $memory$auto$proc_rom.cc:155:do_switch$3$rdmux[0][5][12]$a$174 [9] $memory$auto$proc_rom.cc:155:do_switch$3$rdmux[0][5][12]$a$174 [7:5] $memory$auto$proc_rom.cc:155:do_switch$3$rdmux[0][5][12]$a$174 [3:0] }
      New ports: A={ 2'10 $memory$auto$proc_rom.cc:155:do_switch$3$rdmux[0][6][0]$a$234 [2:1] 2'01 $memory$auto$proc_rom.cc:155:do_switch$3$rdmux[0][6][0]$a$234 [2:1] $memory$auto$proc_rom.cc:155:do_switch$3$rdmux[0][6][0]$a$234 [1] }, B={ 3'010 $memory$auto$proc_rom.cc:155:do_switch$3$rdmux[0][6][0]$a$234 [2] $memory$auto$proc_rom.cc:155:do_switch$3$rdmux[0][6][0]$a$234 [2:1] $memory$auto$proc_rom.cc:155:do_switch$3$rdmux[0][6][0]$a$234 [1] 2'01 }, Y={ $memory$auto$proc_rom.cc:155:do_switch$3$rdmux[0][5][12]$a$174 [27] $memory$auto$proc_rom.cc:155:do_switch$3$rdmux[0][5][12]$a$174 [16] $memory$auto$proc_rom.cc:155:do_switch$3$rdmux[0][5][12]$a$174 [7:5] $memory$auto$proc_rom.cc:155:do_switch$3$rdmux[0][5][12]$a$174 [3:0] }
      New connections: { $memory$auto$proc_rom.cc:155:do_switch$3$rdmux[0][5][12]$a$174 [17] $memory$auto$proc_rom.cc:155:do_switch$3$rdmux[0][5][12]$a$174 [9] } = { $memory$auto$proc_rom.cc:155:do_switch$3$rdmux[0][6][0]$a$234 [1] $memory$auto$proc_rom.cc:155:do_switch$3$rdmux[0][6][0]$a$234 [2] }
    Consolidated identical input bits for $mux cell $memory$auto$proc_rom.cc:155:do_switch$3$rdmux[0][6][23]$302:
      Old ports: A={ $memory$auto$proc_rom.cc:155:do_switch$3$rdmux[0][6][11]$a$267 [4] $memory$auto$proc_rom.cc:155:do_switch$3$rdmux[0][6][11]$a$267 [6] $memory$auto$proc_rom.cc:155:do_switch$3$rdmux[0][6][11]$a$267 [4] 1'1 $memory$auto$proc_rom.cc:155:do_switch$3$rdmux[0][6][11]$a$267 [6] $memory$auto$proc_rom.cc:155:do_switch$3$rdmux[0][6][11]$a$267 [4] 1'1 $memory$auto$proc_rom.cc:155:do_switch$3$rdmux[0][6][11]$a$267 [4] 3'001 }, B={ 1'0 $memory$auto$proc_rom.cc:155:do_switch$3$rdmux[0][6][11]$a$267 [6] 3'100 $memory$auto$proc_rom.cc:155:do_switch$3$rdmux[0][6][11]$a$267 [6] $memory$auto$proc_rom.cc:155:do_switch$3$rdmux[0][6][11]$a$267 [6] $memory$auto$proc_rom.cc:155:do_switch$3$rdmux[0][6][11]$a$267 [4] $memory$auto$proc_rom.cc:155:do_switch$3$rdmux[0][6][11]$a$267 [6] 1'1 $memory$auto$proc_rom.cc:155:do_switch$3$rdmux[0][6][11]$a$267 [4] }, Y={ $memory$auto$proc_rom.cc:155:do_switch$3$rdmux[0][5][11]$b$172 [24] $memory$auto$proc_rom.cc:155:do_switch$3$rdmux[0][5][11]$b$172 [21] $memory$auto$proc_rom.cc:155:do_switch$3$rdmux[0][5][11]$b$172 [12:11] $memory$auto$proc_rom.cc:155:do_switch$3$rdmux[0][5][11]$b$172 [7:2] $memory$auto$proc_rom.cc:155:do_switch$3$rdmux[0][5][11]$b$172 [0] }
      New ports: A={ $memory$auto$proc_rom.cc:155:do_switch$3$rdmux[0][6][11]$a$267 [4] $memory$auto$proc_rom.cc:155:do_switch$3$rdmux[0][6][11]$a$267 [4] 1'1 $memory$auto$proc_rom.cc:155:do_switch$3$rdmux[0][6][11]$a$267 [6] $memory$auto$proc_rom.cc:155:do_switch$3$rdmux[0][6][11]$a$267 [4] 4'1001 }, B={ 4'0100 $memory$auto$proc_rom.cc:155:do_switch$3$rdmux[0][6][11]$a$267 [6] $memory$auto$proc_rom.cc:155:do_switch$3$rdmux[0][6][11]$a$267 [6] $memory$auto$proc_rom.cc:155:do_switch$3$rdmux[0][6][11]$a$267 [6] 1'1 $memory$auto$proc_rom.cc:155:do_switch$3$rdmux[0][6][11]$a$267 [4] }, Y={ $memory$auto$proc_rom.cc:155:do_switch$3$rdmux[0][5][11]$b$172 [24] $memory$auto$proc_rom.cc:155:do_switch$3$rdmux[0][5][11]$b$172 [12:11] $memory$auto$proc_rom.cc:155:do_switch$3$rdmux[0][5][11]$b$172 [7:5] $memory$auto$proc_rom.cc:155:do_switch$3$rdmux[0][5][11]$b$172 [3:2] $memory$auto$proc_rom.cc:155:do_switch$3$rdmux[0][5][11]$b$172 [0] }
      New connections: { $memory$auto$proc_rom.cc:155:do_switch$3$rdmux[0][5][11]$b$172 [21] $memory$auto$proc_rom.cc:155:do_switch$3$rdmux[0][5][11]$b$172 [4] } = { $memory$auto$proc_rom.cc:155:do_switch$3$rdmux[0][6][11]$a$267 [6] $memory$auto$proc_rom.cc:155:do_switch$3$rdmux[0][6][11]$a$267 [4] }
    Consolidated identical input bits for $mux cell $memory$auto$proc_rom.cc:155:do_switch$3$rdmux[0][6][22]$299:
      Old ports: A={ 1'1 $memory$auto$proc_rom.cc:155:do_switch$3$rdmux[0][6][11]$a$267 [4] 1'0 $memory$auto$proc_rom.cc:155:do_switch$3$rdmux[0][6][11]$a$267 [6] 3'100 $memory$auto$proc_rom.cc:155:do_switch$3$rdmux[0][6][11]$a$267 [6] $memory$auto$proc_rom.cc:155:do_switch$3$rdmux[0][6][11]$a$267 [6] $memory$auto$proc_rom.cc:155:do_switch$3$rdmux[0][6][11]$a$267 [4] 1'1 $memory$auto$proc_rom.cc:155:do_switch$3$rdmux[0][6][11]$a$267 [4] }, B={ 1'0 $memory$auto$proc_rom.cc:155:do_switch$3$rdmux[0][6][11]$a$267 [6] $memory$auto$proc_rom.cc:155:do_switch$3$rdmux[0][6][11]$a$267 [6] $memory$auto$proc_rom.cc:155:do_switch$3$rdmux[0][6][11]$a$267 [4] $memory$auto$proc_rom.cc:155:do_switch$3$rdmux[0][6][11]$a$267 [6] $memory$auto$proc_rom.cc:155:do_switch$3$rdmux[0][6][11]$a$267 [4] 2'10 $memory$auto$proc_rom.cc:155:do_switch$3$rdmux[0][6][11]$a$267 [6] 1'0 $memory$auto$proc_rom.cc:155:do_switch$3$rdmux[0][6][11]$a$267 [4] $memory$auto$proc_rom.cc:155:do_switch$3$rdmux[0][6][11]$a$267 [4] }, Y={ $memory$auto$proc_rom.cc:155:do_switch$3$rdmux[0][5][11]$a$171 [27] $memory$auto$proc_rom.cc:155:do_switch$3$rdmux[0][5][11]$a$171 [21:20] $memory$auto$proc_rom.cc:155:do_switch$3$rdmux[0][5][11]$a$171 [9:2] $memory$auto$proc_rom.cc:155:do_switch$3$rdmux[0][5][11]$a$171 [0] }
      New ports: A={ 1'1 $memory$auto$proc_rom.cc:155:do_switch$3$rdmux[0][6][11]$a$267 [4] 1'0 $memory$auto$proc_rom.cc:155:do_switch$3$rdmux[0][6][11]$a$267 [6] 3'100 $memory$auto$proc_rom.cc:155:do_switch$3$rdmux[0][6][11]$a$267 [6] $memory$auto$proc_rom.cc:155:do_switch$3$rdmux[0][6][11]$a$267 [4] 1'1 }, B={ 1'0 $memory$auto$proc_rom.cc:155:do_switch$3$rdmux[0][6][11]$a$267 [6] $memory$auto$proc_rom.cc:155:do_switch$3$rdmux[0][6][11]$a$267 [6] $memory$auto$proc_rom.cc:155:do_switch$3$rdmux[0][6][11]$a$267 [4] $memory$auto$proc_rom.cc:155:do_switch$3$rdmux[0][6][11]$a$267 [6] $memory$auto$proc_rom.cc:155:do_switch$3$rdmux[0][6][11]$a$267 [4] 3'100 $memory$auto$proc_rom.cc:155:do_switch$3$rdmux[0][6][11]$a$267 [4] }, Y={ $memory$auto$proc_rom.cc:155:do_switch$3$rdmux[0][5][11]$a$171 [27] $memory$auto$proc_rom.cc:155:do_switch$3$rdmux[0][5][11]$a$171 [21:20] $memory$auto$proc_rom.cc:155:do_switch$3$rdmux[0][5][11]$a$171 [9:5] $memory$auto$proc_rom.cc:155:do_switch$3$rdmux[0][5][11]$a$171 [3:2] }
      New connections: { $memory$auto$proc_rom.cc:155:do_switch$3$rdmux[0][5][11]$a$171 [4] $memory$auto$proc_rom.cc:155:do_switch$3$rdmux[0][5][11]$a$171 [0] } = { $memory$auto$proc_rom.cc:155:do_switch$3$rdmux[0][6][11]$a$267 [6] $memory$auto$proc_rom.cc:155:do_switch$3$rdmux[0][6][11]$a$267 [4] }
    Consolidated identical input bits for $mux cell $memory$auto$proc_rom.cc:155:do_switch$3$rdmux[0][6][21]$296:
      Old ports: A={ 1'0 $memory$auto$proc_rom.cc:155:do_switch$3$rdmux[0][6][11]$a$267 [4] 1'1 $memory$auto$proc_rom.cc:155:do_switch$3$rdmux[0][6][11]$a$267 [4] $memory$auto$proc_rom.cc:155:do_switch$3$rdmux[0][6][11]$a$267 [6] $memory$auto$proc_rom.cc:155:do_switch$3$rdmux[0][6][11]$a$267 [4] 1'1 $memory$auto$proc_rom.cc:155:do_switch$3$rdmux[0][6][11]$a$267 [6] $memory$auto$proc_rom.cc:155:do_switch$3$rdmux[0][6][11]$a$267 [6] 1'0 $memory$auto$proc_rom.cc:155:do_switch$3$rdmux[0][6][11]$a$267 [4] 1'1 }, B={ $memory$auto$proc_rom.cc:155:do_switch$3$rdmux[0][6][11]$a$267 [4] $memory$auto$proc_rom.cc:155:do_switch$3$rdmux[0][6][11]$a$267 [4] 3'000 $memory$auto$proc_rom.cc:155:do_switch$3$rdmux[0][6][11]$a$267 [6] $memory$auto$proc_rom.cc:155:do_switch$3$rdmux[0][6][11]$a$267 [6] $memory$auto$proc_rom.cc:155:do_switch$3$rdmux[0][6][11]$a$267 [6] 1'1 $memory$auto$proc_rom.cc:155:do_switch$3$rdmux[0][6][11]$a$267 [6] 1'1 $memory$auto$proc_rom.cc:155:do_switch$3$rdmux[0][6][11]$a$267 [4] }, Y={ $memory$auto$proc_rom.cc:155:do_switch$3$rdmux[0][5][10]$b$169 [27] $memory$auto$proc_rom.cc:155:do_switch$3$rdmux[0][5][10]$b$169 [21:19] $memory$auto$proc_rom.cc:155:do_switch$3$rdmux[0][5][10]$b$169 [17:16] $memory$auto$proc_rom.cc:155:do_switch$3$rdmux[0][5][10]$b$169 [10:9] $memory$auto$proc_rom.cc:155:do_switch$3$rdmux[0][5][10]$b$169 [3:0] }
      New ports: A={ 2'01 $memory$auto$proc_rom.cc:155:do_switch$3$rdmux[0][6][11]$a$267 [4] $memory$auto$proc_rom.cc:155:do_switch$3$rdmux[0][6][11]$a$267 [6] $memory$auto$proc_rom.cc:155:do_switch$3$rdmux[0][6][11]$a$267 [4] 1'1 $memory$auto$proc_rom.cc:155:do_switch$3$rdmux[0][6][11]$a$267 [6] 1'0 $memory$auto$proc_rom.cc:155:do_switch$3$rdmux[0][6][11]$a$267 [4] 1'1 }, B={ $memory$auto$proc_rom.cc:155:do_switch$3$rdmux[0][6][11]$a$267 [4] 3'000 $memory$auto$proc_rom.cc:155:do_switch$3$rdmux[0][6][11]$a$267 [6] $memory$auto$proc_rom.cc:155:do_switch$3$rdmux[0][6][11]$a$267 [6] 1'1 $memory$auto$proc_rom.cc:155:do_switch$3$rdmux[0][6][11]$a$267 [6] 1'1 $memory$auto$proc_rom.cc:155:do_switch$3$rdmux[0][6][11]$a$267 [4] }, Y={ $memory$auto$proc_rom.cc:155:do_switch$3$rdmux[0][5][10]$b$169 [27] $memory$auto$proc_rom.cc:155:do_switch$3$rdmux[0][5][10]$b$169 [20:19] $memory$auto$proc_rom.cc:155:do_switch$3$rdmux[0][5][10]$b$169 [17:16] $memory$auto$proc_rom.cc:155:do_switch$3$rdmux[0][5][10]$b$169 [10] $memory$auto$proc_rom.cc:155:do_switch$3$rdmux[0][5][10]$b$169 [3:0] }
      New connections: { $memory$auto$proc_rom.cc:155:do_switch$3$rdmux[0][5][10]$b$169 [21] $memory$auto$proc_rom.cc:155:do_switch$3$rdmux[0][5][10]$b$169 [9] } = { $memory$auto$proc_rom.cc:155:do_switch$3$rdmux[0][6][11]$a$267 [4] $memory$auto$proc_rom.cc:155:do_switch$3$rdmux[0][6][11]$a$267 [6] }
    Consolidated identical input bits for $mux cell $memory$auto$proc_rom.cc:155:do_switch$3$rdmux[0][6][15]$278:
      Old ports: A={ $memory$auto$proc_rom.cc:155:do_switch$3$rdmux[0][6][11]$a$267 [4] 1'1 $memory$auto$proc_rom.cc:155:do_switch$3$rdmux[0][6][11]$a$267 [4] $memory$auto$proc_rom.cc:155:do_switch$3$rdmux[0][6][11]$a$267 [4] 2'00 $memory$auto$proc_rom.cc:155:do_switch$3$rdmux[0][6][11]$a$267 [6] $memory$auto$proc_rom.cc:155:do_switch$3$rdmux[0][6][11]$a$267 [6] $memory$auto$proc_rom.cc:155:do_switch$3$rdmux[0][6][11]$a$267 [6] 2'11 $memory$auto$proc_rom.cc:155:do_switch$3$rdmux[0][6][11]$a$267 [6] $memory$auto$proc_rom.cc:155:do_switch$3$rdmux[0][6][11]$a$267 [4] }, B={ $memory$auto$proc_rom.cc:155:do_switch$3$rdmux[0][6][11]$a$267 [4] 2'00 $memory$auto$proc_rom.cc:155:do_switch$3$rdmux[0][6][11]$a$267 [6] 1'1 $memory$auto$proc_rom.cc:155:do_switch$3$rdmux[0][6][11]$a$267 [6] $memory$auto$proc_rom.cc:155:do_switch$3$rdmux[0][6][11]$a$267 [6] 2'01 $memory$auto$proc_rom.cc:155:do_switch$3$rdmux[0][6][11]$a$267 [6] $memory$auto$proc_rom.cc:155:do_switch$3$rdmux[0][6][11]$a$267 [4] $memory$auto$proc_rom.cc:155:do_switch$3$rdmux[0][6][11]$a$267 [4] 1'1 }, Y={ $memory$auto$proc_rom.cc:155:do_switch$3$rdmux[0][5][7]$b$160 [31] $memory$auto$proc_rom.cc:155:do_switch$3$rdmux[0][5][7]$b$160 [24:22] $memory$auto$proc_rom.cc:155:do_switch$3$rdmux[0][5][7]$b$160 [20] $memory$auto$proc_rom.cc:155:do_switch$3$rdmux[0][5][7]$b$160 [14:13] $memory$auto$proc_rom.cc:155:do_switch$3$rdmux[0][5][7]$b$160 [8:7] $memory$auto$proc_rom.cc:155:do_switch$3$rdmux[0][5][7]$b$160 [3:0] }
      New ports: A={ 1'1 $memory$auto$proc_rom.cc:155:do_switch$3$rdmux[0][6][11]$a$267 [4] $memory$auto$proc_rom.cc:155:do_switch$3$rdmux[0][6][11]$a$267 [4] 2'00 $memory$auto$proc_rom.cc:155:do_switch$3$rdmux[0][6][11]$a$267 [6] $memory$auto$proc_rom.cc:155:do_switch$3$rdmux[0][6][11]$a$267 [6] 2'11 $memory$auto$proc_rom.cc:155:do_switch$3$rdmux[0][6][11]$a$267 [6] $memory$auto$proc_rom.cc:155:do_switch$3$rdmux[0][6][11]$a$267 [4] }, B={ 2'00 $memory$auto$proc_rom.cc:155:do_switch$3$rdmux[0][6][11]$a$267 [6] 1'1 $memory$auto$proc_rom.cc:155:do_switch$3$rdmux[0][6][11]$a$267 [6] 2'01 $memory$auto$proc_rom.cc:155:do_switch$3$rdmux[0][6][11]$a$267 [6] $memory$auto$proc_rom.cc:155:do_switch$3$rdmux[0][6][11]$a$267 [4] $memory$auto$proc_rom.cc:155:do_switch$3$rdmux[0][6][11]$a$267 [4] 1'1 }, Y={ $memory$auto$proc_rom.cc:155:do_switch$3$rdmux[0][5][7]$b$160 [24:22] $memory$auto$proc_rom.cc:155:do_switch$3$rdmux[0][5][7]$b$160 [20] $memory$auto$proc_rom.cc:155:do_switch$3$rdmux[0][5][7]$b$160 [14] $memory$auto$proc_rom.cc:155:do_switch$3$rdmux[0][5][7]$b$160 [8:7] $memory$auto$proc_rom.cc:155:do_switch$3$rdmux[0][5][7]$b$160 [3:0] }
      New connections: { $memory$auto$proc_rom.cc:155:do_switch$3$rdmux[0][5][7]$b$160 [31] $memory$auto$proc_rom.cc:155:do_switch$3$rdmux[0][5][7]$b$160 [13] } = { $memory$auto$proc_rom.cc:155:do_switch$3$rdmux[0][6][11]$a$267 [4] $memory$auto$proc_rom.cc:155:do_switch$3$rdmux[0][6][11]$a$267 [6] }
    Consolidated identical input bits for $mux cell $memory$auto$proc_rom.cc:155:do_switch$3$rdmux[0][6][10]$263:
      Old ports: A={ $memory$auto$proc_rom.cc:155:do_switch$3$rdmux[0][6][0]$a$234 [2] $memory$auto$proc_rom.cc:155:do_switch$3$rdmux[0][6][0]$a$234 [2:1] 1'0 $memory$auto$proc_rom.cc:155:do_switch$3$rdmux[0][6][0]$a$234 [2] $memory$auto$proc_rom.cc:155:do_switch$3$rdmux[0][6][0]$a$234 [2:1] $memory$auto$proc_rom.cc:155:do_switch$3$rdmux[0][6][0]$a$234 [1] 2'11 $memory$auto$proc_rom.cc:155:do_switch$3$rdmux[0][6][0]$a$234 [1] 2'00 }, B={ $memory$auto$proc_rom.cc:155:do_switch$3$rdmux[0][6][0]$a$234 [2] 2'00 $memory$auto$proc_rom.cc:155:do_switch$3$rdmux[0][6][0]$a$234 [2:1] 1'1 $memory$auto$proc_rom.cc:155:do_switch$3$rdmux[0][6][0]$a$234 [1] 1'1 $memory$auto$proc_rom.cc:155:do_switch$3$rdmux[0][6][0]$a$234 [1] $memory$auto$proc_rom.cc:155:do_switch$3$rdmux[0][6][0]$a$234 [2] $memory$auto$proc_rom.cc:155:do_switch$3$rdmux[0][6][0]$a$234 [2:1] 1'1 }, Y={ $memory$auto$proc_rom.cc:155:do_switch$3$rdmux[0][5][5]$a$153 [23] $memory$auto$proc_rom.cc:155:do_switch$3$rdmux[0][5][5]$a$153 [19:16] $memory$auto$proc_rom.cc:155:do_switch$3$rdmux[0][5][5]$a$153 [13] $memory$auto$proc_rom.cc:155:do_switch$3$rdmux[0][5][5]$a$153 [10:8] $memory$auto$proc_rom.cc:155:do_switch$3$rdmux[0][5][5]$a$153 [6] $memory$auto$proc_rom.cc:155:do_switch$3$rdmux[0][5][5]$a$153 [4] $memory$auto$proc_rom.cc:155:do_switch$3$rdmux[0][5][5]$a$153 [2] $memory$auto$proc_rom.cc:155:do_switch$3$rdmux[0][5][5]$a$153 [0] }
      New ports: A={ $memory$auto$proc_rom.cc:155:do_switch$3$rdmux[0][6][0]$a$234 [2:1] 1'0 $memory$auto$proc_rom.cc:155:do_switch$3$rdmux[0][6][0]$a$234 [2] $memory$auto$proc_rom.cc:155:do_switch$3$rdmux[0][6][0]$a$234 [2:1] 2'11 $memory$auto$proc_rom.cc:155:do_switch$3$rdmux[0][6][0]$a$234 [1] 2'00 }, B={ 2'00 $memory$auto$proc_rom.cc:155:do_switch$3$rdmux[0][6][0]$a$234 [2:1] 2'11 $memory$auto$proc_rom.cc:155:do_switch$3$rdmux[0][6][0]$a$234 [1] $memory$auto$proc_rom.cc:155:do_switch$3$rdmux[0][6][0]$a$234 [2] $memory$auto$proc_rom.cc:155:do_switch$3$rdmux[0][6][0]$a$234 [2:1] 1'1 }, Y={ $memory$auto$proc_rom.cc:155:do_switch$3$rdmux[0][5][5]$a$153 [19:16] $memory$auto$proc_rom.cc:155:do_switch$3$rdmux[0][5][5]$a$153 [13] $memory$auto$proc_rom.cc:155:do_switch$3$rdmux[0][5][5]$a$153 [9:8] $memory$auto$proc_rom.cc:155:do_switch$3$rdmux[0][5][5]$a$153 [6] $memory$auto$proc_rom.cc:155:do_switch$3$rdmux[0][5][5]$a$153 [4] $memory$auto$proc_rom.cc:155:do_switch$3$rdmux[0][5][5]$a$153 [2] $memory$auto$proc_rom.cc:155:do_switch$3$rdmux[0][5][5]$a$153 [0] }
      New connections: { $memory$auto$proc_rom.cc:155:do_switch$3$rdmux[0][5][5]$a$153 [23] $memory$auto$proc_rom.cc:155:do_switch$3$rdmux[0][5][5]$a$153 [10] } = $memory$auto$proc_rom.cc:155:do_switch$3$rdmux[0][6][0]$a$234 [2:1]
    Consolidated identical input bits for $mux cell $memory$auto$proc_rom.cc:155:do_switch$3$rdmux[0][6][8]$257:
      Old ports: A={ 3'010 $memory$auto$proc_rom.cc:155:do_switch$3$rdmux[0][6][11]$a$267 [4] $memory$auto$proc_rom.cc:155:do_switch$3$rdmux[0][6][11]$a$267 [6] $memory$auto$proc_rom.cc:155:do_switch$3$rdmux[0][6][11]$a$267 [6] $memory$auto$proc_rom.cc:155:do_switch$3$rdmux[0][6][11]$a$267 [6] $memory$auto$proc_rom.cc:155:do_switch$3$rdmux[0][6][11]$a$267 [6] $memory$auto$proc_rom.cc:155:do_switch$3$rdmux[0][6][11]$a$267 [4] 1'1 $memory$auto$proc_rom.cc:155:do_switch$3$rdmux[0][6][11]$a$267 [4] 1'0 $memory$auto$proc_rom.cc:155:do_switch$3$rdmux[0][6][11]$a$267 [4] }, B={ $memory$auto$proc_rom.cc:155:do_switch$3$rdmux[0][6][11]$a$267 [6] $memory$auto$proc_rom.cc:155:do_switch$3$rdmux[0][6][11]$a$267 [4] 2'10 $memory$auto$proc_rom.cc:155:do_switch$3$rdmux[0][6][11]$a$267 [4] $memory$auto$proc_rom.cc:155:do_switch$3$rdmux[0][6][11]$a$267 [6] 2'10 $memory$auto$proc_rom.cc:155:do_switch$3$rdmux[0][6][11]$a$267 [6] 1'0 $memory$auto$proc_rom.cc:155:do_switch$3$rdmux[0][6][11]$a$267 [4] $memory$auto$proc_rom.cc:155:do_switch$3$rdmux[0][6][11]$a$267 [4] 1'1 }, Y={ $memory$auto$proc_rom.cc:155:do_switch$3$rdmux[0][5][4]$a$150 [29] $memory$auto$proc_rom.cc:155:do_switch$3$rdmux[0][5][4]$a$150 [23] $memory$auto$proc_rom.cc:155:do_switch$3$rdmux[0][5][4]$a$150 [20:19] $memory$auto$proc_rom.cc:155:do_switch$3$rdmux[0][5][4]$a$150 [17] $memory$auto$proc_rom.cc:155:do_switch$3$rdmux[0][5][4]$a$150 [14:13] $memory$auto$proc_rom.cc:155:do_switch$3$rdmux[0][5][4]$a$150 [11] $memory$auto$proc_rom.cc:155:do_switch$3$rdmux[0][5][4]$a$150 [6:5] $memory$auto$proc_rom.cc:155:do_switch$3$rdmux[0][5][4]$a$150 [2:0] }
      New ports: A={ 3'010 $memory$auto$proc_rom.cc:155:do_switch$3$rdmux[0][6][11]$a$267 [4] $memory$auto$proc_rom.cc:155:do_switch$3$rdmux[0][6][11]$a$267 [6] $memory$auto$proc_rom.cc:155:do_switch$3$rdmux[0][6][11]$a$267 [6] $memory$auto$proc_rom.cc:155:do_switch$3$rdmux[0][6][11]$a$267 [6] $memory$auto$proc_rom.cc:155:do_switch$3$rdmux[0][6][11]$a$267 [4] 2'10 $memory$auto$proc_rom.cc:155:do_switch$3$rdmux[0][6][11]$a$267 [4] }, B={ $memory$auto$proc_rom.cc:155:do_switch$3$rdmux[0][6][11]$a$267 [6] $memory$auto$proc_rom.cc:155:do_switch$3$rdmux[0][6][11]$a$267 [4] 2'10 $memory$auto$proc_rom.cc:155:do_switch$3$rdmux[0][6][11]$a$267 [4] 2'10 $memory$auto$proc_rom.cc:155:do_switch$3$rdmux[0][6][11]$a$267 [6] 1'0 $memory$auto$proc_rom.cc:155:do_switch$3$rdmux[0][6][11]$a$267 [4] 1'1 }, Y={ $memory$auto$proc_rom.cc:155:do_switch$3$rdmux[0][5][4]$a$150 [29] $memory$auto$proc_rom.cc:155:do_switch$3$rdmux[0][5][4]$a$150 [23] $memory$auto$proc_rom.cc:155:do_switch$3$rdmux[0][5][4]$a$150 [20:19] $memory$auto$proc_rom.cc:155:do_switch$3$rdmux[0][5][4]$a$150 [17] $memory$auto$proc_rom.cc:155:do_switch$3$rdmux[0][5][4]$a$150 [13] $memory$auto$proc_rom.cc:155:do_switch$3$rdmux[0][5][4]$a$150 [11] $memory$auto$proc_rom.cc:155:do_switch$3$rdmux[0][5][4]$a$150 [6:5] $memory$auto$proc_rom.cc:155:do_switch$3$rdmux[0][5][4]$a$150 [1:0] }
      New connections: { $memory$auto$proc_rom.cc:155:do_switch$3$rdmux[0][5][4]$a$150 [14] $memory$auto$proc_rom.cc:155:do_switch$3$rdmux[0][5][4]$a$150 [2] } = { $memory$auto$proc_rom.cc:155:do_switch$3$rdmux[0][6][11]$a$267 [6] $memory$auto$proc_rom.cc:155:do_switch$3$rdmux[0][6][11]$a$267 [4] }
    Consolidated identical input bits for $mux cell $memory$auto$proc_rom.cc:155:do_switch$3$rdmux[0][6][7]$254:
      Old ports: A={ $memory$auto$proc_rom.cc:155:do_switch$3$rdmux[0][6][11]$a$267 [6] $memory$auto$proc_rom.cc:155:do_switch$3$rdmux[0][6][11]$a$267 [6] $memory$auto$proc_rom.cc:155:do_switch$3$rdmux[0][6][11]$a$267 [4] 4'1001 $memory$auto$proc_rom.cc:155:do_switch$3$rdmux[0][6][11]$a$267 [4] $memory$auto$proc_rom.cc:155:do_switch$3$rdmux[0][6][11]$a$267 [4] 1'1 $memory$auto$proc_rom.cc:155:do_switch$3$rdmux[0][6][11]$a$267 [6] $memory$auto$proc_rom.cc:155:do_switch$3$rdmux[0][6][11]$a$267 [4] 1'0 }, B={ 1'0 $memory$auto$proc_rom.cc:155:do_switch$3$rdmux[0][6][11]$a$267 [6] $memory$auto$proc_rom.cc:155:do_switch$3$rdmux[0][6][11]$a$267 [6] $memory$auto$proc_rom.cc:155:do_switch$3$rdmux[0][6][11]$a$267 [4] $memory$auto$proc_rom.cc:155:do_switch$3$rdmux[0][6][11]$a$267 [4] $memory$auto$proc_rom.cc:155:do_switch$3$rdmux[0][6][11]$a$267 [6] $memory$auto$proc_rom.cc:155:do_switch$3$rdmux[0][6][11]$a$267 [6] 4'1001 $memory$auto$proc_rom.cc:155:do_switch$3$rdmux[0][6][11]$a$267 [4] 1'1 }, Y={ $memory$auto$proc_rom.cc:155:do_switch$3$rdmux[0][5][3]$b$148 [30] $memory$auto$proc_rom.cc:155:do_switch$3$rdmux[0][5][3]$b$148 [28] $memory$auto$proc_rom.cc:155:do_switch$3$rdmux[0][5][3]$b$148 [22:21] $memory$auto$proc_rom.cc:155:do_switch$3$rdmux[0][5][3]$b$148 [17:16] $memory$auto$proc_rom.cc:155:do_switch$3$rdmux[0][5][3]$b$148 [13] $memory$auto$proc_rom.cc:155:do_switch$3$rdmux[0][5][3]$b$148 [10] $memory$auto$proc_rom.cc:155:do_switch$3$rdmux[0][5][3]$b$148 [8] $memory$auto$proc_rom.cc:155:do_switch$3$rdmux[0][5][3]$b$148 [6] $memory$auto$proc_rom.cc:155:do_switch$3$rdmux[0][5][3]$b$148 [4] $memory$auto$proc_rom.cc:155:do_switch$3$rdmux[0][5][3]$b$148 [2:1] }
      New ports: A={ $memory$auto$proc_rom.cc:155:do_switch$3$rdmux[0][6][11]$a$267 [6] $memory$auto$proc_rom.cc:155:do_switch$3$rdmux[0][6][11]$a$267 [4] 4'1001 $memory$auto$proc_rom.cc:155:do_switch$3$rdmux[0][6][11]$a$267 [4] $memory$auto$proc_rom.cc:155:do_switch$3$rdmux[0][6][11]$a$267 [4] 1'1 $memory$auto$proc_rom.cc:155:do_switch$3$rdmux[0][6][11]$a$267 [6] 1'0 }, B={ 1'0 $memory$auto$proc_rom.cc:155:do_switch$3$rdmux[0][6][11]$a$267 [6] $memory$auto$proc_rom.cc:155:do_switch$3$rdmux[0][6][11]$a$267 [4] $memory$auto$proc_rom.cc:155:do_switch$3$rdmux[0][6][11]$a$267 [4] $memory$auto$proc_rom.cc:155:do_switch$3$rdmux[0][6][11]$a$267 [6] $memory$auto$proc_rom.cc:155:do_switch$3$rdmux[0][6][11]$a$267 [6] 5'10011 }, Y={ $memory$auto$proc_rom.cc:155:do_switch$3$rdmux[0][5][3]$b$148 [30] $memory$auto$proc_rom.cc:155:do_switch$3$rdmux[0][5][3]$b$148 [22:21] $memory$auto$proc_rom.cc:155:do_switch$3$rdmux[0][5][3]$b$148 [17:16] $memory$auto$proc_rom.cc:155:do_switch$3$rdmux[0][5][3]$b$148 [13] $memory$auto$proc_rom.cc:155:do_switch$3$rdmux[0][5][3]$b$148 [10] $memory$auto$proc_rom.cc:155:do_switch$3$rdmux[0][5][3]$b$148 [8] $memory$auto$proc_rom.cc:155:do_switch$3$rdmux[0][5][3]$b$148 [6] $memory$auto$proc_rom.cc:155:do_switch$3$rdmux[0][5][3]$b$148 [4] $memory$auto$proc_rom.cc:155:do_switch$3$rdmux[0][5][3]$b$148 [1] }
      New connections: { $memory$auto$proc_rom.cc:155:do_switch$3$rdmux[0][5][3]$b$148 [28] $memory$auto$proc_rom.cc:155:do_switch$3$rdmux[0][5][3]$b$148 [2] } = { $memory$auto$proc_rom.cc:155:do_switch$3$rdmux[0][6][11]$a$267 [6] $memory$auto$proc_rom.cc:155:do_switch$3$rdmux[0][6][11]$a$267 [4] }
    Consolidated identical input bits for $mux cell $memory$auto$proc_rom.cc:155:do_switch$3$rdmux[0][6][3]$242:
      Old ports: A={ 1'0 $memory$auto$proc_rom.cc:155:do_switch$3$rdmux[0][6][11]$a$267 [6] $memory$auto$proc_rom.cc:155:do_switch$3$rdmux[0][6][11]$a$267 [6] 1'1 $memory$auto$proc_rom.cc:155:do_switch$3$rdmux[0][6][11]$a$267 [4] $memory$auto$proc_rom.cc:155:do_switch$3$rdmux[0][6][11]$a$267 [6] 1'1 $memory$auto$proc_rom.cc:155:do_switch$3$rdmux[0][6][11]$a$267 [4] $memory$auto$proc_rom.cc:155:do_switch$3$rdmux[0][6][11]$a$267 [4] 2'10 }, B={ $memory$auto$proc_rom.cc:155:do_switch$3$rdmux[0][6][11]$a$267 [4] 1'1 $memory$auto$proc_rom.cc:155:do_switch$3$rdmux[0][6][11]$a$267 [6] 1'0 $memory$auto$proc_rom.cc:155:do_switch$3$rdmux[0][6][11]$a$267 [6] 1'0 $memory$auto$proc_rom.cc:155:do_switch$3$rdmux[0][6][11]$a$267 [6] 2'10 $memory$auto$proc_rom.cc:155:do_switch$3$rdmux[0][6][11]$a$267 [4] 1'1 }, Y={ $memory$auto$proc_rom.cc:155:do_switch$3$rdmux[0][5][1]$b$142 [31] $memory$auto$proc_rom.cc:155:do_switch$3$rdmux[0][5][1]$b$142 [26] $memory$auto$proc_rom.cc:155:do_switch$3$rdmux[0][5][1]$b$142 [16] $memory$auto$proc_rom.cc:155:do_switch$3$rdmux[0][5][1]$b$142 [13] $memory$auto$proc_rom.cc:155:do_switch$3$rdmux[0][5][1]$b$142 [11] $memory$auto$proc_rom.cc:155:do_switch$3$rdmux[0][5][1]$b$142 [8] $memory$auto$proc_rom.cc:155:do_switch$3$rdmux[0][5][1]$b$142 [5] $memory$auto$proc_rom.cc:155:do_switch$3$rdmux[0][5][1]$b$142 [3:0] }
      New ports: A={ 1'0 $memory$auto$proc_rom.cc:155:do_switch$3$rdmux[0][6][11]$a$267 [6] 1'1 $memory$auto$proc_rom.cc:155:do_switch$3$rdmux[0][6][11]$a$267 [4] $memory$auto$proc_rom.cc:155:do_switch$3$rdmux[0][6][11]$a$267 [6] 1'1 $memory$auto$proc_rom.cc:155:do_switch$3$rdmux[0][6][11]$a$267 [4] $memory$auto$proc_rom.cc:155:do_switch$3$rdmux[0][6][11]$a$267 [4] 2'10 }, B={ $memory$auto$proc_rom.cc:155:do_switch$3$rdmux[0][6][11]$a$267 [4] 2'10 $memory$auto$proc_rom.cc:155:do_switch$3$rdmux[0][6][11]$a$267 [6] 1'0 $memory$auto$proc_rom.cc:155:do_switch$3$rdmux[0][6][11]$a$267 [6] 2'10 $memory$auto$proc_rom.cc:155:do_switch$3$rdmux[0][6][11]$a$267 [4] 1'1 }, Y={ $memory$auto$proc_rom.cc:155:do_switch$3$rdmux[0][5][1]$b$142 [31] $memory$auto$proc_rom.cc:155:do_switch$3$rdmux[0][5][1]$b$142 [26] $memory$auto$proc_rom.cc:155:do_switch$3$rdmux[0][5][1]$b$142 [13] $memory$auto$proc_rom.cc:155:do_switch$3$rdmux[0][5][1]$b$142 [11] $memory$auto$proc_rom.cc:155:do_switch$3$rdmux[0][5][1]$b$142 [8] $memory$auto$proc_rom.cc:155:do_switch$3$rdmux[0][5][1]$b$142 [5] $memory$auto$proc_rom.cc:155:do_switch$3$rdmux[0][5][1]$b$142 [3:0] }
      New connections: $memory$auto$proc_rom.cc:155:do_switch$3$rdmux[0][5][1]$b$142 [16] = $memory$auto$proc_rom.cc:155:do_switch$3$rdmux[0][6][11]$a$267 [6]
    Consolidated identical input bits for $mux cell $memory$auto$proc_rom.cc:155:do_switch$3$rdmux[0][6][2]$239:
      Old ports: A={ 2'10 $memory$auto$proc_rom.cc:155:do_switch$3$rdmux[0][6][11]$a$267 [6] $memory$auto$proc_rom.cc:155:do_switch$3$rdmux[0][6][11]$a$267 [4] 1'1 $memory$auto$proc_rom.cc:155:do_switch$3$rdmux[0][6][11]$a$267 [6] $memory$auto$proc_rom.cc:155:do_switch$3$rdmux[0][6][11]$a$267 [6] $memory$auto$proc_rom.cc:155:do_switch$3$rdmux[0][6][11]$a$267 [4] 1'0 $memory$auto$proc_rom.cc:155:do_switch$3$rdmux[0][6][11]$a$267 [4] $memory$auto$proc_rom.cc:155:do_switch$3$rdmux[0][6][11]$a$267 [6] $memory$auto$proc_rom.cc:155:do_switch$3$rdmux[0][6][11]$a$267 [4] 1'1 }, B={ $memory$auto$proc_rom.cc:155:do_switch$3$rdmux[0][6][11]$a$267 [6] 1'1 $memory$auto$proc_rom.cc:155:do_switch$3$rdmux[0][6][11]$a$267 [6] 3'001 $memory$auto$proc_rom.cc:155:do_switch$3$rdmux[0][6][11]$a$267 [4] $memory$auto$proc_rom.cc:155:do_switch$3$rdmux[0][6][11]$a$267 [6] $memory$auto$proc_rom.cc:155:do_switch$3$rdmux[0][6][11]$a$267 [6] $memory$auto$proc_rom.cc:155:do_switch$3$rdmux[0][6][11]$a$267 [4] 2'01 $memory$auto$proc_rom.cc:155:do_switch$3$rdmux[0][6][11]$a$267 [4] }, Y={ $memory$auto$proc_rom.cc:155:do_switch$3$rdmux[0][5][1]$a$141 [27:26] $memory$auto$proc_rom.cc:155:do_switch$3$rdmux[0][5][1]$a$141 [20] $memory$auto$proc_rom.cc:155:do_switch$3$rdmux[0][5][1]$a$141 [16] $memory$auto$proc_rom.cc:155:do_switch$3$rdmux[0][5][1]$a$141 [12] $memory$auto$proc_rom.cc:155:do_switch$3$rdmux[0][5][1]$a$141 [8:4] $memory$auto$proc_rom.cc:155:do_switch$3$rdmux[0][5][1]$a$141 [2:0] }
      New ports: A={ 2'10 $memory$auto$proc_rom.cc:155:do_switch$3$rdmux[0][6][11]$a$267 [4] 1'1 $memory$auto$proc_rom.cc:155:do_switch$3$rdmux[0][6][11]$a$267 [6] $memory$auto$proc_rom.cc:155:do_switch$3$rdmux[0][6][11]$a$267 [6] $memory$auto$proc_rom.cc:155:do_switch$3$rdmux[0][6][11]$a$267 [4] 1'0 $memory$auto$proc_rom.cc:155:do_switch$3$rdmux[0][6][11]$a$267 [6] $memory$auto$proc_rom.cc:155:do_switch$3$rdmux[0][6][11]$a$267 [4] 1'1 }, B={ $memory$auto$proc_rom.cc:155:do_switch$3$rdmux[0][6][11]$a$267 [6] 4'1001 $memory$auto$proc_rom.cc:155:do_switch$3$rdmux[0][6][11]$a$267 [4] $memory$auto$proc_rom.cc:155:do_switch$3$rdmux[0][6][11]$a$267 [6] $memory$auto$proc_rom.cc:155:do_switch$3$rdmux[0][6][11]$a$267 [6] 2'01 $memory$auto$proc_rom.cc:155:do_switch$3$rdmux[0][6][11]$a$267 [4] }, Y={ $memory$auto$proc_rom.cc:155:do_switch$3$rdmux[0][5][1]$a$141 [27:26] $memory$auto$proc_rom.cc:155:do_switch$3$rdmux[0][5][1]$a$141 [16] $memory$auto$proc_rom.cc:155:do_switch$3$rdmux[0][5][1]$a$141 [12] $memory$auto$proc_rom.cc:155:do_switch$3$rdmux[0][5][1]$a$141 [8:5] $memory$auto$proc_rom.cc:155:do_switch$3$rdmux[0][5][1]$a$141 [2:0] }
      New connections: { $memory$auto$proc_rom.cc:155:do_switch$3$rdmux[0][5][1]$a$141 [20] $memory$auto$proc_rom.cc:155:do_switch$3$rdmux[0][5][1]$a$141 [4] } = { $memory$auto$proc_rom.cc:155:do_switch$3$rdmux[0][6][11]$a$267 [6] $memory$auto$proc_rom.cc:155:do_switch$3$rdmux[0][6][11]$a$267 [4] }
    Consolidated identical input bits for $mux cell $memory$auto$proc_rom.cc:155:do_switch$3$rdmux[0][6][1]$236:
      Old ports: A={ 1'1 $memory$auto$proc_rom.cc:155:do_switch$3$rdmux[0][6][0]$a$234 [1] 2'10 $memory$auto$proc_rom.cc:155:do_switch$3$rdmux[0][6][0]$a$234 [1] $memory$auto$proc_rom.cc:155:do_switch$3$rdmux[0][6][0]$a$234 [2] 1'0 $memory$auto$proc_rom.cc:155:do_switch$3$rdmux[0][6][0]$a$234 [2] 1'1 $memory$auto$proc_rom.cc:155:do_switch$3$rdmux[0][6][0]$a$234 [1] $memory$auto$proc_rom.cc:155:do_switch$3$rdmux[0][6][0]$a$234 [2] $memory$auto$proc_rom.cc:155:do_switch$3$rdmux[0][6][0]$a$234 [2] 1'0 $memory$auto$proc_rom.cc:155:do_switch$3$rdmux[0][6][0]$a$234 [1] }, B={ $memory$auto$proc_rom.cc:155:do_switch$3$rdmux[0][6][0]$a$234 [2] $memory$auto$proc_rom.cc:155:do_switch$3$rdmux[0][6][0]$a$234 [2] 1'0 $memory$auto$proc_rom.cc:155:do_switch$3$rdmux[0][6][0]$a$234 [2] 1'1 $memory$auto$proc_rom.cc:155:do_switch$3$rdmux[0][6][0]$a$234 [2] 2'11 $memory$auto$proc_rom.cc:155:do_switch$3$rdmux[0][6][0]$a$234 [1] 1'0 $memory$auto$proc_rom.cc:155:do_switch$3$rdmux[0][6][0]$a$234 [1] 1'0 $memory$auto$proc_rom.cc:155:do_switch$3$rdmux[0][6][0]$a$234 [1] $memory$auto$proc_rom.cc:155:do_switch$3$rdmux[0][6][0]$a$234 [1] }, Y={ $memory$auto$proc_rom.cc:155:do_switch$3$rdmux[0][5][0]$b$139 [31] $memory$auto$proc_rom.cc:155:do_switch$3$rdmux[0][5][0]$b$139 [27] $memory$auto$proc_rom.cc:155:do_switch$3$rdmux[0][5][0]$b$139 [25] $memory$auto$proc_rom.cc:155:do_switch$3$rdmux[0][5][0]$b$139 [22] $memory$auto$proc_rom.cc:155:do_switch$3$rdmux[0][5][0]$b$139 [18:17] $memory$auto$proc_rom.cc:155:do_switch$3$rdmux[0][5][0]$b$139 [11:9] $memory$auto$proc_rom.cc:155:do_switch$3$rdmux[0][5][0]$b$139 [7] $memory$auto$proc_rom.cc:155:do_switch$3$rdmux[0][5][0]$b$139 [5] $memory$auto$proc_rom.cc:155:do_switch$3$rdmux[0][5][0]$b$139 [3] $memory$auto$proc_rom.cc:155:do_switch$3$rdmux[0][5][0]$b$139 [1:0] }
      New ports: A={ 1'1 $memory$auto$proc_rom.cc:155:do_switch$3$rdmux[0][6][0]$a$234 [1] 2'10 $memory$auto$proc_rom.cc:155:do_switch$3$rdmux[0][6][0]$a$234 [1] 1'0 $memory$auto$proc_rom.cc:155:do_switch$3$rdmux[0][6][0]$a$234 [2] 1'1 $memory$auto$proc_rom.cc:155:do_switch$3$rdmux[0][6][0]$a$234 [1] $memory$auto$proc_rom.cc:155:do_switch$3$rdmux[0][6][0]$a$234 [2] $memory$auto$proc_rom.cc:155:do_switch$3$rdmux[0][6][0]$a$234 [2] 1'0 }, B={ $memory$auto$proc_rom.cc:155:do_switch$3$rdmux[0][6][0]$a$234 [2] $memory$auto$proc_rom.cc:155:do_switch$3$rdmux[0][6][0]$a$234 [2] 1'0 $memory$auto$proc_rom.cc:155:do_switch$3$rdmux[0][6][0]$a$234 [2] 3'111 $memory$auto$proc_rom.cc:155:do_switch$3$rdmux[0][6][0]$a$234 [1] 1'0 $memory$auto$proc_rom.cc:155:do_switch$3$rdmux[0][6][0]$a$234 [1] 1'0 $memory$auto$proc_rom.cc:155:do_switch$3$rdmux[0][6][0]$a$234 [1] }, Y={ $memory$auto$proc_rom.cc:155:do_switch$3$rdmux[0][5][0]$b$139 [31] $memory$auto$proc_rom.cc:155:do_switch$3$rdmux[0][5][0]$b$139 [27] $memory$auto$proc_rom.cc:155:do_switch$3$rdmux[0][5][0]$b$139 [25] $memory$auto$proc_rom.cc:155:do_switch$3$rdmux[0][5][0]$b$139 [22] $memory$auto$proc_rom.cc:155:do_switch$3$rdmux[0][5][0]$b$139 [18] $memory$auto$proc_rom.cc:155:do_switch$3$rdmux[0][5][0]$b$139 [11:9] $memory$auto$proc_rom.cc:155:do_switch$3$rdmux[0][5][0]$b$139 [7] $memory$auto$proc_rom.cc:155:do_switch$3$rdmux[0][5][0]$b$139 [5] $memory$auto$proc_rom.cc:155:do_switch$3$rdmux[0][5][0]$b$139 [3] $memory$auto$proc_rom.cc:155:do_switch$3$rdmux[0][5][0]$b$139 [1] }
      New connections: { $memory$auto$proc_rom.cc:155:do_switch$3$rdmux[0][5][0]$b$139 [17] $memory$auto$proc_rom.cc:155:do_switch$3$rdmux[0][5][0]$b$139 [0] } = $memory$auto$proc_rom.cc:155:do_switch$3$rdmux[0][6][0]$a$234 [2:1]
    Consolidated identical input bits for $mux cell $memory$auto$proc_rom.cc:155:do_switch$3$rdmux[0][6][0]$233:
      Old ports: A={ $memory$auto$proc_rom.cc:155:do_switch$3$rdmux[0][6][0]$a$234 [2:1] 3'010 $memory$auto$proc_rom.cc:155:do_switch$3$rdmux[0][6][0]$a$234 [1] $memory$auto$proc_rom.cc:155:do_switch$3$rdmux[0][6][0]$a$234 [2] 2'10 $memory$auto$proc_rom.cc:155:do_switch$3$rdmux[0][6][0]$a$234 [1] $memory$auto$proc_rom.cc:155:do_switch$3$rdmux[0][6][0]$a$234 [2:1] }, B={ 1'1 $memory$auto$proc_rom.cc:155:do_switch$3$rdmux[0][6][0]$a$234 [1] 1'1 $memory$auto$proc_rom.cc:155:do_switch$3$rdmux[0][6][0]$a$234 [2] $memory$auto$proc_rom.cc:155:do_switch$3$rdmux[0][6][0]$a$234 [2] 3'100 $memory$auto$proc_rom.cc:155:do_switch$3$rdmux[0][6][0]$a$234 [1] $memory$auto$proc_rom.cc:155:do_switch$3$rdmux[0][6][0]$a$234 [2:1] 1'0 }, Y={ $memory$auto$proc_rom.cc:155:do_switch$3$rdmux[0][5][0]$a$138 [28] $memory$auto$proc_rom.cc:155:do_switch$3$rdmux[0][5][0]$a$138 [25] $memory$auto$proc_rom.cc:155:do_switch$3$rdmux[0][5][0]$a$138 [18] $memory$auto$proc_rom.cc:155:do_switch$3$rdmux[0][5][0]$a$138 [15] $memory$auto$proc_rom.cc:155:do_switch$3$rdmux[0][5][0]$a$138 [12:11] $memory$auto$proc_rom.cc:155:do_switch$3$rdmux[0][5][0]$a$138 [9] $memory$auto$proc_rom.cc:155:do_switch$3$rdmux[0][5][0]$a$138 [5:1] }
      New ports: A={ $memory$auto$proc_rom.cc:155:do_switch$3$rdmux[0][6][0]$a$234 [2] 3'010 $memory$auto$proc_rom.cc:155:do_switch$3$rdmux[0][6][0]$a$234 [1] $memory$auto$proc_rom.cc:155:do_switch$3$rdmux[0][6][0]$a$234 [2] 2'10 $memory$auto$proc_rom.cc:155:do_switch$3$rdmux[0][6][0]$a$234 [1] $memory$auto$proc_rom.cc:155:do_switch$3$rdmux[0][6][0]$a$234 [2:1] }, B={ 2'11 $memory$auto$proc_rom.cc:155:do_switch$3$rdmux[0][6][0]$a$234 [2] $memory$auto$proc_rom.cc:155:do_switch$3$rdmux[0][6][0]$a$234 [2] 3'100 $memory$auto$proc_rom.cc:155:do_switch$3$rdmux[0][6][0]$a$234 [1] $memory$auto$proc_rom.cc:155:do_switch$3$rdmux[0][6][0]$a$234 [2:1] 1'0 }, Y={ $memory$auto$proc_rom.cc:155:do_switch$3$rdmux[0][5][0]$a$138 [28] $memory$auto$proc_rom.cc:155:do_switch$3$rdmux[0][5][0]$a$138 [18] $memory$auto$proc_rom.cc:155:do_switch$3$rdmux[0][5][0]$a$138 [15] $memory$auto$proc_rom.cc:155:do_switch$3$rdmux[0][5][0]$a$138 [12:11] $memory$auto$proc_rom.cc:155:do_switch$3$rdmux[0][5][0]$a$138 [9] $memory$auto$proc_rom.cc:155:do_switch$3$rdmux[0][5][0]$a$138 [5:1] }
      New connections: $memory$auto$proc_rom.cc:155:do_switch$3$rdmux[0][5][0]$a$138 [25] = $memory$auto$proc_rom.cc:155:do_switch$3$rdmux[0][6][0]$a$234 [1]
  Optimizing cells in module \sweep_256x32_portable.
    Consolidated identical input bits for $mux cell $memory$auto$proc_rom.cc:155:do_switch$3$rdmux[0][5][27]$218:
      Old ports: A={ 1'1 $memory$auto$proc_rom.cc:155:do_switch$3$rdmux[0][5][27]$a$219 [3] $memory$auto$proc_rom.cc:155:do_switch$3$rdmux[0][5][27]$a$219 [13] $memory$auto$proc_rom.cc:155:do_switch$3$rdmux[0][5][27]$a$219 [15] 1'1 $memory$auto$proc_rom.cc:155:do_switch$3$rdmux[0][5][27]$a$219 [2] $memory$auto$proc_rom.cc:155:do_switch$3$rdmux[0][5][27]$a$219 [11] $memory$auto$proc_rom.cc:155:do_switch$3$rdmux[0][5][27]$a$219 [21] $memory$auto$proc_rom.cc:155:do_switch$3$rdmux[0][5][27]$a$219 [0] 1'0 $memory$auto$proc_rom.cc:155:do_switch$3$rdmux[0][5][27]$a$219 [21] $memory$auto$proc_rom.cc:155:do_switch$3$rdmux[0][5][27]$a$219 [13] $memory$auto$proc_rom.cc:155:do_switch$3$rdmux[0][5][27]$a$219 [15] $memory$auto$proc_rom.cc:155:do_switch$3$rdmux[0][5][27]$a$219 [6] 2'10 $memory$auto$proc_rom.cc:155:do_switch$3$rdmux[0][5][27]$a$219 [15:13] 1'1 $memory$auto$proc_rom.cc:155:do_switch$3$rdmux[0][5][27]$a$219 [11] $memory$auto$proc_rom.cc:155:do_switch$3$rdmux[0][5][27]$a$219 [5] 1'1 $memory$auto$proc_rom.cc:155:do_switch$3$rdmux[0][5][27]$a$219 [3] $memory$auto$proc_rom.cc:155:do_switch$3$rdmux[0][5][27]$a$219 [7:5] $memory$auto$proc_rom.cc:155:do_switch$3$rdmux[0][5][27]$a$219 [1] $memory$auto$proc_rom.cc:155:do_switch$3$rdmux[0][5][27]$a$219 [3:0] }, B={ $memory$auto$proc_rom.cc:155:do_switch$3$rdmux[0][5][27]$b$220 [24] $memory$auto$proc_rom.cc:155:do_switch$3$rdmux[0][5][27]$b$220 [4] $memory$auto$proc_rom.cc:155:do_switch$3$rdmux[0][5][27]$b$220 [1] $memory$auto$proc_rom.cc:155:do_switch$3$rdmux[0][5][27]$b$220 [5] $memory$auto$proc_rom.cc:155:do_switch$3$rdmux[0][5][27]$b$220 [27] $memory$auto$proc_rom.cc:155:do_switch$3$rdmux[0][5][27]$b$220 [19] $memory$auto$proc_rom.cc:155:do_switch$3$rdmux[0][5][27]$b$220 [8] $memory$auto$proc_rom.cc:155:do_switch$3$rdmux[0][5][27]$b$220 [24] 1'1 $memory$auto$proc_rom.cc:155:do_switch$3$rdmux[0][5][27]$b$220 [12] $memory$auto$proc_rom.cc:155:do_switch$3$rdmux[0][5][27]$b$220 [19] $memory$auto$proc_rom.cc:155:do_switch$3$rdmux[0][5][27]$b$220 [12] $memory$auto$proc_rom.cc:155:do_switch$3$rdmux[0][5][27]$b$220 [19] $memory$auto$proc_rom.cc:155:do_switch$3$rdmux[0][5][27]$b$220 [7] $memory$auto$proc_rom.cc:155:do_switch$3$rdmux[0][5][27]$b$220 [8] $memory$auto$proc_rom.cc:155:do_switch$3$rdmux[0][5][27]$b$220 [1] $memory$auto$proc_rom.cc:155:do_switch$3$rdmux[0][5][27]$b$220 [12] $memory$auto$proc_rom.cc:155:do_switch$3$rdmux[0][5][27]$b$220 [14] 1'0 $memory$auto$proc_rom.cc:155:do_switch$3$rdmux[0][5][27]$b$220 [12] $memory$auto$proc_rom.cc:155:do_switch$3$rdmux[0][5][27]$b$220 [1] $memory$auto$proc_rom.cc:155:do_switch$3$rdmux[0][5][27]$b$220 [7] $memory$auto$proc_rom.cc:155:do_switch$3$rdmux[0][5][27]$b$220 [4] $memory$auto$proc_rom.cc:155:do_switch$3$rdmux[0][5][27]$b$220 [8:7] $memory$auto$proc_rom.cc:155:do_switch$3$rdmux[0][5][27]$b$220 [4] $memory$auto$proc_rom.cc:155:do_switch$3$rdmux[0][5][27]$b$220 [5:4] $memory$auto$proc_rom.cc:155:do_switch$3$rdmux[0][5][27]$b$220 [2] $memory$auto$proc_rom.cc:155:do_switch$3$rdmux[0][5][27]$b$220 [2:0] }, Y=$memory$auto$proc_rom.cc:155:do_switch$3$rdmux[0][4][13]$b$130
      New ports: A={ 1'1 $memory$auto$proc_rom.cc:155:do_switch$3$rdmux[0][5][27]$a$219 [3] $memory$auto$proc_rom.cc:155:do_switch$3$rdmux[0][5][27]$a$219 [13] $memory$auto$proc_rom.cc:155:do_switch$3$rdmux[0][6][0]$a$234 [2] 1'1 $memory$auto$proc_rom.cc:155:do_switch$3$rdmux[0][5][27]$a$219 [2] $memory$auto$proc_rom.cc:155:do_switch$3$rdmux[0][5][27]$a$219 [11] $memory$auto$proc_rom.cc:155:do_switch$3$rdmux[0][5][27]$a$219 [21] $memory$auto$proc_rom.cc:155:do_switch$3$rdmux[0][6][0]$a$234 [1] 1'0 $memory$auto$proc_rom.cc:155:do_switch$3$rdmux[0][5][27]$a$219 [21] $memory$auto$proc_rom.cc:155:do_switch$3$rdmux[0][5][27]$a$219 [13] $memory$auto$proc_rom.cc:155:do_switch$3$rdmux[0][6][0]$a$234 [2] $memory$auto$proc_rom.cc:155:do_switch$3$rdmux[0][5][27]$a$219 [6] 2'10 $memory$auto$proc_rom.cc:155:do_switch$3$rdmux[0][6][0]$a$234 [2] $memory$auto$proc_rom.cc:155:do_switch$3$rdmux[0][5][27]$a$219 [14:13] 1'1 $memory$auto$proc_rom.cc:155:do_switch$3$rdmux[0][5][27]$a$219 [11] $memory$auto$proc_rom.cc:155:do_switch$3$rdmux[0][5][27]$a$219 [5] 1'1 $memory$auto$proc_rom.cc:155:do_switch$3$rdmux[0][5][27]$a$219 [3] $memory$auto$proc_rom.cc:155:do_switch$3$rdmux[0][5][27]$a$219 [7:5] $memory$auto$proc_rom.cc:155:do_switch$3$rdmux[0][5][27]$a$219 [1] $memory$auto$proc_rom.cc:155:do_switch$3$rdmux[0][5][27]$a$219 [3:1] }, B={ $memory$auto$proc_rom.cc:155:do_switch$3$rdmux[0][5][27]$b$220 [24] $memory$auto$proc_rom.cc:155:do_switch$3$rdmux[0][5][27]$b$220 [4] $memory$auto$proc_rom.cc:155:do_switch$3$rdmux[0][5][27]$b$220 [1] $memory$auto$proc_rom.cc:155:do_switch$3$rdmux[0][5][27]$b$220 [5] $memory$auto$proc_rom.cc:155:do_switch$3$rdmux[0][6][0]$a$234 [2] $memory$auto$proc_rom.cc:155:do_switch$3$rdmux[0][5][27]$b$220 [19] $memory$auto$proc_rom.cc:155:do_switch$3$rdmux[0][5][27]$b$220 [8] $memory$auto$proc_rom.cc:155:do_switch$3$rdmux[0][5][27]$b$220 [24] 1'1 $memory$auto$proc_rom.cc:155:do_switch$3$rdmux[0][5][27]$b$220 [12] $memory$auto$proc_rom.cc:155:do_switch$3$rdmux[0][5][27]$b$220 [19] $memory$auto$proc_rom.cc:155:do_switch$3$rdmux[0][5][27]$b$220 [12] $memory$auto$proc_rom.cc:155:do_switch$3$rdmux[0][5][27]$b$220 [19] $memory$auto$proc_rom.cc:155:do_switch$3$rdmux[0][5][27]$b$220 [7] $memory$auto$proc_rom.cc:155:do_switch$3$rdmux[0][5][27]$b$220 [8] $memory$auto$proc_rom.cc:155:do_switch$3$rdmux[0][5][27]$b$220 [1] $memory$auto$proc_rom.cc:155:do_switch$3$rdmux[0][5][27]$b$220 [12] $memory$auto$proc_rom.cc:155:do_switch$3$rdmux[0][5][27]$b$220 [14] 1'0 $memory$auto$proc_rom.cc:155:do_switch$3$rdmux[0][5][27]$b$220 [12] $memory$auto$proc_rom.cc:155:do_switch$3$rdmux[0][5][27]$b$220 [1] $memory$auto$proc_rom.cc:155:do_switch$3$rdmux[0][5][27]$b$220 [7] $memory$auto$proc_rom.cc:155:do_switch$3$rdmux[0][5][27]$b$220 [4] $memory$auto$proc_rom.cc:155:do_switch$3$rdmux[0][5][27]$b$220 [8:7] $memory$auto$proc_rom.cc:155:do_switch$3$rdmux[0][5][27]$b$220 [4] $memory$auto$proc_rom.cc:155:do_switch$3$rdmux[0][5][27]$b$220 [5:4] $memory$auto$proc_rom.cc:155:do_switch$3$rdmux[0][5][27]$b$220 [2] $memory$auto$proc_rom.cc:155:do_switch$3$rdmux[0][5][27]$b$220 [2:1] }, Y=$memory$auto$proc_rom.cc:155:do_switch$3$rdmux[0][4][13]$b$130 [31:1]
      New connections: $memory$auto$proc_rom.cc:155:do_switch$3$rdmux[0][4][13]$b$130 [0] = $memory$auto$proc_rom.cc:155:do_switch$3$rdmux[0][6][0]$a$234 [1]
    Consolidated identical input bits for $mux cell $memory$auto$proc_rom.cc:155:do_switch$3$rdmux[0][5][26]$215:
      Old ports: A={ $memory$auto$proc_rom.cc:155:do_switch$3$rdmux[0][5][26]$a$216 [17] $memory$auto$proc_rom.cc:155:do_switch$3$rdmux[0][5][26]$a$216 [5] $memory$auto$proc_rom.cc:155:do_switch$3$rdmux[0][5][26]$a$216 [7] $memory$auto$proc_rom.cc:155:do_switch$3$rdmux[0][5][26]$a$216 [13] 1'0 $memory$auto$proc_rom.cc:155:do_switch$3$rdmux[0][5][26]$a$216 [26] $memory$auto$proc_rom.cc:155:do_switch$3$rdmux[0][5][26]$a$216 [2] $memory$auto$proc_rom.cc:155:do_switch$3$rdmux[0][5][26]$a$216 [5] $memory$auto$proc_rom.cc:155:do_switch$3$rdmux[0][5][26]$a$216 [7:6] 1'1 $memory$auto$proc_rom.cc:155:do_switch$3$rdmux[0][5][26]$a$216 [17] $memory$auto$proc_rom.cc:155:do_switch$3$rdmux[0][5][26]$a$216 [18:17] $memory$auto$proc_rom.cc:155:do_switch$3$rdmux[0][5][26]$a$216 [2] $memory$auto$proc_rom.cc:155:do_switch$3$rdmux[0][5][26]$a$216 [15] $memory$auto$proc_rom.cc:155:do_switch$3$rdmux[0][5][26]$a$216 [3] $memory$auto$proc_rom.cc:155:do_switch$3$rdmux[0][5][26]$a$216 [13] 1'1 $memory$auto$proc_rom.cc:155:do_switch$3$rdmux[0][5][26]$a$216 [6] $memory$auto$proc_rom.cc:155:do_switch$3$rdmux[0][5][26]$a$216 [3] $memory$auto$proc_rom.cc:155:do_switch$3$rdmux[0][5][26]$a$216 [8:5] $memory$auto$proc_rom.cc:155:do_switch$3$rdmux[0][5][26]$a$216 [1] $memory$auto$proc_rom.cc:155:do_switch$3$rdmux[0][5][26]$a$216 [3:0] }, B={ $memory$auto$proc_rom.cc:155:do_switch$3$rdmux[0][5][26]$b$217 [14] $memory$auto$proc_rom.cc:155:do_switch$3$rdmux[0][5][26]$b$217 [7] $memory$auto$proc_rom.cc:155:do_switch$3$rdmux[0][5][26]$b$217 [3] $memory$auto$proc_rom.cc:155:do_switch$3$rdmux[0][5][26]$b$217 [26:25] $memory$auto$proc_rom.cc:155:do_switch$3$rdmux[0][5][26]$b$217 [26:25] $memory$auto$proc_rom.cc:155:do_switch$3$rdmux[0][5][26]$b$217 [14] 1'1 $memory$auto$proc_rom.cc:155:do_switch$3$rdmux[0][5][26]$b$217 [22] $memory$auto$proc_rom.cc:155:do_switch$3$rdmux[0][5][26]$b$217 [14] $memory$auto$proc_rom.cc:155:do_switch$3$rdmux[0][5][26]$b$217 [20] $memory$auto$proc_rom.cc:155:do_switch$3$rdmux[0][5][26]$b$217 [6] 1'1 $memory$auto$proc_rom.cc:155:do_switch$3$rdmux[0][5][26]$b$217 [16] $memory$auto$proc_rom.cc:155:do_switch$3$rdmux[0][5][26]$b$217 [14] $memory$auto$proc_rom.cc:155:do_switch$3$rdmux[0][5][26]$b$217 [14] $memory$auto$proc_rom.cc:155:do_switch$3$rdmux[0][5][26]$b$217 [3] $memory$auto$proc_rom.cc:155:do_switch$3$rdmux[0][5][26]$b$217 [10] $memory$auto$proc_rom.cc:155:do_switch$3$rdmux[0][5][26]$b$217 [10] $memory$auto$proc_rom.cc:155:do_switch$3$rdmux[0][5][26]$b$217 [5] 1'0 $memory$auto$proc_rom.cc:155:do_switch$3$rdmux[0][5][26]$b$217 [7:5] $memory$auto$proc_rom.cc:155:do_switch$3$rdmux[0][5][26]$b$217 [0] $memory$auto$proc_rom.cc:155:do_switch$3$rdmux[0][5][26]$b$217 [3] $memory$auto$proc_rom.cc:155:do_switch$3$rdmux[0][5][26]$b$217 [0] $memory$auto$proc_rom.cc:155:do_switch$3$rdmux[0][5][26]$b$217 [1:0] }, Y={ $memory$auto$proc_rom.cc:155:do_switch$3$rdmux[0][4][13]$a$129 [31:20] $memory$auto$proc_rom.cc:155:do_switch$3$rdmux[0][4][13]$a$129 [18:13] $memory$auto$proc_rom.cc:155:do_switch$3$rdmux[0][4][13]$a$129 [11:0] }
      New ports: A={ $memory$auto$proc_rom.cc:155:do_switch$3$rdmux[0][5][26]$a$216 [17] $memory$auto$proc_rom.cc:155:do_switch$3$rdmux[0][5][26]$a$216 [5] $memory$auto$proc_rom.cc:155:do_switch$3$rdmux[0][5][26]$a$216 [7] $memory$auto$proc_rom.cc:155:do_switch$3$rdmux[0][5][26]$a$216 [13] 1'0 $memory$auto$proc_rom.cc:155:do_switch$3$rdmux[0][5][26]$a$216 [2] $memory$auto$proc_rom.cc:155:do_switch$3$rdmux[0][5][26]$a$216 [5] $memory$auto$proc_rom.cc:155:do_switch$3$rdmux[0][5][26]$a$216 [7:6] 1'1 $memory$auto$proc_rom.cc:155:do_switch$3$rdmux[0][5][26]$a$216 [17] $memory$auto$proc_rom.cc:155:do_switch$3$rdmux[0][5][26]$a$216 [18:17] $memory$auto$proc_rom.cc:155:do_switch$3$rdmux[0][5][26]$a$216 [2] $memory$auto$proc_rom.cc:155:do_switch$3$rdmux[0][6][11]$a$267 [6] $memory$auto$proc_rom.cc:155:do_switch$3$rdmux[0][5][26]$a$216 [3] $memory$auto$proc_rom.cc:155:do_switch$3$rdmux[0][5][26]$a$216 [13] 1'1 $memory$auto$proc_rom.cc:155:do_switch$3$rdmux[0][5][26]$a$216 [6] $memory$auto$proc_rom.cc:155:do_switch$3$rdmux[0][5][26]$a$216 [3] $memory$auto$proc_rom.cc:155:do_switch$3$rdmux[0][5][26]$a$216 [8:5] $memory$auto$proc_rom.cc:155:do_switch$3$rdmux[0][5][26]$a$216 [1] $memory$auto$proc_rom.cc:155:do_switch$3$rdmux[0][5][26]$a$216 [3:0] }, B={ $memory$auto$proc_rom.cc:155:do_switch$3$rdmux[0][5][26]$b$217 [14] $memory$auto$proc_rom.cc:155:do_switch$3$rdmux[0][5][26]$b$217 [7] $memory$auto$proc_rom.cc:155:do_switch$3$rdmux[0][5][26]$b$217 [3] $memory$auto$proc_rom.cc:155:do_switch$3$rdmux[0][6][11]$a$267 [4] $memory$auto$proc_rom.cc:155:do_switch$3$rdmux[0][5][26]$b$217 [25] $memory$auto$proc_rom.cc:155:do_switch$3$rdmux[0][5][26]$b$217 [25] $memory$auto$proc_rom.cc:155:do_switch$3$rdmux[0][5][26]$b$217 [14] 1'1 $memory$auto$proc_rom.cc:155:do_switch$3$rdmux[0][5][26]$b$217 [22] $memory$auto$proc_rom.cc:155:do_switch$3$rdmux[0][5][26]$b$217 [14] $memory$auto$proc_rom.cc:155:do_switch$3$rdmux[0][5][26]$b$217 [20] $memory$auto$proc_rom.cc:155:do_switch$3$rdmux[0][5][26]$b$217 [6] 1'1 $memory$auto$proc_rom.cc:155:do_switch$3$rdmux[0][5][26]$b$217 [16] $memory$auto$proc_rom.cc:155:do_switch$3$rdmux[0][5][26]$b$217 [14] $memory$auto$proc_rom.cc:155:do_switch$3$rdmux[0][5][26]$b$217 [14] $memory$auto$proc_rom.cc:155:do_switch$3$rdmux[0][5][26]$b$217 [3] $memory$auto$proc_rom.cc:155:do_switch$3$rdmux[0][5][26]$b$217 [10] $memory$auto$proc_rom.cc:155:do_switch$3$rdmux[0][5][26]$b$217 [10] $memory$auto$proc_rom.cc:155:do_switch$3$rdmux[0][6][11]$a$267 [6] 1'0 $memory$auto$proc_rom.cc:155:do_switch$3$rdmux[0][5][26]$b$217 [7:6] $memory$auto$proc_rom.cc:155:do_switch$3$rdmux[0][6][11]$a$267 [6] $memory$auto$proc_rom.cc:155:do_switch$3$rdmux[0][5][26]$b$217 [0] $memory$auto$proc_rom.cc:155:do_switch$3$rdmux[0][5][26]$b$217 [3] $memory$auto$proc_rom.cc:155:do_switch$3$rdmux[0][5][26]$b$217 [0] $memory$auto$proc_rom.cc:155:do_switch$3$rdmux[0][5][26]$b$217 [1:0] }, Y={ $memory$auto$proc_rom.cc:155:do_switch$3$rdmux[0][4][13]$a$129 [31:27] $memory$auto$proc_rom.cc:155:do_switch$3$rdmux[0][4][13]$a$129 [25:20] $memory$auto$proc_rom.cc:155:do_switch$3$rdmux[0][4][13]$a$129 [18:13] $memory$auto$proc_rom.cc:155:do_switch$3$rdmux[0][4][13]$a$129 [11:0] }
      New connections: $memory$auto$proc_rom.cc:155:do_switch$3$rdmux[0][4][13]$a$129 [26] = $memory$auto$proc_rom.cc:155:do_switch$3$rdmux[0][6][11]$a$267 [4]
    Consolidated identical input bits for $mux cell $memory$auto$proc_rom.cc:155:do_switch$3$rdmux[0][5][19]$194:
      Old ports: A={ $memory$auto$proc_rom.cc:155:do_switch$3$rdmux[0][5][19]$a$195 [31:29] $memory$auto$proc_rom.cc:155:do_switch$3$rdmux[0][5][19]$a$195 [3:2] $memory$auto$proc_rom.cc:155:do_switch$3$rdmux[0][5][19]$a$195 [8] $memory$auto$proc_rom.cc:155:do_switch$3$rdmux[0][5][19]$a$195 [24] $memory$auto$proc_rom.cc:155:do_switch$3$rdmux[0][5][19]$a$195 [0] $memory$auto$proc_rom.cc:155:do_switch$3$rdmux[0][5][19]$a$195 [13] $memory$auto$proc_rom.cc:155:do_switch$3$rdmux[0][5][19]$a$195 [2] $memory$auto$proc_rom.cc:155:do_switch$3$rdmux[0][5][19]$a$195 [5] $memory$auto$proc_rom.cc:155:do_switch$3$rdmux[0][5][19]$a$195 [18] $memory$auto$proc_rom.cc:155:do_switch$3$rdmux[0][5][19]$a$195 [16] $memory$auto$proc_rom.cc:155:do_switch$3$rdmux[0][5][19]$a$195 [8] $memory$auto$proc_rom.cc:155:do_switch$3$rdmux[0][5][19]$a$195 [11] $memory$auto$proc_rom.cc:155:do_switch$3$rdmux[0][5][19]$a$195 [13] $memory$auto$proc_rom.cc:155:do_switch$3$rdmux[0][5][19]$a$195 [0] $memory$auto$proc_rom.cc:155:do_switch$3$rdmux[0][5][19]$a$195 [11] $memory$auto$proc_rom.cc:155:do_switch$3$rdmux[0][5][19]$a$195 [5] $memory$auto$proc_rom.cc:155:do_switch$3$rdmux[0][5][19]$a$195 [2] $memory$auto$proc_rom.cc:155:do_switch$3$rdmux[0][5][19]$a$195 [8] $memory$auto$proc_rom.cc:155:do_switch$3$rdmux[0][5][19]$a$195 [3] $memory$auto$proc_rom.cc:155:do_switch$3$rdmux[0][5][19]$a$195 [5] 1'1 $memory$auto$proc_rom.cc:155:do_switch$3$rdmux[0][5][19]$a$195 [3:2] $memory$auto$proc_rom.cc:155:do_switch$3$rdmux[0][5][19]$a$195 [0] $memory$auto$proc_rom.cc:155:do_switch$3$rdmux[0][5][19]$a$195 [0] }, B={ $memory$auto$proc_rom.cc:155:do_switch$3$rdmux[0][5][19]$b$196 [31] $memory$auto$proc_rom.cc:155:do_switch$3$rdmux[0][5][19]$b$196 [2] $memory$auto$proc_rom.cc:155:do_switch$3$rdmux[0][5][19]$b$196 [3] $memory$auto$proc_rom.cc:155:do_switch$3$rdmux[0][5][19]$b$196 [8] 2'01 $memory$auto$proc_rom.cc:155:do_switch$3$rdmux[0][5][19]$b$196 [24] $memory$auto$proc_rom.cc:155:do_switch$3$rdmux[0][5][19]$b$196 [11] $memory$auto$proc_rom.cc:155:do_switch$3$rdmux[0][5][19]$b$196 [11] $memory$auto$proc_rom.cc:155:do_switch$3$rdmux[0][5][19]$b$196 [7] $memory$auto$proc_rom.cc:155:do_switch$3$rdmux[0][5][19]$b$196 [20] $memory$auto$proc_rom.cc:155:do_switch$3$rdmux[0][5][19]$b$196 [10] $memory$auto$proc_rom.cc:155:do_switch$3$rdmux[0][5][19]$b$196 [16] $memory$auto$proc_rom.cc:155:do_switch$3$rdmux[0][5][19]$b$196 [5] $memory$auto$proc_rom.cc:155:do_switch$3$rdmux[0][5][19]$b$196 [1] $memory$auto$proc_rom.cc:155:do_switch$3$rdmux[0][5][19]$b$196 [5] $memory$auto$proc_rom.cc:155:do_switch$3$rdmux[0][5][19]$b$196 [5] $memory$auto$proc_rom.cc:155:do_switch$3$rdmux[0][5][19]$b$196 [11:10] $memory$auto$proc_rom.cc:155:do_switch$3$rdmux[0][5][19]$b$196 [8] $memory$auto$proc_rom.cc:155:do_switch$3$rdmux[0][5][19]$b$196 [8:7] $memory$auto$proc_rom.cc:155:do_switch$3$rdmux[0][5][19]$b$196 [5:1] 1'1 }, Y={ $memory$auto$proc_rom.cc:155:do_switch$3$rdmux[0][4][9]$b$118 [31:28] $memory$auto$proc_rom.cc:155:do_switch$3$rdmux[0][4][9]$b$118 [26:20] $memory$auto$proc_rom.cc:155:do_switch$3$rdmux[0][4][9]$b$118 [18] $memory$auto$proc_rom.cc:155:do_switch$3$rdmux[0][4][9]$b$118 [16:7] $memory$auto$proc_rom.cc:155:do_switch$3$rdmux[0][4][9]$b$118 [5:0] }
      New ports: A={ $memory$auto$proc_rom.cc:155:do_switch$3$rdmux[0][5][19]$a$195 [31:30] $memory$auto$proc_rom.cc:155:do_switch$3$rdmux[0][6][11]$a$267 [6] $memory$auto$proc_rom.cc:155:do_switch$3$rdmux[0][5][19]$a$195 [3] $memory$auto$proc_rom.cc:155:do_switch$3$rdmux[0][6][11]$a$267 [4] $memory$auto$proc_rom.cc:155:do_switch$3$rdmux[0][5][19]$a$195 [8] $memory$auto$proc_rom.cc:155:do_switch$3$rdmux[0][5][19]$a$195 [24] $memory$auto$proc_rom.cc:155:do_switch$3$rdmux[0][5][19]$a$195 [0] $memory$auto$proc_rom.cc:155:do_switch$3$rdmux[0][5][19]$a$195 [13] $memory$auto$proc_rom.cc:155:do_switch$3$rdmux[0][6][11]$a$267 [4] $memory$auto$proc_rom.cc:155:do_switch$3$rdmux[0][5][19]$a$195 [5] $memory$auto$proc_rom.cc:155:do_switch$3$rdmux[0][5][19]$a$195 [18] $memory$auto$proc_rom.cc:155:do_switch$3$rdmux[0][5][19]$a$195 [16] $memory$auto$proc_rom.cc:155:do_switch$3$rdmux[0][5][19]$a$195 [8] $memory$auto$proc_rom.cc:155:do_switch$3$rdmux[0][5][19]$a$195 [11] $memory$auto$proc_rom.cc:155:do_switch$3$rdmux[0][5][19]$a$195 [13] $memory$auto$proc_rom.cc:155:do_switch$3$rdmux[0][5][19]$a$195 [0] $memory$auto$proc_rom.cc:155:do_switch$3$rdmux[0][5][19]$a$195 [11] $memory$auto$proc_rom.cc:155:do_switch$3$rdmux[0][5][19]$a$195 [5] $memory$auto$proc_rom.cc:155:do_switch$3$rdmux[0][5][19]$a$195 [8] $memory$auto$proc_rom.cc:155:do_switch$3$rdmux[0][5][19]$a$195 [3] $memory$auto$proc_rom.cc:155:do_switch$3$rdmux[0][5][19]$a$195 [5] 1'1 $memory$auto$proc_rom.cc:155:do_switch$3$rdmux[0][5][19]$a$195 [3] $memory$auto$proc_rom.cc:155:do_switch$3$rdmux[0][6][11]$a$267 [4] $memory$auto$proc_rom.cc:155:do_switch$3$rdmux[0][5][19]$a$195 [0] $memory$auto$proc_rom.cc:155:do_switch$3$rdmux[0][5][19]$a$195 [0] }, B={ $memory$auto$proc_rom.cc:155:do_switch$3$rdmux[0][5][19]$b$196 [31] $memory$auto$proc_rom.cc:155:do_switch$3$rdmux[0][5][19]$b$196 [2] $memory$auto$proc_rom.cc:155:do_switch$3$rdmux[0][5][19]$b$196 [3] $memory$auto$proc_rom.cc:155:do_switch$3$rdmux[0][6][11]$a$267 [4] 2'01 $memory$auto$proc_rom.cc:155:do_switch$3$rdmux[0][5][19]$b$196 [24] $memory$auto$proc_rom.cc:155:do_switch$3$rdmux[0][6][11]$a$267 [6] $memory$auto$proc_rom.cc:155:do_switch$3$rdmux[0][6][11]$a$267 [6] $memory$auto$proc_rom.cc:155:do_switch$3$rdmux[0][5][19]$b$196 [7] $memory$auto$proc_rom.cc:155:do_switch$3$rdmux[0][5][19]$b$196 [20] $memory$auto$proc_rom.cc:155:do_switch$3$rdmux[0][5][19]$b$196 [10] $memory$auto$proc_rom.cc:155:do_switch$3$rdmux[0][5][19]$b$196 [16] $memory$auto$proc_rom.cc:155:do_switch$3$rdmux[0][5][19]$b$196 [5] $memory$auto$proc_rom.cc:155:do_switch$3$rdmux[0][5][19]$b$196 [1] $memory$auto$proc_rom.cc:155:do_switch$3$rdmux[0][5][19]$b$196 [5] $memory$auto$proc_rom.cc:155:do_switch$3$rdmux[0][5][19]$b$196 [5] $memory$auto$proc_rom.cc:155:do_switch$3$rdmux[0][6][11]$a$267 [6] $memory$auto$proc_rom.cc:155:do_switch$3$rdmux[0][5][19]$b$196 [10] $memory$auto$proc_rom.cc:155:do_switch$3$rdmux[0][6][11]$a$267 [4] $memory$auto$proc_rom.cc:155:do_switch$3$rdmux[0][5][19]$b$196 [7] $memory$auto$proc_rom.cc:155:do_switch$3$rdmux[0][5][19]$b$196 [5:1] 1'1 }, Y={ $memory$auto$proc_rom.cc:155:do_switch$3$rdmux[0][4][9]$b$118 [31:28] $memory$auto$proc_rom.cc:155:do_switch$3$rdmux[0][4][9]$b$118 [26:20] $memory$auto$proc_rom.cc:155:do_switch$3$rdmux[0][4][9]$b$118 [18] $memory$auto$proc_rom.cc:155:do_switch$3$rdmux[0][4][9]$b$118 [16:10] $memory$auto$proc_rom.cc:155:do_switch$3$rdmux[0][4][9]$b$118 [8:7] $memory$auto$proc_rom.cc:155:do_switch$3$rdmux[0][4][9]$b$118 [5:0] }
      New connections: $memory$auto$proc_rom.cc:155:do_switch$3$rdmux[0][4][9]$b$118 [9] = $memory$auto$proc_rom.cc:155:do_switch$3$rdmux[0][6][11]$a$267 [4]
    Consolidated identical input bits for $mux cell $memory$auto$proc_rom.cc:155:do_switch$3$rdmux[0][5][1]$140:
      Old ports: A={ $memory$auto$proc_rom.cc:155:do_switch$3$rdmux[0][5][1]$a$141 [26] $memory$auto$proc_rom.cc:155:do_switch$3$rdmux[0][5][1]$a$141 [1] $memory$auto$proc_rom.cc:155:do_switch$3$rdmux[0][5][1]$a$141 [2] $memory$auto$proc_rom.cc:155:do_switch$3$rdmux[0][5][1]$a$141 [16] $memory$auto$proc_rom.cc:155:do_switch$3$rdmux[0][5][1]$a$141 [27:26] $memory$auto$proc_rom.cc:155:do_switch$3$rdmux[0][5][1]$a$141 [16] $memory$auto$proc_rom.cc:155:do_switch$3$rdmux[0][5][1]$a$141 [1] $memory$auto$proc_rom.cc:155:do_switch$3$rdmux[0][5][1]$a$141 [8] $memory$auto$proc_rom.cc:155:do_switch$3$rdmux[0][5][1]$a$141 [20] $memory$auto$proc_rom.cc:155:do_switch$3$rdmux[0][5][1]$a$141 [20] $memory$auto$proc_rom.cc:155:do_switch$3$rdmux[0][5][1]$a$141 [12] $memory$auto$proc_rom.cc:155:do_switch$3$rdmux[0][5][1]$a$141 [0] $memory$auto$proc_rom.cc:155:do_switch$3$rdmux[0][5][1]$a$141 [16] 1'0 $memory$auto$proc_rom.cc:155:do_switch$3$rdmux[0][5][1]$a$141 [7] $memory$auto$proc_rom.cc:155:do_switch$3$rdmux[0][5][1]$a$141 [0] $memory$auto$proc_rom.cc:155:do_switch$3$rdmux[0][5][1]$a$141 [12] $memory$auto$proc_rom.cc:155:do_switch$3$rdmux[0][5][1]$a$141 [2] $memory$auto$proc_rom.cc:155:do_switch$3$rdmux[0][5][1]$a$141 [6] $memory$auto$proc_rom.cc:155:do_switch$3$rdmux[0][5][1]$a$141 [1] $memory$auto$proc_rom.cc:155:do_switch$3$rdmux[0][5][1]$a$141 [8:4] $memory$auto$proc_rom.cc:155:do_switch$3$rdmux[0][5][1]$a$141 [2] $memory$auto$proc_rom.cc:155:do_switch$3$rdmux[0][5][1]$a$141 [2:0] }, B={ $memory$auto$proc_rom.cc:155:do_switch$3$rdmux[0][5][1]$b$142 [31] 1'1 $memory$auto$proc_rom.cc:155:do_switch$3$rdmux[0][5][1]$b$142 [13] $memory$auto$proc_rom.cc:155:do_switch$3$rdmux[0][5][1]$b$142 [5] 1'0 $memory$auto$proc_rom.cc:155:do_switch$3$rdmux[0][5][1]$b$142 [26] 1'1 $memory$auto$proc_rom.cc:155:do_switch$3$rdmux[0][5][1]$b$142 [13] $memory$auto$proc_rom.cc:155:do_switch$3$rdmux[0][5][1]$b$142 [5] $memory$auto$proc_rom.cc:155:do_switch$3$rdmux[0][5][1]$b$142 [16] $memory$auto$proc_rom.cc:155:do_switch$3$rdmux[0][5][1]$b$142 [0] 1'1 $memory$auto$proc_rom.cc:155:do_switch$3$rdmux[0][5][1]$b$142 [5] $memory$auto$proc_rom.cc:155:do_switch$3$rdmux[0][5][1]$b$142 [16] $memory$auto$proc_rom.cc:155:do_switch$3$rdmux[0][5][1]$b$142 [13] $memory$auto$proc_rom.cc:155:do_switch$3$rdmux[0][5][1]$b$142 [3] $memory$auto$proc_rom.cc:155:do_switch$3$rdmux[0][5][1]$b$142 [13] $memory$auto$proc_rom.cc:155:do_switch$3$rdmux[0][5][1]$b$142 [11] $memory$auto$proc_rom.cc:155:do_switch$3$rdmux[0][5][1]$b$142 [11] 1'1 $memory$auto$proc_rom.cc:155:do_switch$3$rdmux[0][5][1]$b$142 [3] $memory$auto$proc_rom.cc:155:do_switch$3$rdmux[0][5][1]$b$142 [8] $memory$auto$proc_rom.cc:155:do_switch$3$rdmux[0][5][1]$b$142 [2] $memory$auto$proc_rom.cc:155:do_switch$3$rdmux[0][5][1]$b$142 [5] $memory$auto$proc_rom.cc:155:do_switch$3$rdmux[0][5][1]$b$142 [5] $memory$auto$proc_rom.cc:155:do_switch$3$rdmux[0][5][1]$b$142 [1] $memory$auto$proc_rom.cc:155:do_switch$3$rdmux[0][5][1]$b$142 [3:0] }, Y={ $memory$auto$proc_rom.cc:155:do_switch$3$rdmux[0][4][0]$b$91 [31:25] $memory$auto$proc_rom.cc:155:do_switch$3$rdmux[0][4][0]$b$91 [23:19] $memory$auto$proc_rom.cc:155:do_switch$3$rdmux[0][4][0]$b$91 [17:0] }
      New ports: A={ $memory$auto$proc_rom.cc:155:do_switch$3$rdmux[0][5][1]$a$141 [26] $memory$auto$proc_rom.cc:155:do_switch$3$rdmux[0][5][1]$a$141 [1] $memory$auto$proc_rom.cc:155:do_switch$3$rdmux[0][5][1]$a$141 [2] $memory$auto$proc_rom.cc:155:do_switch$3$rdmux[0][5][1]$a$141 [16] $memory$auto$proc_rom.cc:155:do_switch$3$rdmux[0][5][1]$a$141 [27:26] $memory$auto$proc_rom.cc:155:do_switch$3$rdmux[0][5][1]$a$141 [16] $memory$auto$proc_rom.cc:155:do_switch$3$rdmux[0][5][1]$a$141 [1] $memory$auto$proc_rom.cc:155:do_switch$3$rdmux[0][5][1]$a$141 [8] $memory$auto$proc_rom.cc:155:do_switch$3$rdmux[0][6][11]$a$267 [6] $memory$auto$proc_rom.cc:155:do_switch$3$rdmux[0][5][1]$a$141 [12] $memory$auto$proc_rom.cc:155:do_switch$3$rdmux[0][5][1]$a$141 [0] $memory$auto$proc_rom.cc:155:do_switch$3$rdmux[0][5][1]$a$141 [16] 1'0 $memory$auto$proc_rom.cc:155:do_switch$3$rdmux[0][5][1]$a$141 [7] $memory$auto$proc_rom.cc:155:do_switch$3$rdmux[0][5][1]$a$141 [0] $memory$auto$proc_rom.cc:155:do_switch$3$rdmux[0][5][1]$a$141 [12] $memory$auto$proc_rom.cc:155:do_switch$3$rdmux[0][5][1]$a$141 [2] $memory$auto$proc_rom.cc:155:do_switch$3$rdmux[0][5][1]$a$141 [6] $memory$auto$proc_rom.cc:155:do_switch$3$rdmux[0][5][1]$a$141 [1] $memory$auto$proc_rom.cc:155:do_switch$3$rdmux[0][5][1]$a$141 [8:5] $memory$auto$proc_rom.cc:155:do_switch$3$rdmux[0][6][11]$a$267 [4] $memory$auto$proc_rom.cc:155:do_switch$3$rdmux[0][5][1]$a$141 [2] $memory$auto$proc_rom.cc:155:do_switch$3$rdmux[0][5][1]$a$141 [2:0] }, B={ $memory$auto$proc_rom.cc:155:do_switch$3$rdmux[0][5][1]$b$142 [31] 1'1 $memory$auto$proc_rom.cc:155:do_switch$3$rdmux[0][5][1]$b$142 [13] $memory$auto$proc_rom.cc:155:do_switch$3$rdmux[0][5][1]$b$142 [5] 1'0 $memory$auto$proc_rom.cc:155:do_switch$3$rdmux[0][5][1]$b$142 [26] 1'1 $memory$auto$proc_rom.cc:155:do_switch$3$rdmux[0][5][1]$b$142 [13] $memory$auto$proc_rom.cc:155:do_switch$3$rdmux[0][5][1]$b$142 [5] $memory$auto$proc_rom.cc:155:do_switch$3$rdmux[0][5][1]$b$142 [0] 1'1 $memory$auto$proc_rom.cc:155:do_switch$3$rdmux[0][5][1]$b$142 [5] $memory$auto$proc_rom.cc:155:do_switch$3$rdmux[0][6][11]$a$267 [6] $memory$auto$proc_rom.cc:155:do_switch$3$rdmux[0][5][1]$b$142 [13] $memory$auto$proc_rom.cc:155:do_switch$3$rdmux[0][5][1]$b$142 [3] $memory$auto$proc_rom.cc:155:do_switch$3$rdmux[0][5][1]$b$142 [13] $memory$auto$proc_rom.cc:155:do_switch$3$rdmux[0][5][1]$b$142 [11] $memory$auto$proc_rom.cc:155:do_switch$3$rdmux[0][5][1]$b$142 [11] 1'1 $memory$auto$proc_rom.cc:155:do_switch$3$rdmux[0][5][1]$b$142 [3] $memory$auto$proc_rom.cc:155:do_switch$3$rdmux[0][5][1]$b$142 [8] $memory$auto$proc_rom.cc:155:do_switch$3$rdmux[0][5][1]$b$142 [2] $memory$auto$proc_rom.cc:155:do_switch$3$rdmux[0][5][1]$b$142 [5] $memory$auto$proc_rom.cc:155:do_switch$3$rdmux[0][5][1]$b$142 [5] $memory$auto$proc_rom.cc:155:do_switch$3$rdmux[0][5][1]$b$142 [1] $memory$auto$proc_rom.cc:155:do_switch$3$rdmux[0][5][1]$b$142 [3:0] }, Y={ $memory$auto$proc_rom.cc:155:do_switch$3$rdmux[0][4][0]$b$91 [31:25] $memory$auto$proc_rom.cc:155:do_switch$3$rdmux[0][4][0]$b$91 [23:22] $memory$auto$proc_rom.cc:155:do_switch$3$rdmux[0][4][0]$b$91 [20:19] $memory$auto$proc_rom.cc:155:do_switch$3$rdmux[0][4][0]$b$91 [17:0] }
      New connections: $memory$auto$proc_rom.cc:155:do_switch$3$rdmux[0][4][0]$b$91 [21] = $memory$auto$proc_rom.cc:155:do_switch$3$rdmux[0][6][11]$a$267 [6]
  Optimizing cells in module \sweep_256x32_portable.
Performed a total of 34 changes.

8.13. Executing OPT_MERGE pass (detect identical cells).
Finding identical cells in module `\sweep_256x32_portable'.
Computing hashes of 130 cells of `\sweep_256x32_portable'.
Finding duplicate cells in `\sweep_256x32_portable'.
Removed a total of 0 cells.

8.14. Executing OPT_SHARE pass.

8.15. Executing OPT_DFF pass (perform DFF optimizations).

8.16. Executing OPT_CLEAN pass (remove unused cells and wires).
Finding unused cells or wires in module \sweep_256x32_portable..
Removed 0 unused cells and 2 unused wires.
<suppressed ~1 debug messages>

8.17. Executing OPT_EXPR pass (perform const folding).
Optimizing module sweep_256x32_portable.

8.18. Rerunning OPT passes. (Maybe there is more to do..)

8.19. Executing OPT_MUXTREE pass (detect dead branches in mux trees).
Running muxtree optimizer on module \sweep_256x32_portable..
  Creating internal representation of mux trees.
  Evaluating internal representation of mux trees.
  Analyzing evaluation results.
Removed 0 multiplexer ports.
<suppressed ~226 debug messages>

8.20. Executing OPT_REDUCE pass (consolidate $*mux and $reduce_* inputs).
  Optimizing cells in module \sweep_256x32_portable.
Performed a total of 0 changes.

8.21. Executing OPT_MERGE pass (detect identical cells).
Finding identical cells in module `\sweep_256x32_portable'.
Computing hashes of 130 cells of `\sweep_256x32_portable'.
Finding duplicate cells in `\sweep_256x32_portable'.
Removed a total of 0 cells.

8.22. Executing OPT_SHARE pass.

8.23. Executing OPT_DFF pass (perform DFF optimizations).

8.24. Executing OPT_CLEAN pass (remove unused cells and wires).
Finding unused cells or wires in module \sweep_256x32_portable..

8.25. Executing OPT_EXPR pass (perform const folding).
Optimizing module sweep_256x32_portable.

8.26. Finished fast OPT passes. (There is nothing left to do.)

9. Executing TECHMAP pass (map to technology primitives).

9.1. Executing Verilog-2005 frontend: /home/rithwik/klayout_cf/yosys/bin/../share/yosys/techmap.v
Parsing Verilog input from `/home/rithwik/klayout_cf/yosys/bin/../share/yosys/techmap.v' to AST representation.
Generating RTLIL representation for module `\_90_simplemap_bool_ops'.
Generating RTLIL representation for module `\_90_simplemap_reduce_ops'.
Generating RTLIL representation for module `\_90_simplemap_logic_ops'.
Generating RTLIL representation for module `\_90_simplemap_compare_ops'.
Generating RTLIL representation for module `\_90_simplemap_various'.
Generating RTLIL representation for module `\_90_simplemap_registers'.
Generating RTLIL representation for module `\_90_shift_ops_shr_shl_sshl_sshr'.
Generating RTLIL representation for module `\_90_shift_shiftx'.
Generating RTLIL representation for module `\_90_fa'.
Generating RTLIL representation for module `\_90_lcu_brent_kung'.
Generating RTLIL representation for module `\_90_alu'.
Generating RTLIL representation for module `\_90_macc'.
Generating RTLIL representation for module `\_90_alumacc'.
Generating RTLIL representation for module `$__div_mod_u'.
Generating RTLIL representation for module `$__div_mod_trunc'.
Generating RTLIL representation for module `\_90_div'.
Generating RTLIL representation for module `\_90_mod'.
Generating RTLIL representation for module `$__div_mod_floor'.
Generating RTLIL representation for module `\_90_divfloor'.
Generating RTLIL representation for module `\_90_modfloor'.
Generating RTLIL representation for module `\_90_pow'.
Generating RTLIL representation for module `\_90_demux'.
Generating RTLIL representation for module `\_90_lut'.
Generating RTLIL representation for module `$connect'.
Generating RTLIL representation for module `$input_port'.
Successfully finished Verilog frontend.

9.2. Continuing TECHMAP pass.
Using extmapper simplemap for cells of type $dffe.
Using extmapper simplemap for cells of type $mux.
No more expansions possible.
<suppressed ~207 debug messages>

10. Executing OPT pass (performing simple optimizations).

10.1. Executing OPT_EXPR pass (perform const folding).
Optimizing module sweep_256x32_portable.
<suppressed ~430 debug messages>

10.2. Executing OPT_MERGE pass (detect identical cells).
Finding identical cells in module `\sweep_256x32_portable'.
Computing hashes of 2616 cells of `\sweep_256x32_portable'.
Finding duplicate cells in `\sweep_256x32_portable'.
Computing hashes of 1955 cells of `\sweep_256x32_portable'.
Finding duplicate cells in `\sweep_256x32_portable'.
Computing hashes of 1458 cells of `\sweep_256x32_portable'.
Finding duplicate cells in `\sweep_256x32_portable'.
Computing hashes of 1302 cells of `\sweep_256x32_portable'.
Finding duplicate cells in `\sweep_256x32_portable'.
Computing hashes of 1300 cells of `\sweep_256x32_portable'.
Finding duplicate cells in `\sweep_256x32_portable'.
<suppressed ~3948 debug messages>
Removed a total of 1316 cells.

10.3. Executing OPT_MUXTREE pass (detect dead branches in mux trees).
Running muxtree optimizer on module \sweep_256x32_portable..
  Creating internal representation of mux trees.
  No muxes found in this module.
Removed 0 multiplexer ports.

10.4. Executing OPT_REDUCE pass (consolidate $*mux and $reduce_* inputs).
  Optimizing cells in module \sweep_256x32_portable.
Performed a total of 0 changes.

10.5. Executing OPT_MERGE pass (detect identical cells).
Finding identical cells in module `\sweep_256x32_portable'.
Computing hashes of 1300 cells of `\sweep_256x32_portable'.
Finding duplicate cells in `\sweep_256x32_portable'.
Removed a total of 0 cells.

10.6. Executing OPT_SHARE pass.

10.7. Executing OPT_DFF pass (perform DFF optimizations).

10.8. Executing OPT_CLEAN pass (remove unused cells and wires).
Finding unused cells or wires in module \sweep_256x32_portable..
Removed 0 unused cells and 62 unused wires.
<suppressed ~1 debug messages>

10.9. Executing OPT_EXPR pass (perform const folding).
Optimizing module sweep_256x32_portable.
<suppressed ~14 debug messages>

10.10. Rerunning OPT passes. (Maybe there is more to do..)

10.11. Executing OPT_MUXTREE pass (detect dead branches in mux trees).
Running muxtree optimizer on module \sweep_256x32_portable..
  Creating internal representation of mux trees.
  No muxes found in this module.
Removed 0 multiplexer ports.

10.12. Executing OPT_REDUCE pass (consolidate $*mux and $reduce_* inputs).
  Optimizing cells in module \sweep_256x32_portable.
Performed a total of 0 changes.

10.13. Executing OPT_MERGE pass (detect identical cells).
Finding identical cells in module `\sweep_256x32_portable'.
Computing hashes of 1286 cells of `\sweep_256x32_portable'.
Finding duplicate cells in `\sweep_256x32_portable'.
Computing hashes of 1266 cells of `\sweep_256x32_portable'.
Finding duplicate cells in `\sweep_256x32_portable'.
<suppressed ~60 debug messages>
Removed a total of 20 cells.

10.14. Executing OPT_SHARE pass.

10.15. Executing OPT_DFF pass (perform DFF optimizations).

10.16. Executing OPT_CLEAN pass (remove unused cells and wires).
Finding unused cells or wires in module \sweep_256x32_portable..
Removed 0 unused cells and 5 unused wires.
<suppressed ~1 debug messages>

10.17. Executing OPT_EXPR pass (perform const folding).
Optimizing module sweep_256x32_portable.

10.18. Rerunning OPT passes. (Maybe there is more to do..)

10.19. Executing OPT_MUXTREE pass (detect dead branches in mux trees).
Running muxtree optimizer on module \sweep_256x32_portable..
  Creating internal representation of mux trees.
  No muxes found in this module.
Removed 0 multiplexer ports.

10.20. Executing OPT_REDUCE pass (consolidate $*mux and $reduce_* inputs).
  Optimizing cells in module \sweep_256x32_portable.
Performed a total of 0 changes.

10.21. Executing OPT_MERGE pass (detect identical cells).
Finding identical cells in module `\sweep_256x32_portable'.
Computing hashes of 1266 cells of `\sweep_256x32_portable'.
Finding duplicate cells in `\sweep_256x32_portable'.
Removed a total of 0 cells.

10.22. Executing OPT_SHARE pass.

10.23. Executing OPT_DFF pass (perform DFF optimizations).

10.24. Executing OPT_CLEAN pass (remove unused cells and wires).
Finding unused cells or wires in module \sweep_256x32_portable..

10.25. Executing OPT_EXPR pass (perform const folding).
Optimizing module sweep_256x32_portable.

10.26. Finished fast OPT passes. (There is nothing left to do.)

11. Executing SIMPLEMAP pass (map simple cells to gate primitives).

12. Executing DFFLIBMAP pass (mapping DFF cells to sequential cells from liberty file).
  cell sky130_fd_sc_hd__dfxtp_1 (noninv, pins=3, area=20.02) is a direct match for cell type $_DFF_P_.
  cell sky130_fd_sc_hd__dfrtn_1 (noninv, pins=4, area=25.02) is a direct match for cell type $_DFF_NN0_.
  cell sky130_fd_sc_hd__dfrtp_1 (noninv, pins=4, area=25.02) is a direct match for cell type $_DFF_PN0_.
  cell sky130_fd_sc_hd__dfstp_2 (noninv, pins=4, area=26.28) is a direct match for cell type $_DFF_PN1_.
  cell sky130_fd_sc_hd__edfxtp_1 (noninv, pins=4, area=30.03) is a direct match for cell type $_DFFE_PP_.
  cell sky130_fd_sc_hd__dfbbn_1 (noninv, pins=6, area=32.53) is a direct match for cell type $_DFFSR_NNN_.
  cell sky130_fd_sc_hd__dfbbp_1 (noninv, pins=6, area=32.53) is a direct match for cell type $_DFFSR_PNN_.
  final dff cell mappings:
    unmapped dff cell: $_DFF_N_
    \sky130_fd_sc_hd__dfxtp_1 _DFF_P_ (.CLK( C), .D( D), .Q( Q));
    \sky130_fd_sc_hd__dfrtn_1 _DFF_NN0_ (.CLK_N( C), .D( D), .Q( Q), .RESET_B( R));
    unmapped dff cell: $_DFF_NN1_
    unmapped dff cell: $_DFF_NP0_
    unmapped dff cell: $_DFF_NP1_
    \sky130_fd_sc_hd__dfrtp_1 _DFF_PN0_ (.CLK( C), .D( D), .Q( Q), .RESET_B( R));
    \sky130_fd_sc_hd__dfstp_2 _DFF_PN1_ (.CLK( C), .D( D), .Q( Q), .SET_B( R));
    unmapped dff cell: $_DFF_PP0_
    unmapped dff cell: $_DFF_PP1_
    unmapped dff cell: $_DFFE_NN_
    unmapped dff cell: $_DFFE_NP_
    unmapped dff cell: $_DFFE_PN_
    \sky130_fd_sc_hd__edfxtp_1 _DFFE_PP_ (.CLK( C), .D( D), .DE( E), .Q( Q));
    \sky130_fd_sc_hd__dfbbn_1 _DFFSR_NNN_ (.CLK_N( C), .D( D), .Q( Q), .Q_N(~Q), .RESET_B( R), .SET_B( S));
    unmapped dff cell: $_DFFSR_NNP_
    unmapped dff cell: $_DFFSR_NPN_
    unmapped dff cell: $_DFFSR_NPP_
    \sky130_fd_sc_hd__dfbbp_1 _DFFSR_PNN_ (.CLK( C), .D( D), .Q( Q), .Q_N(~Q), .RESET_B( R), .SET_B( S));
    unmapped dff cell: $_DFFSR_PNP_
    unmapped dff cell: $_DFFSR_PPN_
    unmapped dff cell: $_DFFSR_PPP_

12.1. Executing DFFLEGALIZE pass (convert FFs to types supported by the target).
<suppressed ~24 debug messages>
Mapping DFF cells in module `\sweep_256x32_portable':
  mapped 32 $_DFFE_PP_ cells to \sky130_fd_sc_hd__edfxtp_1 cells.

13. Executing ABC pass (technology mapping using ABC).

13.1. Extracting gate netlist of module `\sweep_256x32_portable' to `<abc-temp-dir>/input.blif'..
ABC: using cached merged SCL: /tmp/yosys-liberty-scl-cache/yosys_merged_4f302412.scl (1 files)

13.1.1. Executed ABC.
Extracted 1234 gates and 1244 wires to a netlist network with 8 inputs and 32 outputs.
Running ABC script: <abc-temp-dir>/abc.script
ABC: UC Berkeley, ABC 1.01 (compiled Aug 11 2026 16:35:14)
ABC: abc 01> empty
ABC: abc 01> source <abc-temp-dir>/abc.script
ABC: + read_blif <abc-temp-dir>/input.blif 
ABC: + read_scl /tmp/yosys-liberty-scl-cache/yosys_merged_4f302412.scl 
ABC: Warning: Detected 9 multi-output cells (for example, "sky130_fd_sc_hd__fa_1").
ABC: + strash 
ABC: + &get -n 
ABC: + &fraig -x 
ABC: + &put 
ABC: + scorr 
ABC: Warning: The network is combinational (run "fraig" or "fraig_sweep").
ABC: + dc2 
ABC: + dretime 
ABC: + strash 
ABC: + &get -n 
ABC: + &dch -f 
ABC: + &nf 
ABC: + &put 
ABC: + write_blif <abc-temp-dir>/output.blif 
ABC: 
ABC: YOSYS_ABC_DONE 

13.1.2. Re-integrating ABC results.
ABC RESULTS:   sky130_fd_sc_hd__a2111oi_0 cells:        2
ABC RESULTS:   sky130_fd_sc_hd__a211o_1 cells:       12
ABC RESULTS:   sky130_fd_sc_hd__a211oi_1 cells:       26
ABC RESULTS:   sky130_fd_sc_hd__a21bo_1 cells:        2
ABC RESULTS:   sky130_fd_sc_hd__a21boi_0 cells:        6
ABC RESULTS:   sky130_fd_sc_hd__a21o_1 cells:       16
ABC RESULTS:   sky130_fd_sc_hd__a21oi_1 cells:      148
ABC RESULTS:   sky130_fd_sc_hd__a221o_1 cells:        1
ABC RESULTS:   sky130_fd_sc_hd__a221oi_1 cells:       18
ABC RESULTS:   sky130_fd_sc_hd__a22o_1 cells:        4
ABC RESULTS:   sky130_fd_sc_hd__a22oi_1 cells:       23
ABC RESULTS:   sky130_fd_sc_hd__a2bb2oi_1 cells:        3
ABC RESULTS:   sky130_fd_sc_hd__a311o_1 cells:        7
ABC RESULTS:   sky130_fd_sc_hd__a311oi_1 cells:       14
ABC RESULTS:   sky130_fd_sc_hd__a31o_1 cells:        8
ABC RESULTS:   sky130_fd_sc_hd__a31oi_1 cells:       53
ABC RESULTS:   sky130_fd_sc_hd__a32o_1 cells:        2
ABC RESULTS:   sky130_fd_sc_hd__a32oi_1 cells:       18
ABC RESULTS:   sky130_fd_sc_hd__a41o_1 cells:        2
ABC RESULTS:   sky130_fd_sc_hd__a41oi_1 cells:        5
ABC RESULTS:   sky130_fd_sc_hd__and2_0 cells:        5
ABC RESULTS:   sky130_fd_sc_hd__and3_1 cells:        3
ABC RESULTS:   sky130_fd_sc_hd__and3b_1 cells:        3
ABC RESULTS:   sky130_fd_sc_hd__and4b_1 cells:        1
ABC RESULTS:   sky130_fd_sc_hd__clkinv_1 cells:        7
ABC RESULTS:   sky130_fd_sc_hd__lpflow_inputiso1p_1 cells:        8
ABC RESULTS:   sky130_fd_sc_hd__lpflow_isobufsrc_1 cells:       20
ABC RESULTS:   sky130_fd_sc_hd__mux2_1 cells:        2
ABC RESULTS:   sky130_fd_sc_hd__mux2i_1 cells:        3
ABC RESULTS:   sky130_fd_sc_hd__mux4_2 cells:       10
ABC RESULTS:   sky130_fd_sc_hd__nand2_1 cells:      104
ABC RESULTS:   sky130_fd_sc_hd__nand2b_1 cells:       16
ABC RESULTS:   sky130_fd_sc_hd__nand3_1 cells:       47
ABC RESULTS:   sky130_fd_sc_hd__nand3b_1 cells:        5
ABC RESULTS:   sky130_fd_sc_hd__nand4_1 cells:       11
ABC RESULTS:   sky130_fd_sc_hd__nor2_1 cells:      106
ABC RESULTS:   sky130_fd_sc_hd__nor3_1 cells:       54
ABC RESULTS:   sky130_fd_sc_hd__nor3b_1 cells:        8
ABC RESULTS:   sky130_fd_sc_hd__nor4_1 cells:        5
ABC RESULTS:   sky130_fd_sc_hd__nor4b_1 cells:        1
ABC RESULTS:   sky130_fd_sc_hd__o2111ai_1 cells:        4
ABC RESULTS:   sky130_fd_sc_hd__o211a_1 cells:        3
ABC RESULTS:   sky130_fd_sc_hd__o211ai_1 cells:       32
ABC RESULTS:   sky130_fd_sc_hd__o21a_1 cells:        8
ABC RESULTS:   sky130_fd_sc_hd__o21ai_0 cells:      148
ABC RESULTS:   sky130_fd_sc_hd__o21ba_1 cells:        2
ABC RESULTS:   sky130_fd_sc_hd__o21bai_1 cells:        4
ABC RESULTS:   sky130_fd_sc_hd__o221a_1 cells:        3
ABC RESULTS:   sky130_fd_sc_hd__o221ai_1 cells:       16
ABC RESULTS:   sky130_fd_sc_hd__o22a_1 cells:        6
ABC RESULTS:   sky130_fd_sc_hd__o22ai_1 cells:       31
ABC RESULTS:   sky130_fd_sc_hd__o2bb2ai_1 cells:        2
ABC RESULTS:   sky130_fd_sc_hd__o311a_1 cells:        7
ABC RESULTS:   sky130_fd_sc_hd__o311ai_0 cells:       11
ABC RESULTS:   sky130_fd_sc_hd__o31a_1 cells:       11
ABC RESULTS:   sky130_fd_sc_hd__o31ai_1 cells:       33
ABC RESULTS:   sky130_fd_sc_hd__o32a_1 cells:        2
ABC RESULTS:   sky130_fd_sc_hd__o32ai_1 cells:       24
ABC RESULTS:   sky130_fd_sc_hd__o41ai_1 cells:        5
ABC RESULTS:   sky130_fd_sc_hd__or3_1 cells:        8
ABC RESULTS:   sky130_fd_sc_hd__or3b_1 cells:        6
ABC RESULTS:   sky130_fd_sc_hd__or4_1 cells:        1
ABC RESULTS:   sky130_fd_sc_hd__or4b_1 cells:        1
ABC RESULTS:   sky130_fd_sc_hd__xnor2_1 cells:        2
ABC RESULTS:   sky130_fd_sc_hd__xor2_1 cells:        2
ABC RESULTS:   sky130_fd_sc_hd__xor3_1 cells:        1
ABC RESULTS:        internal signals:     1204
ABC RESULTS:           input signals:        8
ABC RESULTS:          output signals:       32
Removing temp directory.
Removing global temp directory.

14. Executing SETUNDEF pass (replace undef values with defined constants).

15. Executing OPT_CLEAN pass (remove unused cells and wires).
Finding unused cells or wires in module \sweep_256x32_portable..
Removed 0 unused cells and 99 unused wires.
<suppressed ~1 debug messages>

16. Executing CHECK pass (checking for obvious problems).
Checking module sweep_256x32_portable...
Found and reported 0 problems.

17. Printing statistics.

=== sweep_256x32_portable ===

        +----------Local Count, excluding submodules.
        |        +-Local Area, excluding submodules.
        |        | 
     1135        - wires
     1204        - wire bits
        4        - public wires
       42        - public wire bits
        4        - ports
       42        - port bits
     1194 8.17E+03 cells
        2   17.517   sky130_fd_sc_hd__a2111oi_0
       12  105.101   sky130_fd_sc_hd__a211o_1
       26  195.187   sky130_fd_sc_hd__a211oi_1
        2   20.019   sky130_fd_sc_hd__a21bo_1
        6   45.043   sky130_fd_sc_hd__a21boi_0
       16  120.115   sky130_fd_sc_hd__a21o_1
      148   740.71   sky130_fd_sc_hd__a21oi_1
        1    10.01   sky130_fd_sc_hd__a221o_1
       18  157.651   sky130_fd_sc_hd__a221oi_1
        4   35.034   sky130_fd_sc_hd__a22o_1
       23  172.666   sky130_fd_sc_hd__a22oi_1
        3   26.275   sky130_fd_sc_hd__a2bb2oi_1
        7   70.067   sky130_fd_sc_hd__a311o_1
       14  122.618   sky130_fd_sc_hd__a311oi_1
        8   70.067   sky130_fd_sc_hd__a31o_1
       53  331.568   sky130_fd_sc_hd__a31oi_1
        2   20.019   sky130_fd_sc_hd__a32o_1
       18  157.651   sky130_fd_sc_hd__a32oi_1
        2   20.019   sky130_fd_sc_hd__a41o_1
        5   43.792   sky130_fd_sc_hd__a41oi_1
        5    31.28   sky130_fd_sc_hd__and2_0
        3   18.768   sky130_fd_sc_hd__and3_1
        3   26.275   sky130_fd_sc_hd__and3b_1
        1    10.01   sky130_fd_sc_hd__and4b_1
        7   26.275   sky130_fd_sc_hd__clkinv_1
       32  960.922   sky130_fd_sc_hd__edfxtp_1
        8   50.048   sky130_fd_sc_hd__lpflow_inputiso1p_1
       20   125.12   sky130_fd_sc_hd__lpflow_isobufsrc_1
        2   22.522   sky130_fd_sc_hd__mux2_1
        3   30.029   sky130_fd_sc_hd__mux2i_1
       10  225.216   sky130_fd_sc_hd__mux4_2
      104  390.374   sky130_fd_sc_hd__nand2_1
       16  100.096   sky130_fd_sc_hd__nand2b_1
       47  235.226   sky130_fd_sc_hd__nand3_1
        5   37.536   sky130_fd_sc_hd__nand3b_1
       11   68.816   sky130_fd_sc_hd__nand4_1
      106  397.882   sky130_fd_sc_hd__nor2_1
       54  270.259   sky130_fd_sc_hd__nor3_1
        8   60.058   sky130_fd_sc_hd__nor3b_1
        5    31.28   sky130_fd_sc_hd__nor4_1
        1    8.758   sky130_fd_sc_hd__nor4b_1
        4   35.034   sky130_fd_sc_hd__o2111ai_1
        3   30.029   sky130_fd_sc_hd__o211a_1
       32   240.23   sky130_fd_sc_hd__o211ai_1
        8   60.058   sky130_fd_sc_hd__o21a_1
      148   740.71   sky130_fd_sc_hd__o21ai_0
        2   20.019   sky130_fd_sc_hd__o21ba_1
        4   30.029   sky130_fd_sc_hd__o21bai_1
        3   33.782   sky130_fd_sc_hd__o221a_1
       16  140.134   sky130_fd_sc_hd__o221ai_1
        6    52.55   sky130_fd_sc_hd__o22a_1
       31  193.936   sky130_fd_sc_hd__o22ai_1
        2   17.517   sky130_fd_sc_hd__o2bb2ai_1
        7   70.067   sky130_fd_sc_hd__o311a_1
       11   96.342   sky130_fd_sc_hd__o311ai_0
       11   96.342   sky130_fd_sc_hd__o31a_1
       33  247.738   sky130_fd_sc_hd__o31ai_1
        2   20.019   sky130_fd_sc_hd__o32a_1
       24  210.202   sky130_fd_sc_hd__o32ai_1
        5   43.792   sky130_fd_sc_hd__o41ai_1
        8   50.048   sky130_fd_sc_hd__or3_1
        6    52.55   sky130_fd_sc_hd__or3b_1
        1    7.507   sky130_fd_sc_hd__or4_1
        1    10.01   sky130_fd_sc_hd__or4b_1
        2   17.517   sky130_fd_sc_hd__xnor2_1
        2   17.517   sky130_fd_sc_hd__xor2_1
        1   23.773   sky130_fd_sc_hd__xor3_1

   Chip area for module '\sweep_256x32_portable': 8165.331200
     of which used for sequential elements: 960.921600 (11.77%)

18. Executing Verilog backend.
Dumping module `\sweep_256x32_portable'.

End of script. Logfile hash: 1c66444b96, time: 0.64s, user: 0.36s, system: 0.02s, MEM: 55.28 MB peak
Yosys 0.68+ (git sha1 36d0660ff-dirty, Release, GNU /home/conda/feedstock_root/build_artifacts/yosys_1786465780695/_build_env/bin/x86_64-conda-linux-gnu-c++ 14.4.0) [github.com/conda-forge/yosys-feedstock at main]
Time spent: 45% 1x abc (0 sec), 8% 12x opt_expr (0 sec), ...
