
 /----------------------------------------------------------------------------\
 |  yosys -- Yosys Open SYnthesis Suite                                       |
 |  Copyright (C) 2012 - 2026  Claire Xenia Wolf <claire@yosyshq.com>         |
 |  Distributed under an ISC-like license, type "license" to see terms        |
 \----------------------------------------------------------------------------/
 Yosys 0.68+ (git sha1 36d0660ff-dirty, Release, GNU /home/conda/feedstock_root/build_artifacts/yosys_1786465780695/_build_env/bin/x86_64-conda-linux-gnu-c++ 14.4.0) [github.com/conda-forge/yosys-feedstock at main]

-- Executing script file `/home/rithwik/model2rtl/build/stage5/sweep/sweep_64x32/sweep_64x32_portable_sky130.ys' --

1. Executing Liberty frontend: /home/rithwik/pdk/sky130A/libs.ref/sky130_fd_sc_hd/lib/sky130_fd_sc_hd__tt_025C_1v80.lib
Imported 428 cell types from liberty file.

2. Executing Verilog-2005 frontend: /home/rithwik/model2rtl/build/stage5/sweep/sweep_64x32/sweep_64x32_portable.v
Parsing Verilog input from `/home/rithwik/model2rtl/build/stage5/sweep/sweep_64x32/sweep_64x32_portable.v' to AST representation.
Generating RTLIL representation for module `\sweep_64x32_portable'.
Successfully finished Verilog frontend.

3. Executing HIERARCHY pass (managing design hierarchy).

3.1. Analyzing design hierarchy..
Top module:  \sweep_64x32_portable

3.2. Analyzing design hierarchy..
Top module:  \sweep_64x32_portable
Removed 0 unused modules.

4. Executing PROC pass (convert processes to netlists).

4.1. Executing PROC_CLEAN pass (remove empty switches from decision trees).
Cleaned up 0 empty switches.

4.2. Executing PROC_RMDEAD pass (remove dead branches from decision trees).
Removed 1 dead cases from process $proc$/home/rithwik/model2rtl/build/stage5/sweep/sweep_64x32/sweep_64x32_portable.v:10$1 in module sweep_64x32_portable.
Marked 1 switch rules as full_case in process $proc$/home/rithwik/model2rtl/build/stage5/sweep/sweep_64x32/sweep_64x32_portable.v:10$1 in module sweep_64x32_portable.
Removed a total of 1 dead cases.

4.3. Executing PROC_PRUNE pass (remove redundant assignments in processes).
Removed 0 redundant assignments.
Promoted 0 assignments to connections.

4.4. Executing PROC_INIT pass (extract init attributes).

4.5. Executing PROC_ARST pass (detect async resets in processes).

4.6. Executing PROC_ROM pass (convert switches to ROMs).
Converted 1 switch.
<suppressed ~1 debug messages>

4.7. Executing PROC_MUX pass (convert decision trees to multiplexers).
Creating decoders for process `\sweep_64x32_portable.$proc$/home/rithwik/model2rtl/build/stage5/sweep/sweep_64x32/sweep_64x32_portable.v:10$1'.
     1/1: $0\dout[31:0]

4.8. Executing PROC_DLATCH pass (convert process syncs to latches).

4.9. Executing PROC_DFF pass (convert process syncs to FFs).
Creating register for signal `\sweep_64x32_portable.\dout' using process `\sweep_64x32_portable.$proc$/home/rithwik/model2rtl/build/stage5/sweep/sweep_64x32/sweep_64x32_portable.v:10$1'.
  created $dff cell `$procdff$9' with positive edge clock.

4.10. Executing PROC_MEMWR pass (convert process memory writes to cells).

4.11. Executing PROC_CLEAN pass (remove empty switches from decision trees).
Found and cleaned up 2 empty switches in `\sweep_64x32_portable.$proc$/home/rithwik/model2rtl/build/stage5/sweep/sweep_64x32/sweep_64x32_portable.v:10$1'.
Removing empty process `sweep_64x32_portable.$proc$/home/rithwik/model2rtl/build/stage5/sweep/sweep_64x32/sweep_64x32_portable.v:10$1'.
Cleaned up 2 empty switches.

4.12. Executing OPT_EXPR pass (perform const folding).
Optimizing module sweep_64x32_portable.

5. Executing FLATTEN pass (flatten design).

6. Executing OPT pass (performing simple optimizations).

6.1. Executing OPT_EXPR pass (perform const folding).
Optimizing module sweep_64x32_portable.

6.2. Executing OPT_MERGE pass (detect identical cells).
Finding identical cells in module `\sweep_64x32_portable'.
Computing hashes of 4 cells of `\sweep_64x32_portable'.
Finding duplicate cells in `\sweep_64x32_portable'.
Removed a total of 0 cells.

6.3. Executing OPT_MUXTREE pass (detect dead branches in mux trees).
Running muxtree optimizer on module \sweep_64x32_portable..
  Creating internal representation of mux trees.
  Evaluating internal representation of mux trees.
  Analyzing evaluation results.
Removed 0 multiplexer ports.
<suppressed ~2 debug messages>

6.4. Executing OPT_REDUCE pass (consolidate $*mux and $reduce_* inputs).
  Optimizing cells in module \sweep_64x32_portable.
Performed a total of 0 changes.

6.5. Executing OPT_MERGE pass (detect identical cells).
Finding identical cells in module `\sweep_64x32_portable'.
Computing hashes of 4 cells of `\sweep_64x32_portable'.
Finding duplicate cells in `\sweep_64x32_portable'.
Removed a total of 0 cells.

6.6. Executing OPT_SHARE pass.

6.7. Executing OPT_DFF pass (perform DFF optimizations).
Adding EN signal on $procdff$9 ($dff) from module sweep_64x32_portable (D = $auto$proc_rom.cc:154:do_switch$2, Q = \dout).

6.8. Executing OPT_CLEAN pass (remove unused cells and wires).
Finding unused cells or wires in module \sweep_64x32_portable..
Removed 1 unused cells and 3 unused wires.
<suppressed ~2 debug messages>

6.9. Executing OPT_EXPR pass (perform const folding).
Optimizing module sweep_64x32_portable.

6.10. Rerunning OPT passes. (Maybe there is more to do..)

6.11. Executing OPT_MUXTREE pass (detect dead branches in mux trees).
Running muxtree optimizer on module \sweep_64x32_portable..
  Creating internal representation of mux trees.
  No muxes found in this module.
Removed 0 multiplexer ports.

6.12. Executing OPT_REDUCE pass (consolidate $*mux and $reduce_* inputs).
  Optimizing cells in module \sweep_64x32_portable.
Performed a total of 0 changes.

6.13. Executing OPT_MERGE pass (detect identical cells).
Finding identical cells in module `\sweep_64x32_portable'.
Computing hashes of 3 cells of `\sweep_64x32_portable'.
Finding duplicate cells in `\sweep_64x32_portable'.
Removed a total of 0 cells.

6.14. Executing OPT_SHARE pass.

6.15. Executing OPT_DFF pass (perform DFF optimizations).

6.16. Executing OPT_CLEAN pass (remove unused cells and wires).
Finding unused cells or wires in module \sweep_64x32_portable..

6.17. Executing OPT_EXPR pass (perform const folding).
Optimizing module sweep_64x32_portable.

6.18. Finished fast OPT passes. (There is nothing left to do.)

7. Executing MEMORY pass.

7.1. Executing OPT_MEM pass (optimize memories).
Performed a total of 0 transformations.

7.2. Executing OPT_MEM_PRIORITY pass (removing unnecessary memory write priority relations).
Performed a total of 0 transformations.

7.3. Executing OPT_MEM_FEEDBACK pass (finding memory read-to-write feedback paths).

7.4. Executing MEMORY_BMUX2ROM pass (converting muxes to ROMs).

7.5. Executing MEMORY_DFF pass (merging $dff cells to $memrd).
Checking read port `$auto$proc_rom.cc:155:do_switch$3'[0] in module `\sweep_64x32_portable': merging output FF to cell.

7.6. Executing OPT_CLEAN pass (remove unused cells and wires).
Finding unused cells or wires in module \sweep_64x32_portable..
Removed 1 unused cells and 33 unused wires.
<suppressed ~2 debug messages>

7.7. Executing MEMORY_SHARE pass (consolidating $memrd/$memwr cells).

7.8. Executing OPT_MEM_WIDEN pass (optimize memories where all ports are wide).
Performed a total of 0 transformations.

7.9. Executing OPT_CLEAN pass (remove unused cells and wires).
Finding unused cells or wires in module \sweep_64x32_portable..

7.10. Executing MEMORY_COLLECT pass (generating $mem cells).

7.11. Executing MEMORY_MAP pass (converting memories to logic and flip-flops).
Mapping memory $auto$proc_rom.cc:155:do_switch$3 in module \sweep_64x32_portable:
  created 64 $dff cells and 0 static cells of width 32.
Extracted data FF from read port 0 of sweep_64x32_portable.$auto$proc_rom.cc:155:do_switch$3: $$auto$proc_rom.cc:155:do_switch$3$rdreg[0]
  read interface: 1 $dff and 63 $mux cells.
  write interface: 0 write mux blocks.

8. Executing OPT pass (performing simple optimizations).

8.1. Executing OPT_EXPR pass (perform const folding).
Optimizing module sweep_64x32_portable.

8.2. Executing OPT_MERGE pass (detect identical cells).
Finding identical cells in module `\sweep_64x32_portable'.
Computing hashes of 64 cells of `\sweep_64x32_portable'.
Finding duplicate cells in `\sweep_64x32_portable'.
Removed a total of 0 cells.

8.3. Executing OPT_MUXTREE pass (detect dead branches in mux trees).
Running muxtree optimizer on module \sweep_64x32_portable..
  Creating internal representation of mux trees.
  Evaluating internal representation of mux trees.
  Analyzing evaluation results.
Removed 0 multiplexer ports.
<suppressed ~64 debug messages>

8.4. Executing OPT_REDUCE pass (consolidate $*mux and $reduce_* inputs).
  Optimizing cells in module \sweep_64x32_portable.
    Consolidated identical input bits for $mux cell $memory$auto$proc_rom.cc:155:do_switch$3$rdmux[0][5][30]$227:
      Old ports: A=32'11101011110000001001001001011101, B=789227966, Y=$memory$auto$proc_rom.cc:155:do_switch$3$rdmux[0][4][15]$a$135
      New ports: A=2'01, B=2'10, Y=$memory$auto$proc_rom.cc:155:do_switch$3$rdmux[0][4][15]$a$135 [1:0]
      New connections: $memory$auto$proc_rom.cc:155:do_switch$3$rdmux[0][4][15]$a$135 [31:2] = { $memory$auto$proc_rom.cc:155:do_switch$3$rdmux[0][4][15]$a$135 [0] $memory$auto$proc_rom.cc:155:do_switch$3$rdmux[0][4][15]$a$135 [0] 3'101 $memory$auto$proc_rom.cc:155:do_switch$3$rdmux[0][4][15]$a$135 [1] 2'11 $memory$auto$proc_rom.cc:155:do_switch$3$rdmux[0][4][15]$a$135 [0] $memory$auto$proc_rom.cc:155:do_switch$3$rdmux[0][4][15]$a$135 [0] 2'00 $memory$auto$proc_rom.cc:155:do_switch$3$rdmux[0][4][15]$a$135 [1] 1'0 $memory$auto$proc_rom.cc:155:do_switch$3$rdmux[0][4][15]$a$135 [1] 3'010 $memory$auto$proc_rom.cc:155:do_switch$3$rdmux[0][4][15]$a$135 [1:0] $memory$auto$proc_rom.cc:155:do_switch$3$rdmux[0][4][15]$a$135 [1] 1'0 $memory$auto$proc_rom.cc:155:do_switch$3$rdmux[0][4][15]$a$135 [0] $memory$auto$proc_rom.cc:155:do_switch$3$rdmux[0][4][15]$a$135 [1] $memory$auto$proc_rom.cc:155:do_switch$3$rdmux[0][4][15]$a$135 [1:0] $memory$auto$proc_rom.cc:155:do_switch$3$rdmux[0][4][15]$a$135 [1] 3'111 }
    Consolidated identical input bits for $mux cell $memory$auto$proc_rom.cc:155:do_switch$3$rdmux[0][5][29]$224:
      Old ports: A=1146941822, B=32'11111001001111111011000111100100, Y=$memory$auto$proc_rom.cc:155:do_switch$3$rdmux[0][4][14]$b$133
      New ports: A=2'01, B=2'10, Y={ $memory$auto$proc_rom.cc:155:do_switch$3$rdmux[0][4][14]$b$133 [7] $memory$auto$proc_rom.cc:155:do_switch$3$rdmux[0][4][14]$b$133 [1] }
      New connections: { $memory$auto$proc_rom.cc:155:do_switch$3$rdmux[0][4][14]$b$133 [31:8] $memory$auto$proc_rom.cc:155:do_switch$3$rdmux[0][4][14]$b$133 [6:2] $memory$auto$proc_rom.cc:155:do_switch$3$rdmux[0][4][14]$b$133 [0] } = { $memory$auto$proc_rom.cc:155:do_switch$3$rdmux[0][4][14]$b$133 [7] 1'1 $memory$auto$proc_rom.cc:155:do_switch$3$rdmux[0][4][14]$b$133 [7] $memory$auto$proc_rom.cc:155:do_switch$3$rdmux[0][4][14]$b$133 [7] $memory$auto$proc_rom.cc:155:do_switch$3$rdmux[0][4][14]$b$133 [7] $memory$auto$proc_rom.cc:155:do_switch$3$rdmux[0][4][14]$b$133 [1] 1'0 $memory$auto$proc_rom.cc:155:do_switch$3$rdmux[0][4][14]$b$133 [7] 1'0 $memory$auto$proc_rom.cc:155:do_switch$3$rdmux[0][4][14]$b$133 [1] $memory$auto$proc_rom.cc:155:do_switch$3$rdmux[0][4][14]$b$133 [7] 3'111 $memory$auto$proc_rom.cc:155:do_switch$3$rdmux[0][4][14]$b$133 [7] $memory$auto$proc_rom.cc:155:do_switch$3$rdmux[0][4][14]$b$133 [7] 1'1 $memory$auto$proc_rom.cc:155:do_switch$3$rdmux[0][4][14]$b$133 [1] 8'11000111 $memory$auto$proc_rom.cc:155:do_switch$3$rdmux[0][4][14]$b$133 [1] $memory$auto$proc_rom.cc:155:do_switch$3$rdmux[0][4][14]$b$133 [1] 2'10 }
    Consolidated identical input bits for $mux cell $memory$auto$proc_rom.cc:155:do_switch$3$rdmux[0][5][28]$221:
      Old ports: A=5137892, B=32'11001001010111110011101010101101, Y=$memory$auto$proc_rom.cc:155:do_switch$3$rdmux[0][4][14]$a$132
      New ports: A=2'10, B=2'01, Y={ $memory$auto$proc_rom.cc:155:do_switch$3$rdmux[0][4][14]$a$132 [6] $memory$auto$proc_rom.cc:155:do_switch$3$rdmux[0][4][14]$a$132 [0] }
      New connections: { $memory$auto$proc_rom.cc:155:do_switch$3$rdmux[0][4][14]$a$132 [31:7] $memory$auto$proc_rom.cc:155:do_switch$3$rdmux[0][4][14]$a$132 [5:1] } = { $memory$auto$proc_rom.cc:155:do_switch$3$rdmux[0][4][14]$a$132 [0] $memory$auto$proc_rom.cc:155:do_switch$3$rdmux[0][4][14]$a$132 [0] 2'00 $memory$auto$proc_rom.cc:155:do_switch$3$rdmux[0][4][14]$a$132 [0] 2'00 $memory$auto$proc_rom.cc:155:do_switch$3$rdmux[0][4][14]$a$132 [0] 3'010 $memory$auto$proc_rom.cc:155:do_switch$3$rdmux[0][4][14]$a$132 [0] 3'111 $memory$auto$proc_rom.cc:155:do_switch$3$rdmux[0][4][14]$a$132 [0] 1'0 $memory$auto$proc_rom.cc:155:do_switch$3$rdmux[0][4][14]$a$132 [6] 1'1 $memory$auto$proc_rom.cc:155:do_switch$3$rdmux[0][4][14]$a$132 [0] $memory$auto$proc_rom.cc:155:do_switch$3$rdmux[0][4][14]$a$132 [0] $memory$auto$proc_rom.cc:155:do_switch$3$rdmux[0][4][14]$a$132 [6] $memory$auto$proc_rom.cc:155:do_switch$3$rdmux[0][4][14]$a$132 [0] $memory$auto$proc_rom.cc:155:do_switch$3$rdmux[0][4][14]$a$132 [6] 3'110 $memory$auto$proc_rom.cc:155:do_switch$3$rdmux[0][4][14]$a$132 [0] 2'10 }
    Consolidated identical input bits for $mux cell $memory$auto$proc_rom.cc:155:do_switch$3$rdmux[0][5][27]$218:
      Old ports: A=1385201405, B=32'11100010101011001111100010011100, Y=$memory$auto$proc_rom.cc:155:do_switch$3$rdmux[0][4][13]$b$130
      New ports: A=2'01, B=2'10, Y={ $memory$auto$proc_rom.cc:155:do_switch$3$rdmux[0][4][13]$b$130 [15] $memory$auto$proc_rom.cc:155:do_switch$3$rdmux[0][4][13]$b$130 [0] }
      New connections: { $memory$auto$proc_rom.cc:155:do_switch$3$rdmux[0][4][13]$b$130 [31:16] $memory$auto$proc_rom.cc:155:do_switch$3$rdmux[0][4][13]$b$130 [14:1] } = { $memory$auto$proc_rom.cc:155:do_switch$3$rdmux[0][4][13]$b$130 [15] 1'1 $memory$auto$proc_rom.cc:155:do_switch$3$rdmux[0][4][13]$b$130 [15] $memory$auto$proc_rom.cc:155:do_switch$3$rdmux[0][4][13]$b$130 [0] 6'001010 $memory$auto$proc_rom.cc:155:do_switch$3$rdmux[0][4][13]$b$130 [15] $memory$auto$proc_rom.cc:155:do_switch$3$rdmux[0][4][13]$b$130 [0] $memory$auto$proc_rom.cc:155:do_switch$3$rdmux[0][4][13]$b$130 [15] $memory$auto$proc_rom.cc:155:do_switch$3$rdmux[0][4][13]$b$130 [15] 6'001111 $memory$auto$proc_rom.cc:155:do_switch$3$rdmux[0][4][13]$b$130 [0] $memory$auto$proc_rom.cc:155:do_switch$3$rdmux[0][4][13]$b$130 [0] 2'01 $memory$auto$proc_rom.cc:155:do_switch$3$rdmux[0][4][13]$b$130 [0] $memory$auto$proc_rom.cc:155:do_switch$3$rdmux[0][4][13]$b$130 [0] 4'1110 }
    Consolidated identical input bits for $mux cell $memory$auto$proc_rom.cc:155:do_switch$3$rdmux[0][5][26]$215:
      Old ports: A=481455776, B=544199642, Y=$memory$auto$proc_rom.cc:155:do_switch$3$rdmux[0][4][13]$a$129
      New ports: A=2'10, B=2'01, Y={ $memory$auto$proc_rom.cc:155:do_switch$3$rdmux[0][4][13]$a$129 [5] $memory$auto$proc_rom.cc:155:do_switch$3$rdmux[0][4][13]$a$129 [1] }
      New connections: { $memory$auto$proc_rom.cc:155:do_switch$3$rdmux[0][4][13]$a$129 [31:6] $memory$auto$proc_rom.cc:155:do_switch$3$rdmux[0][4][13]$a$129 [4:2] $memory$auto$proc_rom.cc:155:do_switch$3$rdmux[0][4][13]$a$129 [0] } = { 2'00 $memory$auto$proc_rom.cc:155:do_switch$3$rdmux[0][4][13]$a$129 [1] $memory$auto$proc_rom.cc:155:do_switch$3$rdmux[0][4][13]$a$129 [5] $memory$auto$proc_rom.cc:155:do_switch$3$rdmux[0][4][13]$a$129 [5] $memory$auto$proc_rom.cc:155:do_switch$3$rdmux[0][4][13]$a$129 [5] 2'00 $memory$auto$proc_rom.cc:155:do_switch$3$rdmux[0][4][13]$a$129 [5] $memory$auto$proc_rom.cc:155:do_switch$3$rdmux[0][4][13]$a$129 [1] 1'1 $memory$auto$proc_rom.cc:155:do_switch$3$rdmux[0][4][13]$a$129 [5] $memory$auto$proc_rom.cc:155:do_switch$3$rdmux[0][4][13]$a$129 [1] $memory$auto$proc_rom.cc:155:do_switch$3$rdmux[0][4][13]$a$129 [1] 1'1 $memory$auto$proc_rom.cc:155:do_switch$3$rdmux[0][4][13]$a$129 [1] $memory$auto$proc_rom.cc:155:do_switch$3$rdmux[0][4][13]$a$129 [1] 1'1 $memory$auto$proc_rom.cc:155:do_switch$3$rdmux[0][4][13]$a$129 [5] $memory$auto$proc_rom.cc:155:do_switch$3$rdmux[0][4][13]$a$129 [1] $memory$auto$proc_rom.cc:155:do_switch$3$rdmux[0][4][13]$a$129 [5] $memory$auto$proc_rom.cc:155:do_switch$3$rdmux[0][4][13]$a$129 [5] 1'1 $memory$auto$proc_rom.cc:155:do_switch$3$rdmux[0][4][13]$a$129 [1] 1'1 $memory$auto$proc_rom.cc:155:do_switch$3$rdmux[0][4][13]$a$129 [1] $memory$auto$proc_rom.cc:155:do_switch$3$rdmux[0][4][13]$a$129 [1] $memory$auto$proc_rom.cc:155:do_switch$3$rdmux[0][4][13]$a$129 [1] 2'00 }
    Consolidated identical input bits for $mux cell $memory$auto$proc_rom.cc:155:do_switch$3$rdmux[0][5][25]$212:
      Old ports: A=1393227325, B=2013672869, Y=$memory$auto$proc_rom.cc:155:do_switch$3$rdmux[0][4][12]$b$127
      New ports: A=2'01, B=2'10, Y={ $memory$auto$proc_rom.cc:155:do_switch$3$rdmux[0][4][12]$b$127 [7] $memory$auto$proc_rom.cc:155:do_switch$3$rdmux[0][4][12]$b$127 [3] }
      New connections: { $memory$auto$proc_rom.cc:155:do_switch$3$rdmux[0][4][12]$b$127 [31:8] $memory$auto$proc_rom.cc:155:do_switch$3$rdmux[0][4][12]$b$127 [6:4] $memory$auto$proc_rom.cc:155:do_switch$3$rdmux[0][4][12]$b$127 [2:0] } = { 2'01 $memory$auto$proc_rom.cc:155:do_switch$3$rdmux[0][4][12]$b$127 [7] 1'1 $memory$auto$proc_rom.cc:155:do_switch$3$rdmux[0][4][12]$b$127 [7] 1'0 $memory$auto$proc_rom.cc:155:do_switch$3$rdmux[0][4][12]$b$127 [3] $memory$auto$proc_rom.cc:155:do_switch$3$rdmux[0][4][12]$b$127 [3] 4'0000 $memory$auto$proc_rom.cc:155:do_switch$3$rdmux[0][4][12]$b$127 [3] $memory$auto$proc_rom.cc:155:do_switch$3$rdmux[0][4][12]$b$127 [7] 2'10 $memory$auto$proc_rom.cc:155:do_switch$3$rdmux[0][4][12]$b$127 [3] $memory$auto$proc_rom.cc:155:do_switch$3$rdmux[0][4][12]$b$127 [3] 4'1101 $memory$auto$proc_rom.cc:155:do_switch$3$rdmux[0][4][12]$b$127 [3] $memory$auto$proc_rom.cc:155:do_switch$3$rdmux[0][4][12]$b$127 [7] 2'01 $memory$auto$proc_rom.cc:155:do_switch$3$rdmux[0][4][12]$b$127 [3] 3'101 }
    Consolidated identical input bits for $mux cell $memory$auto$proc_rom.cc:155:do_switch$3$rdmux[0][5][24]$209:
      Old ports: A=185770242, B=32'10000101110100000110111001100110, Y=$memory$auto$proc_rom.cc:155:do_switch$3$rdmux[0][4][12]$a$126
      New ports: A=2'10, B=2'01, Y={ $memory$auto$proc_rom.cc:155:do_switch$3$rdmux[0][4][12]$a$126 [8] $memory$auto$proc_rom.cc:155:do_switch$3$rdmux[0][4][12]$a$126 [2] }
      New connections: { $memory$auto$proc_rom.cc:155:do_switch$3$rdmux[0][4][12]$a$126 [31:9] $memory$auto$proc_rom.cc:155:do_switch$3$rdmux[0][4][12]$a$126 [7:3] $memory$auto$proc_rom.cc:155:do_switch$3$rdmux[0][4][12]$a$126 [1:0] } = { $memory$auto$proc_rom.cc:155:do_switch$3$rdmux[0][4][12]$a$126 [2] 3'000 $memory$auto$proc_rom.cc:155:do_switch$3$rdmux[0][4][12]$a$126 [8] $memory$auto$proc_rom.cc:155:do_switch$3$rdmux[0][4][12]$a$126 [2] $memory$auto$proc_rom.cc:155:do_switch$3$rdmux[0][4][12]$a$126 [8] 1'1 $memory$auto$proc_rom.cc:155:do_switch$3$rdmux[0][4][12]$a$126 [2] $memory$auto$proc_rom.cc:155:do_switch$3$rdmux[0][4][12]$a$126 [2] 4'0100 $memory$auto$proc_rom.cc:155:do_switch$3$rdmux[0][4][12]$a$126 [8] 1'0 $memory$auto$proc_rom.cc:155:do_switch$3$rdmux[0][4][12]$a$126 [8] $memory$auto$proc_rom.cc:155:do_switch$3$rdmux[0][4][12]$a$126 [2] 2'10 $memory$auto$proc_rom.cc:155:do_switch$3$rdmux[0][4][12]$a$126 [2] $memory$auto$proc_rom.cc:155:do_switch$3$rdmux[0][4][12]$a$126 [2] $memory$auto$proc_rom.cc:155:do_switch$3$rdmux[0][4][12]$a$126 [2] 1'0 $memory$auto$proc_rom.cc:155:do_switch$3$rdmux[0][4][12]$a$126 [2] $memory$auto$proc_rom.cc:155:do_switch$3$rdmux[0][4][12]$a$126 [2] 4'0010 }
    Consolidated identical input bits for $mux cell $memory$auto$proc_rom.cc:155:do_switch$3$rdmux[0][5][23]$206:
      Old ports: A=383856224, B=32'10000101000101011011100001111111, Y=$memory$auto$proc_rom.cc:155:do_switch$3$rdmux[0][4][11]$b$124
      New ports: A=2'10, B=2'01, Y={ $memory$auto$proc_rom.cc:155:do_switch$3$rdmux[0][4][11]$b$124 [9] $memory$auto$proc_rom.cc:155:do_switch$3$rdmux[0][4][11]$b$124 [0] }
      New connections: { $memory$auto$proc_rom.cc:155:do_switch$3$rdmux[0][4][11]$b$124 [31:10] $memory$auto$proc_rom.cc:155:do_switch$3$rdmux[0][4][11]$b$124 [8:1] } = { $memory$auto$proc_rom.cc:155:do_switch$3$rdmux[0][4][11]$b$124 [0] 2'00 $memory$auto$proc_rom.cc:155:do_switch$3$rdmux[0][4][11]$b$124 [9] 2'01 $memory$auto$proc_rom.cc:155:do_switch$3$rdmux[0][4][11]$b$124 [9] $memory$auto$proc_rom.cc:155:do_switch$3$rdmux[0][4][11]$b$124 [0] $memory$auto$proc_rom.cc:155:do_switch$3$rdmux[0][4][11]$b$124 [9] $memory$auto$proc_rom.cc:155:do_switch$3$rdmux[0][4][11]$b$124 [9] $memory$auto$proc_rom.cc:155:do_switch$3$rdmux[0][4][11]$b$124 [9] $memory$auto$proc_rom.cc:155:do_switch$3$rdmux[0][4][11]$b$124 [0] 1'0 $memory$auto$proc_rom.cc:155:do_switch$3$rdmux[0][4][11]$b$124 [0] 2'01 $memory$auto$proc_rom.cc:155:do_switch$3$rdmux[0][4][11]$b$124 [0] 2'01 $memory$auto$proc_rom.cc:155:do_switch$3$rdmux[0][4][11]$b$124 [0] 1'1 $memory$auto$proc_rom.cc:155:do_switch$3$rdmux[0][4][11]$b$124 [9] 4'0011 $memory$auto$proc_rom.cc:155:do_switch$3$rdmux[0][4][11]$b$124 [0] $memory$auto$proc_rom.cc:155:do_switch$3$rdmux[0][4][11]$b$124 [0] $memory$auto$proc_rom.cc:155:do_switch$3$rdmux[0][4][11]$b$124 [0] $memory$auto$proc_rom.cc:155:do_switch$3$rdmux[0][4][11]$b$124 [0] }
    Consolidated identical input bits for $mux cell $memory$auto$proc_rom.cc:155:do_switch$3$rdmux[0][5][22]$203:
      Old ports: A=1768190387, B=1467823171, Y=$memory$auto$proc_rom.cc:155:do_switch$3$rdmux[0][4][11]$a$123
      New ports: A=2'01, B=2'10, Y={ $memory$auto$proc_rom.cc:155:do_switch$3$rdmux[0][4][11]$a$123 [6] $memory$auto$proc_rom.cc:155:do_switch$3$rdmux[0][4][11]$a$123 [4] }
      New connections: { $memory$auto$proc_rom.cc:155:do_switch$3$rdmux[0][4][11]$a$123 [31:7] $memory$auto$proc_rom.cc:155:do_switch$3$rdmux[0][4][11]$a$123 [5] $memory$auto$proc_rom.cc:155:do_switch$3$rdmux[0][4][11]$a$123 [3:0] } = { 2'01 $memory$auto$proc_rom.cc:155:do_switch$3$rdmux[0][4][11]$a$123 [4] $memory$auto$proc_rom.cc:155:do_switch$3$rdmux[0][4][11]$a$123 [6] $memory$auto$proc_rom.cc:155:do_switch$3$rdmux[0][4][11]$a$123 [4] $memory$auto$proc_rom.cc:155:do_switch$3$rdmux[0][4][11]$a$123 [6] $memory$auto$proc_rom.cc:155:do_switch$3$rdmux[0][4][11]$a$123 [6] 4'1011 $memory$auto$proc_rom.cc:155:do_switch$3$rdmux[0][4][11]$a$123 [6] $memory$auto$proc_rom.cc:155:do_switch$3$rdmux[0][4][11]$a$123 [6] 2'10 $memory$auto$proc_rom.cc:155:do_switch$3$rdmux[0][4][11]$a$123 [6] 1'0 $memory$auto$proc_rom.cc:155:do_switch$3$rdmux[0][4][11]$a$123 [4] 3'110 $memory$auto$proc_rom.cc:155:do_switch$3$rdmux[0][4][11]$a$123 [6] 1'0 $memory$auto$proc_rom.cc:155:do_switch$3$rdmux[0][4][11]$a$123 [4] $memory$auto$proc_rom.cc:155:do_switch$3$rdmux[0][4][11]$a$123 [4] $memory$auto$proc_rom.cc:155:do_switch$3$rdmux[0][4][11]$a$123 [4] 4'0011 }
    Consolidated identical input bits for $mux cell $memory$auto$proc_rom.cc:155:do_switch$3$rdmux[0][5][21]$200:
      Old ports: A=1542601459, B=32'11011000010000011110011110001111, Y=$memory$auto$proc_rom.cc:155:do_switch$3$rdmux[0][4][10]$b$121
      New ports: A=2'10, B=2'01, Y={ $memory$auto$proc_rom.cc:155:do_switch$3$rdmux[0][4][10]$b$121 [4] $memory$auto$proc_rom.cc:155:do_switch$3$rdmux[0][4][10]$b$121 [2] }
      New connections: { $memory$auto$proc_rom.cc:155:do_switch$3$rdmux[0][4][10]$b$121 [31:5] $memory$auto$proc_rom.cc:155:do_switch$3$rdmux[0][4][10]$b$121 [3] $memory$auto$proc_rom.cc:155:do_switch$3$rdmux[0][4][10]$b$121 [1:0] } = { $memory$auto$proc_rom.cc:155:do_switch$3$rdmux[0][4][10]$b$121 [2] 5'10110 $memory$auto$proc_rom.cc:155:do_switch$3$rdmux[0][4][10]$b$121 [4] $memory$auto$proc_rom.cc:155:do_switch$3$rdmux[0][4][10]$b$121 [4] $memory$auto$proc_rom.cc:155:do_switch$3$rdmux[0][4][10]$b$121 [4] 1'1 $memory$auto$proc_rom.cc:155:do_switch$3$rdmux[0][4][10]$b$121 [4] $memory$auto$proc_rom.cc:155:do_switch$3$rdmux[0][4][10]$b$121 [4] 2'00 $memory$auto$proc_rom.cc:155:do_switch$3$rdmux[0][4][10]$b$121 [4] $memory$auto$proc_rom.cc:155:do_switch$3$rdmux[0][4][10]$b$121 [2] $memory$auto$proc_rom.cc:155:do_switch$3$rdmux[0][4][10]$b$121 [2] $memory$auto$proc_rom.cc:155:do_switch$3$rdmux[0][4][10]$b$121 [2] 1'1 $memory$auto$proc_rom.cc:155:do_switch$3$rdmux[0][4][10]$b$121 [4] $memory$auto$proc_rom.cc:155:do_switch$3$rdmux[0][4][10]$b$121 [4] $memory$auto$proc_rom.cc:155:do_switch$3$rdmux[0][4][10]$b$121 [2] 1'1 $memory$auto$proc_rom.cc:155:do_switch$3$rdmux[0][4][10]$b$121 [2] 1'1 $memory$auto$proc_rom.cc:155:do_switch$3$rdmux[0][4][10]$b$121 [4] $memory$auto$proc_rom.cc:155:do_switch$3$rdmux[0][4][10]$b$121 [4] $memory$auto$proc_rom.cc:155:do_switch$3$rdmux[0][4][10]$b$121 [2] 2'11 }
    Consolidated identical input bits for $mux cell $memory$auto$proc_rom.cc:155:do_switch$3$rdmux[0][5][20]$197:
      Old ports: A=32'11101010111010011110100111000010, B=1567940594, Y=$memory$auto$proc_rom.cc:155:do_switch$3$rdmux[0][4][10]$a$120
      New ports: A=2'10, B=2'01, Y={ $memory$auto$proc_rom.cc:155:do_switch$3$rdmux[0][4][10]$a$120 [13] $memory$auto$proc_rom.cc:155:do_switch$3$rdmux[0][4][10]$a$120 [4] }
      New connections: { $memory$auto$proc_rom.cc:155:do_switch$3$rdmux[0][4][10]$a$120 [31:14] $memory$auto$proc_rom.cc:155:do_switch$3$rdmux[0][4][10]$a$120 [12:5] $memory$auto$proc_rom.cc:155:do_switch$3$rdmux[0][4][10]$a$120 [3:0] } = { $memory$auto$proc_rom.cc:155:do_switch$3$rdmux[0][4][10]$a$120 [13] 1'1 $memory$auto$proc_rom.cc:155:do_switch$3$rdmux[0][4][10]$a$120 [13] $memory$auto$proc_rom.cc:155:do_switch$3$rdmux[0][4][10]$a$120 [4] 1'1 $memory$auto$proc_rom.cc:155:do_switch$3$rdmux[0][4][10]$a$120 [4] $memory$auto$proc_rom.cc:155:do_switch$3$rdmux[0][4][10]$a$120 [13] $memory$auto$proc_rom.cc:155:do_switch$3$rdmux[0][4][10]$a$120 [4] $memory$auto$proc_rom.cc:155:do_switch$3$rdmux[0][4][10]$a$120 [13] 2'11 $memory$auto$proc_rom.cc:155:do_switch$3$rdmux[0][4][10]$a$120 [4] $memory$auto$proc_rom.cc:155:do_switch$3$rdmux[0][4][10]$a$120 [13] $memory$auto$proc_rom.cc:155:do_switch$3$rdmux[0][4][10]$a$120 [4] 1'0 $memory$auto$proc_rom.cc:155:do_switch$3$rdmux[0][4][10]$a$120 [13] 2'11 $memory$auto$proc_rom.cc:155:do_switch$3$rdmux[0][4][10]$a$120 [4] 1'1 $memory$auto$proc_rom.cc:155:do_switch$3$rdmux[0][4][10]$a$120 [4] $memory$auto$proc_rom.cc:155:do_switch$3$rdmux[0][4][10]$a$120 [4] 3'111 $memory$auto$proc_rom.cc:155:do_switch$3$rdmux[0][4][10]$a$120 [4] 4'0010 }
    Consolidated identical input bits for $mux cell $memory$auto$proc_rom.cc:155:do_switch$3$rdmux[0][5][19]$194:
      Old ports: A=32'10110000011010100110011100110011, B=242884731, Y=$memory$auto$proc_rom.cc:155:do_switch$3$rdmux[0][4][9]$b$118
      New ports: A=2'10, B=2'01, Y={ $memory$auto$proc_rom.cc:155:do_switch$3$rdmux[0][4][9]$b$118 [8] $memory$auto$proc_rom.cc:155:do_switch$3$rdmux[0][4][9]$b$118 [3] }
      New connections: { $memory$auto$proc_rom.cc:155:do_switch$3$rdmux[0][4][9]$b$118 [31:9] $memory$auto$proc_rom.cc:155:do_switch$3$rdmux[0][4][9]$b$118 [7:4] $memory$auto$proc_rom.cc:155:do_switch$3$rdmux[0][4][9]$b$118 [2:0] } = { $memory$auto$proc_rom.cc:155:do_switch$3$rdmux[0][4][9]$b$118 [8] 1'0 $memory$auto$proc_rom.cc:155:do_switch$3$rdmux[0][4][9]$b$118 [8] $memory$auto$proc_rom.cc:155:do_switch$3$rdmux[0][4][9]$b$118 [8] $memory$auto$proc_rom.cc:155:do_switch$3$rdmux[0][4][9]$b$118 [3] $memory$auto$proc_rom.cc:155:do_switch$3$rdmux[0][4][9]$b$118 [3] $memory$auto$proc_rom.cc:155:do_switch$3$rdmux[0][4][9]$b$118 [3] 4'0011 $memory$auto$proc_rom.cc:155:do_switch$3$rdmux[0][4][9]$b$118 [3] 5'10100 $memory$auto$proc_rom.cc:155:do_switch$3$rdmux[0][4][9]$b$118 [8] 3'100 $memory$auto$proc_rom.cc:155:do_switch$3$rdmux[0][4][9]$b$118 [8] $memory$auto$proc_rom.cc:155:do_switch$3$rdmux[0][4][9]$b$118 [8] 1'0 $memory$auto$proc_rom.cc:155:do_switch$3$rdmux[0][4][9]$b$118 [3] 5'11011 }
    Consolidated identical input bits for $mux cell $memory$auto$proc_rom.cc:155:do_switch$3$rdmux[0][5][18]$191:
      Old ports: A=274152465, B=32'11010101010100001001010001111000, Y=$memory$auto$proc_rom.cc:155:do_switch$3$rdmux[0][4][9]$a$117
      New ports: A=2'01, B=2'10, Y={ $memory$auto$proc_rom.cc:155:do_switch$3$rdmux[0][4][9]$a$117 [3] $memory$auto$proc_rom.cc:155:do_switch$3$rdmux[0][4][9]$a$117 [0] }
      New connections: { $memory$auto$proc_rom.cc:155:do_switch$3$rdmux[0][4][9]$a$117 [31:4] $memory$auto$proc_rom.cc:155:do_switch$3$rdmux[0][4][9]$a$117 [2:1] } = { $memory$auto$proc_rom.cc:155:do_switch$3$rdmux[0][4][9]$a$117 [3] $memory$auto$proc_rom.cc:155:do_switch$3$rdmux[0][4][9]$a$117 [3] 3'010 $memory$auto$proc_rom.cc:155:do_switch$3$rdmux[0][4][9]$a$117 [3] 1'0 $memory$auto$proc_rom.cc:155:do_switch$3$rdmux[0][4][9]$a$117 [3] 5'01010 $memory$auto$proc_rom.cc:155:do_switch$3$rdmux[0][4][9]$a$117 [0] $memory$auto$proc_rom.cc:155:do_switch$3$rdmux[0][4][9]$a$117 [0] $memory$auto$proc_rom.cc:155:do_switch$3$rdmux[0][4][9]$a$117 [0] $memory$auto$proc_rom.cc:155:do_switch$3$rdmux[0][4][9]$a$117 [3] 1'0 $memory$auto$proc_rom.cc:155:do_switch$3$rdmux[0][4][9]$a$117 [0] 1'1 $memory$auto$proc_rom.cc:155:do_switch$3$rdmux[0][4][9]$a$117 [0] 4'1000 $memory$auto$proc_rom.cc:155:do_switch$3$rdmux[0][4][9]$a$117 [3] $memory$auto$proc_rom.cc:155:do_switch$3$rdmux[0][4][9]$a$117 [3] 3'100 }
    Consolidated identical input bits for $mux cell $memory$auto$proc_rom.cc:155:do_switch$3$rdmux[0][5][17]$188:
      Old ports: A=1272160415, B=1936778953, Y=$memory$auto$proc_rom.cc:155:do_switch$3$rdmux[0][4][8]$b$115
      New ports: A=2'01, B=2'10, Y={ $memory$auto$proc_rom.cc:155:do_switch$3$rdmux[0][4][8]$b$115 [6] $memory$auto$proc_rom.cc:155:do_switch$3$rdmux[0][4][8]$b$115 [1] }
      New connections: { $memory$auto$proc_rom.cc:155:do_switch$3$rdmux[0][4][8]$b$115 [31:7] $memory$auto$proc_rom.cc:155:do_switch$3$rdmux[0][4][8]$b$115 [5:2] $memory$auto$proc_rom.cc:155:do_switch$3$rdmux[0][4][8]$b$115 [0] } = { 2'01 $memory$auto$proc_rom.cc:155:do_switch$3$rdmux[0][4][8]$b$115 [6] $memory$auto$proc_rom.cc:155:do_switch$3$rdmux[0][4][8]$b$115 [6] $memory$auto$proc_rom.cc:155:do_switch$3$rdmux[0][4][8]$b$115 [1] 3'011 $memory$auto$proc_rom.cc:155:do_switch$3$rdmux[0][4][8]$b$115 [1] 1'1 $memory$auto$proc_rom.cc:155:do_switch$3$rdmux[0][4][8]$b$115 [6] 3'100 $memory$auto$proc_rom.cc:155:do_switch$3$rdmux[0][4][8]$b$115 [1] $memory$auto$proc_rom.cc:155:do_switch$3$rdmux[0][4][8]$b$115 [1] 1'1 $memory$auto$proc_rom.cc:155:do_switch$3$rdmux[0][4][8]$b$115 [6] 3'100 $memory$auto$proc_rom.cc:155:do_switch$3$rdmux[0][4][8]$b$115 [6] $memory$auto$proc_rom.cc:155:do_switch$3$rdmux[0][4][8]$b$115 [6] 3'010 $memory$auto$proc_rom.cc:155:do_switch$3$rdmux[0][4][8]$b$115 [1] 1'1 $memory$auto$proc_rom.cc:155:do_switch$3$rdmux[0][4][8]$b$115 [1] 1'1 }
    Consolidated identical input bits for $mux cell $memory$auto$proc_rom.cc:155:do_switch$3$rdmux[0][5][16]$185:
      Old ports: A=1435011069, B=82209184, Y=$memory$auto$proc_rom.cc:155:do_switch$3$rdmux[0][4][8]$a$114
      New ports: A=2'01, B=2'10, Y={ $memory$auto$proc_rom.cc:155:do_switch$3$rdmux[0][4][8]$a$114 [11] $memory$auto$proc_rom.cc:155:do_switch$3$rdmux[0][4][8]$a$114 [0] }
      New connections: { $memory$auto$proc_rom.cc:155:do_switch$3$rdmux[0][4][8]$a$114 [31:12] $memory$auto$proc_rom.cc:155:do_switch$3$rdmux[0][4][8]$a$114 [10:1] } = { 1'0 $memory$auto$proc_rom.cc:155:do_switch$3$rdmux[0][4][8]$a$114 [0] 1'0 $memory$auto$proc_rom.cc:155:do_switch$3$rdmux[0][4][8]$a$114 [0] 3'010 $memory$auto$proc_rom.cc:155:do_switch$3$rdmux[0][4][8]$a$114 [0] 1'1 $memory$auto$proc_rom.cc:155:do_switch$3$rdmux[0][4][8]$a$114 [11] $memory$auto$proc_rom.cc:155:do_switch$3$rdmux[0][4][8]$a$114 [11] 1'0 $memory$auto$proc_rom.cc:155:do_switch$3$rdmux[0][4][8]$a$114 [0] $memory$auto$proc_rom.cc:155:do_switch$3$rdmux[0][4][8]$a$114 [11] $memory$auto$proc_rom.cc:155:do_switch$3$rdmux[0][4][8]$a$114 [11] 1'0 $memory$auto$proc_rom.cc:155:do_switch$3$rdmux[0][4][8]$a$114 [0] $memory$auto$proc_rom.cc:155:do_switch$3$rdmux[0][4][8]$a$114 [11] $memory$auto$proc_rom.cc:155:do_switch$3$rdmux[0][4][8]$a$114 [11] 1'0 $memory$auto$proc_rom.cc:155:do_switch$3$rdmux[0][4][8]$a$114 [0] $memory$auto$proc_rom.cc:155:do_switch$3$rdmux[0][4][8]$a$114 [0] 2'11 $memory$auto$proc_rom.cc:155:do_switch$3$rdmux[0][4][8]$a$114 [0] 1'1 $memory$auto$proc_rom.cc:155:do_switch$3$rdmux[0][4][8]$a$114 [0] $memory$auto$proc_rom.cc:155:do_switch$3$rdmux[0][4][8]$a$114 [0] $memory$auto$proc_rom.cc:155:do_switch$3$rdmux[0][4][8]$a$114 [0] 1'0 }
    Consolidated identical input bits for $mux cell $memory$auto$proc_rom.cc:155:do_switch$3$rdmux[0][5][15]$182:
      Old ports: A=32'10001110001101100001110010111110, B=32'10011100010101010011110010111010, Y=$memory$auto$proc_rom.cc:155:do_switch$3$rdmux[0][4][7]$b$112
      New ports: A=2'01, B=2'10, Y={ $memory$auto$proc_rom.cc:155:do_switch$3$rdmux[0][4][7]$b$112 [13] $memory$auto$proc_rom.cc:155:do_switch$3$rdmux[0][4][7]$b$112 [2] }
      New connections: { $memory$auto$proc_rom.cc:155:do_switch$3$rdmux[0][4][7]$b$112 [31:14] $memory$auto$proc_rom.cc:155:do_switch$3$rdmux[0][4][7]$b$112 [12:3] $memory$auto$proc_rom.cc:155:do_switch$3$rdmux[0][4][7]$b$112 [1:0] } = { 3'100 $memory$auto$proc_rom.cc:155:do_switch$3$rdmux[0][4][7]$b$112 [13] 2'11 $memory$auto$proc_rom.cc:155:do_switch$3$rdmux[0][4][7]$b$112 [2] 2'00 $memory$auto$proc_rom.cc:155:do_switch$3$rdmux[0][4][7]$b$112 [13] $memory$auto$proc_rom.cc:155:do_switch$3$rdmux[0][4][7]$b$112 [2] 3'101 $memory$auto$proc_rom.cc:155:do_switch$3$rdmux[0][4][7]$b$112 [2] $memory$auto$proc_rom.cc:155:do_switch$3$rdmux[0][4][7]$b$112 [13] 14'00111001011110 }
    Consolidated identical input bits for $mux cell $memory$auto$proc_rom.cc:155:do_switch$3$rdmux[0][5][14]$179:
      Old ports: A=32'10100001011110001011010101001100, B=1881417848, Y=$memory$auto$proc_rom.cc:155:do_switch$3$rdmux[0][4][7]$a$111
      New ports: A=2'01, B=2'10, Y={ $memory$auto$proc_rom.cc:155:do_switch$3$rdmux[0][4][7]$a$111 [4] $memory$auto$proc_rom.cc:155:do_switch$3$rdmux[0][4][7]$a$111 [2] }
      New connections: { $memory$auto$proc_rom.cc:155:do_switch$3$rdmux[0][4][7]$a$111 [31:5] $memory$auto$proc_rom.cc:155:do_switch$3$rdmux[0][4][7]$a$111 [3] $memory$auto$proc_rom.cc:155:do_switch$3$rdmux[0][4][7]$a$111 [1:0] } = { $memory$auto$proc_rom.cc:155:do_switch$3$rdmux[0][4][7]$a$111 [2] $memory$auto$proc_rom.cc:155:do_switch$3$rdmux[0][4][7]$a$111 [4] 1'1 $memory$auto$proc_rom.cc:155:do_switch$3$rdmux[0][4][7]$a$111 [4] 3'000 $memory$auto$proc_rom.cc:155:do_switch$3$rdmux[0][4][7]$a$111 [2] 1'0 $memory$auto$proc_rom.cc:155:do_switch$3$rdmux[0][4][7]$a$111 [2] 1'1 $memory$auto$proc_rom.cc:155:do_switch$3$rdmux[0][4][7]$a$111 [2] $memory$auto$proc_rom.cc:155:do_switch$3$rdmux[0][4][7]$a$111 [2] $memory$auto$proc_rom.cc:155:do_switch$3$rdmux[0][4][7]$a$111 [4] 2'00 $memory$auto$proc_rom.cc:155:do_switch$3$rdmux[0][4][7]$a$111 [2] 2'01 $memory$auto$proc_rom.cc:155:do_switch$3$rdmux[0][4][7]$a$111 [2] $memory$auto$proc_rom.cc:155:do_switch$3$rdmux[0][4][7]$a$111 [4] $memory$auto$proc_rom.cc:155:do_switch$3$rdmux[0][4][7]$a$111 [2] 1'0 $memory$auto$proc_rom.cc:155:do_switch$3$rdmux[0][4][7]$a$111 [2] 2'01 $memory$auto$proc_rom.cc:155:do_switch$3$rdmux[0][4][7]$a$111 [4] 3'100 }
    Consolidated identical input bits for $mux cell $memory$auto$proc_rom.cc:155:do_switch$3$rdmux[0][5][13]$176:
      Old ports: A=32'10101001010000110100011000110001, B=32'11110111111100110100001001100100, Y=$memory$auto$proc_rom.cc:155:do_switch$3$rdmux[0][4][6]$b$109
      New ports: A=2'01, B=2'10, Y={ $memory$auto$proc_rom.cc:155:do_switch$3$rdmux[0][4][6]$b$109 [2] $memory$auto$proc_rom.cc:155:do_switch$3$rdmux[0][4][6]$b$109 [0] }
      New connections: { $memory$auto$proc_rom.cc:155:do_switch$3$rdmux[0][4][6]$b$109 [31:3] $memory$auto$proc_rom.cc:155:do_switch$3$rdmux[0][4][6]$b$109 [1] } = { 1'1 $memory$auto$proc_rom.cc:155:do_switch$3$rdmux[0][4][6]$b$109 [2] 1'1 $memory$auto$proc_rom.cc:155:do_switch$3$rdmux[0][4][6]$b$109 [2] $memory$auto$proc_rom.cc:155:do_switch$3$rdmux[0][4][6]$b$109 [0] $memory$auto$proc_rom.cc:155:do_switch$3$rdmux[0][4][6]$b$109 [2] $memory$auto$proc_rom.cc:155:do_switch$3$rdmux[0][4][6]$b$109 [2] 1'1 $memory$auto$proc_rom.cc:155:do_switch$3$rdmux[0][4][6]$b$109 [2] 1'1 $memory$auto$proc_rom.cc:155:do_switch$3$rdmux[0][4][6]$b$109 [2] $memory$auto$proc_rom.cc:155:do_switch$3$rdmux[0][4][6]$b$109 [2] 9'001101000 $memory$auto$proc_rom.cc:155:do_switch$3$rdmux[0][4][6]$b$109 [0] 3'100 $memory$auto$proc_rom.cc:155:do_switch$3$rdmux[0][4][6]$b$109 [2] 1'1 $memory$auto$proc_rom.cc:155:do_switch$3$rdmux[0][4][6]$b$109 [0] 2'00 }
    Consolidated identical input bits for $mux cell $memory$auto$proc_rom.cc:155:do_switch$3$rdmux[0][5][12]$173:
      Old ports: A=2115999068, B=1009513477, Y=$memory$auto$proc_rom.cc:155:do_switch$3$rdmux[0][4][6]$a$108
      New ports: A=2'10, B=2'01, Y={ $memory$auto$proc_rom.cc:155:do_switch$3$rdmux[0][4][6]$a$108 [3] $memory$auto$proc_rom.cc:155:do_switch$3$rdmux[0][4][6]$a$108 [0] }
      New connections: { $memory$auto$proc_rom.cc:155:do_switch$3$rdmux[0][4][6]$a$108 [31:4] $memory$auto$proc_rom.cc:155:do_switch$3$rdmux[0][4][6]$a$108 [2:1] } = { 1'0 $memory$auto$proc_rom.cc:155:do_switch$3$rdmux[0][4][6]$a$108 [3] 4'1111 $memory$auto$proc_rom.cc:155:do_switch$3$rdmux[0][4][6]$a$108 [3] 3'000 $memory$auto$proc_rom.cc:155:do_switch$3$rdmux[0][4][6]$a$108 [0] $memory$auto$proc_rom.cc:155:do_switch$3$rdmux[0][4][6]$a$108 [3] 1'1 $memory$auto$proc_rom.cc:155:do_switch$3$rdmux[0][4][6]$a$108 [3] 3'111 $memory$auto$proc_rom.cc:155:do_switch$3$rdmux[0][4][6]$a$108 [0] $memory$auto$proc_rom.cc:155:do_switch$3$rdmux[0][4][6]$a$108 [0] 4'1010 $memory$auto$proc_rom.cc:155:do_switch$3$rdmux[0][4][6]$a$108 [3] 1'0 $memory$auto$proc_rom.cc:155:do_switch$3$rdmux[0][4][6]$a$108 [3] 1'0 $memory$auto$proc_rom.cc:155:do_switch$3$rdmux[0][4][6]$a$108 [3] 2'10 }
    Consolidated identical input bits for $mux cell $memory$auto$proc_rom.cc:155:do_switch$3$rdmux[0][5][11]$170:
      Old ports: A=32'10000101010010000011110011111011, B=32'10010111001101100111011100001110, Y=$memory$auto$proc_rom.cc:155:do_switch$3$rdmux[0][4][5]$b$106
      New ports: A=2'01, B=2'10, Y={ $memory$auto$proc_rom.cc:155:do_switch$3$rdmux[0][4][5]$b$106 [2] $memory$auto$proc_rom.cc:155:do_switch$3$rdmux[0][4][5]$b$106 [0] }
      New connections: { $memory$auto$proc_rom.cc:155:do_switch$3$rdmux[0][4][5]$b$106 [31:3] $memory$auto$proc_rom.cc:155:do_switch$3$rdmux[0][4][5]$b$106 [1] } = { 3'100 $memory$auto$proc_rom.cc:155:do_switch$3$rdmux[0][4][5]$b$106 [2] 2'01 $memory$auto$proc_rom.cc:155:do_switch$3$rdmux[0][4][5]$b$106 [2] 2'10 $memory$auto$proc_rom.cc:155:do_switch$3$rdmux[0][4][5]$b$106 [0] $memory$auto$proc_rom.cc:155:do_switch$3$rdmux[0][4][5]$b$106 [2] $memory$auto$proc_rom.cc:155:do_switch$3$rdmux[0][4][5]$b$106 [2] $memory$auto$proc_rom.cc:155:do_switch$3$rdmux[0][4][5]$b$106 [0] $memory$auto$proc_rom.cc:155:do_switch$3$rdmux[0][4][5]$b$106 [2] $memory$auto$proc_rom.cc:155:do_switch$3$rdmux[0][4][5]$b$106 [2] 2'00 $memory$auto$proc_rom.cc:155:do_switch$3$rdmux[0][4][5]$b$106 [2] 2'11 $memory$auto$proc_rom.cc:155:do_switch$3$rdmux[0][4][5]$b$106 [0] 1'1 $memory$auto$proc_rom.cc:155:do_switch$3$rdmux[0][4][5]$b$106 [2] $memory$auto$proc_rom.cc:155:do_switch$3$rdmux[0][4][5]$b$106 [2] $memory$auto$proc_rom.cc:155:do_switch$3$rdmux[0][4][5]$b$106 [0] $memory$auto$proc_rom.cc:155:do_switch$3$rdmux[0][4][5]$b$106 [0] $memory$auto$proc_rom.cc:155:do_switch$3$rdmux[0][4][5]$b$106 [0] $memory$auto$proc_rom.cc:155:do_switch$3$rdmux[0][4][5]$b$106 [0] 2'11 }
    Consolidated identical input bits for $mux cell $memory$auto$proc_rom.cc:155:do_switch$3$rdmux[0][5][10]$167:
      Old ports: A=1396618632, B=32'10101010100101001101101001001000, Y=$memory$auto$proc_rom.cc:155:do_switch$3$rdmux[0][4][5]$a$105
      New ports: A=2'10, B=2'01, Y=$memory$auto$proc_rom.cc:155:do_switch$3$rdmux[0][4][5]$a$105 [7:6]
      New connections: { $memory$auto$proc_rom.cc:155:do_switch$3$rdmux[0][4][5]$a$105 [31:8] $memory$auto$proc_rom.cc:155:do_switch$3$rdmux[0][4][5]$a$105 [5:0] } = { $memory$auto$proc_rom.cc:155:do_switch$3$rdmux[0][4][5]$a$105 [6] $memory$auto$proc_rom.cc:155:do_switch$3$rdmux[0][4][5]$a$105 [7:6] $memory$auto$proc_rom.cc:155:do_switch$3$rdmux[0][4][5]$a$105 [7:6] 2'01 $memory$auto$proc_rom.cc:155:do_switch$3$rdmux[0][4][5]$a$105 [7:6] 1'0 $memory$auto$proc_rom.cc:155:do_switch$3$rdmux[0][4][5]$a$105 [7] 1'1 $memory$auto$proc_rom.cc:155:do_switch$3$rdmux[0][4][5]$a$105 [7] 1'1 $memory$auto$proc_rom.cc:155:do_switch$3$rdmux[0][4][5]$a$105 [7] 2'01 $memory$auto$proc_rom.cc:155:do_switch$3$rdmux[0][4][5]$a$105 [6] $memory$auto$proc_rom.cc:155:do_switch$3$rdmux[0][4][5]$a$105 [7] 1'1 $memory$auto$proc_rom.cc:155:do_switch$3$rdmux[0][4][5]$a$105 [6] $memory$auto$proc_rom.cc:155:do_switch$3$rdmux[0][4][5]$a$105 [7:6] $memory$auto$proc_rom.cc:155:do_switch$3$rdmux[0][4][5]$a$105 [7] 6'001000 }
    Consolidated identical input bits for $mux cell $memory$auto$proc_rom.cc:155:do_switch$3$rdmux[0][5][9]$164:
      Old ports: A=32'10111010111101000111011000001111, B=179714255, Y=$memory$auto$proc_rom.cc:155:do_switch$3$rdmux[0][4][4]$b$103
      New ports: A=2'10, B=2'01, Y={ $memory$auto$proc_rom.cc:155:do_switch$3$rdmux[0][4][4]$b$103 [9] $memory$auto$proc_rom.cc:155:do_switch$3$rdmux[0][4][4]$b$103 [6] }
      New connections: { $memory$auto$proc_rom.cc:155:do_switch$3$rdmux[0][4][4]$b$103 [31:10] $memory$auto$proc_rom.cc:155:do_switch$3$rdmux[0][4][4]$b$103 [8:7] $memory$auto$proc_rom.cc:155:do_switch$3$rdmux[0][4][4]$b$103 [5:0] } = { $memory$auto$proc_rom.cc:155:do_switch$3$rdmux[0][4][4]$b$103 [9] 1'0 $memory$auto$proc_rom.cc:155:do_switch$3$rdmux[0][4][4]$b$103 [9] $memory$auto$proc_rom.cc:155:do_switch$3$rdmux[0][4][4]$b$103 [9] 5'10101 $memory$auto$proc_rom.cc:155:do_switch$3$rdmux[0][4][4]$b$103 [9] 4'1101 $memory$auto$proc_rom.cc:155:do_switch$3$rdmux[0][4][4]$b$103 [6] 2'00 $memory$auto$proc_rom.cc:155:do_switch$3$rdmux[0][4][4]$b$103 [9] 2'11 $memory$auto$proc_rom.cc:155:do_switch$3$rdmux[0][4][4]$b$103 [6] $memory$auto$proc_rom.cc:155:do_switch$3$rdmux[0][4][4]$b$103 [9] 1'0 $memory$auto$proc_rom.cc:155:do_switch$3$rdmux[0][4][4]$b$103 [6] 6'001111 }
    Consolidated identical input bits for $mux cell $memory$auto$proc_rom.cc:155:do_switch$3$rdmux[0][5][8]$161:
      Old ports: A=1311870685, B=32'11101111110001011000100101110101, Y=$memory$auto$proc_rom.cc:155:do_switch$3$rdmux[0][4][4]$a$102
      New ports: A=2'01, B=2'10, Y={ $memory$auto$proc_rom.cc:155:do_switch$3$rdmux[0][4][4]$a$102 [5] $memory$auto$proc_rom.cc:155:do_switch$3$rdmux[0][4][4]$a$102 [3] }
      New connections: { $memory$auto$proc_rom.cc:155:do_switch$3$rdmux[0][4][4]$a$102 [31:6] $memory$auto$proc_rom.cc:155:do_switch$3$rdmux[0][4][4]$a$102 [4] $memory$auto$proc_rom.cc:155:do_switch$3$rdmux[0][4][4]$a$102 [2:0] } = { $memory$auto$proc_rom.cc:155:do_switch$3$rdmux[0][4][4]$a$102 [5] 1'1 $memory$auto$proc_rom.cc:155:do_switch$3$rdmux[0][4][4]$a$102 [5] 4'0111 $memory$auto$proc_rom.cc:155:do_switch$3$rdmux[0][4][4]$a$102 [5] $memory$auto$proc_rom.cc:155:do_switch$3$rdmux[0][4][4]$a$102 [5] $memory$auto$proc_rom.cc:155:do_switch$3$rdmux[0][4][4]$a$102 [5] $memory$auto$proc_rom.cc:155:do_switch$3$rdmux[0][4][4]$a$102 [3] $memory$auto$proc_rom.cc:155:do_switch$3$rdmux[0][4][4]$a$102 [3] 1'0 $memory$auto$proc_rom.cc:155:do_switch$3$rdmux[0][4][4]$a$102 [5] 7'0110001 $memory$auto$proc_rom.cc:155:do_switch$3$rdmux[0][4][4]$a$102 [3] $memory$auto$proc_rom.cc:155:do_switch$3$rdmux[0][4][4]$a$102 [3] $memory$auto$proc_rom.cc:155:do_switch$3$rdmux[0][4][4]$a$102 [5] $memory$auto$proc_rom.cc:155:do_switch$3$rdmux[0][4][4]$a$102 [3] 5'11101 }
    Consolidated identical input bits for $mux cell $memory$auto$proc_rom.cc:155:do_switch$3$rdmux[0][5][7]$158:
      Old ports: A=32'11000111000111000100011000011011, B=1467965033, Y=$memory$auto$proc_rom.cc:155:do_switch$3$rdmux[0][4][3]$b$100
      New ports: A=2'01, B=2'10, Y={ $memory$auto$proc_rom.cc:155:do_switch$3$rdmux[0][4][3]$b$100 [5] $memory$auto$proc_rom.cc:155:do_switch$3$rdmux[0][4][3]$b$100 [1] }
      New connections: { $memory$auto$proc_rom.cc:155:do_switch$3$rdmux[0][4][3]$b$100 [31:6] $memory$auto$proc_rom.cc:155:do_switch$3$rdmux[0][4][3]$b$100 [4:2] $memory$auto$proc_rom.cc:155:do_switch$3$rdmux[0][4][3]$b$100 [0] } = { $memory$auto$proc_rom.cc:155:do_switch$3$rdmux[0][4][3]$b$100 [1] 2'10 $memory$auto$proc_rom.cc:155:do_switch$3$rdmux[0][4][3]$b$100 [5] 5'01110 $memory$auto$proc_rom.cc:155:do_switch$3$rdmux[0][4][3]$b$100 [5] $memory$auto$proc_rom.cc:155:do_switch$3$rdmux[0][4][3]$b$100 [5] 3'111 $memory$auto$proc_rom.cc:155:do_switch$3$rdmux[0][4][3]$b$100 [5] $memory$auto$proc_rom.cc:155:do_switch$3$rdmux[0][4][3]$b$100 [5] 3'010 $memory$auto$proc_rom.cc:155:do_switch$3$rdmux[0][4][3]$b$100 [5] $memory$auto$proc_rom.cc:155:do_switch$3$rdmux[0][4][3]$b$100 [5] 4'1100 $memory$auto$proc_rom.cc:155:do_switch$3$rdmux[0][4][3]$b$100 [5] $memory$auto$proc_rom.cc:155:do_switch$3$rdmux[0][4][3]$b$100 [1] 3'101 }
    Consolidated identical input bits for $mux cell $memory$auto$proc_rom.cc:155:do_switch$3$rdmux[0][5][6]$155:
      Old ports: A=1926168318, B=1995416946, Y=$memory$auto$proc_rom.cc:155:do_switch$3$rdmux[0][4][3]$a$99
      New ports: A=2'01, B=2'10, Y={ $memory$auto$proc_rom.cc:155:do_switch$3$rdmux[0][4][3]$a$99 [8] $memory$auto$proc_rom.cc:155:do_switch$3$rdmux[0][4][3]$a$99 [2] }
      New connections: { $memory$auto$proc_rom.cc:155:do_switch$3$rdmux[0][4][3]$a$99 [31:9] $memory$auto$proc_rom.cc:155:do_switch$3$rdmux[0][4][3]$a$99 [7:3] $memory$auto$proc_rom.cc:155:do_switch$3$rdmux[0][4][3]$a$99 [1:0] } = { 5'01110 $memory$auto$proc_rom.cc:155:do_switch$3$rdmux[0][4][3]$a$99 [8] 4'1011 $memory$auto$proc_rom.cc:155:do_switch$3$rdmux[0][4][3]$a$99 [8] 4'0111 $memory$auto$proc_rom.cc:155:do_switch$3$rdmux[0][4][3]$a$99 [8] 1'1 $memory$auto$proc_rom.cc:155:do_switch$3$rdmux[0][4][3]$a$99 [2] 1'1 $memory$auto$proc_rom.cc:155:do_switch$3$rdmux[0][4][3]$a$99 [2] $memory$auto$proc_rom.cc:155:do_switch$3$rdmux[0][4][3]$a$99 [2] 1'1 $memory$auto$proc_rom.cc:155:do_switch$3$rdmux[0][4][3]$a$99 [2] $memory$auto$proc_rom.cc:155:do_switch$3$rdmux[0][4][3]$a$99 [2] 3'111 $memory$auto$proc_rom.cc:155:do_switch$3$rdmux[0][4][3]$a$99 [2] 2'10 }
    Consolidated identical input bits for $mux cell $memory$auto$proc_rom.cc:155:do_switch$3$rdmux[0][5][5]$152:
      Old ports: A=32'11000101110001100110001110010011, B=32'11001100111101000000011101100010, Y=$memory$auto$proc_rom.cc:155:do_switch$3$rdmux[0][4][2]$b$97
      New ports: A=2'01, B=2'10, Y={ $memory$auto$proc_rom.cc:155:do_switch$3$rdmux[0][4][2]$b$97 [5] $memory$auto$proc_rom.cc:155:do_switch$3$rdmux[0][4][2]$b$97 [0] }
      New connections: { $memory$auto$proc_rom.cc:155:do_switch$3$rdmux[0][4][2]$b$97 [31:6] $memory$auto$proc_rom.cc:155:do_switch$3$rdmux[0][4][2]$b$97 [4:1] } = { 4'1100 $memory$auto$proc_rom.cc:155:do_switch$3$rdmux[0][4][2]$b$97 [5] 2'10 $memory$auto$proc_rom.cc:155:do_switch$3$rdmux[0][4][2]$b$97 [0] 2'11 $memory$auto$proc_rom.cc:155:do_switch$3$rdmux[0][4][2]$b$97 [5] $memory$auto$proc_rom.cc:155:do_switch$3$rdmux[0][4][2]$b$97 [5] 2'01 $memory$auto$proc_rom.cc:155:do_switch$3$rdmux[0][4][2]$b$97 [0] 2'00 $memory$auto$proc_rom.cc:155:do_switch$3$rdmux[0][4][2]$b$97 [0] $memory$auto$proc_rom.cc:155:do_switch$3$rdmux[0][4][2]$b$97 [0] 2'00 $memory$auto$proc_rom.cc:155:do_switch$3$rdmux[0][4][2]$b$97 [5] 2'11 $memory$auto$proc_rom.cc:155:do_switch$3$rdmux[0][4][2]$b$97 [0] $memory$auto$proc_rom.cc:155:do_switch$3$rdmux[0][4][2]$b$97 [5] $memory$auto$proc_rom.cc:155:do_switch$3$rdmux[0][4][2]$b$97 [0] 3'001 }
    Consolidated identical input bits for $mux cell $memory$auto$proc_rom.cc:155:do_switch$3$rdmux[0][5][4]$149:
      Old ports: A=1536112211, B=696154509, Y=$memory$auto$proc_rom.cc:155:do_switch$3$rdmux[0][4][2]$a$96
      New ports: A=2'01, B=2'10, Y=$memory$auto$proc_rom.cc:155:do_switch$3$rdmux[0][4][2]$a$96 [2:1]
      New connections: { $memory$auto$proc_rom.cc:155:do_switch$3$rdmux[0][4][2]$a$96 [31:3] $memory$auto$proc_rom.cc:155:do_switch$3$rdmux[0][4][2]$a$96 [0] } = { 1'0 $memory$auto$proc_rom.cc:155:do_switch$3$rdmux[0][4][2]$a$96 [1] $memory$auto$proc_rom.cc:155:do_switch$3$rdmux[0][4][2]$a$96 [2:1] 2'10 $memory$auto$proc_rom.cc:155:do_switch$3$rdmux[0][4][2]$a$96 [1] 1'1 $memory$auto$proc_rom.cc:155:do_switch$3$rdmux[0][4][2]$a$96 [1] $memory$auto$proc_rom.cc:155:do_switch$3$rdmux[0][4][2]$a$96 [2] $memory$auto$proc_rom.cc:155:do_switch$3$rdmux[0][4][2]$a$96 [2] $memory$auto$proc_rom.cc:155:do_switch$3$rdmux[0][4][2]$a$96 [2] 3'111 $memory$auto$proc_rom.cc:155:do_switch$3$rdmux[0][4][2]$a$96 [1] 1'0 $memory$auto$proc_rom.cc:155:do_switch$3$rdmux[0][4][2]$a$96 [2] 2'11 $memory$auto$proc_rom.cc:155:do_switch$3$rdmux[0][4][2]$a$96 [2:1] $memory$auto$proc_rom.cc:155:do_switch$3$rdmux[0][4][2]$a$96 [1] $memory$auto$proc_rom.cc:155:do_switch$3$rdmux[0][4][2]$a$96 [2] $memory$auto$proc_rom.cc:155:do_switch$3$rdmux[0][4][2]$a$96 [2:1] 1'0 $memory$auto$proc_rom.cc:155:do_switch$3$rdmux[0][4][2]$a$96 [1] $memory$auto$proc_rom.cc:155:do_switch$3$rdmux[0][4][2]$a$96 [2] 1'1 }
    Consolidated identical input bits for $mux cell $memory$auto$proc_rom.cc:155:do_switch$3$rdmux[0][5][3]$146:
      Old ports: A=32'10101001010001101010110000000000, B=1637678691, Y=$memory$auto$proc_rom.cc:155:do_switch$3$rdmux[0][4][1]$b$94
      New ports: A=2'10, B=2'01, Y={ $memory$auto$proc_rom.cc:155:do_switch$3$rdmux[0][4][1]$b$94 [17] $memory$auto$proc_rom.cc:155:do_switch$3$rdmux[0][4][1]$b$94 [0] }
      New connections: { $memory$auto$proc_rom.cc:155:do_switch$3$rdmux[0][4][1]$b$94 [31:18] $memory$auto$proc_rom.cc:155:do_switch$3$rdmux[0][4][1]$b$94 [16:1] } = { $memory$auto$proc_rom.cc:155:do_switch$3$rdmux[0][4][1]$b$94 [17] $memory$auto$proc_rom.cc:155:do_switch$3$rdmux[0][4][1]$b$94 [0] 2'10 $memory$auto$proc_rom.cc:155:do_switch$3$rdmux[0][4][1]$b$94 [17] 3'001 $memory$auto$proc_rom.cc:155:do_switch$3$rdmux[0][4][1]$b$94 [0] $memory$auto$proc_rom.cc:155:do_switch$3$rdmux[0][4][1]$b$94 [17] 1'0 $memory$auto$proc_rom.cc:155:do_switch$3$rdmux[0][4][1]$b$94 [0] $memory$auto$proc_rom.cc:155:do_switch$3$rdmux[0][4][1]$b$94 [0] 3'101 $memory$auto$proc_rom.cc:155:do_switch$3$rdmux[0][4][1]$b$94 [0] 1'1 $memory$auto$proc_rom.cc:155:do_switch$3$rdmux[0][4][1]$b$94 [0] 2'11 $memory$auto$proc_rom.cc:155:do_switch$3$rdmux[0][4][1]$b$94 [0] 2'00 $memory$auto$proc_rom.cc:155:do_switch$3$rdmux[0][4][1]$b$94 [0] $memory$auto$proc_rom.cc:155:do_switch$3$rdmux[0][4][1]$b$94 [0] 3'000 $memory$auto$proc_rom.cc:155:do_switch$3$rdmux[0][4][1]$b$94 [0] }
    Consolidated identical input bits for $mux cell $memory$auto$proc_rom.cc:155:do_switch$3$rdmux[0][5][2]$143:
      Old ports: A=32'10110010101110101000011101111000, B=32'10111111000101000000001010000001, Y=$memory$auto$proc_rom.cc:155:do_switch$3$rdmux[0][4][1]$a$93
      New ports: A=2'10, B=2'01, Y={ $memory$auto$proc_rom.cc:155:do_switch$3$rdmux[0][4][1]$a$93 [3] $memory$auto$proc_rom.cc:155:do_switch$3$rdmux[0][4][1]$a$93 [0] }
      New connections: { $memory$auto$proc_rom.cc:155:do_switch$3$rdmux[0][4][1]$a$93 [31:4] $memory$auto$proc_rom.cc:155:do_switch$3$rdmux[0][4][1]$a$93 [2:1] } = { 4'1011 $memory$auto$proc_rom.cc:155:do_switch$3$rdmux[0][4][1]$a$93 [0] $memory$auto$proc_rom.cc:155:do_switch$3$rdmux[0][4][1]$a$93 [0] 1'1 $memory$auto$proc_rom.cc:155:do_switch$3$rdmux[0][4][1]$a$93 [0] $memory$auto$proc_rom.cc:155:do_switch$3$rdmux[0][4][1]$a$93 [3] 1'0 $memory$auto$proc_rom.cc:155:do_switch$3$rdmux[0][4][1]$a$93 [3] 1'1 $memory$auto$proc_rom.cc:155:do_switch$3$rdmux[0][4][1]$a$93 [3] $memory$auto$proc_rom.cc:155:do_switch$3$rdmux[0][4][1]$a$93 [0] $memory$auto$proc_rom.cc:155:do_switch$3$rdmux[0][4][1]$a$93 [3] 1'0 $memory$auto$proc_rom.cc:155:do_switch$3$rdmux[0][4][1]$a$93 [3] 4'0000 $memory$auto$proc_rom.cc:155:do_switch$3$rdmux[0][4][1]$a$93 [3] 1'1 $memory$auto$proc_rom.cc:155:do_switch$3$rdmux[0][4][1]$a$93 [3] $memory$auto$proc_rom.cc:155:do_switch$3$rdmux[0][4][1]$a$93 [0] $memory$auto$proc_rom.cc:155:do_switch$3$rdmux[0][4][1]$a$93 [3] $memory$auto$proc_rom.cc:155:do_switch$3$rdmux[0][4][1]$a$93 [3] $memory$auto$proc_rom.cc:155:do_switch$3$rdmux[0][4][1]$a$93 [3] 2'00 }
    Consolidated identical input bits for $mux cell $memory$auto$proc_rom.cc:155:do_switch$3$rdmux[0][5][1]$140:
      Old ports: A=942127241, B=996559317, Y=$memory$auto$proc_rom.cc:155:do_switch$3$rdmux[0][4][0]$b$91
      New ports: A=2'10, B=2'01, Y=$memory$auto$proc_rom.cc:155:do_switch$3$rdmux[0][4][0]$b$91 [3:2]
      New connections: { $memory$auto$proc_rom.cc:155:do_switch$3$rdmux[0][4][0]$b$91 [31:4] $memory$auto$proc_rom.cc:155:do_switch$3$rdmux[0][4][0]$b$91 [1:0] } = { 6'001110 $memory$auto$proc_rom.cc:155:do_switch$3$rdmux[0][4][0]$b$91 [2] $memory$auto$proc_rom.cc:155:do_switch$3$rdmux[0][4][0]$b$91 [2] 1'0 $memory$auto$proc_rom.cc:155:do_switch$3$rdmux[0][4][0]$b$91 [2] 5'10011 $memory$auto$proc_rom.cc:155:do_switch$3$rdmux[0][4][0]$b$91 [3] $memory$auto$proc_rom.cc:155:do_switch$3$rdmux[0][4][0]$b$91 [3:2] $memory$auto$proc_rom.cc:155:do_switch$3$rdmux[0][4][0]$b$91 [3] $memory$auto$proc_rom.cc:155:do_switch$3$rdmux[0][4][0]$b$91 [3] 3'100 $memory$auto$proc_rom.cc:155:do_switch$3$rdmux[0][4][0]$b$91 [2] 1'1 $memory$auto$proc_rom.cc:155:do_switch$3$rdmux[0][4][0]$b$91 [2] 1'0 $memory$auto$proc_rom.cc:155:do_switch$3$rdmux[0][4][0]$b$91 [2] 2'01 }
    Consolidated identical input bits for $mux cell $memory$auto$proc_rom.cc:155:do_switch$3$rdmux[0][5][0]$137:
      Old ports: A=1487061989, B=32'11101010101100111000110010101011, Y=$memory$auto$proc_rom.cc:155:do_switch$3$rdmux[0][4][0]$a$90
      New ports: A=2'10, B=2'01, Y=$memory$auto$proc_rom.cc:155:do_switch$3$rdmux[0][4][0]$a$90 [2:1]
      New connections: { $memory$auto$proc_rom.cc:155:do_switch$3$rdmux[0][4][0]$a$90 [31:3] $memory$auto$proc_rom.cc:155:do_switch$3$rdmux[0][4][0]$a$90 [0] } = { $memory$auto$proc_rom.cc:155:do_switch$3$rdmux[0][4][0]$a$90 [1] 1'1 $memory$auto$proc_rom.cc:155:do_switch$3$rdmux[0][4][0]$a$90 [1] $memory$auto$proc_rom.cc:155:do_switch$3$rdmux[0][4][0]$a$90 [2] 2'10 $memory$auto$proc_rom.cc:155:do_switch$3$rdmux[0][4][0]$a$90 [1] 4'0101 $memory$auto$proc_rom.cc:155:do_switch$3$rdmux[0][4][0]$a$90 [1] 3'001 $memory$auto$proc_rom.cc:155:do_switch$3$rdmux[0][4][0]$a$90 [1] 1'1 $memory$auto$proc_rom.cc:155:do_switch$3$rdmux[0][4][0]$a$90 [2] 2'00 $memory$auto$proc_rom.cc:155:do_switch$3$rdmux[0][4][0]$a$90 [1] $memory$auto$proc_rom.cc:155:do_switch$3$rdmux[0][4][0]$a$90 [1] $memory$auto$proc_rom.cc:155:do_switch$3$rdmux[0][4][0]$a$90 [2] $memory$auto$proc_rom.cc:155:do_switch$3$rdmux[0][4][0]$a$90 [2] 1'1 $memory$auto$proc_rom.cc:155:do_switch$3$rdmux[0][4][0]$a$90 [2] 2'10 $memory$auto$proc_rom.cc:155:do_switch$3$rdmux[0][4][0]$a$90 [1] 1'1 }
    Consolidated identical input bits for $mux cell $memory$auto$proc_rom.cc:155:do_switch$3$rdmux[0][5][31]$230:
      Old ports: A=32'10110010000110001001101011110111, B=945355465, Y=$memory$auto$proc_rom.cc:155:do_switch$3$rdmux[0][4][15]$b$136
      New ports: A=2'01, B=2'10, Y={ $memory$auto$proc_rom.cc:155:do_switch$3$rdmux[0][4][15]$b$136 [3] $memory$auto$proc_rom.cc:155:do_switch$3$rdmux[0][4][15]$b$136 [1] }
      New connections: { $memory$auto$proc_rom.cc:155:do_switch$3$rdmux[0][4][15]$b$136 [31:4] $memory$auto$proc_rom.cc:155:do_switch$3$rdmux[0][4][15]$b$136 [2] $memory$auto$proc_rom.cc:155:do_switch$3$rdmux[0][4][15]$b$136 [0] } = { $memory$auto$proc_rom.cc:155:do_switch$3$rdmux[0][4][15]$b$136 [1] 3'011 $memory$auto$proc_rom.cc:155:do_switch$3$rdmux[0][4][15]$b$136 [3] 1'0 $memory$auto$proc_rom.cc:155:do_switch$3$rdmux[0][4][15]$b$136 [1] 2'00 $memory$auto$proc_rom.cc:155:do_switch$3$rdmux[0][4][15]$b$136 [3] 7'0110001 $memory$auto$proc_rom.cc:155:do_switch$3$rdmux[0][4][15]$b$136 [3] $memory$auto$proc_rom.cc:155:do_switch$3$rdmux[0][4][15]$b$136 [3] 7'1101011 $memory$auto$proc_rom.cc:155:do_switch$3$rdmux[0][4][15]$b$136 [1] $memory$auto$proc_rom.cc:155:do_switch$3$rdmux[0][4][15]$b$136 [1] $memory$auto$proc_rom.cc:155:do_switch$3$rdmux[0][4][15]$b$136 [1] 1'1 }
  Optimizing cells in module \sweep_64x32_portable.
    Consolidated identical input bits for $mux cell $memory$auto$proc_rom.cc:155:do_switch$3$rdmux[0][4][15]$134:
      Old ports: A=$memory$auto$proc_rom.cc:155:do_switch$3$rdmux[0][4][15]$a$135, B=$memory$auto$proc_rom.cc:155:do_switch$3$rdmux[0][4][15]$b$136, Y=$memory$auto$proc_rom.cc:155:do_switch$3$rdmux[0][3][7]$b$88
      New ports: A={ $memory$auto$proc_rom.cc:155:do_switch$3$rdmux[0][4][15]$a$135 [0] 1'1 $memory$auto$proc_rom.cc:155:do_switch$3$rdmux[0][4][15]$a$135 [0] $memory$auto$proc_rom.cc:155:do_switch$3$rdmux[0][4][15]$a$135 [0] 2'00 $memory$auto$proc_rom.cc:155:do_switch$3$rdmux[0][4][15]$a$135 [1] $memory$auto$proc_rom.cc:155:do_switch$3$rdmux[0][4][15]$a$135 [1] $memory$auto$proc_rom.cc:155:do_switch$3$rdmux[0][4][15]$a$135 [1] 2'11 $memory$auto$proc_rom.cc:155:do_switch$3$rdmux[0][4][15]$a$135 [1:0] }, B={ $memory$auto$proc_rom.cc:155:do_switch$3$rdmux[0][4][15]$b$136 [1] 2'00 $memory$auto$proc_rom.cc:155:do_switch$3$rdmux[0][4][15]$b$136 [3] 1'1 $memory$auto$proc_rom.cc:155:do_switch$3$rdmux[0][4][15]$b$136 [3] $memory$auto$proc_rom.cc:155:do_switch$3$rdmux[0][4][15]$b$136 [3] 2'01 $memory$auto$proc_rom.cc:155:do_switch$3$rdmux[0][4][15]$b$136 [3] $memory$auto$proc_rom.cc:155:do_switch$3$rdmux[0][4][15]$b$136 [1] $memory$auto$proc_rom.cc:155:do_switch$3$rdmux[0][4][15]$b$136 [1] 1'1 }, Y={ $memory$auto$proc_rom.cc:155:do_switch$3$rdmux[0][3][7]$b$88 [31] $memory$auto$proc_rom.cc:155:do_switch$3$rdmux[0][3][7]$b$88 [24:22] $memory$auto$proc_rom.cc:155:do_switch$3$rdmux[0][3][7]$b$88 [20] $memory$auto$proc_rom.cc:155:do_switch$3$rdmux[0][3][7]$b$88 [14:13] $memory$auto$proc_rom.cc:155:do_switch$3$rdmux[0][3][7]$b$88 [8:7] $memory$auto$proc_rom.cc:155:do_switch$3$rdmux[0][3][7]$b$88 [3:0] }
      New connections: { $memory$auto$proc_rom.cc:155:do_switch$3$rdmux[0][3][7]$b$88 [30:25] $memory$auto$proc_rom.cc:155:do_switch$3$rdmux[0][3][7]$b$88 [21] $memory$auto$proc_rom.cc:155:do_switch$3$rdmux[0][3][7]$b$88 [19:15] $memory$auto$proc_rom.cc:155:do_switch$3$rdmux[0][3][7]$b$88 [12:9] $memory$auto$proc_rom.cc:155:do_switch$3$rdmux[0][3][7]$b$88 [6:4] } = { $memory$auto$proc_rom.cc:155:do_switch$3$rdmux[0][3][7]$b$88 [23] 1'1 $memory$auto$proc_rom.cc:155:do_switch$3$rdmux[0][3][7]$b$88 [20] $memory$auto$proc_rom.cc:155:do_switch$3$rdmux[0][3][7]$b$88 [3] $memory$auto$proc_rom.cc:155:do_switch$3$rdmux[0][3][7]$b$88 [8] $memory$auto$proc_rom.cc:155:do_switch$3$rdmux[0][3][7]$b$88 [2] 1'0 $memory$auto$proc_rom.cc:155:do_switch$3$rdmux[0][3][7]$b$88 [7] 1'0 $memory$auto$proc_rom.cc:155:do_switch$3$rdmux[0][3][7]$b$88 [8] 2'01 $memory$auto$proc_rom.cc:155:do_switch$3$rdmux[0][3][7]$b$88 [0] $memory$auto$proc_rom.cc:155:do_switch$3$rdmux[0][3][7]$b$88 [7] 1'0 $memory$auto$proc_rom.cc:155:do_switch$3$rdmux[0][3][7]$b$88 [0] $memory$auto$proc_rom.cc:155:do_switch$3$rdmux[0][3][7]$b$88 [0] $memory$auto$proc_rom.cc:155:do_switch$3$rdmux[0][3][7]$b$88 [1] $memory$auto$proc_rom.cc:155:do_switch$3$rdmux[0][3][7]$b$88 [2] }
    Consolidated identical input bits for $mux cell $memory$auto$proc_rom.cc:155:do_switch$3$rdmux[0][4][14]$131:
      Old ports: A=$memory$auto$proc_rom.cc:155:do_switch$3$rdmux[0][4][14]$a$132, B=$memory$auto$proc_rom.cc:155:do_switch$3$rdmux[0][4][14]$b$133, Y=$memory$auto$proc_rom.cc:155:do_switch$3$rdmux[0][3][7]$a$87
      New ports: A={ 2'10 $memory$auto$proc_rom.cc:155:do_switch$3$rdmux[0][4][14]$a$132 [0] 1'0 $memory$auto$proc_rom.cc:155:do_switch$3$rdmux[0][4][14]$a$132 [6] $memory$auto$proc_rom.cc:155:do_switch$3$rdmux[0][4][14]$a$132 [0] $memory$auto$proc_rom.cc:155:do_switch$3$rdmux[0][4][14]$a$132 [6] 1'1 $memory$auto$proc_rom.cc:155:do_switch$3$rdmux[0][4][14]$a$132 [6] $memory$auto$proc_rom.cc:155:do_switch$3$rdmux[0][4][14]$a$132 [0] 1'0 $memory$auto$proc_rom.cc:155:do_switch$3$rdmux[0][4][14]$a$132 [0] }, B={ $memory$auto$proc_rom.cc:155:do_switch$3$rdmux[0][4][14]$b$133 [1] $memory$auto$proc_rom.cc:155:do_switch$3$rdmux[0][4][14]$b$133 [7] $memory$auto$proc_rom.cc:155:do_switch$3$rdmux[0][4][14]$b$133 [7] 1'1 $memory$auto$proc_rom.cc:155:do_switch$3$rdmux[0][4][14]$b$133 [1] 2'10 $memory$auto$proc_rom.cc:155:do_switch$3$rdmux[0][4][14]$b$133 [7] 1'1 $memory$auto$proc_rom.cc:155:do_switch$3$rdmux[0][4][14]$b$133 [1] $memory$auto$proc_rom.cc:155:do_switch$3$rdmux[0][4][14]$b$133 [1] 1'0 }, Y={ $memory$auto$proc_rom.cc:155:do_switch$3$rdmux[0][3][7]$a$87 [22:21] $memory$auto$proc_rom.cc:155:do_switch$3$rdmux[0][3][7]$a$87 [16:14] $memory$auto$proc_rom.cc:155:do_switch$3$rdmux[0][3][7]$a$87 [12] $memory$auto$proc_rom.cc:155:do_switch$3$rdmux[0][3][7]$a$87 [10] $memory$auto$proc_rom.cc:155:do_switch$3$rdmux[0][3][7]$a$87 [7:6] $memory$auto$proc_rom.cc:155:do_switch$3$rdmux[0][3][7]$a$87 [3] $memory$auto$proc_rom.cc:155:do_switch$3$rdmux[0][3][7]$a$87 [1:0] }
      New connections: { $memory$auto$proc_rom.cc:155:do_switch$3$rdmux[0][3][7]$a$87 [31:23] $memory$auto$proc_rom.cc:155:do_switch$3$rdmux[0][3][7]$a$87 [20:17] $memory$auto$proc_rom.cc:155:do_switch$3$rdmux[0][3][7]$a$87 [13] $memory$auto$proc_rom.cc:155:do_switch$3$rdmux[0][3][7]$a$87 [11] $memory$auto$proc_rom.cc:155:do_switch$3$rdmux[0][3][7]$a$87 [9:8] $memory$auto$proc_rom.cc:155:do_switch$3$rdmux[0][3][7]$a$87 [5:4] $memory$auto$proc_rom.cc:155:do_switch$3$rdmux[0][3][7]$a$87 [2] } = { $memory$auto$proc_rom.cc:155:do_switch$3$rdmux[0][3][7]$a$87 [16] $memory$auto$proc_rom.cc:155:do_switch$3$rdmux[0][3][7]$a$87 [12] $memory$auto$proc_rom.cc:155:do_switch$3$rdmux[0][3][7]$a$87 [21] $memory$auto$proc_rom.cc:155:do_switch$3$rdmux[0][3][7]$a$87 [21] $memory$auto$proc_rom.cc:155:do_switch$3$rdmux[0][3][7]$a$87 [16] $memory$auto$proc_rom.cc:155:do_switch$3$rdmux[0][3][7]$a$87 [1] 1'0 $memory$auto$proc_rom.cc:155:do_switch$3$rdmux[0][3][7]$a$87 [16] 1'0 $memory$auto$proc_rom.cc:155:do_switch$3$rdmux[0][3][7]$a$87 [12] 2'11 $memory$auto$proc_rom.cc:155:do_switch$3$rdmux[0][3][7]$a$87 [7] 1'1 $memory$auto$proc_rom.cc:155:do_switch$3$rdmux[0][3][7]$a$87 [0] $memory$auto$proc_rom.cc:155:do_switch$3$rdmux[0][3][7]$a$87 [0] $memory$auto$proc_rom.cc:155:do_switch$3$rdmux[0][3][7]$a$87 [6] 1'1 $memory$auto$proc_rom.cc:155:do_switch$3$rdmux[0][3][7]$a$87 [1] 1'1 }
    Consolidated identical input bits for $mux cell $memory$auto$proc_rom.cc:155:do_switch$3$rdmux[0][4][13]$128:
      Old ports: A=$memory$auto$proc_rom.cc:155:do_switch$3$rdmux[0][4][13]$a$129, B=$memory$auto$proc_rom.cc:155:do_switch$3$rdmux[0][4][13]$b$130, Y=$memory$auto$proc_rom.cc:155:do_switch$3$rdmux[0][3][6]$b$85
      New ports: A={ 1'0 $memory$auto$proc_rom.cc:155:do_switch$3$rdmux[0][4][13]$a$129 [5] 2'11 $memory$auto$proc_rom.cc:155:do_switch$3$rdmux[0][4][13]$a$129 [1] $memory$auto$proc_rom.cc:155:do_switch$3$rdmux[0][4][13]$a$129 [5] 1'1 $memory$auto$proc_rom.cc:155:do_switch$3$rdmux[0][4][13]$a$129 [1] $memory$auto$proc_rom.cc:155:do_switch$3$rdmux[0][4][13]$a$129 [5] $memory$auto$proc_rom.cc:155:do_switch$3$rdmux[0][4][13]$a$129 [1] 1'0 $memory$auto$proc_rom.cc:155:do_switch$3$rdmux[0][4][13]$a$129 [1] 1'0 }, B={ $memory$auto$proc_rom.cc:155:do_switch$3$rdmux[0][4][13]$b$130 [15] 1'0 $memory$auto$proc_rom.cc:155:do_switch$3$rdmux[0][4][13]$b$130 [15] 1'0 $memory$auto$proc_rom.cc:155:do_switch$3$rdmux[0][4][13]$b$130 [15] 1'1 $memory$auto$proc_rom.cc:155:do_switch$3$rdmux[0][4][13]$b$130 [0] $memory$auto$proc_rom.cc:155:do_switch$3$rdmux[0][4][13]$b$130 [0] $memory$auto$proc_rom.cc:155:do_switch$3$rdmux[0][4][13]$b$130 [0] 3'110 $memory$auto$proc_rom.cc:155:do_switch$3$rdmux[0][4][13]$b$130 [0] }, Y={ $memory$auto$proc_rom.cc:155:do_switch$3$rdmux[0][3][6]$b$85 [31] $memory$auto$proc_rom.cc:155:do_switch$3$rdmux[0][3][6]$b$85 [26] $memory$auto$proc_rom.cc:155:do_switch$3$rdmux[0][3][6]$b$85 [21] $memory$auto$proc_rom.cc:155:do_switch$3$rdmux[0][3][6]$b$85 [17] $memory$auto$proc_rom.cc:155:do_switch$3$rdmux[0][3][6]$b$85 [15] $memory$auto$proc_rom.cc:155:do_switch$3$rdmux[0][3][6]$b$85 [11] $memory$auto$proc_rom.cc:155:do_switch$3$rdmux[0][3][6]$b$85 [9] $memory$auto$proc_rom.cc:155:do_switch$3$rdmux[0][3][6]$b$85 [6:5] $memory$auto$proc_rom.cc:155:do_switch$3$rdmux[0][3][6]$b$85 [3:0] }
      New connections: { $memory$auto$proc_rom.cc:155:do_switch$3$rdmux[0][3][6]$b$85 [30:27] $memory$auto$proc_rom.cc:155:do_switch$3$rdmux[0][3][6]$b$85 [25:22] $memory$auto$proc_rom.cc:155:do_switch$3$rdmux[0][3][6]$b$85 [20:18] $memory$auto$proc_rom.cc:155:do_switch$3$rdmux[0][3][6]$b$85 [16] $memory$auto$proc_rom.cc:155:do_switch$3$rdmux[0][3][6]$b$85 [14:12] $memory$auto$proc_rom.cc:155:do_switch$3$rdmux[0][3][6]$b$85 [10] $memory$auto$proc_rom.cc:155:do_switch$3$rdmux[0][3][6]$b$85 [8:7] $memory$auto$proc_rom.cc:155:do_switch$3$rdmux[0][3][6]$b$85 [4] } = { $memory$auto$proc_rom.cc:155:do_switch$3$rdmux[0][3][6]$b$85 [2] $memory$auto$proc_rom.cc:155:do_switch$3$rdmux[0][3][6]$b$85 [15] $memory$auto$proc_rom.cc:155:do_switch$3$rdmux[0][3][6]$b$85 [5] $memory$auto$proc_rom.cc:155:do_switch$3$rdmux[0][3][6]$b$85 [26] $memory$auto$proc_rom.cc:155:do_switch$3$rdmux[0][3][6]$b$85 [2] 1'0 $memory$auto$proc_rom.cc:155:do_switch$3$rdmux[0][3][6]$b$85 [11] $memory$auto$proc_rom.cc:155:do_switch$3$rdmux[0][3][6]$b$85 [1] $memory$auto$proc_rom.cc:155:do_switch$3$rdmux[0][3][6]$b$85 [5] $memory$auto$proc_rom.cc:155:do_switch$3$rdmux[0][3][6]$b$85 [15] $memory$auto$proc_rom.cc:155:do_switch$3$rdmux[0][3][6]$b$85 [15] $memory$auto$proc_rom.cc:155:do_switch$3$rdmux[0][3][6]$b$85 [1] 1'1 $memory$auto$proc_rom.cc:155:do_switch$3$rdmux[0][3][6]$b$85 [11] $memory$auto$proc_rom.cc:155:do_switch$3$rdmux[0][3][6]$b$85 [3] $memory$auto$proc_rom.cc:155:do_switch$3$rdmux[0][3][6]$b$85 [5] $memory$auto$proc_rom.cc:155:do_switch$3$rdmux[0][3][6]$b$85 [1] 1'1 $memory$auto$proc_rom.cc:155:do_switch$3$rdmux[0][3][6]$b$85 [3] }
    Consolidated identical input bits for $mux cell $memory$auto$proc_rom.cc:155:do_switch$3$rdmux[0][4][12]$125:
      Old ports: A=$memory$auto$proc_rom.cc:155:do_switch$3$rdmux[0][4][12]$a$126, B=$memory$auto$proc_rom.cc:155:do_switch$3$rdmux[0][4][12]$b$127, Y=$memory$auto$proc_rom.cc:155:do_switch$3$rdmux[0][3][6]$a$84
      New ports: A={ 1'1 $memory$auto$proc_rom.cc:155:do_switch$3$rdmux[0][4][12]$a$126 [8] $memory$auto$proc_rom.cc:155:do_switch$3$rdmux[0][4][12]$a$126 [8] $memory$auto$proc_rom.cc:155:do_switch$3$rdmux[0][4][12]$a$126 [2] $memory$auto$proc_rom.cc:155:do_switch$3$rdmux[0][4][12]$a$126 [8] 1'0 $memory$auto$proc_rom.cc:155:do_switch$3$rdmux[0][4][12]$a$126 [2] 1'0 $memory$auto$proc_rom.cc:155:do_switch$3$rdmux[0][4][12]$a$126 [2] 2'10 }, B={ $memory$auto$proc_rom.cc:155:do_switch$3$rdmux[0][4][12]$b$127 [3] 1'1 $memory$auto$proc_rom.cc:155:do_switch$3$rdmux[0][4][12]$b$127 [3] $memory$auto$proc_rom.cc:155:do_switch$3$rdmux[0][4][12]$b$127 [3] $memory$auto$proc_rom.cc:155:do_switch$3$rdmux[0][4][12]$b$127 [7] $memory$auto$proc_rom.cc:155:do_switch$3$rdmux[0][4][12]$b$127 [7] 1'0 $memory$auto$proc_rom.cc:155:do_switch$3$rdmux[0][4][12]$b$127 [3] 3'101 }, Y={ $memory$auto$proc_rom.cc:155:do_switch$3$rdmux[0][3][6]$a$84 [24] $memory$auto$proc_rom.cc:155:do_switch$3$rdmux[0][3][6]$a$84 [17] $memory$auto$proc_rom.cc:155:do_switch$3$rdmux[0][3][6]$a$84 [15] $memory$auto$proc_rom.cc:155:do_switch$3$rdmux[0][3][6]$a$84 [9:6] $memory$auto$proc_rom.cc:155:do_switch$3$rdmux[0][3][6]$a$84 [3:0] }
      New connections: { $memory$auto$proc_rom.cc:155:do_switch$3$rdmux[0][3][6]$a$84 [31:25] $memory$auto$proc_rom.cc:155:do_switch$3$rdmux[0][3][6]$a$84 [23:18] $memory$auto$proc_rom.cc:155:do_switch$3$rdmux[0][3][6]$a$84 [16] $memory$auto$proc_rom.cc:155:do_switch$3$rdmux[0][3][6]$a$84 [14:10] $memory$auto$proc_rom.cc:155:do_switch$3$rdmux[0][3][6]$a$84 [5:4] } = { $memory$auto$proc_rom.cc:155:do_switch$3$rdmux[0][3][6]$a$84 [6] $memory$auto$proc_rom.cc:155:do_switch$3$rdmux[0][3][6]$a$84 [0] $memory$auto$proc_rom.cc:155:do_switch$3$rdmux[0][3][6]$a$84 [7] $memory$auto$proc_rom.cc:155:do_switch$3$rdmux[0][3][6]$a$84 [0] $memory$auto$proc_rom.cc:155:do_switch$3$rdmux[0][3][6]$a$84 [8] $memory$auto$proc_rom.cc:155:do_switch$3$rdmux[0][3][6]$a$84 [6] $memory$auto$proc_rom.cc:155:do_switch$3$rdmux[0][3][6]$a$84 [15] $memory$auto$proc_rom.cc:155:do_switch$3$rdmux[0][3][6]$a$84 [6] $memory$auto$proc_rom.cc:155:do_switch$3$rdmux[0][3][6]$a$84 [6] 1'0 $memory$auto$proc_rom.cc:155:do_switch$3$rdmux[0][3][6]$a$84 [1] $memory$auto$proc_rom.cc:155:do_switch$3$rdmux[0][3][6]$a$84 [3] $memory$auto$proc_rom.cc:155:do_switch$3$rdmux[0][3][6]$a$84 [7] 1'0 $memory$auto$proc_rom.cc:155:do_switch$3$rdmux[0][3][6]$a$84 [9] 1'1 $memory$auto$proc_rom.cc:155:do_switch$3$rdmux[0][3][6]$a$84 [0] $memory$auto$proc_rom.cc:155:do_switch$3$rdmux[0][3][6]$a$84 [6] $memory$auto$proc_rom.cc:155:do_switch$3$rdmux[0][3][6]$a$84 [2] $memory$auto$proc_rom.cc:155:do_switch$3$rdmux[0][3][6]$a$84 [2] $memory$auto$proc_rom.cc:155:do_switch$3$rdmux[0][3][6]$a$84 [3] }
    Consolidated identical input bits for $mux cell $memory$auto$proc_rom.cc:155:do_switch$3$rdmux[0][4][11]$122:
      Old ports: A=$memory$auto$proc_rom.cc:155:do_switch$3$rdmux[0][4][11]$a$123, B=$memory$auto$proc_rom.cc:155:do_switch$3$rdmux[0][4][11]$b$124, Y=$memory$auto$proc_rom.cc:155:do_switch$3$rdmux[0][3][5]$b$82
      New ports: A={ 2'11 $memory$auto$proc_rom.cc:155:do_switch$3$rdmux[0][4][11]$a$123 [6] $memory$auto$proc_rom.cc:155:do_switch$3$rdmux[0][4][11]$a$123 [6] 1'0 $memory$auto$proc_rom.cc:155:do_switch$3$rdmux[0][4][11]$a$123 [6] 1'0 $memory$auto$proc_rom.cc:155:do_switch$3$rdmux[0][4][11]$a$123 [4] $memory$auto$proc_rom.cc:155:do_switch$3$rdmux[0][4][11]$a$123 [6] $memory$auto$proc_rom.cc:155:do_switch$3$rdmux[0][4][11]$a$123 [4] $memory$auto$proc_rom.cc:155:do_switch$3$rdmux[0][4][11]$a$123 [4] 2'01 }, B={ 1'0 $memory$auto$proc_rom.cc:155:do_switch$3$rdmux[0][4][11]$b$124 [9] $memory$auto$proc_rom.cc:155:do_switch$3$rdmux[0][4][11]$b$124 [0] 2'01 $memory$auto$proc_rom.cc:155:do_switch$3$rdmux[0][4][11]$b$124 [9] $memory$auto$proc_rom.cc:155:do_switch$3$rdmux[0][4][11]$b$124 [9] 3'011 $memory$auto$proc_rom.cc:155:do_switch$3$rdmux[0][4][11]$b$124 [0] $memory$auto$proc_rom.cc:155:do_switch$3$rdmux[0][4][11]$b$124 [0] $memory$auto$proc_rom.cc:155:do_switch$3$rdmux[0][4][11]$b$124 [0] }, Y={ $memory$auto$proc_rom.cc:155:do_switch$3$rdmux[0][3][5]$b$82 [30] $memory$auto$proc_rom.cc:155:do_switch$3$rdmux[0][3][5]$b$82 [21:19] $memory$auto$proc_rom.cc:155:do_switch$3$rdmux[0][3][5]$b$82 [11:9] $memory$auto$proc_rom.cc:155:do_switch$3$rdmux[0][3][5]$b$82 [7:4] $memory$auto$proc_rom.cc:155:do_switch$3$rdmux[0][3][5]$b$82 [2] $memory$auto$proc_rom.cc:155:do_switch$3$rdmux[0][3][5]$b$82 [0] }
      New connections: { $memory$auto$proc_rom.cc:155:do_switch$3$rdmux[0][3][5]$b$82 [31] $memory$auto$proc_rom.cc:155:do_switch$3$rdmux[0][3][5]$b$82 [29:22] $memory$auto$proc_rom.cc:155:do_switch$3$rdmux[0][3][5]$b$82 [18:12] $memory$auto$proc_rom.cc:155:do_switch$3$rdmux[0][3][5]$b$82 [8] $memory$auto$proc_rom.cc:155:do_switch$3$rdmux[0][3][5]$b$82 [3] $memory$auto$proc_rom.cc:155:do_switch$3$rdmux[0][3][5]$b$82 [1] } = { $memory$auto$proc_rom.cc:155:do_switch$3$rdmux[0][3][5]$b$82 [2] $memory$auto$proc_rom.cc:155:do_switch$3$rdmux[0][3][5]$b$82 [7] $memory$auto$proc_rom.cc:155:do_switch$3$rdmux[0][3][5]$b$82 [10] $memory$auto$proc_rom.cc:155:do_switch$3$rdmux[0][3][5]$b$82 [7:6] $memory$auto$proc_rom.cc:155:do_switch$3$rdmux[0][3][5]$b$82 [10] $memory$auto$proc_rom.cc:155:do_switch$3$rdmux[0][3][5]$b$82 [0] $memory$auto$proc_rom.cc:155:do_switch$3$rdmux[0][3][5]$b$82 [9] $memory$auto$proc_rom.cc:155:do_switch$3$rdmux[0][3][5]$b$82 [21] $memory$auto$proc_rom.cc:155:do_switch$3$rdmux[0][3][5]$b$82 [0] 1'0 $memory$auto$proc_rom.cc:155:do_switch$3$rdmux[0][3][5]$b$82 [6] $memory$auto$proc_rom.cc:155:do_switch$3$rdmux[0][3][5]$b$82 [2] $memory$auto$proc_rom.cc:155:do_switch$3$rdmux[0][3][5]$b$82 [7] 1'1 $memory$auto$proc_rom.cc:155:do_switch$3$rdmux[0][3][5]$b$82 [0] $memory$auto$proc_rom.cc:155:do_switch$3$rdmux[0][3][5]$b$82 [7] $memory$auto$proc_rom.cc:155:do_switch$3$rdmux[0][3][5]$b$82 [2] $memory$auto$proc_rom.cc:155:do_switch$3$rdmux[0][3][5]$b$82 [0] }
    Consolidated identical input bits for $mux cell $memory$auto$proc_rom.cc:155:do_switch$3$rdmux[0][4][10]$119:
      Old ports: A=$memory$auto$proc_rom.cc:155:do_switch$3$rdmux[0][4][10]$a$120, B=$memory$auto$proc_rom.cc:155:do_switch$3$rdmux[0][4][10]$b$121, Y=$memory$auto$proc_rom.cc:155:do_switch$3$rdmux[0][3][5]$a$81
      New ports: A={ $memory$auto$proc_rom.cc:155:do_switch$3$rdmux[0][4][10]$a$120 [13] $memory$auto$proc_rom.cc:155:do_switch$3$rdmux[0][4][10]$a$120 [13] $memory$auto$proc_rom.cc:155:do_switch$3$rdmux[0][4][10]$a$120 [4] 1'0 $memory$auto$proc_rom.cc:155:do_switch$3$rdmux[0][4][10]$a$120 [13] $memory$auto$proc_rom.cc:155:do_switch$3$rdmux[0][4][10]$a$120 [13] $memory$auto$proc_rom.cc:155:do_switch$3$rdmux[0][4][10]$a$120 [4] $memory$auto$proc_rom.cc:155:do_switch$3$rdmux[0][4][10]$a$120 [4] 2'11 $memory$auto$proc_rom.cc:155:do_switch$3$rdmux[0][4][10]$a$120 [4] 2'00 }, B={ $memory$auto$proc_rom.cc:155:do_switch$3$rdmux[0][4][10]$b$121 [4] 2'00 $memory$auto$proc_rom.cc:155:do_switch$3$rdmux[0][4][10]$b$121 [4] $memory$auto$proc_rom.cc:155:do_switch$3$rdmux[0][4][10]$b$121 [2] 1'1 $memory$auto$proc_rom.cc:155:do_switch$3$rdmux[0][4][10]$b$121 [2] 1'1 $memory$auto$proc_rom.cc:155:do_switch$3$rdmux[0][4][10]$b$121 [2] $memory$auto$proc_rom.cc:155:do_switch$3$rdmux[0][4][10]$b$121 [4] $memory$auto$proc_rom.cc:155:do_switch$3$rdmux[0][4][10]$b$121 [4] $memory$auto$proc_rom.cc:155:do_switch$3$rdmux[0][4][10]$b$121 [2] 1'1 }, Y={ $memory$auto$proc_rom.cc:155:do_switch$3$rdmux[0][3][5]$a$81 [23] $memory$auto$proc_rom.cc:155:do_switch$3$rdmux[0][3][5]$a$81 [19:16] $memory$auto$proc_rom.cc:155:do_switch$3$rdmux[0][3][5]$a$81 [13] $memory$auto$proc_rom.cc:155:do_switch$3$rdmux[0][3][5]$a$81 [10:8] $memory$auto$proc_rom.cc:155:do_switch$3$rdmux[0][3][5]$a$81 [6] $memory$auto$proc_rom.cc:155:do_switch$3$rdmux[0][3][5]$a$81 [4] $memory$auto$proc_rom.cc:155:do_switch$3$rdmux[0][3][5]$a$81 [2] $memory$auto$proc_rom.cc:155:do_switch$3$rdmux[0][3][5]$a$81 [0] }
      New connections: { $memory$auto$proc_rom.cc:155:do_switch$3$rdmux[0][3][5]$a$81 [31:24] $memory$auto$proc_rom.cc:155:do_switch$3$rdmux[0][3][5]$a$81 [22:20] $memory$auto$proc_rom.cc:155:do_switch$3$rdmux[0][3][5]$a$81 [15:14] $memory$auto$proc_rom.cc:155:do_switch$3$rdmux[0][3][5]$a$81 [12:11] $memory$auto$proc_rom.cc:155:do_switch$3$rdmux[0][3][5]$a$81 [7] $memory$auto$proc_rom.cc:155:do_switch$3$rdmux[0][3][5]$a$81 [5] $memory$auto$proc_rom.cc:155:do_switch$3$rdmux[0][3][5]$a$81 [3] $memory$auto$proc_rom.cc:155:do_switch$3$rdmux[0][3][5]$a$81 [1] } = { $memory$auto$proc_rom.cc:155:do_switch$3$rdmux[0][3][5]$a$81 [16] 1'1 $memory$auto$proc_rom.cc:155:do_switch$3$rdmux[0][3][5]$a$81 [19] $memory$auto$proc_rom.cc:155:do_switch$3$rdmux[0][3][5]$a$81 [9] 1'1 $memory$auto$proc_rom.cc:155:do_switch$3$rdmux[0][3][5]$a$81 [18] $memory$auto$proc_rom.cc:155:do_switch$3$rdmux[0][3][5]$a$81 [23] $memory$auto$proc_rom.cc:155:do_switch$3$rdmux[0][3][5]$a$81 [4] 1'1 $memory$auto$proc_rom.cc:155:do_switch$3$rdmux[0][3][5]$a$81 [6] $memory$auto$proc_rom.cc:155:do_switch$3$rdmux[0][3][5]$a$81 [4] $memory$auto$proc_rom.cc:155:do_switch$3$rdmux[0][3][5]$a$81 [8] $memory$auto$proc_rom.cc:155:do_switch$3$rdmux[0][3][5]$a$81 [8] $memory$auto$proc_rom.cc:155:do_switch$3$rdmux[0][3][5]$a$81 [4] $memory$auto$proc_rom.cc:155:do_switch$3$rdmux[0][3][5]$a$81 [6] 1'1 $memory$auto$proc_rom.cc:155:do_switch$3$rdmux[0][3][5]$a$81 [4] $memory$auto$proc_rom.cc:155:do_switch$3$rdmux[0][3][5]$a$81 [2] 1'1 }
    Consolidated identical input bits for $mux cell $memory$auto$proc_rom.cc:155:do_switch$3$rdmux[0][4][9]$116:
      Old ports: A=$memory$auto$proc_rom.cc:155:do_switch$3$rdmux[0][4][9]$a$117, B=$memory$auto$proc_rom.cc:155:do_switch$3$rdmux[0][4][9]$b$118, Y=$memory$auto$proc_rom.cc:155:do_switch$3$rdmux[0][3][4]$b$79
      New ports: A={ $memory$auto$proc_rom.cc:155:do_switch$3$rdmux[0][4][9]$a$117 [3] 2'01 $memory$auto$proc_rom.cc:155:do_switch$3$rdmux[0][4][9]$a$117 [3] 1'1 $memory$auto$proc_rom.cc:155:do_switch$3$rdmux[0][4][9]$a$117 [0] 2'10 $memory$auto$proc_rom.cc:155:do_switch$3$rdmux[0][4][9]$a$117 [3] $memory$auto$proc_rom.cc:155:do_switch$3$rdmux[0][4][9]$a$117 [3] 1'0 $memory$auto$proc_rom.cc:155:do_switch$3$rdmux[0][4][9]$a$117 [0] }, B={ $memory$auto$proc_rom.cc:155:do_switch$3$rdmux[0][4][9]$b$118 [8] $memory$auto$proc_rom.cc:155:do_switch$3$rdmux[0][4][9]$b$118 [3] $memory$auto$proc_rom.cc:155:do_switch$3$rdmux[0][4][9]$b$118 [3] 3'000 $memory$auto$proc_rom.cc:155:do_switch$3$rdmux[0][4][9]$b$118 [8] $memory$auto$proc_rom.cc:155:do_switch$3$rdmux[0][4][9]$b$118 [8] 1'1 $memory$auto$proc_rom.cc:155:do_switch$3$rdmux[0][4][9]$b$118 [3] 2'11 }, Y={ $memory$auto$proc_rom.cc:155:do_switch$3$rdmux[0][3][4]$b$79 [31] $memory$auto$proc_rom.cc:155:do_switch$3$rdmux[0][3][4]$b$79 [25] $memory$auto$proc_rom.cc:155:do_switch$3$rdmux[0][3][4]$b$79 [20] $memory$auto$proc_rom.cc:155:do_switch$3$rdmux[0][3][4]$b$79 [15] $memory$auto$proc_rom.cc:155:do_switch$3$rdmux[0][3][4]$b$79 [12:10] $memory$auto$proc_rom.cc:155:do_switch$3$rdmux[0][3][4]$b$79 [8] $memory$auto$proc_rom.cc:155:do_switch$3$rdmux[0][3][4]$b$79 [5] $memory$auto$proc_rom.cc:155:do_switch$3$rdmux[0][3][4]$b$79 [3] $memory$auto$proc_rom.cc:155:do_switch$3$rdmux[0][3][4]$b$79 [1:0] }
      New connections: { $memory$auto$proc_rom.cc:155:do_switch$3$rdmux[0][3][4]$b$79 [30:26] $memory$auto$proc_rom.cc:155:do_switch$3$rdmux[0][3][4]$b$79 [24:21] $memory$auto$proc_rom.cc:155:do_switch$3$rdmux[0][3][4]$b$79 [19:16] $memory$auto$proc_rom.cc:155:do_switch$3$rdmux[0][3][4]$b$79 [14:13] $memory$auto$proc_rom.cc:155:do_switch$3$rdmux[0][3][4]$b$79 [9] $memory$auto$proc_rom.cc:155:do_switch$3$rdmux[0][3][4]$b$79 [7:6] $memory$auto$proc_rom.cc:155:do_switch$3$rdmux[0][3][4]$b$79 [4] $memory$auto$proc_rom.cc:155:do_switch$3$rdmux[0][3][4]$b$79 [2] } = { $memory$auto$proc_rom.cc:155:do_switch$3$rdmux[0][3][4]$b$79 [15] $memory$auto$proc_rom.cc:155:do_switch$3$rdmux[0][3][4]$b$79 [8] $memory$auto$proc_rom.cc:155:do_switch$3$rdmux[0][3][4]$b$79 [10] $memory$auto$proc_rom.cc:155:do_switch$3$rdmux[0][3][4]$b$79 [25] $memory$auto$proc_rom.cc:155:do_switch$3$rdmux[0][3][4]$b$79 [3] $memory$auto$proc_rom.cc:155:do_switch$3$rdmux[0][3][4]$b$79 [15] 2'01 $memory$auto$proc_rom.cc:155:do_switch$3$rdmux[0][3][4]$b$79 [1] $memory$auto$proc_rom.cc:155:do_switch$3$rdmux[0][3][4]$b$79 [1] $memory$auto$proc_rom.cc:155:do_switch$3$rdmux[0][3][4]$b$79 [11] $memory$auto$proc_rom.cc:155:do_switch$3$rdmux[0][3][4]$b$79 [0] $memory$auto$proc_rom.cc:155:do_switch$3$rdmux[0][3][4]$b$79 [11] $memory$auto$proc_rom.cc:155:do_switch$3$rdmux[0][3][4]$b$79 [8] $memory$auto$proc_rom.cc:155:do_switch$3$rdmux[0][3][4]$b$79 [0] $memory$auto$proc_rom.cc:155:do_switch$3$rdmux[0][3][4]$b$79 [8] 1'0 $memory$auto$proc_rom.cc:155:do_switch$3$rdmux[0][3][4]$b$79 [3] 2'10 }
    Consolidated identical input bits for $mux cell $memory$auto$proc_rom.cc:155:do_switch$3$rdmux[0][4][8]$113:
      Old ports: A=$memory$auto$proc_rom.cc:155:do_switch$3$rdmux[0][4][8]$a$114, B=$memory$auto$proc_rom.cc:155:do_switch$3$rdmux[0][4][8]$b$115, Y=$memory$auto$proc_rom.cc:155:do_switch$3$rdmux[0][3][4]$a$78
      New ports: A={ 3'010 $memory$auto$proc_rom.cc:155:do_switch$3$rdmux[0][4][8]$a$114 [0] $memory$auto$proc_rom.cc:155:do_switch$3$rdmux[0][4][8]$a$114 [11] $memory$auto$proc_rom.cc:155:do_switch$3$rdmux[0][4][8]$a$114 [11] $memory$auto$proc_rom.cc:155:do_switch$3$rdmux[0][4][8]$a$114 [11] $memory$auto$proc_rom.cc:155:do_switch$3$rdmux[0][4][8]$a$114 [11] $memory$auto$proc_rom.cc:155:do_switch$3$rdmux[0][4][8]$a$114 [0] 1'1 $memory$auto$proc_rom.cc:155:do_switch$3$rdmux[0][4][8]$a$114 [0] 1'0 $memory$auto$proc_rom.cc:155:do_switch$3$rdmux[0][4][8]$a$114 [0] }, B={ $memory$auto$proc_rom.cc:155:do_switch$3$rdmux[0][4][8]$b$115 [6] $memory$auto$proc_rom.cc:155:do_switch$3$rdmux[0][4][8]$b$115 [1] 2'10 $memory$auto$proc_rom.cc:155:do_switch$3$rdmux[0][4][8]$b$115 [1] $memory$auto$proc_rom.cc:155:do_switch$3$rdmux[0][4][8]$b$115 [6] 2'10 $memory$auto$proc_rom.cc:155:do_switch$3$rdmux[0][4][8]$b$115 [6] 1'0 $memory$auto$proc_rom.cc:155:do_switch$3$rdmux[0][4][8]$b$115 [1] $memory$auto$proc_rom.cc:155:do_switch$3$rdmux[0][4][8]$b$115 [1] 1'1 }, Y={ $memory$auto$proc_rom.cc:155:do_switch$3$rdmux[0][3][4]$a$78 [29] $memory$auto$proc_rom.cc:155:do_switch$3$rdmux[0][3][4]$a$78 [23] $memory$auto$proc_rom.cc:155:do_switch$3$rdmux[0][3][4]$a$78 [20:19] $memory$auto$proc_rom.cc:155:do_switch$3$rdmux[0][3][4]$a$78 [17] $memory$auto$proc_rom.cc:155:do_switch$3$rdmux[0][3][4]$a$78 [14:13] $memory$auto$proc_rom.cc:155:do_switch$3$rdmux[0][3][4]$a$78 [11] $memory$auto$proc_rom.cc:155:do_switch$3$rdmux[0][3][4]$a$78 [6:5] $memory$auto$proc_rom.cc:155:do_switch$3$rdmux[0][3][4]$a$78 [2:0] }
      New connections: { $memory$auto$proc_rom.cc:155:do_switch$3$rdmux[0][3][4]$a$78 [31:30] $memory$auto$proc_rom.cc:155:do_switch$3$rdmux[0][3][4]$a$78 [28:24] $memory$auto$proc_rom.cc:155:do_switch$3$rdmux[0][3][4]$a$78 [22:21] $memory$auto$proc_rom.cc:155:do_switch$3$rdmux[0][3][4]$a$78 [18] $memory$auto$proc_rom.cc:155:do_switch$3$rdmux[0][3][4]$a$78 [16:15] $memory$auto$proc_rom.cc:155:do_switch$3$rdmux[0][3][4]$a$78 [12] $memory$auto$proc_rom.cc:155:do_switch$3$rdmux[0][3][4]$a$78 [10:7] $memory$auto$proc_rom.cc:155:do_switch$3$rdmux[0][3][4]$a$78 [4:3] } = { 1'0 $memory$auto$proc_rom.cc:155:do_switch$3$rdmux[0][3][4]$a$78 [0] $memory$auto$proc_rom.cc:155:do_switch$3$rdmux[0][3][4]$a$78 [6] $memory$auto$proc_rom.cc:155:do_switch$3$rdmux[0][3][4]$a$78 [1] $memory$auto$proc_rom.cc:155:do_switch$3$rdmux[0][3][4]$a$78 [5] $memory$auto$proc_rom.cc:155:do_switch$3$rdmux[0][3][4]$a$78 [20] $memory$auto$proc_rom.cc:155:do_switch$3$rdmux[0][3][4]$a$78 [0] $memory$auto$proc_rom.cc:155:do_switch$3$rdmux[0][3][4]$a$78 [13] $memory$auto$proc_rom.cc:155:do_switch$3$rdmux[0][3][4]$a$78 [14] $memory$auto$proc_rom.cc:155:do_switch$3$rdmux[0][3][4]$a$78 [11] $memory$auto$proc_rom.cc:155:do_switch$3$rdmux[0][3][4]$a$78 [1:0] 1'0 $memory$auto$proc_rom.cc:155:do_switch$3$rdmux[0][3][4]$a$78 [6] $memory$auto$proc_rom.cc:155:do_switch$3$rdmux[0][3][4]$a$78 [6:5] 1'1 $memory$auto$proc_rom.cc:155:do_switch$3$rdmux[0][3][4]$a$78 [2] $memory$auto$proc_rom.cc:155:do_switch$3$rdmux[0][3][4]$a$78 [0] }
    Consolidated identical input bits for $mux cell $memory$auto$proc_rom.cc:155:do_switch$3$rdmux[0][4][7]$110:
      Old ports: A=$memory$auto$proc_rom.cc:155:do_switch$3$rdmux[0][4][7]$a$111, B=$memory$auto$proc_rom.cc:155:do_switch$3$rdmux[0][4][7]$b$112, Y=$memory$auto$proc_rom.cc:155:do_switch$3$rdmux[0][3][3]$b$76
      New ports: A={ $memory$auto$proc_rom.cc:155:do_switch$3$rdmux[0][4][7]$a$111 [4] $memory$auto$proc_rom.cc:155:do_switch$3$rdmux[0][4][7]$a$111 [4] $memory$auto$proc_rom.cc:155:do_switch$3$rdmux[0][4][7]$a$111 [2] 4'1001 $memory$auto$proc_rom.cc:155:do_switch$3$rdmux[0][4][7]$a$111 [2] $memory$auto$proc_rom.cc:155:do_switch$3$rdmux[0][4][7]$a$111 [2] 1'1 $memory$auto$proc_rom.cc:155:do_switch$3$rdmux[0][4][7]$a$111 [4] $memory$auto$proc_rom.cc:155:do_switch$3$rdmux[0][4][7]$a$111 [2] 1'0 }, B={ 1'0 $memory$auto$proc_rom.cc:155:do_switch$3$rdmux[0][4][7]$b$112 [13] $memory$auto$proc_rom.cc:155:do_switch$3$rdmux[0][4][7]$b$112 [13] $memory$auto$proc_rom.cc:155:do_switch$3$rdmux[0][4][7]$b$112 [2] $memory$auto$proc_rom.cc:155:do_switch$3$rdmux[0][4][7]$b$112 [2] $memory$auto$proc_rom.cc:155:do_switch$3$rdmux[0][4][7]$b$112 [13] $memory$auto$proc_rom.cc:155:do_switch$3$rdmux[0][4][7]$b$112 [13] 4'1001 $memory$auto$proc_rom.cc:155:do_switch$3$rdmux[0][4][7]$b$112 [2] 1'1 }, Y={ $memory$auto$proc_rom.cc:155:do_switch$3$rdmux[0][3][3]$b$76 [30] $memory$auto$proc_rom.cc:155:do_switch$3$rdmux[0][3][3]$b$76 [28] $memory$auto$proc_rom.cc:155:do_switch$3$rdmux[0][3][3]$b$76 [22:21] $memory$auto$proc_rom.cc:155:do_switch$3$rdmux[0][3][3]$b$76 [17:16] $memory$auto$proc_rom.cc:155:do_switch$3$rdmux[0][3][3]$b$76 [13] $memory$auto$proc_rom.cc:155:do_switch$3$rdmux[0][3][3]$b$76 [10] $memory$auto$proc_rom.cc:155:do_switch$3$rdmux[0][3][3]$b$76 [8] $memory$auto$proc_rom.cc:155:do_switch$3$rdmux[0][3][3]$b$76 [6] $memory$auto$proc_rom.cc:155:do_switch$3$rdmux[0][3][3]$b$76 [4] $memory$auto$proc_rom.cc:155:do_switch$3$rdmux[0][3][3]$b$76 [2:1] }
      New connections: { $memory$auto$proc_rom.cc:155:do_switch$3$rdmux[0][3][3]$b$76 [31] $memory$auto$proc_rom.cc:155:do_switch$3$rdmux[0][3][3]$b$76 [29] $memory$auto$proc_rom.cc:155:do_switch$3$rdmux[0][3][3]$b$76 [27:23] $memory$auto$proc_rom.cc:155:do_switch$3$rdmux[0][3][3]$b$76 [20:18] $memory$auto$proc_rom.cc:155:do_switch$3$rdmux[0][3][3]$b$76 [15:14] $memory$auto$proc_rom.cc:155:do_switch$3$rdmux[0][3][3]$b$76 [12:11] $memory$auto$proc_rom.cc:155:do_switch$3$rdmux[0][3][3]$b$76 [9] $memory$auto$proc_rom.cc:155:do_switch$3$rdmux[0][3][3]$b$76 [7] $memory$auto$proc_rom.cc:155:do_switch$3$rdmux[0][3][3]$b$76 [5] $memory$auto$proc_rom.cc:155:do_switch$3$rdmux[0][3][3]$b$76 [3] $memory$auto$proc_rom.cc:155:do_switch$3$rdmux[0][3][3]$b$76 [0] } = { $memory$auto$proc_rom.cc:155:do_switch$3$rdmux[0][3][3]$b$76 [10] $memory$auto$proc_rom.cc:155:do_switch$3$rdmux[0][3][3]$b$76 [6] $memory$auto$proc_rom.cc:155:do_switch$3$rdmux[0][3][3]$b$76 [1] $memory$auto$proc_rom.cc:155:do_switch$3$rdmux[0][3][3]$b$76 [1] $memory$auto$proc_rom.cc:155:do_switch$3$rdmux[0][3][3]$b$76 [17] $memory$auto$proc_rom.cc:155:do_switch$3$rdmux[0][3][3]$b$76 [8] 1'0 $memory$auto$proc_rom.cc:155:do_switch$3$rdmux[0][3][3]$b$76 [10] $memory$auto$proc_rom.cc:155:do_switch$3$rdmux[0][3][3]$b$76 [8] $memory$auto$proc_rom.cc:155:do_switch$3$rdmux[0][3][3]$b$76 [4] $memory$auto$proc_rom.cc:155:do_switch$3$rdmux[0][3][3]$b$76 [8] 1'0 $memory$auto$proc_rom.cc:155:do_switch$3$rdmux[0][3][3]$b$76 [10] $memory$auto$proc_rom.cc:155:do_switch$3$rdmux[0][3][3]$b$76 [4] 1'0 $memory$auto$proc_rom.cc:155:do_switch$3$rdmux[0][3][3]$b$76 [1] $memory$auto$proc_rom.cc:155:do_switch$3$rdmux[0][3][3]$b$76 [4] 2'10 }
    Consolidated identical input bits for $mux cell $memory$auto$proc_rom.cc:155:do_switch$3$rdmux[0][4][6]$107:
      Old ports: A=$memory$auto$proc_rom.cc:155:do_switch$3$rdmux[0][4][6]$a$108, B=$memory$auto$proc_rom.cc:155:do_switch$3$rdmux[0][4][6]$b$109, Y=$memory$auto$proc_rom.cc:155:do_switch$3$rdmux[0][3][3]$a$75
      New ports: A={ 1'0 $memory$auto$proc_rom.cc:155:do_switch$3$rdmux[0][4][6]$a$108 [0] $memory$auto$proc_rom.cc:155:do_switch$3$rdmux[0][4][6]$a$108 [0] $memory$auto$proc_rom.cc:155:do_switch$3$rdmux[0][4][6]$a$108 [0] 2'11 $memory$auto$proc_rom.cc:155:do_switch$3$rdmux[0][4][6]$a$108 [3] 1'0 $memory$auto$proc_rom.cc:155:do_switch$3$rdmux[0][4][6]$a$108 [3] $memory$auto$proc_rom.cc:155:do_switch$3$rdmux[0][4][6]$a$108 [3] 1'1 $memory$auto$proc_rom.cc:155:do_switch$3$rdmux[0][4][6]$a$108 [0] }, B={ $memory$auto$proc_rom.cc:155:do_switch$3$rdmux[0][4][6]$b$109 [2] $memory$auto$proc_rom.cc:155:do_switch$3$rdmux[0][4][6]$b$109 [2] 3'100 $memory$auto$proc_rom.cc:155:do_switch$3$rdmux[0][4][6]$b$109 [0] $memory$auto$proc_rom.cc:155:do_switch$3$rdmux[0][4][6]$b$109 [2] 1'1 $memory$auto$proc_rom.cc:155:do_switch$3$rdmux[0][4][6]$b$109 [0] 1'0 $memory$auto$proc_rom.cc:155:do_switch$3$rdmux[0][4][6]$b$109 [2] $memory$auto$proc_rom.cc:155:do_switch$3$rdmux[0][4][6]$b$109 [0] }, Y={ $memory$auto$proc_rom.cc:155:do_switch$3$rdmux[0][3][3]$a$75 [23] $memory$auto$proc_rom.cc:155:do_switch$3$rdmux[0][3][3]$a$75 [21] $memory$auto$proc_rom.cc:155:do_switch$3$rdmux[0][3][3]$a$75 [14:12] $memory$auto$proc_rom.cc:155:do_switch$3$rdmux[0][3][3]$a$75 [10] $memory$auto$proc_rom.cc:155:do_switch$3$rdmux[0][3][3]$a$75 [6:2] $memory$auto$proc_rom.cc:155:do_switch$3$rdmux[0][3][3]$a$75 [0] }
      New connections: { $memory$auto$proc_rom.cc:155:do_switch$3$rdmux[0][3][3]$a$75 [31:24] $memory$auto$proc_rom.cc:155:do_switch$3$rdmux[0][3][3]$a$75 [22] $memory$auto$proc_rom.cc:155:do_switch$3$rdmux[0][3][3]$a$75 [20:15] $memory$auto$proc_rom.cc:155:do_switch$3$rdmux[0][3][3]$a$75 [11] $memory$auto$proc_rom.cc:155:do_switch$3$rdmux[0][3][3]$a$75 [9:7] $memory$auto$proc_rom.cc:155:do_switch$3$rdmux[0][3][3]$a$75 [1] } = { $memory$auto$proc_rom.cc:155:do_switch$3$rdmux[0][3][3]$a$75 [5] $memory$auto$proc_rom.cc:155:do_switch$3$rdmux[0][3][3]$a$75 [6] 1'1 $memory$auto$proc_rom.cc:155:do_switch$3$rdmux[0][3][3]$a$75 [2] $memory$auto$proc_rom.cc:155:do_switch$3$rdmux[0][3][3]$a$75 [10] $memory$auto$proc_rom.cc:155:do_switch$3$rdmux[0][3][3]$a$75 [2] $memory$auto$proc_rom.cc:155:do_switch$3$rdmux[0][3][3]$a$75 [6:5] $memory$auto$proc_rom.cc:155:do_switch$3$rdmux[0][3][3]$a$75 [5] $memory$auto$proc_rom.cc:155:do_switch$3$rdmux[0][3][3]$a$75 [6] $memory$auto$proc_rom.cc:155:do_switch$3$rdmux[0][3][3]$a$75 [12] $memory$auto$proc_rom.cc:155:do_switch$3$rdmux[0][3][3]$a$75 [3] 2'11 $memory$auto$proc_rom.cc:155:do_switch$3$rdmux[0][3][3]$a$75 [12] 1'0 $memory$auto$proc_rom.cc:155:do_switch$3$rdmux[0][3][3]$a$75 [5] $memory$auto$proc_rom.cc:155:do_switch$3$rdmux[0][3][3]$a$75 [3] 2'00 }
    Consolidated identical input bits for $mux cell $memory$auto$proc_rom.cc:155:do_switch$3$rdmux[0][4][5]$104:
      Old ports: A=$memory$auto$proc_rom.cc:155:do_switch$3$rdmux[0][4][5]$a$105, B=$memory$auto$proc_rom.cc:155:do_switch$3$rdmux[0][4][5]$b$106, Y=$memory$auto$proc_rom.cc:155:do_switch$3$rdmux[0][3][2]$b$73
      New ports: A={ $memory$auto$proc_rom.cc:155:do_switch$3$rdmux[0][4][5]$a$105 [6] $memory$auto$proc_rom.cc:155:do_switch$3$rdmux[0][4][5]$a$105 [7:6] 2'11 $memory$auto$proc_rom.cc:155:do_switch$3$rdmux[0][4][5]$a$105 [7:6] $memory$auto$proc_rom.cc:155:do_switch$3$rdmux[0][4][5]$a$105 [7] $memory$auto$proc_rom.cc:155:do_switch$3$rdmux[0][4][5]$a$105 [7:6] 3'000 }, B={ 3'100 $memory$auto$proc_rom.cc:155:do_switch$3$rdmux[0][4][5]$b$106 [2] 2'01 $memory$auto$proc_rom.cc:155:do_switch$3$rdmux[0][4][5]$b$106 [2] $memory$auto$proc_rom.cc:155:do_switch$3$rdmux[0][4][5]$b$106 [2] $memory$auto$proc_rom.cc:155:do_switch$3$rdmux[0][4][5]$b$106 [0] $memory$auto$proc_rom.cc:155:do_switch$3$rdmux[0][4][5]$b$106 [0] $memory$auto$proc_rom.cc:155:do_switch$3$rdmux[0][4][5]$b$106 [2] 1'1 $memory$auto$proc_rom.cc:155:do_switch$3$rdmux[0][4][5]$b$106 [0] }, Y={ $memory$auto$proc_rom.cc:155:do_switch$3$rdmux[0][3][2]$b$73 [31:30] $memory$auto$proc_rom.cc:155:do_switch$3$rdmux[0][3][2]$b$73 [23] $memory$auto$proc_rom.cc:155:do_switch$3$rdmux[0][3][2]$b$73 [18] $memory$auto$proc_rom.cc:155:do_switch$3$rdmux[0][3][2]$b$73 [15] $memory$auto$proc_rom.cc:155:do_switch$3$rdmux[0][3][2]$b$73 [10:6] $memory$auto$proc_rom.cc:155:do_switch$3$rdmux[0][3][2]$b$73 [2:0] }
      New connections: { $memory$auto$proc_rom.cc:155:do_switch$3$rdmux[0][3][2]$b$73 [29:24] $memory$auto$proc_rom.cc:155:do_switch$3$rdmux[0][3][2]$b$73 [22:19] $memory$auto$proc_rom.cc:155:do_switch$3$rdmux[0][3][2]$b$73 [17:16] $memory$auto$proc_rom.cc:155:do_switch$3$rdmux[0][3][2]$b$73 [14:11] $memory$auto$proc_rom.cc:155:do_switch$3$rdmux[0][3][2]$b$73 [5:3] } = { $memory$auto$proc_rom.cc:155:do_switch$3$rdmux[0][3][2]$b$73 [23] $memory$auto$proc_rom.cc:155:do_switch$3$rdmux[0][3][2]$b$73 [8] $memory$auto$proc_rom.cc:155:do_switch$3$rdmux[0][3][2]$b$73 [23] $memory$auto$proc_rom.cc:155:do_switch$3$rdmux[0][3][2]$b$73 [1] $memory$auto$proc_rom.cc:155:do_switch$3$rdmux[0][3][2]$b$73 [18] $memory$auto$proc_rom.cc:155:do_switch$3$rdmux[0][3][2]$b$73 [10] $memory$auto$proc_rom.cc:155:do_switch$3$rdmux[0][3][2]$b$73 [0] $memory$auto$proc_rom.cc:155:do_switch$3$rdmux[0][3][2]$b$73 [8] $memory$auto$proc_rom.cc:155:do_switch$3$rdmux[0][3][2]$b$73 [18] $memory$auto$proc_rom.cc:155:do_switch$3$rdmux[0][3][2]$b$73 [7] $memory$auto$proc_rom.cc:155:do_switch$3$rdmux[0][3][2]$b$73 [8] 1'0 $memory$auto$proc_rom.cc:155:do_switch$3$rdmux[0][3][2]$b$73 [9] $memory$auto$proc_rom.cc:155:do_switch$3$rdmux[0][3][2]$b$73 [10] 1'1 $memory$auto$proc_rom.cc:155:do_switch$3$rdmux[0][3][2]$b$73 [6] $memory$auto$proc_rom.cc:155:do_switch$3$rdmux[0][3][2]$b$73 [0] $memory$auto$proc_rom.cc:155:do_switch$3$rdmux[0][3][2]$b$73 [0] 1'1 }
    Consolidated identical input bits for $mux cell $memory$auto$proc_rom.cc:155:do_switch$3$rdmux[0][4][4]$101:
      Old ports: A=$memory$auto$proc_rom.cc:155:do_switch$3$rdmux[0][4][4]$a$102, B=$memory$auto$proc_rom.cc:155:do_switch$3$rdmux[0][4][4]$b$103, Y=$memory$auto$proc_rom.cc:155:do_switch$3$rdmux[0][3][2]$a$72
      New ports: A={ $memory$auto$proc_rom.cc:155:do_switch$3$rdmux[0][4][4]$a$102 [5] $memory$auto$proc_rom.cc:155:do_switch$3$rdmux[0][4][4]$a$102 [5] 2'00 $memory$auto$proc_rom.cc:155:do_switch$3$rdmux[0][4][4]$a$102 [3] $memory$auto$proc_rom.cc:155:do_switch$3$rdmux[0][4][4]$a$102 [3] 1'1 $memory$auto$proc_rom.cc:155:do_switch$3$rdmux[0][4][4]$a$102 [5] 1'1 $memory$auto$proc_rom.cc:155:do_switch$3$rdmux[0][4][4]$a$102 [3] 1'0 }, B={ $memory$auto$proc_rom.cc:155:do_switch$3$rdmux[0][4][4]$b$103 [9] 1'1 $memory$auto$proc_rom.cc:155:do_switch$3$rdmux[0][4][4]$b$103 [6] $memory$auto$proc_rom.cc:155:do_switch$3$rdmux[0][4][4]$b$103 [9] $memory$auto$proc_rom.cc:155:do_switch$3$rdmux[0][4][4]$b$103 [9] $memory$auto$proc_rom.cc:155:do_switch$3$rdmux[0][4][4]$b$103 [6] $memory$auto$proc_rom.cc:155:do_switch$3$rdmux[0][4][4]$b$103 [6] 4'0011 }, Y={ $memory$auto$proc_rom.cc:155:do_switch$3$rdmux[0][3][2]$a$72 [22] $memory$auto$proc_rom.cc:155:do_switch$3$rdmux[0][3][2]$a$72 [18:17] $memory$auto$proc_rom.cc:155:do_switch$3$rdmux[0][3][2]$a$72 [14] $memory$auto$proc_rom.cc:155:do_switch$3$rdmux[0][3][2]$a$72 [9] $memory$auto$proc_rom.cc:155:do_switch$3$rdmux[0][3][2]$a$72 [7:3] $memory$auto$proc_rom.cc:155:do_switch$3$rdmux[0][3][2]$a$72 [1] }
      New connections: { $memory$auto$proc_rom.cc:155:do_switch$3$rdmux[0][3][2]$a$72 [31:23] $memory$auto$proc_rom.cc:155:do_switch$3$rdmux[0][3][2]$a$72 [21:19] $memory$auto$proc_rom.cc:155:do_switch$3$rdmux[0][3][2]$a$72 [16:15] $memory$auto$proc_rom.cc:155:do_switch$3$rdmux[0][3][2]$a$72 [13:10] $memory$auto$proc_rom.cc:155:do_switch$3$rdmux[0][3][2]$a$72 [8] $memory$auto$proc_rom.cc:155:do_switch$3$rdmux[0][3][2]$a$72 [2] $memory$auto$proc_rom.cc:155:do_switch$3$rdmux[0][3][2]$a$72 [0] } = { $memory$auto$proc_rom.cc:155:do_switch$3$rdmux[0][3][2]$a$72 [22] $memory$auto$proc_rom.cc:155:do_switch$3$rdmux[0][3][2]$a$72 [4] $memory$auto$proc_rom.cc:155:do_switch$3$rdmux[0][3][2]$a$72 [22] $memory$auto$proc_rom.cc:155:do_switch$3$rdmux[0][3][2]$a$72 [14] 1'1 $memory$auto$proc_rom.cc:155:do_switch$3$rdmux[0][3][2]$a$72 [4] 1'1 $memory$auto$proc_rom.cc:155:do_switch$3$rdmux[0][3][2]$a$72 [5] $memory$auto$proc_rom.cc:155:do_switch$3$rdmux[0][3][2]$a$72 [18] $memory$auto$proc_rom.cc:155:do_switch$3$rdmux[0][3][2]$a$72 [3] $memory$auto$proc_rom.cc:155:do_switch$3$rdmux[0][3][2]$a$72 [3] 1'0 $memory$auto$proc_rom.cc:155:do_switch$3$rdmux[0][3][2]$a$72 [4] $memory$auto$proc_rom.cc:155:do_switch$3$rdmux[0][3][2]$a$72 [4] $memory$auto$proc_rom.cc:155:do_switch$3$rdmux[0][3][2]$a$72 [1] $memory$auto$proc_rom.cc:155:do_switch$3$rdmux[0][3][2]$a$72 [1] $memory$auto$proc_rom.cc:155:do_switch$3$rdmux[0][3][2]$a$72 [6] $memory$auto$proc_rom.cc:155:do_switch$3$rdmux[0][3][2]$a$72 [9] $memory$auto$proc_rom.cc:155:do_switch$3$rdmux[0][3][2]$a$72 [5] 2'11 }
    Consolidated identical input bits for $mux cell $memory$auto$proc_rom.cc:155:do_switch$3$rdmux[0][4][3]$98:
      Old ports: A=$memory$auto$proc_rom.cc:155:do_switch$3$rdmux[0][4][3]$a$99, B=$memory$auto$proc_rom.cc:155:do_switch$3$rdmux[0][4][3]$b$100, Y=$memory$auto$proc_rom.cc:155:do_switch$3$rdmux[0][3][1]$b$70
      New ports: A={ 1'0 $memory$auto$proc_rom.cc:155:do_switch$3$rdmux[0][4][3]$a$99 [8] $memory$auto$proc_rom.cc:155:do_switch$3$rdmux[0][4][3]$a$99 [8] 1'1 $memory$auto$proc_rom.cc:155:do_switch$3$rdmux[0][4][3]$a$99 [2] $memory$auto$proc_rom.cc:155:do_switch$3$rdmux[0][4][3]$a$99 [8] 1'1 $memory$auto$proc_rom.cc:155:do_switch$3$rdmux[0][4][3]$a$99 [2] $memory$auto$proc_rom.cc:155:do_switch$3$rdmux[0][4][3]$a$99 [2] 2'10 }, B={ $memory$auto$proc_rom.cc:155:do_switch$3$rdmux[0][4][3]$b$100 [1] 1'1 $memory$auto$proc_rom.cc:155:do_switch$3$rdmux[0][4][3]$b$100 [5] 1'0 $memory$auto$proc_rom.cc:155:do_switch$3$rdmux[0][4][3]$b$100 [5] 1'0 $memory$auto$proc_rom.cc:155:do_switch$3$rdmux[0][4][3]$b$100 [5] 2'10 $memory$auto$proc_rom.cc:155:do_switch$3$rdmux[0][4][3]$b$100 [1] 1'1 }, Y={ $memory$auto$proc_rom.cc:155:do_switch$3$rdmux[0][3][1]$b$70 [31] $memory$auto$proc_rom.cc:155:do_switch$3$rdmux[0][3][1]$b$70 [26] $memory$auto$proc_rom.cc:155:do_switch$3$rdmux[0][3][1]$b$70 [16] $memory$auto$proc_rom.cc:155:do_switch$3$rdmux[0][3][1]$b$70 [13] $memory$auto$proc_rom.cc:155:do_switch$3$rdmux[0][3][1]$b$70 [11] $memory$auto$proc_rom.cc:155:do_switch$3$rdmux[0][3][1]$b$70 [8] $memory$auto$proc_rom.cc:155:do_switch$3$rdmux[0][3][1]$b$70 [5] $memory$auto$proc_rom.cc:155:do_switch$3$rdmux[0][3][1]$b$70 [3:0] }
      New connections: { $memory$auto$proc_rom.cc:155:do_switch$3$rdmux[0][3][1]$b$70 [30:27] $memory$auto$proc_rom.cc:155:do_switch$3$rdmux[0][3][1]$b$70 [25:17] $memory$auto$proc_rom.cc:155:do_switch$3$rdmux[0][3][1]$b$70 [15:14] $memory$auto$proc_rom.cc:155:do_switch$3$rdmux[0][3][1]$b$70 [12] $memory$auto$proc_rom.cc:155:do_switch$3$rdmux[0][3][1]$b$70 [10:9] $memory$auto$proc_rom.cc:155:do_switch$3$rdmux[0][3][1]$b$70 [7:6] $memory$auto$proc_rom.cc:155:do_switch$3$rdmux[0][3][1]$b$70 [4] } = { 1'1 $memory$auto$proc_rom.cc:155:do_switch$3$rdmux[0][3][1]$b$70 [13] $memory$auto$proc_rom.cc:155:do_switch$3$rdmux[0][3][1]$b$70 [5] 2'01 $memory$auto$proc_rom.cc:155:do_switch$3$rdmux[0][3][1]$b$70 [0] $memory$auto$proc_rom.cc:155:do_switch$3$rdmux[0][3][1]$b$70 [13] $memory$auto$proc_rom.cc:155:do_switch$3$rdmux[0][3][1]$b$70 [5] $memory$auto$proc_rom.cc:155:do_switch$3$rdmux[0][3][1]$b$70 [16] $memory$auto$proc_rom.cc:155:do_switch$3$rdmux[0][3][1]$b$70 [0] 2'11 $memory$auto$proc_rom.cc:155:do_switch$3$rdmux[0][3][1]$b$70 [5] $memory$auto$proc_rom.cc:155:do_switch$3$rdmux[0][3][1]$b$70 [13] $memory$auto$proc_rom.cc:155:do_switch$3$rdmux[0][3][1]$b$70 [3] $memory$auto$proc_rom.cc:155:do_switch$3$rdmux[0][3][1]$b$70 [11] 1'1 $memory$auto$proc_rom.cc:155:do_switch$3$rdmux[0][3][1]$b$70 [3:2] $memory$auto$proc_rom.cc:155:do_switch$3$rdmux[0][3][1]$b$70 [5] $memory$auto$proc_rom.cc:155:do_switch$3$rdmux[0][3][1]$b$70 [1] }
    Consolidated identical input bits for $mux cell $memory$auto$proc_rom.cc:155:do_switch$3$rdmux[0][4][2]$95:
      Old ports: A=$memory$auto$proc_rom.cc:155:do_switch$3$rdmux[0][4][2]$a$96, B=$memory$auto$proc_rom.cc:155:do_switch$3$rdmux[0][4][2]$b$97, Y=$memory$auto$proc_rom.cc:155:do_switch$3$rdmux[0][3][1]$a$69
      New ports: A={ 2'10 $memory$auto$proc_rom.cc:155:do_switch$3$rdmux[0][4][2]$a$96 [2:1] 1'1 $memory$auto$proc_rom.cc:155:do_switch$3$rdmux[0][4][2]$a$96 [2] $memory$auto$proc_rom.cc:155:do_switch$3$rdmux[0][4][2]$a$96 [2:1] 1'0 $memory$auto$proc_rom.cc:155:do_switch$3$rdmux[0][4][2]$a$96 [1] $memory$auto$proc_rom.cc:155:do_switch$3$rdmux[0][4][2]$a$96 [2:1] 1'1 }, B={ $memory$auto$proc_rom.cc:155:do_switch$3$rdmux[0][4][2]$b$97 [5] 1'1 $memory$auto$proc_rom.cc:155:do_switch$3$rdmux[0][4][2]$b$97 [5] 3'001 $memory$auto$proc_rom.cc:155:do_switch$3$rdmux[0][4][2]$b$97 [0] $memory$auto$proc_rom.cc:155:do_switch$3$rdmux[0][4][2]$b$97 [5] $memory$auto$proc_rom.cc:155:do_switch$3$rdmux[0][4][2]$b$97 [5] $memory$auto$proc_rom.cc:155:do_switch$3$rdmux[0][4][2]$b$97 [0] 2'01 $memory$auto$proc_rom.cc:155:do_switch$3$rdmux[0][4][2]$b$97 [0] }, Y={ $memory$auto$proc_rom.cc:155:do_switch$3$rdmux[0][3][1]$a$69 [27:26] $memory$auto$proc_rom.cc:155:do_switch$3$rdmux[0][3][1]$a$69 [20] $memory$auto$proc_rom.cc:155:do_switch$3$rdmux[0][3][1]$a$69 [16] $memory$auto$proc_rom.cc:155:do_switch$3$rdmux[0][3][1]$a$69 [12] $memory$auto$proc_rom.cc:155:do_switch$3$rdmux[0][3][1]$a$69 [8:4] $memory$auto$proc_rom.cc:155:do_switch$3$rdmux[0][3][1]$a$69 [2:0] }
      New connections: { $memory$auto$proc_rom.cc:155:do_switch$3$rdmux[0][3][1]$a$69 [31:28] $memory$auto$proc_rom.cc:155:do_switch$3$rdmux[0][3][1]$a$69 [25:21] $memory$auto$proc_rom.cc:155:do_switch$3$rdmux[0][3][1]$a$69 [19:17] $memory$auto$proc_rom.cc:155:do_switch$3$rdmux[0][3][1]$a$69 [15:13] $memory$auto$proc_rom.cc:155:do_switch$3$rdmux[0][3][1]$a$69 [11:9] $memory$auto$proc_rom.cc:155:do_switch$3$rdmux[0][3][1]$a$69 [3] } = { $memory$auto$proc_rom.cc:155:do_switch$3$rdmux[0][3][1]$a$69 [26] $memory$auto$proc_rom.cc:155:do_switch$3$rdmux[0][3][1]$a$69 [1] $memory$auto$proc_rom.cc:155:do_switch$3$rdmux[0][3][1]$a$69 [2] $memory$auto$proc_rom.cc:155:do_switch$3$rdmux[0][3][1]$a$69 [16] $memory$auto$proc_rom.cc:155:do_switch$3$rdmux[0][3][1]$a$69 [16] $memory$auto$proc_rom.cc:155:do_switch$3$rdmux[0][3][1]$a$69 [0] $memory$auto$proc_rom.cc:155:do_switch$3$rdmux[0][3][1]$a$69 [1] $memory$auto$proc_rom.cc:155:do_switch$3$rdmux[0][3][1]$a$69 [8] $memory$auto$proc_rom.cc:155:do_switch$3$rdmux[0][3][1]$a$69 [20] $memory$auto$proc_rom.cc:155:do_switch$3$rdmux[0][3][1]$a$69 [12] 1'1 $memory$auto$proc_rom.cc:155:do_switch$3$rdmux[0][3][1]$a$69 [0] 1'0 $memory$auto$proc_rom.cc:155:do_switch$3$rdmux[0][3][1]$a$69 [7] $memory$auto$proc_rom.cc:155:do_switch$3$rdmux[0][3][1]$a$69 [0] $memory$auto$proc_rom.cc:155:do_switch$3$rdmux[0][3][1]$a$69 [2] $memory$auto$proc_rom.cc:155:do_switch$3$rdmux[0][3][1]$a$69 [6] $memory$auto$proc_rom.cc:155:do_switch$3$rdmux[0][3][1]$a$69 [1] $memory$auto$proc_rom.cc:155:do_switch$3$rdmux[0][3][1]$a$69 [2] }
    Consolidated identical input bits for $mux cell $memory$auto$proc_rom.cc:155:do_switch$3$rdmux[0][4][1]$92:
      Old ports: A=$memory$auto$proc_rom.cc:155:do_switch$3$rdmux[0][4][1]$a$93, B=$memory$auto$proc_rom.cc:155:do_switch$3$rdmux[0][4][1]$b$94, Y=$memory$auto$proc_rom.cc:155:do_switch$3$rdmux[0][3][0]$b$67
      New ports: A={ 1'1 $memory$auto$proc_rom.cc:155:do_switch$3$rdmux[0][4][1]$a$93 [0] 2'10 $memory$auto$proc_rom.cc:155:do_switch$3$rdmux[0][4][1]$a$93 [0] $memory$auto$proc_rom.cc:155:do_switch$3$rdmux[0][4][1]$a$93 [3] 1'0 $memory$auto$proc_rom.cc:155:do_switch$3$rdmux[0][4][1]$a$93 [3] 1'1 $memory$auto$proc_rom.cc:155:do_switch$3$rdmux[0][4][1]$a$93 [0] $memory$auto$proc_rom.cc:155:do_switch$3$rdmux[0][4][1]$a$93 [3] $memory$auto$proc_rom.cc:155:do_switch$3$rdmux[0][4][1]$a$93 [3] 1'0 $memory$auto$proc_rom.cc:155:do_switch$3$rdmux[0][4][1]$a$93 [0] }, B={ $memory$auto$proc_rom.cc:155:do_switch$3$rdmux[0][4][1]$b$94 [17] $memory$auto$proc_rom.cc:155:do_switch$3$rdmux[0][4][1]$b$94 [17] 1'0 $memory$auto$proc_rom.cc:155:do_switch$3$rdmux[0][4][1]$b$94 [17] 1'1 $memory$auto$proc_rom.cc:155:do_switch$3$rdmux[0][4][1]$b$94 [17] 2'11 $memory$auto$proc_rom.cc:155:do_switch$3$rdmux[0][4][1]$b$94 [0] 1'0 $memory$auto$proc_rom.cc:155:do_switch$3$rdmux[0][4][1]$b$94 [0] 1'0 $memory$auto$proc_rom.cc:155:do_switch$3$rdmux[0][4][1]$b$94 [0] $memory$auto$proc_rom.cc:155:do_switch$3$rdmux[0][4][1]$b$94 [0] }, Y={ $memory$auto$proc_rom.cc:155:do_switch$3$rdmux[0][3][0]$b$67 [31] $memory$auto$proc_rom.cc:155:do_switch$3$rdmux[0][3][0]$b$67 [27] $memory$auto$proc_rom.cc:155:do_switch$3$rdmux[0][3][0]$b$67 [25] $memory$auto$proc_rom.cc:155:do_switch$3$rdmux[0][3][0]$b$67 [22] $memory$auto$proc_rom.cc:155:do_switch$3$rdmux[0][3][0]$b$67 [18:17] $memory$auto$proc_rom.cc:155:do_switch$3$rdmux[0][3][0]$b$67 [11:9] $memory$auto$proc_rom.cc:155:do_switch$3$rdmux[0][3][0]$b$67 [7] $memory$auto$proc_rom.cc:155:do_switch$3$rdmux[0][3][0]$b$67 [5] $memory$auto$proc_rom.cc:155:do_switch$3$rdmux[0][3][0]$b$67 [3] $memory$auto$proc_rom.cc:155:do_switch$3$rdmux[0][3][0]$b$67 [1:0] }
      New connections: { $memory$auto$proc_rom.cc:155:do_switch$3$rdmux[0][3][0]$b$67 [30:28] $memory$auto$proc_rom.cc:155:do_switch$3$rdmux[0][3][0]$b$67 [26] $memory$auto$proc_rom.cc:155:do_switch$3$rdmux[0][3][0]$b$67 [24:23] $memory$auto$proc_rom.cc:155:do_switch$3$rdmux[0][3][0]$b$67 [21:19] $memory$auto$proc_rom.cc:155:do_switch$3$rdmux[0][3][0]$b$67 [16:12] $memory$auto$proc_rom.cc:155:do_switch$3$rdmux[0][3][0]$b$67 [8] $memory$auto$proc_rom.cc:155:do_switch$3$rdmux[0][3][0]$b$67 [6] $memory$auto$proc_rom.cc:155:do_switch$3$rdmux[0][3][0]$b$67 [4] $memory$auto$proc_rom.cc:155:do_switch$3$rdmux[0][3][0]$b$67 [2] } = { $memory$auto$proc_rom.cc:155:do_switch$3$rdmux[0][3][0]$b$67 [1] 1'1 $memory$auto$proc_rom.cc:155:do_switch$3$rdmux[0][3][0]$b$67 [25] $memory$auto$proc_rom.cc:155:do_switch$3$rdmux[0][3][0]$b$67 [7] $memory$auto$proc_rom.cc:155:do_switch$3$rdmux[0][3][0]$b$67 [18] $memory$auto$proc_rom.cc:155:do_switch$3$rdmux[0][3][0]$b$67 [5] $memory$auto$proc_rom.cc:155:do_switch$3$rdmux[0][3][0]$b$67 [3] $memory$auto$proc_rom.cc:155:do_switch$3$rdmux[0][3][0]$b$67 [9] $memory$auto$proc_rom.cc:155:do_switch$3$rdmux[0][3][0]$b$67 [5] 1'0 $memory$auto$proc_rom.cc:155:do_switch$3$rdmux[0][3][0]$b$67 [10] $memory$auto$proc_rom.cc:155:do_switch$3$rdmux[0][3][0]$b$67 [1] $memory$auto$proc_rom.cc:155:do_switch$3$rdmux[0][3][0]$b$67 [11] $memory$auto$proc_rom.cc:155:do_switch$3$rdmux[0][3][0]$b$67 [1] $memory$auto$proc_rom.cc:155:do_switch$3$rdmux[0][3][0]$b$67 [3] $memory$auto$proc_rom.cc:155:do_switch$3$rdmux[0][3][0]$b$67 [5] $memory$auto$proc_rom.cc:155:do_switch$3$rdmux[0][3][0]$b$67 [3] 1'0 }
    Consolidated identical input bits for $mux cell $memory$auto$proc_rom.cc:155:do_switch$3$rdmux[0][4][0]$89:
      Old ports: A=$memory$auto$proc_rom.cc:155:do_switch$3$rdmux[0][4][0]$a$90, B=$memory$auto$proc_rom.cc:155:do_switch$3$rdmux[0][4][0]$b$91, Y=$memory$auto$proc_rom.cc:155:do_switch$3$rdmux[0][3][0]$a$66
      New ports: A={ $memory$auto$proc_rom.cc:155:do_switch$3$rdmux[0][4][0]$a$90 [2:1] 3'010 $memory$auto$proc_rom.cc:155:do_switch$3$rdmux[0][4][0]$a$90 [1] $memory$auto$proc_rom.cc:155:do_switch$3$rdmux[0][4][0]$a$90 [2] 2'10 $memory$auto$proc_rom.cc:155:do_switch$3$rdmux[0][4][0]$a$90 [1] $memory$auto$proc_rom.cc:155:do_switch$3$rdmux[0][4][0]$a$90 [2:1] }, B={ 1'1 $memory$auto$proc_rom.cc:155:do_switch$3$rdmux[0][4][0]$b$91 [2] 1'1 $memory$auto$proc_rom.cc:155:do_switch$3$rdmux[0][4][0]$b$91 [3] $memory$auto$proc_rom.cc:155:do_switch$3$rdmux[0][4][0]$b$91 [3] 3'100 $memory$auto$proc_rom.cc:155:do_switch$3$rdmux[0][4][0]$b$91 [2] $memory$auto$proc_rom.cc:155:do_switch$3$rdmux[0][4][0]$b$91 [3:2] 1'0 }, Y={ $memory$auto$proc_rom.cc:155:do_switch$3$rdmux[0][3][0]$a$66 [28] $memory$auto$proc_rom.cc:155:do_switch$3$rdmux[0][3][0]$a$66 [25] $memory$auto$proc_rom.cc:155:do_switch$3$rdmux[0][3][0]$a$66 [18] $memory$auto$proc_rom.cc:155:do_switch$3$rdmux[0][3][0]$a$66 [15] $memory$auto$proc_rom.cc:155:do_switch$3$rdmux[0][3][0]$a$66 [12:11] $memory$auto$proc_rom.cc:155:do_switch$3$rdmux[0][3][0]$a$66 [9] $memory$auto$proc_rom.cc:155:do_switch$3$rdmux[0][3][0]$a$66 [5:1] }
      New connections: { $memory$auto$proc_rom.cc:155:do_switch$3$rdmux[0][3][0]$a$66 [31:29] $memory$auto$proc_rom.cc:155:do_switch$3$rdmux[0][3][0]$a$66 [27:26] $memory$auto$proc_rom.cc:155:do_switch$3$rdmux[0][3][0]$a$66 [24:19] $memory$auto$proc_rom.cc:155:do_switch$3$rdmux[0][3][0]$a$66 [17:16] $memory$auto$proc_rom.cc:155:do_switch$3$rdmux[0][3][0]$a$66 [14:13] $memory$auto$proc_rom.cc:155:do_switch$3$rdmux[0][3][0]$a$66 [10] $memory$auto$proc_rom.cc:155:do_switch$3$rdmux[0][3][0]$a$66 [8:6] $memory$auto$proc_rom.cc:155:do_switch$3$rdmux[0][3][0]$a$66 [0] } = { $memory$auto$proc_rom.cc:155:do_switch$3$rdmux[0][3][0]$a$66 [1] $memory$auto$proc_rom.cc:155:do_switch$3$rdmux[0][3][0]$a$66 [5] $memory$auto$proc_rom.cc:155:do_switch$3$rdmux[0][3][0]$a$66 [11] 2'10 $memory$auto$proc_rom.cc:155:do_switch$3$rdmux[0][3][0]$a$66 [4] $memory$auto$proc_rom.cc:155:do_switch$3$rdmux[0][3][0]$a$66 [5:4] 1'1 $memory$auto$proc_rom.cc:155:do_switch$3$rdmux[0][3][0]$a$66 [1] 2'01 $memory$auto$proc_rom.cc:155:do_switch$3$rdmux[0][3][0]$a$66 [3:2] $memory$auto$proc_rom.cc:155:do_switch$3$rdmux[0][3][0]$a$66 [12] $memory$auto$proc_rom.cc:155:do_switch$3$rdmux[0][3][0]$a$66 [1] $memory$auto$proc_rom.cc:155:do_switch$3$rdmux[0][3][0]$a$66 [2] 1'1 $memory$auto$proc_rom.cc:155:do_switch$3$rdmux[0][3][0]$a$66 [2] 1'1 }
  Optimizing cells in module \sweep_64x32_portable.
    Consolidated identical input bits for $mux cell $memory$auto$proc_rom.cc:155:do_switch$3$rdmux[0][3][7]$86:
      Old ports: A=$memory$auto$proc_rom.cc:155:do_switch$3$rdmux[0][3][7]$a$87, B=$memory$auto$proc_rom.cc:155:do_switch$3$rdmux[0][3][7]$b$88, Y=$memory$auto$proc_rom.cc:155:do_switch$3$rdmux[0][2][3]$b$64
      New ports: A={ $memory$auto$proc_rom.cc:155:do_switch$3$rdmux[0][3][7]$a$87 [16] $memory$auto$proc_rom.cc:155:do_switch$3$rdmux[0][3][7]$a$87 [12] $memory$auto$proc_rom.cc:155:do_switch$3$rdmux[0][3][7]$a$87 [21] $memory$auto$proc_rom.cc:155:do_switch$3$rdmux[0][3][7]$a$87 [21] $memory$auto$proc_rom.cc:155:do_switch$3$rdmux[0][3][7]$a$87 [16] $memory$auto$proc_rom.cc:155:do_switch$3$rdmux[0][3][7]$a$87 [1] 1'0 $memory$auto$proc_rom.cc:155:do_switch$3$rdmux[0][3][7]$a$87 [16] 1'0 $memory$auto$proc_rom.cc:155:do_switch$3$rdmux[0][3][7]$a$87 [22:21] $memory$auto$proc_rom.cc:155:do_switch$3$rdmux[0][3][7]$a$87 [12] 2'11 $memory$auto$proc_rom.cc:155:do_switch$3$rdmux[0][3][7]$a$87 [7] $memory$auto$proc_rom.cc:155:do_switch$3$rdmux[0][3][7]$a$87 [16:14] 1'1 $memory$auto$proc_rom.cc:155:do_switch$3$rdmux[0][3][7]$a$87 [12] $memory$auto$proc_rom.cc:155:do_switch$3$rdmux[0][3][7]$a$87 [0] $memory$auto$proc_rom.cc:155:do_switch$3$rdmux[0][3][7]$a$87 [10] $memory$auto$proc_rom.cc:155:do_switch$3$rdmux[0][3][7]$a$87 [6] $memory$auto$proc_rom.cc:155:do_switch$3$rdmux[0][3][7]$a$87 [7:6] 1'1 $memory$auto$proc_rom.cc:155:do_switch$3$rdmux[0][3][7]$a$87 [1] $memory$auto$proc_rom.cc:155:do_switch$3$rdmux[0][3][7]$a$87 [3] 1'1 $memory$auto$proc_rom.cc:155:do_switch$3$rdmux[0][3][7]$a$87 [1:0] }, B={ $memory$auto$proc_rom.cc:155:do_switch$3$rdmux[0][3][7]$b$88 [31] $memory$auto$proc_rom.cc:155:do_switch$3$rdmux[0][3][7]$b$88 [23] 1'1 $memory$auto$proc_rom.cc:155:do_switch$3$rdmux[0][3][7]$b$88 [20] $memory$auto$proc_rom.cc:155:do_switch$3$rdmux[0][3][7]$b$88 [3] $memory$auto$proc_rom.cc:155:do_switch$3$rdmux[0][3][7]$b$88 [8] $memory$auto$proc_rom.cc:155:do_switch$3$rdmux[0][3][7]$b$88 [2] $memory$auto$proc_rom.cc:155:do_switch$3$rdmux[0][3][7]$b$88 [24:22] 1'0 $memory$auto$proc_rom.cc:155:do_switch$3$rdmux[0][3][7]$b$88 [20] $memory$auto$proc_rom.cc:155:do_switch$3$rdmux[0][3][7]$b$88 [7] 1'0 $memory$auto$proc_rom.cc:155:do_switch$3$rdmux[0][3][7]$b$88 [8] 2'01 $memory$auto$proc_rom.cc:155:do_switch$3$rdmux[0][3][7]$b$88 [14:13] $memory$auto$proc_rom.cc:155:do_switch$3$rdmux[0][3][7]$b$88 [0] $memory$auto$proc_rom.cc:155:do_switch$3$rdmux[0][3][7]$b$88 [7] 1'0 $memory$auto$proc_rom.cc:155:do_switch$3$rdmux[0][3][7]$b$88 [8:7] $memory$auto$proc_rom.cc:155:do_switch$3$rdmux[0][3][7]$b$88 [0] $memory$auto$proc_rom.cc:155:do_switch$3$rdmux[0][3][7]$b$88 [1] $memory$auto$proc_rom.cc:155:do_switch$3$rdmux[0][3][7]$b$88 [2] $memory$auto$proc_rom.cc:155:do_switch$3$rdmux[0][3][7]$b$88 [3:0] }, Y={ $memory$auto$proc_rom.cc:155:do_switch$3$rdmux[0][2][3]$b$64 [31:10] $memory$auto$proc_rom.cc:155:do_switch$3$rdmux[0][2][3]$b$64 [8:0] }
      New connections: $memory$auto$proc_rom.cc:155:do_switch$3$rdmux[0][2][3]$b$64 [9] = $memory$auto$proc_rom.cc:155:do_switch$3$rdmux[0][2][3]$b$64 [0]
    Consolidated identical input bits for $mux cell $memory$auto$proc_rom.cc:155:do_switch$3$rdmux[0][3][6]$83:
      Old ports: A=$memory$auto$proc_rom.cc:155:do_switch$3$rdmux[0][3][6]$a$84, B=$memory$auto$proc_rom.cc:155:do_switch$3$rdmux[0][3][6]$b$85, Y=$memory$auto$proc_rom.cc:155:do_switch$3$rdmux[0][2][3]$a$63
      New ports: A={ $memory$auto$proc_rom.cc:155:do_switch$3$rdmux[0][3][6]$a$84 [6] $memory$auto$proc_rom.cc:155:do_switch$3$rdmux[0][3][6]$a$84 [0] $memory$auto$proc_rom.cc:155:do_switch$3$rdmux[0][3][6]$a$84 [0] $memory$auto$proc_rom.cc:155:do_switch$3$rdmux[0][3][6]$a$84 [8] $memory$auto$proc_rom.cc:155:do_switch$3$rdmux[0][3][6]$a$84 [6] $memory$auto$proc_rom.cc:155:do_switch$3$rdmux[0][3][6]$a$84 [15] $memory$auto$proc_rom.cc:155:do_switch$3$rdmux[0][3][6]$a$84 [24] $memory$auto$proc_rom.cc:155:do_switch$3$rdmux[0][3][6]$a$84 [6] 1'0 $memory$auto$proc_rom.cc:155:do_switch$3$rdmux[0][3][6]$a$84 [1] $memory$auto$proc_rom.cc:155:do_switch$3$rdmux[0][3][6]$a$84 [3] $memory$auto$proc_rom.cc:155:do_switch$3$rdmux[0][3][6]$a$84 [7] $memory$auto$proc_rom.cc:155:do_switch$3$rdmux[0][3][6]$a$84 [17] 1'0 $memory$auto$proc_rom.cc:155:do_switch$3$rdmux[0][3][6]$a$84 [15] $memory$auto$proc_rom.cc:155:do_switch$3$rdmux[0][3][6]$a$84 [9] 1'1 $memory$auto$proc_rom.cc:155:do_switch$3$rdmux[0][3][6]$a$84 [0] $memory$auto$proc_rom.cc:155:do_switch$3$rdmux[0][3][6]$a$84 [6] $memory$auto$proc_rom.cc:155:do_switch$3$rdmux[0][3][6]$a$84 [9:6] $memory$auto$proc_rom.cc:155:do_switch$3$rdmux[0][3][6]$a$84 [2] $memory$auto$proc_rom.cc:155:do_switch$3$rdmux[0][3][6]$a$84 [3:0] }, B={ $memory$auto$proc_rom.cc:155:do_switch$3$rdmux[0][3][6]$b$85 [31] $memory$auto$proc_rom.cc:155:do_switch$3$rdmux[0][3][6]$b$85 [2] $memory$auto$proc_rom.cc:155:do_switch$3$rdmux[0][3][6]$b$85 [5] $memory$auto$proc_rom.cc:155:do_switch$3$rdmux[0][3][6]$b$85 [26] $memory$auto$proc_rom.cc:155:do_switch$3$rdmux[0][3][6]$b$85 [26] $memory$auto$proc_rom.cc:155:do_switch$3$rdmux[0][3][6]$b$85 [2] 1'0 $memory$auto$proc_rom.cc:155:do_switch$3$rdmux[0][3][6]$b$85 [1] $memory$auto$proc_rom.cc:155:do_switch$3$rdmux[0][3][6]$b$85 [21] $memory$auto$proc_rom.cc:155:do_switch$3$rdmux[0][3][6]$b$85 [5] $memory$auto$proc_rom.cc:155:do_switch$3$rdmux[0][3][6]$b$85 [15] $memory$auto$proc_rom.cc:155:do_switch$3$rdmux[0][3][6]$b$85 [15] $memory$auto$proc_rom.cc:155:do_switch$3$rdmux[0][3][6]$b$85 [17] $memory$auto$proc_rom.cc:155:do_switch$3$rdmux[0][3][6]$b$85 [1] $memory$auto$proc_rom.cc:155:do_switch$3$rdmux[0][3][6]$b$85 [15] 1'1 $memory$auto$proc_rom.cc:155:do_switch$3$rdmux[0][3][6]$b$85 [11] $memory$auto$proc_rom.cc:155:do_switch$3$rdmux[0][3][6]$b$85 [3] $memory$auto$proc_rom.cc:155:do_switch$3$rdmux[0][3][6]$b$85 [11] $memory$auto$proc_rom.cc:155:do_switch$3$rdmux[0][3][6]$b$85 [9] $memory$auto$proc_rom.cc:155:do_switch$3$rdmux[0][3][6]$b$85 [1] 1'1 $memory$auto$proc_rom.cc:155:do_switch$3$rdmux[0][3][6]$b$85 [6:5] $memory$auto$proc_rom.cc:155:do_switch$3$rdmux[0][3][6]$b$85 [3:0] }, Y={ $memory$auto$proc_rom.cc:155:do_switch$3$rdmux[0][2][3]$a$63 [31:30] $memory$auto$proc_rom.cc:155:do_switch$3$rdmux[0][2][3]$a$63 [28:24] $memory$auto$proc_rom.cc:155:do_switch$3$rdmux[0][2][3]$a$63 [22:11] $memory$auto$proc_rom.cc:155:do_switch$3$rdmux[0][2][3]$a$63 [9:5] $memory$auto$proc_rom.cc:155:do_switch$3$rdmux[0][2][3]$a$63 [3:0] }
      New connections: { $memory$auto$proc_rom.cc:155:do_switch$3$rdmux[0][2][3]$a$63 [29] $memory$auto$proc_rom.cc:155:do_switch$3$rdmux[0][2][3]$a$63 [23] $memory$auto$proc_rom.cc:155:do_switch$3$rdmux[0][2][3]$a$63 [10] $memory$auto$proc_rom.cc:155:do_switch$3$rdmux[0][2][3]$a$63 [4] } = { $memory$auto$proc_rom.cc:155:do_switch$3$rdmux[0][2][3]$a$63 [18] $memory$auto$proc_rom.cc:155:do_switch$3$rdmux[0][2][3]$a$63 [11] $memory$auto$proc_rom.cc:155:do_switch$3$rdmux[0][2][3]$a$63 [5] $memory$auto$proc_rom.cc:155:do_switch$3$rdmux[0][2][3]$a$63 [3] }
    Consolidated identical input bits for $mux cell $memory$auto$proc_rom.cc:155:do_switch$3$rdmux[0][3][5]$80:
      Old ports: A=$memory$auto$proc_rom.cc:155:do_switch$3$rdmux[0][3][5]$a$81, B=$memory$auto$proc_rom.cc:155:do_switch$3$rdmux[0][3][5]$b$82, Y=$memory$auto$proc_rom.cc:155:do_switch$3$rdmux[0][2][2]$b$61
      New ports: A={ $memory$auto$proc_rom.cc:155:do_switch$3$rdmux[0][3][5]$a$81 [16] 1'1 $memory$auto$proc_rom.cc:155:do_switch$3$rdmux[0][3][5]$a$81 [19] $memory$auto$proc_rom.cc:155:do_switch$3$rdmux[0][3][5]$a$81 [9] $memory$auto$proc_rom.cc:155:do_switch$3$rdmux[0][3][5]$a$81 [18] $memory$auto$proc_rom.cc:155:do_switch$3$rdmux[0][3][5]$a$81 [23] $memory$auto$proc_rom.cc:155:do_switch$3$rdmux[0][3][5]$a$81 [23] 1'1 $memory$auto$proc_rom.cc:155:do_switch$3$rdmux[0][3][5]$a$81 [6] $memory$auto$proc_rom.cc:155:do_switch$3$rdmux[0][3][5]$a$81 [4] $memory$auto$proc_rom.cc:155:do_switch$3$rdmux[0][3][5]$a$81 [19:16] $memory$auto$proc_rom.cc:155:do_switch$3$rdmux[0][3][5]$a$81 [8] $memory$auto$proc_rom.cc:155:do_switch$3$rdmux[0][3][5]$a$81 [13] $memory$auto$proc_rom.cc:155:do_switch$3$rdmux[0][3][5]$a$81 [4] $memory$auto$proc_rom.cc:155:do_switch$3$rdmux[0][3][5]$a$81 [6] $memory$auto$proc_rom.cc:155:do_switch$3$rdmux[0][3][5]$a$81 [10:8] 1'1 $memory$auto$proc_rom.cc:155:do_switch$3$rdmux[0][3][5]$a$81 [6] $memory$auto$proc_rom.cc:155:do_switch$3$rdmux[0][3][5]$a$81 [4] $memory$auto$proc_rom.cc:155:do_switch$3$rdmux[0][3][5]$a$81 [4] $memory$auto$proc_rom.cc:155:do_switch$3$rdmux[0][3][5]$a$81 [2] 1'1 $memory$auto$proc_rom.cc:155:do_switch$3$rdmux[0][3][5]$a$81 [0] }, B={ $memory$auto$proc_rom.cc:155:do_switch$3$rdmux[0][3][5]$b$82 [2] $memory$auto$proc_rom.cc:155:do_switch$3$rdmux[0][3][5]$b$82 [30] $memory$auto$proc_rom.cc:155:do_switch$3$rdmux[0][3][5]$b$82 [7] $memory$auto$proc_rom.cc:155:do_switch$3$rdmux[0][3][5]$b$82 [10] $memory$auto$proc_rom.cc:155:do_switch$3$rdmux[0][3][5]$b$82 [6] $memory$auto$proc_rom.cc:155:do_switch$3$rdmux[0][3][5]$b$82 [10:9] $memory$auto$proc_rom.cc:155:do_switch$3$rdmux[0][3][5]$b$82 [21] $memory$auto$proc_rom.cc:155:do_switch$3$rdmux[0][3][5]$b$82 [21:19] $memory$auto$proc_rom.cc:155:do_switch$3$rdmux[0][3][5]$b$82 [0] 1'0 $memory$auto$proc_rom.cc:155:do_switch$3$rdmux[0][3][5]$b$82 [6] $memory$auto$proc_rom.cc:155:do_switch$3$rdmux[0][3][5]$b$82 [2] 1'1 $memory$auto$proc_rom.cc:155:do_switch$3$rdmux[0][3][5]$b$82 [0] $memory$auto$proc_rom.cc:155:do_switch$3$rdmux[0][3][5]$b$82 [11:9] $memory$auto$proc_rom.cc:155:do_switch$3$rdmux[0][3][5]$b$82 [7] $memory$auto$proc_rom.cc:155:do_switch$3$rdmux[0][3][5]$b$82 [7:4] $memory$auto$proc_rom.cc:155:do_switch$3$rdmux[0][3][5]$b$82 [2] $memory$auto$proc_rom.cc:155:do_switch$3$rdmux[0][3][5]$b$82 [0] $memory$auto$proc_rom.cc:155:do_switch$3$rdmux[0][3][5]$b$82 [0] }, Y={ $memory$auto$proc_rom.cc:155:do_switch$3$rdmux[0][2][2]$b$61 [31:28] $memory$auto$proc_rom.cc:155:do_switch$3$rdmux[0][2][2]$b$61 [26:25] $memory$auto$proc_rom.cc:155:do_switch$3$rdmux[0][2][2]$b$61 [23:15] $memory$auto$proc_rom.cc:155:do_switch$3$rdmux[0][2][2]$b$61 [13:4] $memory$auto$proc_rom.cc:155:do_switch$3$rdmux[0][2][2]$b$61 [2:0] }
      New connections: { $memory$auto$proc_rom.cc:155:do_switch$3$rdmux[0][2][2]$b$61 [27] $memory$auto$proc_rom.cc:155:do_switch$3$rdmux[0][2][2]$b$61 [24] $memory$auto$proc_rom.cc:155:do_switch$3$rdmux[0][2][2]$b$61 [14] $memory$auto$proc_rom.cc:155:do_switch$3$rdmux[0][2][2]$b$61 [3] } = { $memory$auto$proc_rom.cc:155:do_switch$3$rdmux[0][2][2]$b$61 [7] $memory$auto$proc_rom.cc:155:do_switch$3$rdmux[0][2][2]$b$61 [12] $memory$auto$proc_rom.cc:155:do_switch$3$rdmux[0][2][2]$b$61 [8] $memory$auto$proc_rom.cc:155:do_switch$3$rdmux[0][2][2]$b$61 [2] }
    Consolidated identical input bits for $mux cell $memory$auto$proc_rom.cc:155:do_switch$3$rdmux[0][3][4]$77:
      Old ports: A=$memory$auto$proc_rom.cc:155:do_switch$3$rdmux[0][3][4]$a$78, B=$memory$auto$proc_rom.cc:155:do_switch$3$rdmux[0][3][4]$b$79, Y=$memory$auto$proc_rom.cc:155:do_switch$3$rdmux[0][2][2]$a$60
      New ports: A={ 1'0 $memory$auto$proc_rom.cc:155:do_switch$3$rdmux[0][3][4]$a$78 [29] $memory$auto$proc_rom.cc:155:do_switch$3$rdmux[0][3][4]$a$78 [1] $memory$auto$proc_rom.cc:155:do_switch$3$rdmux[0][3][4]$a$78 [5] $memory$auto$proc_rom.cc:155:do_switch$3$rdmux[0][3][4]$a$78 [20] $memory$auto$proc_rom.cc:155:do_switch$3$rdmux[0][3][4]$a$78 [23] $memory$auto$proc_rom.cc:155:do_switch$3$rdmux[0][3][4]$a$78 [13] $memory$auto$proc_rom.cc:155:do_switch$3$rdmux[0][3][4]$a$78 [14] $memory$auto$proc_rom.cc:155:do_switch$3$rdmux[0][3][4]$a$78 [20:19] $memory$auto$proc_rom.cc:155:do_switch$3$rdmux[0][3][4]$a$78 [17] $memory$auto$proc_rom.cc:155:do_switch$3$rdmux[0][3][4]$a$78 [1:0] $memory$auto$proc_rom.cc:155:do_switch$3$rdmux[0][3][4]$a$78 [14:13] 1'0 $memory$auto$proc_rom.cc:155:do_switch$3$rdmux[0][3][4]$a$78 [11] $memory$auto$proc_rom.cc:155:do_switch$3$rdmux[0][3][4]$a$78 [6] $memory$auto$proc_rom.cc:155:do_switch$3$rdmux[0][3][4]$a$78 [6:5] 1'1 $memory$auto$proc_rom.cc:155:do_switch$3$rdmux[0][3][4]$a$78 [6:5] $memory$auto$proc_rom.cc:155:do_switch$3$rdmux[0][3][4]$a$78 [2] $memory$auto$proc_rom.cc:155:do_switch$3$rdmux[0][3][4]$a$78 [0] $memory$auto$proc_rom.cc:155:do_switch$3$rdmux[0][3][4]$a$78 [2:0] }, B={ $memory$auto$proc_rom.cc:155:do_switch$3$rdmux[0][3][4]$b$79 [31] $memory$auto$proc_rom.cc:155:do_switch$3$rdmux[0][3][4]$b$79 [8] $memory$auto$proc_rom.cc:155:do_switch$3$rdmux[0][3][4]$b$79 [25] $memory$auto$proc_rom.cc:155:do_switch$3$rdmux[0][3][4]$b$79 [3] $memory$auto$proc_rom.cc:155:do_switch$3$rdmux[0][3][4]$b$79 [25] 2'01 $memory$auto$proc_rom.cc:155:do_switch$3$rdmux[0][3][4]$b$79 [1] $memory$auto$proc_rom.cc:155:do_switch$3$rdmux[0][3][4]$b$79 [20] $memory$auto$proc_rom.cc:155:do_switch$3$rdmux[0][3][4]$b$79 [1:0] $memory$auto$proc_rom.cc:155:do_switch$3$rdmux[0][3][4]$b$79 [11] $memory$auto$proc_rom.cc:155:do_switch$3$rdmux[0][3][4]$b$79 [15] $memory$auto$proc_rom.cc:155:do_switch$3$rdmux[0][3][4]$b$79 [8] $memory$auto$proc_rom.cc:155:do_switch$3$rdmux[0][3][4]$b$79 [0] $memory$auto$proc_rom.cc:155:do_switch$3$rdmux[0][3][4]$b$79 [12:10] $memory$auto$proc_rom.cc:155:do_switch$3$rdmux[0][3][4]$b$79 [8] $memory$auto$proc_rom.cc:155:do_switch$3$rdmux[0][3][4]$b$79 [8] 1'0 $memory$auto$proc_rom.cc:155:do_switch$3$rdmux[0][3][4]$b$79 [3] $memory$auto$proc_rom.cc:155:do_switch$3$rdmux[0][3][4]$b$79 [5] 1'1 $memory$auto$proc_rom.cc:155:do_switch$3$rdmux[0][3][4]$b$79 [3] 1'0 $memory$auto$proc_rom.cc:155:do_switch$3$rdmux[0][3][4]$b$79 [1:0] }, Y={ $memory$auto$proc_rom.cc:155:do_switch$3$rdmux[0][2][2]$a$60 [31] $memory$auto$proc_rom.cc:155:do_switch$3$rdmux[0][2][2]$a$60 [29] $memory$auto$proc_rom.cc:155:do_switch$3$rdmux[0][2][2]$a$60 [27:25] $memory$auto$proc_rom.cc:155:do_switch$3$rdmux[0][2][2]$a$60 [23:19] $memory$auto$proc_rom.cc:155:do_switch$3$rdmux[0][2][2]$a$60 [17:0] }
      New connections: { $memory$auto$proc_rom.cc:155:do_switch$3$rdmux[0][2][2]$a$60 [30] $memory$auto$proc_rom.cc:155:do_switch$3$rdmux[0][2][2]$a$60 [28] $memory$auto$proc_rom.cc:155:do_switch$3$rdmux[0][2][2]$a$60 [24] $memory$auto$proc_rom.cc:155:do_switch$3$rdmux[0][2][2]$a$60 [18] } = { $memory$auto$proc_rom.cc:155:do_switch$3$rdmux[0][2][2]$a$60 [15] $memory$auto$proc_rom.cc:155:do_switch$3$rdmux[0][2][2]$a$60 [10] $memory$auto$proc_rom.cc:155:do_switch$3$rdmux[0][2][2]$a$60 [15] $memory$auto$proc_rom.cc:155:do_switch$3$rdmux[0][2][2]$a$60 [11] }
    Consolidated identical input bits for $mux cell $memory$auto$proc_rom.cc:155:do_switch$3$rdmux[0][3][3]$74:
      Old ports: A=$memory$auto$proc_rom.cc:155:do_switch$3$rdmux[0][3][3]$a$75, B=$memory$auto$proc_rom.cc:155:do_switch$3$rdmux[0][3][3]$b$76, Y=$memory$auto$proc_rom.cc:155:do_switch$3$rdmux[0][2][1]$b$58
      New ports: A={ $memory$auto$proc_rom.cc:155:do_switch$3$rdmux[0][3][3]$a$75 [5] $memory$auto$proc_rom.cc:155:do_switch$3$rdmux[0][3][3]$a$75 [6] 1'1 $memory$auto$proc_rom.cc:155:do_switch$3$rdmux[0][3][3]$a$75 [2] $memory$auto$proc_rom.cc:155:do_switch$3$rdmux[0][3][3]$a$75 [10] $memory$auto$proc_rom.cc:155:do_switch$3$rdmux[0][3][3]$a$75 [2] $memory$auto$proc_rom.cc:155:do_switch$3$rdmux[0][3][3]$a$75 [6:5] $memory$auto$proc_rom.cc:155:do_switch$3$rdmux[0][3][3]$a$75 [23] $memory$auto$proc_rom.cc:155:do_switch$3$rdmux[0][3][3]$a$75 [5] $memory$auto$proc_rom.cc:155:do_switch$3$rdmux[0][3][3]$a$75 [21] $memory$auto$proc_rom.cc:155:do_switch$3$rdmux[0][3][3]$a$75 [6] $memory$auto$proc_rom.cc:155:do_switch$3$rdmux[0][3][3]$a$75 [3] 2'11 $memory$auto$proc_rom.cc:155:do_switch$3$rdmux[0][3][3]$a$75 [12] $memory$auto$proc_rom.cc:155:do_switch$3$rdmux[0][3][3]$a$75 [14:12] 1'0 $memory$auto$proc_rom.cc:155:do_switch$3$rdmux[0][3][3]$a$75 [10] $memory$auto$proc_rom.cc:155:do_switch$3$rdmux[0][3][3]$a$75 [5] $memory$auto$proc_rom.cc:155:do_switch$3$rdmux[0][3][3]$a$75 [3] $memory$auto$proc_rom.cc:155:do_switch$3$rdmux[0][3][3]$a$75 [6:2] 1'0 $memory$auto$proc_rom.cc:155:do_switch$3$rdmux[0][3][3]$a$75 [0] }, B={ $memory$auto$proc_rom.cc:155:do_switch$3$rdmux[0][3][3]$b$76 [10] $memory$auto$proc_rom.cc:155:do_switch$3$rdmux[0][3][3]$b$76 [30] $memory$auto$proc_rom.cc:155:do_switch$3$rdmux[0][3][3]$b$76 [6] $memory$auto$proc_rom.cc:155:do_switch$3$rdmux[0][3][3]$b$76 [28] $memory$auto$proc_rom.cc:155:do_switch$3$rdmux[0][3][3]$b$76 [1] $memory$auto$proc_rom.cc:155:do_switch$3$rdmux[0][3][3]$b$76 [1] $memory$auto$proc_rom.cc:155:do_switch$3$rdmux[0][3][3]$b$76 [17] $memory$auto$proc_rom.cc:155:do_switch$3$rdmux[0][3][3]$b$76 [8] 1'0 $memory$auto$proc_rom.cc:155:do_switch$3$rdmux[0][3][3]$b$76 [22:21] $memory$auto$proc_rom.cc:155:do_switch$3$rdmux[0][3][3]$b$76 [10] $memory$auto$proc_rom.cc:155:do_switch$3$rdmux[0][3][3]$b$76 [4] $memory$auto$proc_rom.cc:155:do_switch$3$rdmux[0][3][3]$b$76 [17:16] $memory$auto$proc_rom.cc:155:do_switch$3$rdmux[0][3][3]$b$76 [8] 1'0 $memory$auto$proc_rom.cc:155:do_switch$3$rdmux[0][3][3]$b$76 [13] $memory$auto$proc_rom.cc:155:do_switch$3$rdmux[0][3][3]$b$76 [10] $memory$auto$proc_rom.cc:155:do_switch$3$rdmux[0][3][3]$b$76 [4] $memory$auto$proc_rom.cc:155:do_switch$3$rdmux[0][3][3]$b$76 [10] 1'0 $memory$auto$proc_rom.cc:155:do_switch$3$rdmux[0][3][3]$b$76 [8] $memory$auto$proc_rom.cc:155:do_switch$3$rdmux[0][3][3]$b$76 [6] $memory$auto$proc_rom.cc:155:do_switch$3$rdmux[0][3][3]$b$76 [4] $memory$auto$proc_rom.cc:155:do_switch$3$rdmux[0][3][3]$b$76 [4] 1'1 $memory$auto$proc_rom.cc:155:do_switch$3$rdmux[0][3][3]$b$76 [2:1] 1'0 }, Y={ $memory$auto$proc_rom.cc:155:do_switch$3$rdmux[0][2][1]$b$58 [31:20] $memory$auto$proc_rom.cc:155:do_switch$3$rdmux[0][2][1]$b$58 [18:8] $memory$auto$proc_rom.cc:155:do_switch$3$rdmux[0][2][1]$b$58 [6:0] }
      New connections: { $memory$auto$proc_rom.cc:155:do_switch$3$rdmux[0][2][1]$b$58 [19] $memory$auto$proc_rom.cc:155:do_switch$3$rdmux[0][2][1]$b$58 [7] } = { $memory$auto$proc_rom.cc:155:do_switch$3$rdmux[0][2][1]$b$58 [15] $memory$auto$proc_rom.cc:155:do_switch$3$rdmux[0][2][1]$b$58 [1] }
    Consolidated identical input bits for $mux cell $memory$auto$proc_rom.cc:155:do_switch$3$rdmux[0][3][2]$71:
      Old ports: A=$memory$auto$proc_rom.cc:155:do_switch$3$rdmux[0][3][2]$a$72, B=$memory$auto$proc_rom.cc:155:do_switch$3$rdmux[0][3][2]$b$73, Y=$memory$auto$proc_rom.cc:155:do_switch$3$rdmux[0][2][1]$a$57
      New ports: A={ $memory$auto$proc_rom.cc:155:do_switch$3$rdmux[0][3][2]$a$72 [22] $memory$auto$proc_rom.cc:155:do_switch$3$rdmux[0][3][2]$a$72 [4] $memory$auto$proc_rom.cc:155:do_switch$3$rdmux[0][3][2]$a$72 [22] $memory$auto$proc_rom.cc:155:do_switch$3$rdmux[0][3][2]$a$72 [14] 1'1 $memory$auto$proc_rom.cc:155:do_switch$3$rdmux[0][3][2]$a$72 [4] 1'1 $memory$auto$proc_rom.cc:155:do_switch$3$rdmux[0][3][2]$a$72 [5] $memory$auto$proc_rom.cc:155:do_switch$3$rdmux[0][3][2]$a$72 [18] $memory$auto$proc_rom.cc:155:do_switch$3$rdmux[0][3][2]$a$72 [22] $memory$auto$proc_rom.cc:155:do_switch$3$rdmux[0][3][2]$a$72 [3] $memory$auto$proc_rom.cc:155:do_switch$3$rdmux[0][3][2]$a$72 [3] 1'0 $memory$auto$proc_rom.cc:155:do_switch$3$rdmux[0][3][2]$a$72 [18:17] $memory$auto$proc_rom.cc:155:do_switch$3$rdmux[0][3][2]$a$72 [4] $memory$auto$proc_rom.cc:155:do_switch$3$rdmux[0][3][2]$a$72 [4] $memory$auto$proc_rom.cc:155:do_switch$3$rdmux[0][3][2]$a$72 [14] $memory$auto$proc_rom.cc:155:do_switch$3$rdmux[0][3][2]$a$72 [1] $memory$auto$proc_rom.cc:155:do_switch$3$rdmux[0][3][2]$a$72 [1] $memory$auto$proc_rom.cc:155:do_switch$3$rdmux[0][3][2]$a$72 [9] $memory$auto$proc_rom.cc:155:do_switch$3$rdmux[0][3][2]$a$72 [9] $memory$auto$proc_rom.cc:155:do_switch$3$rdmux[0][3][2]$a$72 [5] $memory$auto$proc_rom.cc:155:do_switch$3$rdmux[0][3][2]$a$72 [7:3] 1'1 $memory$auto$proc_rom.cc:155:do_switch$3$rdmux[0][3][2]$a$72 [1] 1'1 }, B={ $memory$auto$proc_rom.cc:155:do_switch$3$rdmux[0][3][2]$b$73 [31:30] $memory$auto$proc_rom.cc:155:do_switch$3$rdmux[0][3][2]$b$73 [23] $memory$auto$proc_rom.cc:155:do_switch$3$rdmux[0][3][2]$b$73 [8] $memory$auto$proc_rom.cc:155:do_switch$3$rdmux[0][3][2]$b$73 [23] $memory$auto$proc_rom.cc:155:do_switch$3$rdmux[0][3][2]$b$73 [1] $memory$auto$proc_rom.cc:155:do_switch$3$rdmux[0][3][2]$b$73 [18] $memory$auto$proc_rom.cc:155:do_switch$3$rdmux[0][3][2]$b$73 [10] $memory$auto$proc_rom.cc:155:do_switch$3$rdmux[0][3][2]$b$73 [23] $memory$auto$proc_rom.cc:155:do_switch$3$rdmux[0][3][2]$b$73 [0] $memory$auto$proc_rom.cc:155:do_switch$3$rdmux[0][3][2]$b$73 [8] $memory$auto$proc_rom.cc:155:do_switch$3$rdmux[0][3][2]$b$73 [18] $memory$auto$proc_rom.cc:155:do_switch$3$rdmux[0][3][2]$b$73 [7] $memory$auto$proc_rom.cc:155:do_switch$3$rdmux[0][3][2]$b$73 [18] $memory$auto$proc_rom.cc:155:do_switch$3$rdmux[0][3][2]$b$73 [8] 1'0 $memory$auto$proc_rom.cc:155:do_switch$3$rdmux[0][3][2]$b$73 [15] $memory$auto$proc_rom.cc:155:do_switch$3$rdmux[0][3][2]$b$73 [9] $memory$auto$proc_rom.cc:155:do_switch$3$rdmux[0][3][2]$b$73 [10] 1'1 $memory$auto$proc_rom.cc:155:do_switch$3$rdmux[0][3][2]$b$73 [10:6] $memory$auto$proc_rom.cc:155:do_switch$3$rdmux[0][3][2]$b$73 [0] $memory$auto$proc_rom.cc:155:do_switch$3$rdmux[0][3][2]$b$73 [0] 1'1 $memory$auto$proc_rom.cc:155:do_switch$3$rdmux[0][3][2]$b$73 [2:0] }, Y={ $memory$auto$proc_rom.cc:155:do_switch$3$rdmux[0][2][1]$a$57 [31:12] $memory$auto$proc_rom.cc:155:do_switch$3$rdmux[0][2][1]$a$57 [10:0] }
      New connections: $memory$auto$proc_rom.cc:155:do_switch$3$rdmux[0][2][1]$a$57 [11] = $memory$auto$proc_rom.cc:155:do_switch$3$rdmux[0][2][1]$a$57 [6]
    Consolidated identical input bits for $mux cell $memory$auto$proc_rom.cc:155:do_switch$3$rdmux[0][3][1]$68:
      Old ports: A=$memory$auto$proc_rom.cc:155:do_switch$3$rdmux[0][3][1]$a$69, B=$memory$auto$proc_rom.cc:155:do_switch$3$rdmux[0][3][1]$b$70, Y=$memory$auto$proc_rom.cc:155:do_switch$3$rdmux[0][2][0]$b$55
      New ports: A={ $memory$auto$proc_rom.cc:155:do_switch$3$rdmux[0][3][1]$a$69 [26] $memory$auto$proc_rom.cc:155:do_switch$3$rdmux[0][3][1]$a$69 [1] $memory$auto$proc_rom.cc:155:do_switch$3$rdmux[0][3][1]$a$69 [2] $memory$auto$proc_rom.cc:155:do_switch$3$rdmux[0][3][1]$a$69 [16] $memory$auto$proc_rom.cc:155:do_switch$3$rdmux[0][3][1]$a$69 [27:26] $memory$auto$proc_rom.cc:155:do_switch$3$rdmux[0][3][1]$a$69 [16] $memory$auto$proc_rom.cc:155:do_switch$3$rdmux[0][3][1]$a$69 [1] $memory$auto$proc_rom.cc:155:do_switch$3$rdmux[0][3][1]$a$69 [8] $memory$auto$proc_rom.cc:155:do_switch$3$rdmux[0][3][1]$a$69 [20] $memory$auto$proc_rom.cc:155:do_switch$3$rdmux[0][3][1]$a$69 [20] $memory$auto$proc_rom.cc:155:do_switch$3$rdmux[0][3][1]$a$69 [12] $memory$auto$proc_rom.cc:155:do_switch$3$rdmux[0][3][1]$a$69 [0] $memory$auto$proc_rom.cc:155:do_switch$3$rdmux[0][3][1]$a$69 [16] 1'0 $memory$auto$proc_rom.cc:155:do_switch$3$rdmux[0][3][1]$a$69 [7] $memory$auto$proc_rom.cc:155:do_switch$3$rdmux[0][3][1]$a$69 [0] $memory$auto$proc_rom.cc:155:do_switch$3$rdmux[0][3][1]$a$69 [12] $memory$auto$proc_rom.cc:155:do_switch$3$rdmux[0][3][1]$a$69 [2] $memory$auto$proc_rom.cc:155:do_switch$3$rdmux[0][3][1]$a$69 [6] $memory$auto$proc_rom.cc:155:do_switch$3$rdmux[0][3][1]$a$69 [1] $memory$auto$proc_rom.cc:155:do_switch$3$rdmux[0][3][1]$a$69 [8:4] $memory$auto$proc_rom.cc:155:do_switch$3$rdmux[0][3][1]$a$69 [2] $memory$auto$proc_rom.cc:155:do_switch$3$rdmux[0][3][1]$a$69 [2:0] }, B={ $memory$auto$proc_rom.cc:155:do_switch$3$rdmux[0][3][1]$b$70 [31] 1'1 $memory$auto$proc_rom.cc:155:do_switch$3$rdmux[0][3][1]$b$70 [13] $memory$auto$proc_rom.cc:155:do_switch$3$rdmux[0][3][1]$b$70 [5] 1'0 $memory$auto$proc_rom.cc:155:do_switch$3$rdmux[0][3][1]$b$70 [26] 1'1 $memory$auto$proc_rom.cc:155:do_switch$3$rdmux[0][3][1]$b$70 [13] $memory$auto$proc_rom.cc:155:do_switch$3$rdmux[0][3][1]$b$70 [5] $memory$auto$proc_rom.cc:155:do_switch$3$rdmux[0][3][1]$b$70 [16] $memory$auto$proc_rom.cc:155:do_switch$3$rdmux[0][3][1]$b$70 [0] 1'1 $memory$auto$proc_rom.cc:155:do_switch$3$rdmux[0][3][1]$b$70 [5] $memory$auto$proc_rom.cc:155:do_switch$3$rdmux[0][3][1]$b$70 [16] $memory$auto$proc_rom.cc:155:do_switch$3$rdmux[0][3][1]$b$70 [13] $memory$auto$proc_rom.cc:155:do_switch$3$rdmux[0][3][1]$b$70 [3] $memory$auto$proc_rom.cc:155:do_switch$3$rdmux[0][3][1]$b$70 [13] $memory$auto$proc_rom.cc:155:do_switch$3$rdmux[0][3][1]$b$70 [11] $memory$auto$proc_rom.cc:155:do_switch$3$rdmux[0][3][1]$b$70 [11] 1'1 $memory$auto$proc_rom.cc:155:do_switch$3$rdmux[0][3][1]$b$70 [3] $memory$auto$proc_rom.cc:155:do_switch$3$rdmux[0][3][1]$b$70 [8] $memory$auto$proc_rom.cc:155:do_switch$3$rdmux[0][3][1]$b$70 [2] $memory$auto$proc_rom.cc:155:do_switch$3$rdmux[0][3][1]$b$70 [5] $memory$auto$proc_rom.cc:155:do_switch$3$rdmux[0][3][1]$b$70 [5] $memory$auto$proc_rom.cc:155:do_switch$3$rdmux[0][3][1]$b$70 [1] $memory$auto$proc_rom.cc:155:do_switch$3$rdmux[0][3][1]$b$70 [3:0] }, Y={ $memory$auto$proc_rom.cc:155:do_switch$3$rdmux[0][2][0]$b$55 [31:25] $memory$auto$proc_rom.cc:155:do_switch$3$rdmux[0][2][0]$b$55 [23:19] $memory$auto$proc_rom.cc:155:do_switch$3$rdmux[0][2][0]$b$55 [17:0] }
      New connections: { $memory$auto$proc_rom.cc:155:do_switch$3$rdmux[0][2][0]$b$55 [24] $memory$auto$proc_rom.cc:155:do_switch$3$rdmux[0][2][0]$b$55 [18] } = { $memory$auto$proc_rom.cc:155:do_switch$3$rdmux[0][2][0]$b$55 [0] 1'1 }
    Consolidated identical input bits for $mux cell $memory$auto$proc_rom.cc:155:do_switch$3$rdmux[0][3][0]$65:
      Old ports: A=$memory$auto$proc_rom.cc:155:do_switch$3$rdmux[0][3][0]$a$66, B=$memory$auto$proc_rom.cc:155:do_switch$3$rdmux[0][3][0]$b$67, Y=$memory$auto$proc_rom.cc:155:do_switch$3$rdmux[0][2][0]$a$54
      New ports: A={ $memory$auto$proc_rom.cc:155:do_switch$3$rdmux[0][3][0]$a$66 [1] $memory$auto$proc_rom.cc:155:do_switch$3$rdmux[0][3][0]$a$66 [5] $memory$auto$proc_rom.cc:155:do_switch$3$rdmux[0][3][0]$a$66 [11] $memory$auto$proc_rom.cc:155:do_switch$3$rdmux[0][3][0]$a$66 [28] 2'10 $memory$auto$proc_rom.cc:155:do_switch$3$rdmux[0][3][0]$a$66 [25] $memory$auto$proc_rom.cc:155:do_switch$3$rdmux[0][3][0]$a$66 [4] $memory$auto$proc_rom.cc:155:do_switch$3$rdmux[0][3][0]$a$66 [4] 1'1 $memory$auto$proc_rom.cc:155:do_switch$3$rdmux[0][3][0]$a$66 [1] 1'0 $memory$auto$proc_rom.cc:155:do_switch$3$rdmux[0][3][0]$a$66 [18] 1'1 $memory$auto$proc_rom.cc:155:do_switch$3$rdmux[0][3][0]$a$66 [3] $memory$auto$proc_rom.cc:155:do_switch$3$rdmux[0][3][0]$a$66 [15] $memory$auto$proc_rom.cc:155:do_switch$3$rdmux[0][3][0]$a$66 [2] $memory$auto$proc_rom.cc:155:do_switch$3$rdmux[0][3][0]$a$66 [12] $memory$auto$proc_rom.cc:155:do_switch$3$rdmux[0][3][0]$a$66 [12:11] $memory$auto$proc_rom.cc:155:do_switch$3$rdmux[0][3][0]$a$66 [1] $memory$auto$proc_rom.cc:155:do_switch$3$rdmux[0][3][0]$a$66 [9] $memory$auto$proc_rom.cc:155:do_switch$3$rdmux[0][3][0]$a$66 [2] 1'1 $memory$auto$proc_rom.cc:155:do_switch$3$rdmux[0][3][0]$a$66 [2] $memory$auto$proc_rom.cc:155:do_switch$3$rdmux[0][3][0]$a$66 [5:1] 1'1 }, B={ $memory$auto$proc_rom.cc:155:do_switch$3$rdmux[0][3][0]$b$67 [31] $memory$auto$proc_rom.cc:155:do_switch$3$rdmux[0][3][0]$b$67 [1] 1'1 $memory$auto$proc_rom.cc:155:do_switch$3$rdmux[0][3][0]$b$67 [25] $memory$auto$proc_rom.cc:155:do_switch$3$rdmux[0][3][0]$b$67 [27] $memory$auto$proc_rom.cc:155:do_switch$3$rdmux[0][3][0]$b$67 [7] $memory$auto$proc_rom.cc:155:do_switch$3$rdmux[0][3][0]$b$67 [25] $memory$auto$proc_rom.cc:155:do_switch$3$rdmux[0][3][0]$b$67 [18] $memory$auto$proc_rom.cc:155:do_switch$3$rdmux[0][3][0]$b$67 [22] $memory$auto$proc_rom.cc:155:do_switch$3$rdmux[0][3][0]$b$67 [3] $memory$auto$proc_rom.cc:155:do_switch$3$rdmux[0][3][0]$b$67 [9] $memory$auto$proc_rom.cc:155:do_switch$3$rdmux[0][3][0]$b$67 [5] $memory$auto$proc_rom.cc:155:do_switch$3$rdmux[0][3][0]$b$67 [18:17] 1'0 $memory$auto$proc_rom.cc:155:do_switch$3$rdmux[0][3][0]$b$67 [10] $memory$auto$proc_rom.cc:155:do_switch$3$rdmux[0][3][0]$b$67 [1] $memory$auto$proc_rom.cc:155:do_switch$3$rdmux[0][3][0]$b$67 [11] $memory$auto$proc_rom.cc:155:do_switch$3$rdmux[0][3][0]$b$67 [1] $memory$auto$proc_rom.cc:155:do_switch$3$rdmux[0][3][0]$b$67 [11:9] $memory$auto$proc_rom.cc:155:do_switch$3$rdmux[0][3][0]$b$67 [3] $memory$auto$proc_rom.cc:155:do_switch$3$rdmux[0][3][0]$b$67 [7] $memory$auto$proc_rom.cc:155:do_switch$3$rdmux[0][3][0]$b$67 [5] $memory$auto$proc_rom.cc:155:do_switch$3$rdmux[0][3][0]$b$67 [5] $memory$auto$proc_rom.cc:155:do_switch$3$rdmux[0][3][0]$b$67 [3] $memory$auto$proc_rom.cc:155:do_switch$3$rdmux[0][3][0]$b$67 [3] 1'0 $memory$auto$proc_rom.cc:155:do_switch$3$rdmux[0][3][0]$b$67 [1:0] }, Y={ $memory$auto$proc_rom.cc:155:do_switch$3$rdmux[0][2][0]$a$54 [31:24] $memory$auto$proc_rom.cc:155:do_switch$3$rdmux[0][2][0]$a$54 [22:0] }
      New connections: $memory$auto$proc_rom.cc:155:do_switch$3$rdmux[0][2][0]$a$54 [23] = $memory$auto$proc_rom.cc:155:do_switch$3$rdmux[0][2][0]$a$54 [5]
  Optimizing cells in module \sweep_64x32_portable.
Performed a total of 56 changes.

8.5. Executing OPT_MERGE pass (detect identical cells).
Finding identical cells in module `\sweep_64x32_portable'.
Computing hashes of 64 cells of `\sweep_64x32_portable'.
Finding duplicate cells in `\sweep_64x32_portable'.
Computing hashes of 34 cells of `\sweep_64x32_portable'.
Finding duplicate cells in `\sweep_64x32_portable'.
<suppressed ~90 debug messages>
Removed a total of 30 cells.

8.6. Executing OPT_SHARE pass.

8.7. Executing OPT_DFF pass (perform DFF optimizations).

8.8. Executing OPT_CLEAN pass (remove unused cells and wires).
Finding unused cells or wires in module \sweep_64x32_portable..
Removed 0 unused cells and 94 unused wires.
<suppressed ~1 debug messages>

8.9. Executing OPT_EXPR pass (perform const folding).
Optimizing module sweep_64x32_portable.

8.10. Rerunning OPT passes. (Maybe there is more to do..)

8.11. Executing OPT_MUXTREE pass (detect dead branches in mux trees).
Running muxtree optimizer on module \sweep_64x32_portable..
  Creating internal representation of mux trees.
  Evaluating internal representation of mux trees.
  Analyzing evaluation results.
Removed 0 multiplexer ports.
<suppressed ~68 debug messages>

8.12. Executing OPT_REDUCE pass (consolidate $*mux and $reduce_* inputs).
  Optimizing cells in module \sweep_64x32_portable.
    Consolidated identical input bits for $mux cell $memory$auto$proc_rom.cc:155:do_switch$3$rdmux[0][4][15]$134:
      Old ports: A={ $memory$auto$proc_rom.cc:155:do_switch$3$rdmux[0][4][11]$a$123 [4] 1'1 $memory$auto$proc_rom.cc:155:do_switch$3$rdmux[0][4][11]$a$123 [4] $memory$auto$proc_rom.cc:155:do_switch$3$rdmux[0][4][11]$a$123 [4] 2'00 $memory$auto$proc_rom.cc:155:do_switch$3$rdmux[0][4][11]$a$123 [6] $memory$auto$proc_rom.cc:155:do_switch$3$rdmux[0][4][11]$a$123 [6] $memory$auto$proc_rom.cc:155:do_switch$3$rdmux[0][4][11]$a$123 [6] 2'11 $memory$auto$proc_rom.cc:155:do_switch$3$rdmux[0][4][11]$a$123 [6] $memory$auto$proc_rom.cc:155:do_switch$3$rdmux[0][4][11]$a$123 [4] }, B={ $memory$auto$proc_rom.cc:155:do_switch$3$rdmux[0][4][11]$a$123 [4] 2'00 $memory$auto$proc_rom.cc:155:do_switch$3$rdmux[0][4][11]$a$123 [6] 1'1 $memory$auto$proc_rom.cc:155:do_switch$3$rdmux[0][4][11]$a$123 [6] $memory$auto$proc_rom.cc:155:do_switch$3$rdmux[0][4][11]$a$123 [6] 2'01 $memory$auto$proc_rom.cc:155:do_switch$3$rdmux[0][4][11]$a$123 [6] $memory$auto$proc_rom.cc:155:do_switch$3$rdmux[0][4][11]$a$123 [4] $memory$auto$proc_rom.cc:155:do_switch$3$rdmux[0][4][11]$a$123 [4] 1'1 }, Y={ $memory$auto$proc_rom.cc:155:do_switch$3$rdmux[0][3][7]$b$88 [31] $memory$auto$proc_rom.cc:155:do_switch$3$rdmux[0][3][7]$b$88 [24:22] $memory$auto$proc_rom.cc:155:do_switch$3$rdmux[0][3][7]$b$88 [20] $memory$auto$proc_rom.cc:155:do_switch$3$rdmux[0][3][7]$b$88 [14:13] $memory$auto$proc_rom.cc:155:do_switch$3$rdmux[0][3][7]$b$88 [8:7] $memory$auto$proc_rom.cc:155:do_switch$3$rdmux[0][3][7]$b$88 [3:0] }
      New ports: A={ 1'1 $memory$auto$proc_rom.cc:155:do_switch$3$rdmux[0][4][11]$a$123 [4] $memory$auto$proc_rom.cc:155:do_switch$3$rdmux[0][4][11]$a$123 [4] 2'00 $memory$auto$proc_rom.cc:155:do_switch$3$rdmux[0][4][11]$a$123 [6] $memory$auto$proc_rom.cc:155:do_switch$3$rdmux[0][4][11]$a$123 [6] 2'11 $memory$auto$proc_rom.cc:155:do_switch$3$rdmux[0][4][11]$a$123 [6] $memory$auto$proc_rom.cc:155:do_switch$3$rdmux[0][4][11]$a$123 [4] }, B={ 2'00 $memory$auto$proc_rom.cc:155:do_switch$3$rdmux[0][4][11]$a$123 [6] 1'1 $memory$auto$proc_rom.cc:155:do_switch$3$rdmux[0][4][11]$a$123 [6] 2'01 $memory$auto$proc_rom.cc:155:do_switch$3$rdmux[0][4][11]$a$123 [6] $memory$auto$proc_rom.cc:155:do_switch$3$rdmux[0][4][11]$a$123 [4] $memory$auto$proc_rom.cc:155:do_switch$3$rdmux[0][4][11]$a$123 [4] 1'1 }, Y={ $memory$auto$proc_rom.cc:155:do_switch$3$rdmux[0][3][7]$b$88 [24:22] $memory$auto$proc_rom.cc:155:do_switch$3$rdmux[0][3][7]$b$88 [20] $memory$auto$proc_rom.cc:155:do_switch$3$rdmux[0][3][7]$b$88 [14] $memory$auto$proc_rom.cc:155:do_switch$3$rdmux[0][3][7]$b$88 [8:7] $memory$auto$proc_rom.cc:155:do_switch$3$rdmux[0][3][7]$b$88 [3:0] }
      New connections: { $memory$auto$proc_rom.cc:155:do_switch$3$rdmux[0][3][7]$b$88 [31] $memory$auto$proc_rom.cc:155:do_switch$3$rdmux[0][3][7]$b$88 [13] } = { $memory$auto$proc_rom.cc:155:do_switch$3$rdmux[0][4][11]$a$123 [4] $memory$auto$proc_rom.cc:155:do_switch$3$rdmux[0][4][11]$a$123 [6] }
    Consolidated identical input bits for $mux cell $memory$auto$proc_rom.cc:155:do_switch$3$rdmux[0][4][10]$119:
      Old ports: A={ $memory$auto$proc_rom.cc:155:do_switch$3$rdmux[0][4][0]$a$90 [2] $memory$auto$proc_rom.cc:155:do_switch$3$rdmux[0][4][0]$a$90 [2:1] 1'0 $memory$auto$proc_rom.cc:155:do_switch$3$rdmux[0][4][0]$a$90 [2] $memory$auto$proc_rom.cc:155:do_switch$3$rdmux[0][4][0]$a$90 [2:1] $memory$auto$proc_rom.cc:155:do_switch$3$rdmux[0][4][0]$a$90 [1] 2'11 $memory$auto$proc_rom.cc:155:do_switch$3$rdmux[0][4][0]$a$90 [1] 2'00 }, B={ $memory$auto$proc_rom.cc:155:do_switch$3$rdmux[0][4][0]$a$90 [2] 2'00 $memory$auto$proc_rom.cc:155:do_switch$3$rdmux[0][4][0]$a$90 [2:1] 1'1 $memory$auto$proc_rom.cc:155:do_switch$3$rdmux[0][4][0]$a$90 [1] 1'1 $memory$auto$proc_rom.cc:155:do_switch$3$rdmux[0][4][0]$a$90 [1] $memory$auto$proc_rom.cc:155:do_switch$3$rdmux[0][4][0]$a$90 [2] $memory$auto$proc_rom.cc:155:do_switch$3$rdmux[0][4][0]$a$90 [2:1] 1'1 }, Y={ $memory$auto$proc_rom.cc:155:do_switch$3$rdmux[0][3][5]$a$81 [23] $memory$auto$proc_rom.cc:155:do_switch$3$rdmux[0][3][5]$a$81 [19:16] $memory$auto$proc_rom.cc:155:do_switch$3$rdmux[0][3][5]$a$81 [13] $memory$auto$proc_rom.cc:155:do_switch$3$rdmux[0][3][5]$a$81 [10:8] $memory$auto$proc_rom.cc:155:do_switch$3$rdmux[0][3][5]$a$81 [6] $memory$auto$proc_rom.cc:155:do_switch$3$rdmux[0][3][5]$a$81 [4] $memory$auto$proc_rom.cc:155:do_switch$3$rdmux[0][3][5]$a$81 [2] $memory$auto$proc_rom.cc:155:do_switch$3$rdmux[0][3][5]$a$81 [0] }
      New ports: A={ $memory$auto$proc_rom.cc:155:do_switch$3$rdmux[0][4][0]$a$90 [2:1] 1'0 $memory$auto$proc_rom.cc:155:do_switch$3$rdmux[0][4][0]$a$90 [2] $memory$auto$proc_rom.cc:155:do_switch$3$rdmux[0][4][0]$a$90 [2:1] 2'11 $memory$auto$proc_rom.cc:155:do_switch$3$rdmux[0][4][0]$a$90 [1] 2'00 }, B={ 2'00 $memory$auto$proc_rom.cc:155:do_switch$3$rdmux[0][4][0]$a$90 [2:1] 2'11 $memory$auto$proc_rom.cc:155:do_switch$3$rdmux[0][4][0]$a$90 [1] $memory$auto$proc_rom.cc:155:do_switch$3$rdmux[0][4][0]$a$90 [2] $memory$auto$proc_rom.cc:155:do_switch$3$rdmux[0][4][0]$a$90 [2:1] 1'1 }, Y={ $memory$auto$proc_rom.cc:155:do_switch$3$rdmux[0][3][5]$a$81 [19:16] $memory$auto$proc_rom.cc:155:do_switch$3$rdmux[0][3][5]$a$81 [13] $memory$auto$proc_rom.cc:155:do_switch$3$rdmux[0][3][5]$a$81 [9:8] $memory$auto$proc_rom.cc:155:do_switch$3$rdmux[0][3][5]$a$81 [6] $memory$auto$proc_rom.cc:155:do_switch$3$rdmux[0][3][5]$a$81 [4] $memory$auto$proc_rom.cc:155:do_switch$3$rdmux[0][3][5]$a$81 [2] $memory$auto$proc_rom.cc:155:do_switch$3$rdmux[0][3][5]$a$81 [0] }
      New connections: { $memory$auto$proc_rom.cc:155:do_switch$3$rdmux[0][3][5]$a$81 [23] $memory$auto$proc_rom.cc:155:do_switch$3$rdmux[0][3][5]$a$81 [10] } = $memory$auto$proc_rom.cc:155:do_switch$3$rdmux[0][4][0]$a$90 [2:1]
    Consolidated identical input bits for $mux cell $memory$auto$proc_rom.cc:155:do_switch$3$rdmux[0][4][8]$113:
      Old ports: A={ 3'010 $memory$auto$proc_rom.cc:155:do_switch$3$rdmux[0][4][11]$a$123 [4] $memory$auto$proc_rom.cc:155:do_switch$3$rdmux[0][4][11]$a$123 [6] $memory$auto$proc_rom.cc:155:do_switch$3$rdmux[0][4][11]$a$123 [6] $memory$auto$proc_rom.cc:155:do_switch$3$rdmux[0][4][11]$a$123 [6] $memory$auto$proc_rom.cc:155:do_switch$3$rdmux[0][4][11]$a$123 [6] $memory$auto$proc_rom.cc:155:do_switch$3$rdmux[0][4][11]$a$123 [4] 1'1 $memory$auto$proc_rom.cc:155:do_switch$3$rdmux[0][4][11]$a$123 [4] 1'0 $memory$auto$proc_rom.cc:155:do_switch$3$rdmux[0][4][11]$a$123 [4] }, B={ $memory$auto$proc_rom.cc:155:do_switch$3$rdmux[0][4][11]$a$123 [6] $memory$auto$proc_rom.cc:155:do_switch$3$rdmux[0][4][11]$a$123 [4] 2'10 $memory$auto$proc_rom.cc:155:do_switch$3$rdmux[0][4][11]$a$123 [4] $memory$auto$proc_rom.cc:155:do_switch$3$rdmux[0][4][11]$a$123 [6] 2'10 $memory$auto$proc_rom.cc:155:do_switch$3$rdmux[0][4][11]$a$123 [6] 1'0 $memory$auto$proc_rom.cc:155:do_switch$3$rdmux[0][4][11]$a$123 [4] $memory$auto$proc_rom.cc:155:do_switch$3$rdmux[0][4][11]$a$123 [4] 1'1 }, Y={ $memory$auto$proc_rom.cc:155:do_switch$3$rdmux[0][3][4]$a$78 [29] $memory$auto$proc_rom.cc:155:do_switch$3$rdmux[0][3][4]$a$78 [23] $memory$auto$proc_rom.cc:155:do_switch$3$rdmux[0][3][4]$a$78 [20:19] $memory$auto$proc_rom.cc:155:do_switch$3$rdmux[0][3][4]$a$78 [17] $memory$auto$proc_rom.cc:155:do_switch$3$rdmux[0][3][4]$a$78 [14:13] $memory$auto$proc_rom.cc:155:do_switch$3$rdmux[0][3][4]$a$78 [11] $memory$auto$proc_rom.cc:155:do_switch$3$rdmux[0][3][4]$a$78 [6:5] $memory$auto$proc_rom.cc:155:do_switch$3$rdmux[0][3][4]$a$78 [2:0] }
      New ports: A={ 3'010 $memory$auto$proc_rom.cc:155:do_switch$3$rdmux[0][4][11]$a$123 [4] $memory$auto$proc_rom.cc:155:do_switch$3$rdmux[0][4][11]$a$123 [6] $memory$auto$proc_rom.cc:155:do_switch$3$rdmux[0][4][11]$a$123 [6] $memory$auto$proc_rom.cc:155:do_switch$3$rdmux[0][4][11]$a$123 [6] $memory$auto$proc_rom.cc:155:do_switch$3$rdmux[0][4][11]$a$123 [4] 2'10 $memory$auto$proc_rom.cc:155:do_switch$3$rdmux[0][4][11]$a$123 [4] }, B={ $memory$auto$proc_rom.cc:155:do_switch$3$rdmux[0][4][11]$a$123 [6] $memory$auto$proc_rom.cc:155:do_switch$3$rdmux[0][4][11]$a$123 [4] 2'10 $memory$auto$proc_rom.cc:155:do_switch$3$rdmux[0][4][11]$a$123 [4] 2'10 $memory$auto$proc_rom.cc:155:do_switch$3$rdmux[0][4][11]$a$123 [6] 1'0 $memory$auto$proc_rom.cc:155:do_switch$3$rdmux[0][4][11]$a$123 [4] 1'1 }, Y={ $memory$auto$proc_rom.cc:155:do_switch$3$rdmux[0][3][4]$a$78 [29] $memory$auto$proc_rom.cc:155:do_switch$3$rdmux[0][3][4]$a$78 [23] $memory$auto$proc_rom.cc:155:do_switch$3$rdmux[0][3][4]$a$78 [20:19] $memory$auto$proc_rom.cc:155:do_switch$3$rdmux[0][3][4]$a$78 [17] $memory$auto$proc_rom.cc:155:do_switch$3$rdmux[0][3][4]$a$78 [13] $memory$auto$proc_rom.cc:155:do_switch$3$rdmux[0][3][4]$a$78 [11] $memory$auto$proc_rom.cc:155:do_switch$3$rdmux[0][3][4]$a$78 [6:5] $memory$auto$proc_rom.cc:155:do_switch$3$rdmux[0][3][4]$a$78 [1:0] }
      New connections: { $memory$auto$proc_rom.cc:155:do_switch$3$rdmux[0][3][4]$a$78 [14] $memory$auto$proc_rom.cc:155:do_switch$3$rdmux[0][3][4]$a$78 [2] } = { $memory$auto$proc_rom.cc:155:do_switch$3$rdmux[0][4][11]$a$123 [6] $memory$auto$proc_rom.cc:155:do_switch$3$rdmux[0][4][11]$a$123 [4] }
    Consolidated identical input bits for $mux cell $memory$auto$proc_rom.cc:155:do_switch$3$rdmux[0][4][7]$110:
      Old ports: A={ $memory$auto$proc_rom.cc:155:do_switch$3$rdmux[0][4][11]$a$123 [6] $memory$auto$proc_rom.cc:155:do_switch$3$rdmux[0][4][11]$a$123 [6] $memory$auto$proc_rom.cc:155:do_switch$3$rdmux[0][4][11]$a$123 [4] 4'1001 $memory$auto$proc_rom.cc:155:do_switch$3$rdmux[0][4][11]$a$123 [4] $memory$auto$proc_rom.cc:155:do_switch$3$rdmux[0][4][11]$a$123 [4] 1'1 $memory$auto$proc_rom.cc:155:do_switch$3$rdmux[0][4][11]$a$123 [6] $memory$auto$proc_rom.cc:155:do_switch$3$rdmux[0][4][11]$a$123 [4] 1'0 }, B={ 1'0 $memory$auto$proc_rom.cc:155:do_switch$3$rdmux[0][4][11]$a$123 [6] $memory$auto$proc_rom.cc:155:do_switch$3$rdmux[0][4][11]$a$123 [6] $memory$auto$proc_rom.cc:155:do_switch$3$rdmux[0][4][11]$a$123 [4] $memory$auto$proc_rom.cc:155:do_switch$3$rdmux[0][4][11]$a$123 [4] $memory$auto$proc_rom.cc:155:do_switch$3$rdmux[0][4][11]$a$123 [6] $memory$auto$proc_rom.cc:155:do_switch$3$rdmux[0][4][11]$a$123 [6] 4'1001 $memory$auto$proc_rom.cc:155:do_switch$3$rdmux[0][4][11]$a$123 [4] 1'1 }, Y={ $memory$auto$proc_rom.cc:155:do_switch$3$rdmux[0][3][3]$b$76 [30] $memory$auto$proc_rom.cc:155:do_switch$3$rdmux[0][3][3]$b$76 [28] $memory$auto$proc_rom.cc:155:do_switch$3$rdmux[0][3][3]$b$76 [22:21] $memory$auto$proc_rom.cc:155:do_switch$3$rdmux[0][3][3]$b$76 [17:16] $memory$auto$proc_rom.cc:155:do_switch$3$rdmux[0][3][3]$b$76 [13] $memory$auto$proc_rom.cc:155:do_switch$3$rdmux[0][3][3]$b$76 [10] $memory$auto$proc_rom.cc:155:do_switch$3$rdmux[0][3][3]$b$76 [8] $memory$auto$proc_rom.cc:155:do_switch$3$rdmux[0][3][3]$b$76 [6] $memory$auto$proc_rom.cc:155:do_switch$3$rdmux[0][3][3]$b$76 [4] $memory$auto$proc_rom.cc:155:do_switch$3$rdmux[0][3][3]$b$76 [2:1] }
      New ports: A={ $memory$auto$proc_rom.cc:155:do_switch$3$rdmux[0][4][11]$a$123 [6] $memory$auto$proc_rom.cc:155:do_switch$3$rdmux[0][4][11]$a$123 [4] 4'1001 $memory$auto$proc_rom.cc:155:do_switch$3$rdmux[0][4][11]$a$123 [4] $memory$auto$proc_rom.cc:155:do_switch$3$rdmux[0][4][11]$a$123 [4] 1'1 $memory$auto$proc_rom.cc:155:do_switch$3$rdmux[0][4][11]$a$123 [6] 1'0 }, B={ 1'0 $memory$auto$proc_rom.cc:155:do_switch$3$rdmux[0][4][11]$a$123 [6] $memory$auto$proc_rom.cc:155:do_switch$3$rdmux[0][4][11]$a$123 [4] $memory$auto$proc_rom.cc:155:do_switch$3$rdmux[0][4][11]$a$123 [4] $memory$auto$proc_rom.cc:155:do_switch$3$rdmux[0][4][11]$a$123 [6] $memory$auto$proc_rom.cc:155:do_switch$3$rdmux[0][4][11]$a$123 [6] 5'10011 }, Y={ $memory$auto$proc_rom.cc:155:do_switch$3$rdmux[0][3][3]$b$76 [30] $memory$auto$proc_rom.cc:155:do_switch$3$rdmux[0][3][3]$b$76 [22:21] $memory$auto$proc_rom.cc:155:do_switch$3$rdmux[0][3][3]$b$76 [17:16] $memory$auto$proc_rom.cc:155:do_switch$3$rdmux[0][3][3]$b$76 [13] $memory$auto$proc_rom.cc:155:do_switch$3$rdmux[0][3][3]$b$76 [10] $memory$auto$proc_rom.cc:155:do_switch$3$rdmux[0][3][3]$b$76 [8] $memory$auto$proc_rom.cc:155:do_switch$3$rdmux[0][3][3]$b$76 [6] $memory$auto$proc_rom.cc:155:do_switch$3$rdmux[0][3][3]$b$76 [4] $memory$auto$proc_rom.cc:155:do_switch$3$rdmux[0][3][3]$b$76 [1] }
      New connections: { $memory$auto$proc_rom.cc:155:do_switch$3$rdmux[0][3][3]$b$76 [28] $memory$auto$proc_rom.cc:155:do_switch$3$rdmux[0][3][3]$b$76 [2] } = { $memory$auto$proc_rom.cc:155:do_switch$3$rdmux[0][4][11]$a$123 [6] $memory$auto$proc_rom.cc:155:do_switch$3$rdmux[0][4][11]$a$123 [4] }
    Consolidated identical input bits for $mux cell $memory$auto$proc_rom.cc:155:do_switch$3$rdmux[0][4][3]$98:
      Old ports: A={ 1'0 $memory$auto$proc_rom.cc:155:do_switch$3$rdmux[0][4][11]$a$123 [6] $memory$auto$proc_rom.cc:155:do_switch$3$rdmux[0][4][11]$a$123 [6] 1'1 $memory$auto$proc_rom.cc:155:do_switch$3$rdmux[0][4][11]$a$123 [4] $memory$auto$proc_rom.cc:155:do_switch$3$rdmux[0][4][11]$a$123 [6] 1'1 $memory$auto$proc_rom.cc:155:do_switch$3$rdmux[0][4][11]$a$123 [4] $memory$auto$proc_rom.cc:155:do_switch$3$rdmux[0][4][11]$a$123 [4] 2'10 }, B={ $memory$auto$proc_rom.cc:155:do_switch$3$rdmux[0][4][11]$a$123 [4] 1'1 $memory$auto$proc_rom.cc:155:do_switch$3$rdmux[0][4][11]$a$123 [6] 1'0 $memory$auto$proc_rom.cc:155:do_switch$3$rdmux[0][4][11]$a$123 [6] 1'0 $memory$auto$proc_rom.cc:155:do_switch$3$rdmux[0][4][11]$a$123 [6] 2'10 $memory$auto$proc_rom.cc:155:do_switch$3$rdmux[0][4][11]$a$123 [4] 1'1 }, Y={ $memory$auto$proc_rom.cc:155:do_switch$3$rdmux[0][3][1]$b$70 [31] $memory$auto$proc_rom.cc:155:do_switch$3$rdmux[0][3][1]$b$70 [26] $memory$auto$proc_rom.cc:155:do_switch$3$rdmux[0][3][1]$b$70 [16] $memory$auto$proc_rom.cc:155:do_switch$3$rdmux[0][3][1]$b$70 [13] $memory$auto$proc_rom.cc:155:do_switch$3$rdmux[0][3][1]$b$70 [11] $memory$auto$proc_rom.cc:155:do_switch$3$rdmux[0][3][1]$b$70 [8] $memory$auto$proc_rom.cc:155:do_switch$3$rdmux[0][3][1]$b$70 [5] $memory$auto$proc_rom.cc:155:do_switch$3$rdmux[0][3][1]$b$70 [3:0] }
      New ports: A={ 1'0 $memory$auto$proc_rom.cc:155:do_switch$3$rdmux[0][4][11]$a$123 [6] 1'1 $memory$auto$proc_rom.cc:155:do_switch$3$rdmux[0][4][11]$a$123 [4] $memory$auto$proc_rom.cc:155:do_switch$3$rdmux[0][4][11]$a$123 [6] 1'1 $memory$auto$proc_rom.cc:155:do_switch$3$rdmux[0][4][11]$a$123 [4] $memory$auto$proc_rom.cc:155:do_switch$3$rdmux[0][4][11]$a$123 [4] 2'10 }, B={ $memory$auto$proc_rom.cc:155:do_switch$3$rdmux[0][4][11]$a$123 [4] 2'10 $memory$auto$proc_rom.cc:155:do_switch$3$rdmux[0][4][11]$a$123 [6] 1'0 $memory$auto$proc_rom.cc:155:do_switch$3$rdmux[0][4][11]$a$123 [6] 2'10 $memory$auto$proc_rom.cc:155:do_switch$3$rdmux[0][4][11]$a$123 [4] 1'1 }, Y={ $memory$auto$proc_rom.cc:155:do_switch$3$rdmux[0][3][1]$b$70 [31] $memory$auto$proc_rom.cc:155:do_switch$3$rdmux[0][3][1]$b$70 [26] $memory$auto$proc_rom.cc:155:do_switch$3$rdmux[0][3][1]$b$70 [13] $memory$auto$proc_rom.cc:155:do_switch$3$rdmux[0][3][1]$b$70 [11] $memory$auto$proc_rom.cc:155:do_switch$3$rdmux[0][3][1]$b$70 [8] $memory$auto$proc_rom.cc:155:do_switch$3$rdmux[0][3][1]$b$70 [5] $memory$auto$proc_rom.cc:155:do_switch$3$rdmux[0][3][1]$b$70 [3:0] }
      New connections: $memory$auto$proc_rom.cc:155:do_switch$3$rdmux[0][3][1]$b$70 [16] = $memory$auto$proc_rom.cc:155:do_switch$3$rdmux[0][4][11]$a$123 [6]
    Consolidated identical input bits for $mux cell $memory$auto$proc_rom.cc:155:do_switch$3$rdmux[0][4][2]$95:
      Old ports: A={ 2'10 $memory$auto$proc_rom.cc:155:do_switch$3$rdmux[0][4][11]$a$123 [6] $memory$auto$proc_rom.cc:155:do_switch$3$rdmux[0][4][11]$a$123 [4] 1'1 $memory$auto$proc_rom.cc:155:do_switch$3$rdmux[0][4][11]$a$123 [6] $memory$auto$proc_rom.cc:155:do_switch$3$rdmux[0][4][11]$a$123 [6] $memory$auto$proc_rom.cc:155:do_switch$3$rdmux[0][4][11]$a$123 [4] 1'0 $memory$auto$proc_rom.cc:155:do_switch$3$rdmux[0][4][11]$a$123 [4] $memory$auto$proc_rom.cc:155:do_switch$3$rdmux[0][4][11]$a$123 [6] $memory$auto$proc_rom.cc:155:do_switch$3$rdmux[0][4][11]$a$123 [4] 1'1 }, B={ $memory$auto$proc_rom.cc:155:do_switch$3$rdmux[0][4][11]$a$123 [6] 1'1 $memory$auto$proc_rom.cc:155:do_switch$3$rdmux[0][4][11]$a$123 [6] 3'001 $memory$auto$proc_rom.cc:155:do_switch$3$rdmux[0][4][11]$a$123 [4] $memory$auto$proc_rom.cc:155:do_switch$3$rdmux[0][4][11]$a$123 [6] $memory$auto$proc_rom.cc:155:do_switch$3$rdmux[0][4][11]$a$123 [6] $memory$auto$proc_rom.cc:155:do_switch$3$rdmux[0][4][11]$a$123 [4] 2'01 $memory$auto$proc_rom.cc:155:do_switch$3$rdmux[0][4][11]$a$123 [4] }, Y={ $memory$auto$proc_rom.cc:155:do_switch$3$rdmux[0][3][1]$a$69 [27:26] $memory$auto$proc_rom.cc:155:do_switch$3$rdmux[0][3][1]$a$69 [20] $memory$auto$proc_rom.cc:155:do_switch$3$rdmux[0][3][1]$a$69 [16] $memory$auto$proc_rom.cc:155:do_switch$3$rdmux[0][3][1]$a$69 [12] $memory$auto$proc_rom.cc:155:do_switch$3$rdmux[0][3][1]$a$69 [8:4] $memory$auto$proc_rom.cc:155:do_switch$3$rdmux[0][3][1]$a$69 [2:0] }
      New ports: A={ 2'10 $memory$auto$proc_rom.cc:155:do_switch$3$rdmux[0][4][11]$a$123 [4] 1'1 $memory$auto$proc_rom.cc:155:do_switch$3$rdmux[0][4][11]$a$123 [6] $memory$auto$proc_rom.cc:155:do_switch$3$rdmux[0][4][11]$a$123 [6] $memory$auto$proc_rom.cc:155:do_switch$3$rdmux[0][4][11]$a$123 [4] 1'0 $memory$auto$proc_rom.cc:155:do_switch$3$rdmux[0][4][11]$a$123 [6] $memory$auto$proc_rom.cc:155:do_switch$3$rdmux[0][4][11]$a$123 [4] 1'1 }, B={ $memory$auto$proc_rom.cc:155:do_switch$3$rdmux[0][4][11]$a$123 [6] 4'1001 $memory$auto$proc_rom.cc:155:do_switch$3$rdmux[0][4][11]$a$123 [4] $memory$auto$proc_rom.cc:155:do_switch$3$rdmux[0][4][11]$a$123 [6] $memory$auto$proc_rom.cc:155:do_switch$3$rdmux[0][4][11]$a$123 [6] 2'01 $memory$auto$proc_rom.cc:155:do_switch$3$rdmux[0][4][11]$a$123 [4] }, Y={ $memory$auto$proc_rom.cc:155:do_switch$3$rdmux[0][3][1]$a$69 [27:26] $memory$auto$proc_rom.cc:155:do_switch$3$rdmux[0][3][1]$a$69 [16] $memory$auto$proc_rom.cc:155:do_switch$3$rdmux[0][3][1]$a$69 [12] $memory$auto$proc_rom.cc:155:do_switch$3$rdmux[0][3][1]$a$69 [8:5] $memory$auto$proc_rom.cc:155:do_switch$3$rdmux[0][3][1]$a$69 [2:0] }
      New connections: { $memory$auto$proc_rom.cc:155:do_switch$3$rdmux[0][3][1]$a$69 [20] $memory$auto$proc_rom.cc:155:do_switch$3$rdmux[0][3][1]$a$69 [4] } = { $memory$auto$proc_rom.cc:155:do_switch$3$rdmux[0][4][11]$a$123 [6] $memory$auto$proc_rom.cc:155:do_switch$3$rdmux[0][4][11]$a$123 [4] }
    Consolidated identical input bits for $mux cell $memory$auto$proc_rom.cc:155:do_switch$3$rdmux[0][4][1]$92:
      Old ports: A={ 1'1 $memory$auto$proc_rom.cc:155:do_switch$3$rdmux[0][4][0]$a$90 [1] 2'10 $memory$auto$proc_rom.cc:155:do_switch$3$rdmux[0][4][0]$a$90 [1] $memory$auto$proc_rom.cc:155:do_switch$3$rdmux[0][4][0]$a$90 [2] 1'0 $memory$auto$proc_rom.cc:155:do_switch$3$rdmux[0][4][0]$a$90 [2] 1'1 $memory$auto$proc_rom.cc:155:do_switch$3$rdmux[0][4][0]$a$90 [1] $memory$auto$proc_rom.cc:155:do_switch$3$rdmux[0][4][0]$a$90 [2] $memory$auto$proc_rom.cc:155:do_switch$3$rdmux[0][4][0]$a$90 [2] 1'0 $memory$auto$proc_rom.cc:155:do_switch$3$rdmux[0][4][0]$a$90 [1] }, B={ $memory$auto$proc_rom.cc:155:do_switch$3$rdmux[0][4][0]$a$90 [2] $memory$auto$proc_rom.cc:155:do_switch$3$rdmux[0][4][0]$a$90 [2] 1'0 $memory$auto$proc_rom.cc:155:do_switch$3$rdmux[0][4][0]$a$90 [2] 1'1 $memory$auto$proc_rom.cc:155:do_switch$3$rdmux[0][4][0]$a$90 [2] 2'11 $memory$auto$proc_rom.cc:155:do_switch$3$rdmux[0][4][0]$a$90 [1] 1'0 $memory$auto$proc_rom.cc:155:do_switch$3$rdmux[0][4][0]$a$90 [1] 1'0 $memory$auto$proc_rom.cc:155:do_switch$3$rdmux[0][4][0]$a$90 [1] $memory$auto$proc_rom.cc:155:do_switch$3$rdmux[0][4][0]$a$90 [1] }, Y={ $memory$auto$proc_rom.cc:155:do_switch$3$rdmux[0][3][0]$b$67 [31] $memory$auto$proc_rom.cc:155:do_switch$3$rdmux[0][3][0]$b$67 [27] $memory$auto$proc_rom.cc:155:do_switch$3$rdmux[0][3][0]$b$67 [25] $memory$auto$proc_rom.cc:155:do_switch$3$rdmux[0][3][0]$b$67 [22] $memory$auto$proc_rom.cc:155:do_switch$3$rdmux[0][3][0]$b$67 [18:17] $memory$auto$proc_rom.cc:155:do_switch$3$rdmux[0][3][0]$b$67 [11:9] $memory$auto$proc_rom.cc:155:do_switch$3$rdmux[0][3][0]$b$67 [7] $memory$auto$proc_rom.cc:155:do_switch$3$rdmux[0][3][0]$b$67 [5] $memory$auto$proc_rom.cc:155:do_switch$3$rdmux[0][3][0]$b$67 [3] $memory$auto$proc_rom.cc:155:do_switch$3$rdmux[0][3][0]$b$67 [1:0] }
      New ports: A={ 1'1 $memory$auto$proc_rom.cc:155:do_switch$3$rdmux[0][4][0]$a$90 [1] 2'10 $memory$auto$proc_rom.cc:155:do_switch$3$rdmux[0][4][0]$a$90 [1] 1'0 $memory$auto$proc_rom.cc:155:do_switch$3$rdmux[0][4][0]$a$90 [2] 1'1 $memory$auto$proc_rom.cc:155:do_switch$3$rdmux[0][4][0]$a$90 [1] $memory$auto$proc_rom.cc:155:do_switch$3$rdmux[0][4][0]$a$90 [2] $memory$auto$proc_rom.cc:155:do_switch$3$rdmux[0][4][0]$a$90 [2] 1'0 }, B={ $memory$auto$proc_rom.cc:155:do_switch$3$rdmux[0][4][0]$a$90 [2] $memory$auto$proc_rom.cc:155:do_switch$3$rdmux[0][4][0]$a$90 [2] 1'0 $memory$auto$proc_rom.cc:155:do_switch$3$rdmux[0][4][0]$a$90 [2] 3'111 $memory$auto$proc_rom.cc:155:do_switch$3$rdmux[0][4][0]$a$90 [1] 1'0 $memory$auto$proc_rom.cc:155:do_switch$3$rdmux[0][4][0]$a$90 [1] 1'0 $memory$auto$proc_rom.cc:155:do_switch$3$rdmux[0][4][0]$a$90 [1] }, Y={ $memory$auto$proc_rom.cc:155:do_switch$3$rdmux[0][3][0]$b$67 [31] $memory$auto$proc_rom.cc:155:do_switch$3$rdmux[0][3][0]$b$67 [27] $memory$auto$proc_rom.cc:155:do_switch$3$rdmux[0][3][0]$b$67 [25] $memory$auto$proc_rom.cc:155:do_switch$3$rdmux[0][3][0]$b$67 [22] $memory$auto$proc_rom.cc:155:do_switch$3$rdmux[0][3][0]$b$67 [18] $memory$auto$proc_rom.cc:155:do_switch$3$rdmux[0][3][0]$b$67 [11:9] $memory$auto$proc_rom.cc:155:do_switch$3$rdmux[0][3][0]$b$67 [7] $memory$auto$proc_rom.cc:155:do_switch$3$rdmux[0][3][0]$b$67 [5] $memory$auto$proc_rom.cc:155:do_switch$3$rdmux[0][3][0]$b$67 [3] $memory$auto$proc_rom.cc:155:do_switch$3$rdmux[0][3][0]$b$67 [1] }
      New connections: { $memory$auto$proc_rom.cc:155:do_switch$3$rdmux[0][3][0]$b$67 [17] $memory$auto$proc_rom.cc:155:do_switch$3$rdmux[0][3][0]$b$67 [0] } = $memory$auto$proc_rom.cc:155:do_switch$3$rdmux[0][4][0]$a$90 [2:1]
    Consolidated identical input bits for $mux cell $memory$auto$proc_rom.cc:155:do_switch$3$rdmux[0][4][0]$89:
      Old ports: A={ $memory$auto$proc_rom.cc:155:do_switch$3$rdmux[0][4][0]$a$90 [2:1] 3'010 $memory$auto$proc_rom.cc:155:do_switch$3$rdmux[0][4][0]$a$90 [1] $memory$auto$proc_rom.cc:155:do_switch$3$rdmux[0][4][0]$a$90 [2] 2'10 $memory$auto$proc_rom.cc:155:do_switch$3$rdmux[0][4][0]$a$90 [1] $memory$auto$proc_rom.cc:155:do_switch$3$rdmux[0][4][0]$a$90 [2:1] }, B={ 1'1 $memory$auto$proc_rom.cc:155:do_switch$3$rdmux[0][4][0]$a$90 [1] 1'1 $memory$auto$proc_rom.cc:155:do_switch$3$rdmux[0][4][0]$a$90 [2] $memory$auto$proc_rom.cc:155:do_switch$3$rdmux[0][4][0]$a$90 [2] 3'100 $memory$auto$proc_rom.cc:155:do_switch$3$rdmux[0][4][0]$a$90 [1] $memory$auto$proc_rom.cc:155:do_switch$3$rdmux[0][4][0]$a$90 [2:1] 1'0 }, Y={ $memory$auto$proc_rom.cc:155:do_switch$3$rdmux[0][3][0]$a$66 [28] $memory$auto$proc_rom.cc:155:do_switch$3$rdmux[0][3][0]$a$66 [25] $memory$auto$proc_rom.cc:155:do_switch$3$rdmux[0][3][0]$a$66 [18] $memory$auto$proc_rom.cc:155:do_switch$3$rdmux[0][3][0]$a$66 [15] $memory$auto$proc_rom.cc:155:do_switch$3$rdmux[0][3][0]$a$66 [12:11] $memory$auto$proc_rom.cc:155:do_switch$3$rdmux[0][3][0]$a$66 [9] $memory$auto$proc_rom.cc:155:do_switch$3$rdmux[0][3][0]$a$66 [5:1] }
      New ports: A={ $memory$auto$proc_rom.cc:155:do_switch$3$rdmux[0][4][0]$a$90 [2] 3'010 $memory$auto$proc_rom.cc:155:do_switch$3$rdmux[0][4][0]$a$90 [1] $memory$auto$proc_rom.cc:155:do_switch$3$rdmux[0][4][0]$a$90 [2] 2'10 $memory$auto$proc_rom.cc:155:do_switch$3$rdmux[0][4][0]$a$90 [1] $memory$auto$proc_rom.cc:155:do_switch$3$rdmux[0][4][0]$a$90 [2:1] }, B={ 2'11 $memory$auto$proc_rom.cc:155:do_switch$3$rdmux[0][4][0]$a$90 [2] $memory$auto$proc_rom.cc:155:do_switch$3$rdmux[0][4][0]$a$90 [2] 3'100 $memory$auto$proc_rom.cc:155:do_switch$3$rdmux[0][4][0]$a$90 [1] $memory$auto$proc_rom.cc:155:do_switch$3$rdmux[0][4][0]$a$90 [2:1] 1'0 }, Y={ $memory$auto$proc_rom.cc:155:do_switch$3$rdmux[0][3][0]$a$66 [28] $memory$auto$proc_rom.cc:155:do_switch$3$rdmux[0][3][0]$a$66 [18] $memory$auto$proc_rom.cc:155:do_switch$3$rdmux[0][3][0]$a$66 [15] $memory$auto$proc_rom.cc:155:do_switch$3$rdmux[0][3][0]$a$66 [12:11] $memory$auto$proc_rom.cc:155:do_switch$3$rdmux[0][3][0]$a$66 [9] $memory$auto$proc_rom.cc:155:do_switch$3$rdmux[0][3][0]$a$66 [5:1] }
      New connections: $memory$auto$proc_rom.cc:155:do_switch$3$rdmux[0][3][0]$a$66 [25] = $memory$auto$proc_rom.cc:155:do_switch$3$rdmux[0][4][0]$a$90 [1]
  Optimizing cells in module \sweep_64x32_portable.
    Consolidated identical input bits for $mux cell $memory$auto$proc_rom.cc:155:do_switch$3$rdmux[0][3][1]$68:
      Old ports: A={ $memory$auto$proc_rom.cc:155:do_switch$3$rdmux[0][3][1]$a$69 [26] $memory$auto$proc_rom.cc:155:do_switch$3$rdmux[0][3][1]$a$69 [1] $memory$auto$proc_rom.cc:155:do_switch$3$rdmux[0][3][1]$a$69 [2] $memory$auto$proc_rom.cc:155:do_switch$3$rdmux[0][3][1]$a$69 [16] $memory$auto$proc_rom.cc:155:do_switch$3$rdmux[0][3][1]$a$69 [27:26] $memory$auto$proc_rom.cc:155:do_switch$3$rdmux[0][3][1]$a$69 [16] $memory$auto$proc_rom.cc:155:do_switch$3$rdmux[0][3][1]$a$69 [1] $memory$auto$proc_rom.cc:155:do_switch$3$rdmux[0][3][1]$a$69 [8] $memory$auto$proc_rom.cc:155:do_switch$3$rdmux[0][3][1]$a$69 [20] $memory$auto$proc_rom.cc:155:do_switch$3$rdmux[0][3][1]$a$69 [20] $memory$auto$proc_rom.cc:155:do_switch$3$rdmux[0][3][1]$a$69 [12] $memory$auto$proc_rom.cc:155:do_switch$3$rdmux[0][3][1]$a$69 [0] $memory$auto$proc_rom.cc:155:do_switch$3$rdmux[0][3][1]$a$69 [16] 1'0 $memory$auto$proc_rom.cc:155:do_switch$3$rdmux[0][3][1]$a$69 [7] $memory$auto$proc_rom.cc:155:do_switch$3$rdmux[0][3][1]$a$69 [0] $memory$auto$proc_rom.cc:155:do_switch$3$rdmux[0][3][1]$a$69 [12] $memory$auto$proc_rom.cc:155:do_switch$3$rdmux[0][3][1]$a$69 [2] $memory$auto$proc_rom.cc:155:do_switch$3$rdmux[0][3][1]$a$69 [6] $memory$auto$proc_rom.cc:155:do_switch$3$rdmux[0][3][1]$a$69 [1] $memory$auto$proc_rom.cc:155:do_switch$3$rdmux[0][3][1]$a$69 [8:4] $memory$auto$proc_rom.cc:155:do_switch$3$rdmux[0][3][1]$a$69 [2] $memory$auto$proc_rom.cc:155:do_switch$3$rdmux[0][3][1]$a$69 [2:0] }, B={ $memory$auto$proc_rom.cc:155:do_switch$3$rdmux[0][3][1]$b$70 [31] 1'1 $memory$auto$proc_rom.cc:155:do_switch$3$rdmux[0][3][1]$b$70 [13] $memory$auto$proc_rom.cc:155:do_switch$3$rdmux[0][3][1]$b$70 [5] 1'0 $memory$auto$proc_rom.cc:155:do_switch$3$rdmux[0][3][1]$b$70 [26] 1'1 $memory$auto$proc_rom.cc:155:do_switch$3$rdmux[0][3][1]$b$70 [13] $memory$auto$proc_rom.cc:155:do_switch$3$rdmux[0][3][1]$b$70 [5] $memory$auto$proc_rom.cc:155:do_switch$3$rdmux[0][3][1]$b$70 [16] $memory$auto$proc_rom.cc:155:do_switch$3$rdmux[0][3][1]$b$70 [0] 1'1 $memory$auto$proc_rom.cc:155:do_switch$3$rdmux[0][3][1]$b$70 [5] $memory$auto$proc_rom.cc:155:do_switch$3$rdmux[0][3][1]$b$70 [16] $memory$auto$proc_rom.cc:155:do_switch$3$rdmux[0][3][1]$b$70 [13] $memory$auto$proc_rom.cc:155:do_switch$3$rdmux[0][3][1]$b$70 [3] $memory$auto$proc_rom.cc:155:do_switch$3$rdmux[0][3][1]$b$70 [13] $memory$auto$proc_rom.cc:155:do_switch$3$rdmux[0][3][1]$b$70 [11] $memory$auto$proc_rom.cc:155:do_switch$3$rdmux[0][3][1]$b$70 [11] 1'1 $memory$auto$proc_rom.cc:155:do_switch$3$rdmux[0][3][1]$b$70 [3] $memory$auto$proc_rom.cc:155:do_switch$3$rdmux[0][3][1]$b$70 [8] $memory$auto$proc_rom.cc:155:do_switch$3$rdmux[0][3][1]$b$70 [2] $memory$auto$proc_rom.cc:155:do_switch$3$rdmux[0][3][1]$b$70 [5] $memory$auto$proc_rom.cc:155:do_switch$3$rdmux[0][3][1]$b$70 [5] $memory$auto$proc_rom.cc:155:do_switch$3$rdmux[0][3][1]$b$70 [1] $memory$auto$proc_rom.cc:155:do_switch$3$rdmux[0][3][1]$b$70 [3:0] }, Y={ $memory$auto$proc_rom.cc:155:do_switch$3$rdmux[0][2][0]$b$55 [31:25] $memory$auto$proc_rom.cc:155:do_switch$3$rdmux[0][2][0]$b$55 [23:19] $memory$auto$proc_rom.cc:155:do_switch$3$rdmux[0][2][0]$b$55 [17:0] }
      New ports: A={ $memory$auto$proc_rom.cc:155:do_switch$3$rdmux[0][3][1]$a$69 [26] $memory$auto$proc_rom.cc:155:do_switch$3$rdmux[0][3][1]$a$69 [1] $memory$auto$proc_rom.cc:155:do_switch$3$rdmux[0][3][1]$a$69 [2] $memory$auto$proc_rom.cc:155:do_switch$3$rdmux[0][3][1]$a$69 [16] $memory$auto$proc_rom.cc:155:do_switch$3$rdmux[0][3][1]$a$69 [27:26] $memory$auto$proc_rom.cc:155:do_switch$3$rdmux[0][3][1]$a$69 [16] $memory$auto$proc_rom.cc:155:do_switch$3$rdmux[0][3][1]$a$69 [1] $memory$auto$proc_rom.cc:155:do_switch$3$rdmux[0][3][1]$a$69 [8] $memory$auto$proc_rom.cc:155:do_switch$3$rdmux[0][4][11]$a$123 [6] $memory$auto$proc_rom.cc:155:do_switch$3$rdmux[0][3][1]$a$69 [12] $memory$auto$proc_rom.cc:155:do_switch$3$rdmux[0][3][1]$a$69 [0] $memory$auto$proc_rom.cc:155:do_switch$3$rdmux[0][3][1]$a$69 [16] 1'0 $memory$auto$proc_rom.cc:155:do_switch$3$rdmux[0][3][1]$a$69 [7] $memory$auto$proc_rom.cc:155:do_switch$3$rdmux[0][3][1]$a$69 [0] $memory$auto$proc_rom.cc:155:do_switch$3$rdmux[0][3][1]$a$69 [12] $memory$auto$proc_rom.cc:155:do_switch$3$rdmux[0][3][1]$a$69 [2] $memory$auto$proc_rom.cc:155:do_switch$3$rdmux[0][3][1]$a$69 [6] $memory$auto$proc_rom.cc:155:do_switch$3$rdmux[0][3][1]$a$69 [1] $memory$auto$proc_rom.cc:155:do_switch$3$rdmux[0][3][1]$a$69 [8:5] $memory$auto$proc_rom.cc:155:do_switch$3$rdmux[0][4][11]$a$123 [4] $memory$auto$proc_rom.cc:155:do_switch$3$rdmux[0][3][1]$a$69 [2] $memory$auto$proc_rom.cc:155:do_switch$3$rdmux[0][3][1]$a$69 [2:0] }, B={ $memory$auto$proc_rom.cc:155:do_switch$3$rdmux[0][3][1]$b$70 [31] 1'1 $memory$auto$proc_rom.cc:155:do_switch$3$rdmux[0][3][1]$b$70 [13] $memory$auto$proc_rom.cc:155:do_switch$3$rdmux[0][3][1]$b$70 [5] 1'0 $memory$auto$proc_rom.cc:155:do_switch$3$rdmux[0][3][1]$b$70 [26] 1'1 $memory$auto$proc_rom.cc:155:do_switch$3$rdmux[0][3][1]$b$70 [13] $memory$auto$proc_rom.cc:155:do_switch$3$rdmux[0][3][1]$b$70 [5] $memory$auto$proc_rom.cc:155:do_switch$3$rdmux[0][3][1]$b$70 [0] 1'1 $memory$auto$proc_rom.cc:155:do_switch$3$rdmux[0][3][1]$b$70 [5] $memory$auto$proc_rom.cc:155:do_switch$3$rdmux[0][4][11]$a$123 [6] $memory$auto$proc_rom.cc:155:do_switch$3$rdmux[0][3][1]$b$70 [13] $memory$auto$proc_rom.cc:155:do_switch$3$rdmux[0][3][1]$b$70 [3] $memory$auto$proc_rom.cc:155:do_switch$3$rdmux[0][3][1]$b$70 [13] $memory$auto$proc_rom.cc:155:do_switch$3$rdmux[0][3][1]$b$70 [11] $memory$auto$proc_rom.cc:155:do_switch$3$rdmux[0][3][1]$b$70 [11] 1'1 $memory$auto$proc_rom.cc:155:do_switch$3$rdmux[0][3][1]$b$70 [3] $memory$auto$proc_rom.cc:155:do_switch$3$rdmux[0][3][1]$b$70 [8] $memory$auto$proc_rom.cc:155:do_switch$3$rdmux[0][3][1]$b$70 [2] $memory$auto$proc_rom.cc:155:do_switch$3$rdmux[0][3][1]$b$70 [5] $memory$auto$proc_rom.cc:155:do_switch$3$rdmux[0][3][1]$b$70 [5] $memory$auto$proc_rom.cc:155:do_switch$3$rdmux[0][3][1]$b$70 [1] $memory$auto$proc_rom.cc:155:do_switch$3$rdmux[0][3][1]$b$70 [3:0] }, Y={ $memory$auto$proc_rom.cc:155:do_switch$3$rdmux[0][2][0]$b$55 [31:25] $memory$auto$proc_rom.cc:155:do_switch$3$rdmux[0][2][0]$b$55 [23:22] $memory$auto$proc_rom.cc:155:do_switch$3$rdmux[0][2][0]$b$55 [20:19] $memory$auto$proc_rom.cc:155:do_switch$3$rdmux[0][2][0]$b$55 [17:0] }
      New connections: $memory$auto$proc_rom.cc:155:do_switch$3$rdmux[0][2][0]$b$55 [21] = $memory$auto$proc_rom.cc:155:do_switch$3$rdmux[0][4][11]$a$123 [6]
  Optimizing cells in module \sweep_64x32_portable.
Performed a total of 9 changes.

8.13. Executing OPT_MERGE pass (detect identical cells).
Finding identical cells in module `\sweep_64x32_portable'.
Computing hashes of 34 cells of `\sweep_64x32_portable'.
Finding duplicate cells in `\sweep_64x32_portable'.
Removed a total of 0 cells.

8.14. Executing OPT_SHARE pass.

8.15. Executing OPT_DFF pass (perform DFF optimizations).

8.16. Executing OPT_CLEAN pass (remove unused cells and wires).
Finding unused cells or wires in module \sweep_64x32_portable..
Removed 0 unused cells and 2 unused wires.
<suppressed ~1 debug messages>

8.17. Executing OPT_EXPR pass (perform const folding).
Optimizing module sweep_64x32_portable.

8.18. Rerunning OPT passes. (Maybe there is more to do..)

8.19. Executing OPT_MUXTREE pass (detect dead branches in mux trees).
Running muxtree optimizer on module \sweep_64x32_portable..
  Creating internal representation of mux trees.
  Evaluating internal representation of mux trees.
  Analyzing evaluation results.
Removed 0 multiplexer ports.
<suppressed ~59 debug messages>

8.20. Executing OPT_REDUCE pass (consolidate $*mux and $reduce_* inputs).
  Optimizing cells in module \sweep_64x32_portable.
Performed a total of 0 changes.

8.21. Executing OPT_MERGE pass (detect identical cells).
Finding identical cells in module `\sweep_64x32_portable'.
Computing hashes of 34 cells of `\sweep_64x32_portable'.
Finding duplicate cells in `\sweep_64x32_portable'.
Removed a total of 0 cells.

8.22. Executing OPT_SHARE pass.

8.23. Executing OPT_DFF pass (perform DFF optimizations).

8.24. Executing OPT_CLEAN pass (remove unused cells and wires).
Finding unused cells or wires in module \sweep_64x32_portable..

8.25. Executing OPT_EXPR pass (perform const folding).
Optimizing module sweep_64x32_portable.

8.26. Finished fast OPT passes. (There is nothing left to do.)

9. Executing TECHMAP pass (map to technology primitives).

9.1. Executing Verilog-2005 frontend: /home/rithwik/klayout_cf/yosys/bin/../share/yosys/techmap.v
Parsing Verilog input from `/home/rithwik/klayout_cf/yosys/bin/../share/yosys/techmap.v' to AST representation.
Generating RTLIL representation for module `\_90_simplemap_bool_ops'.
Generating RTLIL representation for module `\_90_simplemap_reduce_ops'.
Generating RTLIL representation for module `\_90_simplemap_logic_ops'.
Generating RTLIL representation for module `\_90_simplemap_compare_ops'.
Generating RTLIL representation for module `\_90_simplemap_various'.
Generating RTLIL representation for module `\_90_simplemap_registers'.
Generating RTLIL representation for module `\_90_shift_ops_shr_shl_sshl_sshr'.
Generating RTLIL representation for module `\_90_shift_shiftx'.
Generating RTLIL representation for module `\_90_fa'.
Generating RTLIL representation for module `\_90_lcu_brent_kung'.
Generating RTLIL representation for module `\_90_alu'.
Generating RTLIL representation for module `\_90_macc'.
Generating RTLIL representation for module `\_90_alumacc'.
Generating RTLIL representation for module `$__div_mod_u'.
Generating RTLIL representation for module `$__div_mod_trunc'.
Generating RTLIL representation for module `\_90_div'.
Generating RTLIL representation for module `\_90_mod'.
Generating RTLIL representation for module `$__div_mod_floor'.
Generating RTLIL representation for module `\_90_divfloor'.
Generating RTLIL representation for module `\_90_modfloor'.
Generating RTLIL representation for module `\_90_pow'.
Generating RTLIL representation for module `\_90_demux'.
Generating RTLIL representation for module `\_90_lut'.
Generating RTLIL representation for module `$connect'.
Generating RTLIL representation for module `$input_port'.
Successfully finished Verilog frontend.

9.2. Continuing TECHMAP pass.
Using extmapper simplemap for cells of type $dffe.
Using extmapper simplemap for cells of type $mux.
No more expansions possible.
<suppressed ~111 debug messages>

10. Executing OPT pass (performing simple optimizations).

10.1. Executing OPT_EXPR pass (perform const folding).
Optimizing module sweep_64x32_portable.
<suppressed ~113 debug messages>

10.2. Executing OPT_MERGE pass (detect identical cells).
Finding identical cells in module `\sweep_64x32_portable'.
Computing hashes of 655 cells of `\sweep_64x32_portable'.
Finding duplicate cells in `\sweep_64x32_portable'.
Computing hashes of 506 cells of `\sweep_64x32_portable'.
Finding duplicate cells in `\sweep_64x32_portable'.
Computing hashes of 459 cells of `\sweep_64x32_portable'.
Finding duplicate cells in `\sweep_64x32_portable'.
Computing hashes of 432 cells of `\sweep_64x32_portable'.
Finding duplicate cells in `\sweep_64x32_portable'.
<suppressed ~669 debug messages>
Removed a total of 223 cells.

10.3. Executing OPT_MUXTREE pass (detect dead branches in mux trees).
Running muxtree optimizer on module \sweep_64x32_portable..
  Creating internal representation of mux trees.
  No muxes found in this module.
Removed 0 multiplexer ports.

10.4. Executing OPT_REDUCE pass (consolidate $*mux and $reduce_* inputs).
  Optimizing cells in module \sweep_64x32_portable.
Performed a total of 0 changes.

10.5. Executing OPT_MERGE pass (detect identical cells).
Finding identical cells in module `\sweep_64x32_portable'.
Computing hashes of 432 cells of `\sweep_64x32_portable'.
Finding duplicate cells in `\sweep_64x32_portable'.
Removed a total of 0 cells.

10.6. Executing OPT_SHARE pass.

10.7. Executing OPT_DFF pass (perform DFF optimizations).

10.8. Executing OPT_CLEAN pass (remove unused cells and wires).
Finding unused cells or wires in module \sweep_64x32_portable..
Removed 0 unused cells and 13 unused wires.
<suppressed ~1 debug messages>

10.9. Executing OPT_EXPR pass (perform const folding).
Optimizing module sweep_64x32_portable.
<suppressed ~8 debug messages>

10.10. Rerunning OPT passes. (Maybe there is more to do..)

10.11. Executing OPT_MUXTREE pass (detect dead branches in mux trees).
Running muxtree optimizer on module \sweep_64x32_portable..
  Creating internal representation of mux trees.
  No muxes found in this module.
Removed 0 multiplexer ports.

10.12. Executing OPT_REDUCE pass (consolidate $*mux and $reduce_* inputs).
  Optimizing cells in module \sweep_64x32_portable.
Performed a total of 0 changes.

10.13. Executing OPT_MERGE pass (detect identical cells).
Finding identical cells in module `\sweep_64x32_portable'.
Computing hashes of 424 cells of `\sweep_64x32_portable'.
Finding duplicate cells in `\sweep_64x32_portable'.
Removed a total of 0 cells.

10.14. Executing OPT_SHARE pass.

10.15. Executing OPT_DFF pass (perform DFF optimizations).

10.16. Executing OPT_CLEAN pass (remove unused cells and wires).
Finding unused cells or wires in module \sweep_64x32_portable..
Removed 0 unused cells and 1 unused wires.
<suppressed ~1 debug messages>

10.17. Executing OPT_EXPR pass (perform const folding).
Optimizing module sweep_64x32_portable.

10.18. Rerunning OPT passes. (Maybe there is more to do..)

10.19. Executing OPT_MUXTREE pass (detect dead branches in mux trees).
Running muxtree optimizer on module \sweep_64x32_portable..
  Creating internal representation of mux trees.
  No muxes found in this module.
Removed 0 multiplexer ports.

10.20. Executing OPT_REDUCE pass (consolidate $*mux and $reduce_* inputs).
  Optimizing cells in module \sweep_64x32_portable.
Performed a total of 0 changes.

10.21. Executing OPT_MERGE pass (detect identical cells).
Finding identical cells in module `\sweep_64x32_portable'.
Computing hashes of 424 cells of `\sweep_64x32_portable'.
Finding duplicate cells in `\sweep_64x32_portable'.
Removed a total of 0 cells.

10.22. Executing OPT_SHARE pass.

10.23. Executing OPT_DFF pass (perform DFF optimizations).

10.24. Executing OPT_CLEAN pass (remove unused cells and wires).
Finding unused cells or wires in module \sweep_64x32_portable..

10.25. Executing OPT_EXPR pass (perform const folding).
Optimizing module sweep_64x32_portable.

10.26. Finished fast OPT passes. (There is nothing left to do.)

11. Executing SIMPLEMAP pass (map simple cells to gate primitives).

12. Executing DFFLIBMAP pass (mapping DFF cells to sequential cells from liberty file).
  cell sky130_fd_sc_hd__dfxtp_1 (noninv, pins=3, area=20.02) is a direct match for cell type $_DFF_P_.
  cell sky130_fd_sc_hd__dfrtn_1 (noninv, pins=4, area=25.02) is a direct match for cell type $_DFF_NN0_.
  cell sky130_fd_sc_hd__dfrtp_1 (noninv, pins=4, area=25.02) is a direct match for cell type $_DFF_PN0_.
  cell sky130_fd_sc_hd__dfstp_2 (noninv, pins=4, area=26.28) is a direct match for cell type $_DFF_PN1_.
  cell sky130_fd_sc_hd__edfxtp_1 (noninv, pins=4, area=30.03) is a direct match for cell type $_DFFE_PP_.
  cell sky130_fd_sc_hd__dfbbn_1 (noninv, pins=6, area=32.53) is a direct match for cell type $_DFFSR_NNN_.
  cell sky130_fd_sc_hd__dfbbp_1 (noninv, pins=6, area=32.53) is a direct match for cell type $_DFFSR_PNN_.
  final dff cell mappings:
    unmapped dff cell: $_DFF_N_
    \sky130_fd_sc_hd__dfxtp_1 _DFF_P_ (.CLK( C), .D( D), .Q( Q));
    \sky130_fd_sc_hd__dfrtn_1 _DFF_NN0_ (.CLK_N( C), .D( D), .Q( Q), .RESET_B( R));
    unmapped dff cell: $_DFF_NN1_
    unmapped dff cell: $_DFF_NP0_
    unmapped dff cell: $_DFF_NP1_
    \sky130_fd_sc_hd__dfrtp_1 _DFF_PN0_ (.CLK( C), .D( D), .Q( Q), .RESET_B( R));
    \sky130_fd_sc_hd__dfstp_2 _DFF_PN1_ (.CLK( C), .D( D), .Q( Q), .SET_B( R));
    unmapped dff cell: $_DFF_PP0_
    unmapped dff cell: $_DFF_PP1_
    unmapped dff cell: $_DFFE_NN_
    unmapped dff cell: $_DFFE_NP_
    unmapped dff cell: $_DFFE_PN_
    \sky130_fd_sc_hd__edfxtp_1 _DFFE_PP_ (.CLK( C), .D( D), .DE( E), .Q( Q));
    \sky130_fd_sc_hd__dfbbn_1 _DFFSR_NNN_ (.CLK_N( C), .D( D), .Q( Q), .Q_N(~Q), .RESET_B( R), .SET_B( S));
    unmapped dff cell: $_DFFSR_NNP_
    unmapped dff cell: $_DFFSR_NPN_
    unmapped dff cell: $_DFFSR_NPP_
    \sky130_fd_sc_hd__dfbbp_1 _DFFSR_PNN_ (.CLK( C), .D( D), .Q( Q), .Q_N(~Q), .RESET_B( R), .SET_B( S));
    unmapped dff cell: $_DFFSR_PNP_
    unmapped dff cell: $_DFFSR_PPN_
    unmapped dff cell: $_DFFSR_PPP_

12.1. Executing DFFLEGALIZE pass (convert FFs to types supported by the target).
<suppressed ~24 debug messages>
Mapping DFF cells in module `\sweep_64x32_portable':
  mapped 32 $_DFFE_PP_ cells to \sky130_fd_sc_hd__edfxtp_1 cells.

13. Executing ABC pass (technology mapping using ABC).

13.1. Extracting gate netlist of module `\sweep_64x32_portable' to `<abc-temp-dir>/input.blif'..
ABC: using cached merged SCL: /tmp/yosys-liberty-scl-cache/yosys_merged_4f302412.scl (1 files)

13.1.1. Executed ABC.
Extracted 392 gates and 400 wires to a netlist network with 6 inputs and 32 outputs.
Running ABC script: <abc-temp-dir>/abc.script
ABC: UC Berkeley, ABC 1.01 (compiled Aug 11 2026 16:35:14)
ABC: abc 01> empty
ABC: abc 01> source <abc-temp-dir>/abc.script
ABC: + read_blif <abc-temp-dir>/input.blif 
ABC: + read_scl /tmp/yosys-liberty-scl-cache/yosys_merged_4f302412.scl 
ABC: Warning: Detected 9 multi-output cells (for example, "sky130_fd_sc_hd__fa_1").
ABC: + strash 
ABC: + &get -n 
ABC: + &fraig -x 
ABC: + &put 
ABC: + scorr 
ABC: Warning: The network is combinational (run "fraig" or "fraig_sweep").
ABC: + dc2 
ABC: + dretime 
ABC: + strash 
ABC: + &get -n 
ABC: + &dch -f 
ABC: + &nf 
ABC: + &put 
ABC: + write_blif <abc-temp-dir>/output.blif 
ABC: 
ABC: YOSYS_ABC_DONE 

13.1.2. Re-integrating ABC results.
ABC RESULTS:   sky130_fd_sc_hd__a2111oi_0 cells:        1
ABC RESULTS:   sky130_fd_sc_hd__a211oi_1 cells:        8
ABC RESULTS:   sky130_fd_sc_hd__a21boi_0 cells:        1
ABC RESULTS:   sky130_fd_sc_hd__a21o_1 cells:        4
ABC RESULTS:   sky130_fd_sc_hd__a21oi_1 cells:       37
ABC RESULTS:   sky130_fd_sc_hd__a221oi_1 cells:        5
ABC RESULTS:   sky130_fd_sc_hd__a22oi_1 cells:        3
ABC RESULTS:   sky130_fd_sc_hd__a311oi_1 cells:        5
ABC RESULTS:   sky130_fd_sc_hd__a31o_1 cells:        1
ABC RESULTS:   sky130_fd_sc_hd__a31oi_1 cells:       24
ABC RESULTS:   sky130_fd_sc_hd__a32o_1 cells:        2
ABC RESULTS:   sky130_fd_sc_hd__a32oi_1 cells:        3
ABC RESULTS:   sky130_fd_sc_hd__a41o_1 cells:        1
ABC RESULTS:   sky130_fd_sc_hd__a41oi_1 cells:        1
ABC RESULTS:   sky130_fd_sc_hd__and2_0 cells:        1
ABC RESULTS:   sky130_fd_sc_hd__and3_1 cells:        1
ABC RESULTS:   sky130_fd_sc_hd__and3b_1 cells:        1
ABC RESULTS:   sky130_fd_sc_hd__clkinv_1 cells:        6
ABC RESULTS:   sky130_fd_sc_hd__lpflow_inputiso1p_1 cells:        3
ABC RESULTS:   sky130_fd_sc_hd__lpflow_isobufsrc_1 cells:        6
ABC RESULTS:   sky130_fd_sc_hd__nand2_1 cells:       52
ABC RESULTS:   sky130_fd_sc_hd__nand2b_1 cells:        8
ABC RESULTS:   sky130_fd_sc_hd__nand3_1 cells:       12
ABC RESULTS:   sky130_fd_sc_hd__nand3b_1 cells:        1
ABC RESULTS:   sky130_fd_sc_hd__nor2_1 cells:       38
ABC RESULTS:   sky130_fd_sc_hd__nor3_1 cells:       10
ABC RESULTS:   sky130_fd_sc_hd__nor3b_1 cells:        1
ABC RESULTS:   sky130_fd_sc_hd__nor4_1 cells:        3
ABC RESULTS:   sky130_fd_sc_hd__o211a_1 cells:        1
ABC RESULTS:   sky130_fd_sc_hd__o211ai_1 cells:        5
ABC RESULTS:   sky130_fd_sc_hd__o21a_1 cells:        1
ABC RESULTS:   sky130_fd_sc_hd__o21ai_0 cells:       41
ABC RESULTS:   sky130_fd_sc_hd__o21bai_1 cells:        1
ABC RESULTS:   sky130_fd_sc_hd__o221a_1 cells:        2
ABC RESULTS:   sky130_fd_sc_hd__o221ai_1 cells:        4
ABC RESULTS:   sky130_fd_sc_hd__o22a_1 cells:        1
ABC RESULTS:   sky130_fd_sc_hd__o22ai_1 cells:       17
ABC RESULTS:   sky130_fd_sc_hd__o311ai_0 cells:        5
ABC RESULTS:   sky130_fd_sc_hd__o31a_1 cells:        1
ABC RESULTS:   sky130_fd_sc_hd__o31ai_1 cells:       10
ABC RESULTS:   sky130_fd_sc_hd__o32a_1 cells:        1
ABC RESULTS:   sky130_fd_sc_hd__o32ai_1 cells:        5
ABC RESULTS:   sky130_fd_sc_hd__o41a_1 cells:        1
ABC RESULTS:   sky130_fd_sc_hd__o41ai_1 cells:        1
ABC RESULTS:   sky130_fd_sc_hd__or3_1 cells:        2
ABC RESULTS:   sky130_fd_sc_hd__or3b_1 cells:        1
ABC RESULTS:   sky130_fd_sc_hd__xnor2_1 cells:        2
ABC RESULTS:   sky130_fd_sc_hd__xor2_1 cells:        2
ABC RESULTS:        internal signals:      362
ABC RESULTS:           input signals:        6
ABC RESULTS:          output signals:       32
Removing temp directory.
Removing global temp directory.

14. Executing SETUNDEF pass (replace undef values with defined constants).

15. Executing OPT_CLEAN pass (remove unused cells and wires).
Finding unused cells or wires in module \sweep_64x32_portable..
Removed 0 unused cells and 54 unused wires.
<suppressed ~1 debug messages>

16. Executing CHECK pass (checking for obvious problems).
Checking module sweep_64x32_portable...
Found and reported 0 problems.

17. Printing statistics.

=== sweep_64x32_portable ===

        +----------Local Count, excluding submodules.
        |        +-Local Area, excluding submodules.
        |        | 
      316        - wires
      383        - wire bits
        4        - public wires
       40        - public wire bits
        4        - ports
       40        - port bits
      375 2.92E+03 cells
        1    8.758   sky130_fd_sc_hd__a2111oi_0
        8   60.058   sky130_fd_sc_hd__a211oi_1
        1    7.507   sky130_fd_sc_hd__a21boi_0
        4   30.029   sky130_fd_sc_hd__a21o_1
       37  185.178   sky130_fd_sc_hd__a21oi_1
        5   43.792   sky130_fd_sc_hd__a221oi_1
        3   22.522   sky130_fd_sc_hd__a22oi_1
        5   43.792   sky130_fd_sc_hd__a311oi_1
        1    8.758   sky130_fd_sc_hd__a31o_1
       24  150.144   sky130_fd_sc_hd__a31oi_1
        2   20.019   sky130_fd_sc_hd__a32o_1
        3   26.275   sky130_fd_sc_hd__a32oi_1
        1    10.01   sky130_fd_sc_hd__a41o_1
        1    8.758   sky130_fd_sc_hd__a41oi_1
        1    6.256   sky130_fd_sc_hd__and2_0
        1    6.256   sky130_fd_sc_hd__and3_1
        1    8.758   sky130_fd_sc_hd__and3b_1
        6   22.522   sky130_fd_sc_hd__clkinv_1
       32  960.922   sky130_fd_sc_hd__edfxtp_1
        3   18.768   sky130_fd_sc_hd__lpflow_inputiso1p_1
        6   37.536   sky130_fd_sc_hd__lpflow_isobufsrc_1
       52  195.187   sky130_fd_sc_hd__nand2_1
        8   50.048   sky130_fd_sc_hd__nand2b_1
       12   60.058   sky130_fd_sc_hd__nand3_1
        1    7.507   sky130_fd_sc_hd__nand3b_1
       38  142.637   sky130_fd_sc_hd__nor2_1
       10   50.048   sky130_fd_sc_hd__nor3_1
        1    7.507   sky130_fd_sc_hd__nor3b_1
        3   18.768   sky130_fd_sc_hd__nor4_1
        1    10.01   sky130_fd_sc_hd__o211a_1
        5   37.536   sky130_fd_sc_hd__o211ai_1
        1    7.507   sky130_fd_sc_hd__o21a_1
       41  205.197   sky130_fd_sc_hd__o21ai_0
        1    7.507   sky130_fd_sc_hd__o21bai_1
        2   22.522   sky130_fd_sc_hd__o221a_1
        4   35.034   sky130_fd_sc_hd__o221ai_1
        1    8.758   sky130_fd_sc_hd__o22a_1
       17  106.352   sky130_fd_sc_hd__o22ai_1
        5   43.792   sky130_fd_sc_hd__o311ai_0
        1    8.758   sky130_fd_sc_hd__o31a_1
       10   75.072   sky130_fd_sc_hd__o31ai_1
        1    10.01   sky130_fd_sc_hd__o32a_1
        5   43.792   sky130_fd_sc_hd__o32ai_1
        1   11.261   sky130_fd_sc_hd__o41a_1
        1    8.758   sky130_fd_sc_hd__o41ai_1
        2   12.512   sky130_fd_sc_hd__or3_1
        1    8.758   sky130_fd_sc_hd__or3b_1
        2   17.517   sky130_fd_sc_hd__xnor2_1
        2   17.517   sky130_fd_sc_hd__xor2_1

   Chip area for module '\sweep_64x32_portable': 2916.547200
     of which used for sequential elements: 960.921600 (32.95%)

18. Executing Verilog backend.
Dumping module `\sweep_64x32_portable'.

End of script. Logfile hash: 2597d3e8fb, time: 0.35s, user: 0.22s, system: 0.02s, MEM: 53.54 MB peak
Yosys 0.68+ (git sha1 36d0660ff-dirty, Release, GNU /home/conda/feedstock_root/build_artifacts/yosys_1786465780695/_build_env/bin/x86_64-conda-linux-gnu-c++ 14.4.0) [github.com/conda-forge/yosys-feedstock at main]
Time spent: 36% 1x abc (0 sec), 15% 1x stat (0 sec), ...
