
 /----------------------------------------------------------------------------\
 |  yosys -- Yosys Open SYnthesis Suite                                       |
 |  Copyright (C) 2012 - 2026  Claire Xenia Wolf <claire@yosyshq.com>         |
 |  Distributed under an ISC-like license, type "license" to see terms        |
 \----------------------------------------------------------------------------/
 Yosys 0.68+ (git sha1 36d0660ff-dirty, Release, GNU /home/conda/feedstock_root/build_artifacts/yosys_1786465780695/_build_env/bin/x86_64-conda-linux-gnu-c++ 14.4.0) [github.com/conda-forge/yosys-feedstock at main]

-- Executing script file `/home/rithwik/model2rtl/build/stage5/sweep/sweep_32x32/sweep_32x32_portable_sky130.ys' --

1. Executing Liberty frontend: /home/rithwik/pdk/sky130A/libs.ref/sky130_fd_sc_hd/lib/sky130_fd_sc_hd__tt_025C_1v80.lib
Imported 428 cell types from liberty file.

2. Executing Verilog-2005 frontend: /home/rithwik/model2rtl/build/stage5/sweep/sweep_32x32/sweep_32x32_portable.v
Parsing Verilog input from `/home/rithwik/model2rtl/build/stage5/sweep/sweep_32x32/sweep_32x32_portable.v' to AST representation.
Generating RTLIL representation for module `\sweep_32x32_portable'.
Successfully finished Verilog frontend.

3. Executing HIERARCHY pass (managing design hierarchy).

3.1. Analyzing design hierarchy..
Top module:  \sweep_32x32_portable

3.2. Analyzing design hierarchy..
Top module:  \sweep_32x32_portable
Removed 0 unused modules.

4. Executing PROC pass (convert processes to netlists).

4.1. Executing PROC_CLEAN pass (remove empty switches from decision trees).
Cleaned up 0 empty switches.

4.2. Executing PROC_RMDEAD pass (remove dead branches from decision trees).
Removed 1 dead cases from process $proc$/home/rithwik/model2rtl/build/stage5/sweep/sweep_32x32/sweep_32x32_portable.v:10$1 in module sweep_32x32_portable.
Marked 1 switch rules as full_case in process $proc$/home/rithwik/model2rtl/build/stage5/sweep/sweep_32x32/sweep_32x32_portable.v:10$1 in module sweep_32x32_portable.
Removed a total of 1 dead cases.

4.3. Executing PROC_PRUNE pass (remove redundant assignments in processes).
Removed 0 redundant assignments.
Promoted 0 assignments to connections.

4.4. Executing PROC_INIT pass (extract init attributes).

4.5. Executing PROC_ARST pass (detect async resets in processes).

4.6. Executing PROC_ROM pass (convert switches to ROMs).
Converted 1 switch.
<suppressed ~1 debug messages>

4.7. Executing PROC_MUX pass (convert decision trees to multiplexers).
Creating decoders for process `\sweep_32x32_portable.$proc$/home/rithwik/model2rtl/build/stage5/sweep/sweep_32x32/sweep_32x32_portable.v:10$1'.
     1/1: $0\dout[31:0]

4.8. Executing PROC_DLATCH pass (convert process syncs to latches).

4.9. Executing PROC_DFF pass (convert process syncs to FFs).
Creating register for signal `\sweep_32x32_portable.\dout' using process `\sweep_32x32_portable.$proc$/home/rithwik/model2rtl/build/stage5/sweep/sweep_32x32/sweep_32x32_portable.v:10$1'.
  created $dff cell `$procdff$9' with positive edge clock.

4.10. Executing PROC_MEMWR pass (convert process memory writes to cells).

4.11. Executing PROC_CLEAN pass (remove empty switches from decision trees).
Found and cleaned up 2 empty switches in `\sweep_32x32_portable.$proc$/home/rithwik/model2rtl/build/stage5/sweep/sweep_32x32/sweep_32x32_portable.v:10$1'.
Removing empty process `sweep_32x32_portable.$proc$/home/rithwik/model2rtl/build/stage5/sweep/sweep_32x32/sweep_32x32_portable.v:10$1'.
Cleaned up 2 empty switches.

4.12. Executing OPT_EXPR pass (perform const folding).
Optimizing module sweep_32x32_portable.

5. Executing FLATTEN pass (flatten design).

6. Executing OPT pass (performing simple optimizations).

6.1. Executing OPT_EXPR pass (perform const folding).
Optimizing module sweep_32x32_portable.

6.2. Executing OPT_MERGE pass (detect identical cells).
Finding identical cells in module `\sweep_32x32_portable'.
Computing hashes of 4 cells of `\sweep_32x32_portable'.
Finding duplicate cells in `\sweep_32x32_portable'.
Removed a total of 0 cells.

6.3. Executing OPT_MUXTREE pass (detect dead branches in mux trees).
Running muxtree optimizer on module \sweep_32x32_portable..
  Creating internal representation of mux trees.
  Evaluating internal representation of mux trees.
  Analyzing evaluation results.
Removed 0 multiplexer ports.
<suppressed ~2 debug messages>

6.4. Executing OPT_REDUCE pass (consolidate $*mux and $reduce_* inputs).
  Optimizing cells in module \sweep_32x32_portable.
Performed a total of 0 changes.

6.5. Executing OPT_MERGE pass (detect identical cells).
Finding identical cells in module `\sweep_32x32_portable'.
Computing hashes of 4 cells of `\sweep_32x32_portable'.
Finding duplicate cells in `\sweep_32x32_portable'.
Removed a total of 0 cells.

6.6. Executing OPT_SHARE pass.

6.7. Executing OPT_DFF pass (perform DFF optimizations).
Adding EN signal on $procdff$9 ($dff) from module sweep_32x32_portable (D = $auto$proc_rom.cc:154:do_switch$2, Q = \dout).

6.8. Executing OPT_CLEAN pass (remove unused cells and wires).
Finding unused cells or wires in module \sweep_32x32_portable..
Removed 1 unused cells and 3 unused wires.
<suppressed ~2 debug messages>

6.9. Executing OPT_EXPR pass (perform const folding).
Optimizing module sweep_32x32_portable.

6.10. Rerunning OPT passes. (Maybe there is more to do..)

6.11. Executing OPT_MUXTREE pass (detect dead branches in mux trees).
Running muxtree optimizer on module \sweep_32x32_portable..
  Creating internal representation of mux trees.
  No muxes found in this module.
Removed 0 multiplexer ports.

6.12. Executing OPT_REDUCE pass (consolidate $*mux and $reduce_* inputs).
  Optimizing cells in module \sweep_32x32_portable.
Performed a total of 0 changes.

6.13. Executing OPT_MERGE pass (detect identical cells).
Finding identical cells in module `\sweep_32x32_portable'.
Computing hashes of 3 cells of `\sweep_32x32_portable'.
Finding duplicate cells in `\sweep_32x32_portable'.
Removed a total of 0 cells.

6.14. Executing OPT_SHARE pass.

6.15. Executing OPT_DFF pass (perform DFF optimizations).

6.16. Executing OPT_CLEAN pass (remove unused cells and wires).
Finding unused cells or wires in module \sweep_32x32_portable..

6.17. Executing OPT_EXPR pass (perform const folding).
Optimizing module sweep_32x32_portable.

6.18. Finished fast OPT passes. (There is nothing left to do.)

7. Executing MEMORY pass.

7.1. Executing OPT_MEM pass (optimize memories).
Performed a total of 0 transformations.

7.2. Executing OPT_MEM_PRIORITY pass (removing unnecessary memory write priority relations).
Performed a total of 0 transformations.

7.3. Executing OPT_MEM_FEEDBACK pass (finding memory read-to-write feedback paths).

7.4. Executing MEMORY_BMUX2ROM pass (converting muxes to ROMs).

7.5. Executing MEMORY_DFF pass (merging $dff cells to $memrd).
Checking read port `$auto$proc_rom.cc:155:do_switch$3'[0] in module `\sweep_32x32_portable': merging output FF to cell.

7.6. Executing OPT_CLEAN pass (remove unused cells and wires).
Finding unused cells or wires in module \sweep_32x32_portable..
Removed 1 unused cells and 33 unused wires.
<suppressed ~2 debug messages>

7.7. Executing MEMORY_SHARE pass (consolidating $memrd/$memwr cells).

7.8. Executing OPT_MEM_WIDEN pass (optimize memories where all ports are wide).
Performed a total of 0 transformations.

7.9. Executing OPT_CLEAN pass (remove unused cells and wires).
Finding unused cells or wires in module \sweep_32x32_portable..

7.10. Executing MEMORY_COLLECT pass (generating $mem cells).

7.11. Executing MEMORY_MAP pass (converting memories to logic and flip-flops).
Mapping memory $auto$proc_rom.cc:155:do_switch$3 in module \sweep_32x32_portable:
  created 32 $dff cells and 0 static cells of width 32.
Extracted data FF from read port 0 of sweep_32x32_portable.$auto$proc_rom.cc:155:do_switch$3: $$auto$proc_rom.cc:155:do_switch$3$rdreg[0]
  read interface: 1 $dff and 31 $mux cells.
  write interface: 0 write mux blocks.

8. Executing OPT pass (performing simple optimizations).

8.1. Executing OPT_EXPR pass (perform const folding).
Optimizing module sweep_32x32_portable.

8.2. Executing OPT_MERGE pass (detect identical cells).
Finding identical cells in module `\sweep_32x32_portable'.
Computing hashes of 32 cells of `\sweep_32x32_portable'.
Finding duplicate cells in `\sweep_32x32_portable'.
Removed a total of 0 cells.

8.3. Executing OPT_MUXTREE pass (detect dead branches in mux trees).
Running muxtree optimizer on module \sweep_32x32_portable..
  Creating internal representation of mux trees.
  Evaluating internal representation of mux trees.
  Analyzing evaluation results.
Removed 0 multiplexer ports.
<suppressed ~32 debug messages>

8.4. Executing OPT_REDUCE pass (consolidate $*mux and $reduce_* inputs).
  Optimizing cells in module \sweep_32x32_portable.
    Consolidated identical input bits for $mux cell $memory$auto$proc_rom.cc:155:do_switch$3$rdmux[0][4][14]$131:
      Old ports: A=32'10100001011110001011010101001100, B=1881417848, Y=$memory$auto$proc_rom.cc:155:do_switch$3$rdmux[0][3][7]$a$87
      New ports: A=2'01, B=2'10, Y={ $memory$auto$proc_rom.cc:155:do_switch$3$rdmux[0][3][7]$a$87 [4] $memory$auto$proc_rom.cc:155:do_switch$3$rdmux[0][3][7]$a$87 [2] }
      New connections: { $memory$auto$proc_rom.cc:155:do_switch$3$rdmux[0][3][7]$a$87 [31:5] $memory$auto$proc_rom.cc:155:do_switch$3$rdmux[0][3][7]$a$87 [3] $memory$auto$proc_rom.cc:155:do_switch$3$rdmux[0][3][7]$a$87 [1:0] } = { $memory$auto$proc_rom.cc:155:do_switch$3$rdmux[0][3][7]$a$87 [2] $memory$auto$proc_rom.cc:155:do_switch$3$rdmux[0][3][7]$a$87 [4] 1'1 $memory$auto$proc_rom.cc:155:do_switch$3$rdmux[0][3][7]$a$87 [4] 3'000 $memory$auto$proc_rom.cc:155:do_switch$3$rdmux[0][3][7]$a$87 [2] 1'0 $memory$auto$proc_rom.cc:155:do_switch$3$rdmux[0][3][7]$a$87 [2] 1'1 $memory$auto$proc_rom.cc:155:do_switch$3$rdmux[0][3][7]$a$87 [2] $memory$auto$proc_rom.cc:155:do_switch$3$rdmux[0][3][7]$a$87 [2] $memory$auto$proc_rom.cc:155:do_switch$3$rdmux[0][3][7]$a$87 [4] 2'00 $memory$auto$proc_rom.cc:155:do_switch$3$rdmux[0][3][7]$a$87 [2] 2'01 $memory$auto$proc_rom.cc:155:do_switch$3$rdmux[0][3][7]$a$87 [2] $memory$auto$proc_rom.cc:155:do_switch$3$rdmux[0][3][7]$a$87 [4] $memory$auto$proc_rom.cc:155:do_switch$3$rdmux[0][3][7]$a$87 [2] 1'0 $memory$auto$proc_rom.cc:155:do_switch$3$rdmux[0][3][7]$a$87 [2] 2'01 $memory$auto$proc_rom.cc:155:do_switch$3$rdmux[0][3][7]$a$87 [4] 3'100 }
    Consolidated identical input bits for $mux cell $memory$auto$proc_rom.cc:155:do_switch$3$rdmux[0][4][13]$128:
      Old ports: A=32'10101001010000110100011000110001, B=32'11110111111100110100001001100100, Y=$memory$auto$proc_rom.cc:155:do_switch$3$rdmux[0][3][6]$b$85
      New ports: A=2'01, B=2'10, Y={ $memory$auto$proc_rom.cc:155:do_switch$3$rdmux[0][3][6]$b$85 [2] $memory$auto$proc_rom.cc:155:do_switch$3$rdmux[0][3][6]$b$85 [0] }
      New connections: { $memory$auto$proc_rom.cc:155:do_switch$3$rdmux[0][3][6]$b$85 [31:3] $memory$auto$proc_rom.cc:155:do_switch$3$rdmux[0][3][6]$b$85 [1] } = { 1'1 $memory$auto$proc_rom.cc:155:do_switch$3$rdmux[0][3][6]$b$85 [2] 1'1 $memory$auto$proc_rom.cc:155:do_switch$3$rdmux[0][3][6]$b$85 [2] $memory$auto$proc_rom.cc:155:do_switch$3$rdmux[0][3][6]$b$85 [0] $memory$auto$proc_rom.cc:155:do_switch$3$rdmux[0][3][6]$b$85 [2] $memory$auto$proc_rom.cc:155:do_switch$3$rdmux[0][3][6]$b$85 [2] 1'1 $memory$auto$proc_rom.cc:155:do_switch$3$rdmux[0][3][6]$b$85 [2] 1'1 $memory$auto$proc_rom.cc:155:do_switch$3$rdmux[0][3][6]$b$85 [2] $memory$auto$proc_rom.cc:155:do_switch$3$rdmux[0][3][6]$b$85 [2] 9'001101000 $memory$auto$proc_rom.cc:155:do_switch$3$rdmux[0][3][6]$b$85 [0] 3'100 $memory$auto$proc_rom.cc:155:do_switch$3$rdmux[0][3][6]$b$85 [2] 1'1 $memory$auto$proc_rom.cc:155:do_switch$3$rdmux[0][3][6]$b$85 [0] 2'00 }
    Consolidated identical input bits for $mux cell $memory$auto$proc_rom.cc:155:do_switch$3$rdmux[0][4][12]$125:
      Old ports: A=2115999068, B=1009513477, Y=$memory$auto$proc_rom.cc:155:do_switch$3$rdmux[0][3][6]$a$84
      New ports: A=2'10, B=2'01, Y={ $memory$auto$proc_rom.cc:155:do_switch$3$rdmux[0][3][6]$a$84 [3] $memory$auto$proc_rom.cc:155:do_switch$3$rdmux[0][3][6]$a$84 [0] }
      New connections: { $memory$auto$proc_rom.cc:155:do_switch$3$rdmux[0][3][6]$a$84 [31:4] $memory$auto$proc_rom.cc:155:do_switch$3$rdmux[0][3][6]$a$84 [2:1] } = { 1'0 $memory$auto$proc_rom.cc:155:do_switch$3$rdmux[0][3][6]$a$84 [3] 4'1111 $memory$auto$proc_rom.cc:155:do_switch$3$rdmux[0][3][6]$a$84 [3] 3'000 $memory$auto$proc_rom.cc:155:do_switch$3$rdmux[0][3][6]$a$84 [0] $memory$auto$proc_rom.cc:155:do_switch$3$rdmux[0][3][6]$a$84 [3] 1'1 $memory$auto$proc_rom.cc:155:do_switch$3$rdmux[0][3][6]$a$84 [3] 3'111 $memory$auto$proc_rom.cc:155:do_switch$3$rdmux[0][3][6]$a$84 [0] $memory$auto$proc_rom.cc:155:do_switch$3$rdmux[0][3][6]$a$84 [0] 4'1010 $memory$auto$proc_rom.cc:155:do_switch$3$rdmux[0][3][6]$a$84 [3] 1'0 $memory$auto$proc_rom.cc:155:do_switch$3$rdmux[0][3][6]$a$84 [3] 1'0 $memory$auto$proc_rom.cc:155:do_switch$3$rdmux[0][3][6]$a$84 [3] 2'10 }
    Consolidated identical input bits for $mux cell $memory$auto$proc_rom.cc:155:do_switch$3$rdmux[0][4][11]$122:
      Old ports: A=32'10000101010010000011110011111011, B=32'10010111001101100111011100001110, Y=$memory$auto$proc_rom.cc:155:do_switch$3$rdmux[0][3][5]$b$82
      New ports: A=2'01, B=2'10, Y={ $memory$auto$proc_rom.cc:155:do_switch$3$rdmux[0][3][5]$b$82 [2] $memory$auto$proc_rom.cc:155:do_switch$3$rdmux[0][3][5]$b$82 [0] }
      New connections: { $memory$auto$proc_rom.cc:155:do_switch$3$rdmux[0][3][5]$b$82 [31:3] $memory$auto$proc_rom.cc:155:do_switch$3$rdmux[0][3][5]$b$82 [1] } = { 3'100 $memory$auto$proc_rom.cc:155:do_switch$3$rdmux[0][3][5]$b$82 [2] 2'01 $memory$auto$proc_rom.cc:155:do_switch$3$rdmux[0][3][5]$b$82 [2] 2'10 $memory$auto$proc_rom.cc:155:do_switch$3$rdmux[0][3][5]$b$82 [0] $memory$auto$proc_rom.cc:155:do_switch$3$rdmux[0][3][5]$b$82 [2] $memory$auto$proc_rom.cc:155:do_switch$3$rdmux[0][3][5]$b$82 [2] $memory$auto$proc_rom.cc:155:do_switch$3$rdmux[0][3][5]$b$82 [0] $memory$auto$proc_rom.cc:155:do_switch$3$rdmux[0][3][5]$b$82 [2] $memory$auto$proc_rom.cc:155:do_switch$3$rdmux[0][3][5]$b$82 [2] 2'00 $memory$auto$proc_rom.cc:155:do_switch$3$rdmux[0][3][5]$b$82 [2] 2'11 $memory$auto$proc_rom.cc:155:do_switch$3$rdmux[0][3][5]$b$82 [0] 1'1 $memory$auto$proc_rom.cc:155:do_switch$3$rdmux[0][3][5]$b$82 [2] $memory$auto$proc_rom.cc:155:do_switch$3$rdmux[0][3][5]$b$82 [2] $memory$auto$proc_rom.cc:155:do_switch$3$rdmux[0][3][5]$b$82 [0] $memory$auto$proc_rom.cc:155:do_switch$3$rdmux[0][3][5]$b$82 [0] $memory$auto$proc_rom.cc:155:do_switch$3$rdmux[0][3][5]$b$82 [0] $memory$auto$proc_rom.cc:155:do_switch$3$rdmux[0][3][5]$b$82 [0] 2'11 }
    Consolidated identical input bits for $mux cell $memory$auto$proc_rom.cc:155:do_switch$3$rdmux[0][4][10]$119:
      Old ports: A=1396618632, B=32'10101010100101001101101001001000, Y=$memory$auto$proc_rom.cc:155:do_switch$3$rdmux[0][3][5]$a$81
      New ports: A=2'10, B=2'01, Y=$memory$auto$proc_rom.cc:155:do_switch$3$rdmux[0][3][5]$a$81 [7:6]
      New connections: { $memory$auto$proc_rom.cc:155:do_switch$3$rdmux[0][3][5]$a$81 [31:8] $memory$auto$proc_rom.cc:155:do_switch$3$rdmux[0][3][5]$a$81 [5:0] } = { $memory$auto$proc_rom.cc:155:do_switch$3$rdmux[0][3][5]$a$81 [6] $memory$auto$proc_rom.cc:155:do_switch$3$rdmux[0][3][5]$a$81 [7:6] $memory$auto$proc_rom.cc:155:do_switch$3$rdmux[0][3][5]$a$81 [7:6] 2'01 $memory$auto$proc_rom.cc:155:do_switch$3$rdmux[0][3][5]$a$81 [7:6] 1'0 $memory$auto$proc_rom.cc:155:do_switch$3$rdmux[0][3][5]$a$81 [7] 1'1 $memory$auto$proc_rom.cc:155:do_switch$3$rdmux[0][3][5]$a$81 [7] 1'1 $memory$auto$proc_rom.cc:155:do_switch$3$rdmux[0][3][5]$a$81 [7] 2'01 $memory$auto$proc_rom.cc:155:do_switch$3$rdmux[0][3][5]$a$81 [6] $memory$auto$proc_rom.cc:155:do_switch$3$rdmux[0][3][5]$a$81 [7] 1'1 $memory$auto$proc_rom.cc:155:do_switch$3$rdmux[0][3][5]$a$81 [6] $memory$auto$proc_rom.cc:155:do_switch$3$rdmux[0][3][5]$a$81 [7:6] $memory$auto$proc_rom.cc:155:do_switch$3$rdmux[0][3][5]$a$81 [7] 6'001000 }
    Consolidated identical input bits for $mux cell $memory$auto$proc_rom.cc:155:do_switch$3$rdmux[0][4][9]$116:
      Old ports: A=32'10111010111101000111011000001111, B=179714255, Y=$memory$auto$proc_rom.cc:155:do_switch$3$rdmux[0][3][4]$b$79
      New ports: A=2'10, B=2'01, Y={ $memory$auto$proc_rom.cc:155:do_switch$3$rdmux[0][3][4]$b$79 [9] $memory$auto$proc_rom.cc:155:do_switch$3$rdmux[0][3][4]$b$79 [6] }
      New connections: { $memory$auto$proc_rom.cc:155:do_switch$3$rdmux[0][3][4]$b$79 [31:10] $memory$auto$proc_rom.cc:155:do_switch$3$rdmux[0][3][4]$b$79 [8:7] $memory$auto$proc_rom.cc:155:do_switch$3$rdmux[0][3][4]$b$79 [5:0] } = { $memory$auto$proc_rom.cc:155:do_switch$3$rdmux[0][3][4]$b$79 [9] 1'0 $memory$auto$proc_rom.cc:155:do_switch$3$rdmux[0][3][4]$b$79 [9] $memory$auto$proc_rom.cc:155:do_switch$3$rdmux[0][3][4]$b$79 [9] 5'10101 $memory$auto$proc_rom.cc:155:do_switch$3$rdmux[0][3][4]$b$79 [9] 4'1101 $memory$auto$proc_rom.cc:155:do_switch$3$rdmux[0][3][4]$b$79 [6] 2'00 $memory$auto$proc_rom.cc:155:do_switch$3$rdmux[0][3][4]$b$79 [9] 2'11 $memory$auto$proc_rom.cc:155:do_switch$3$rdmux[0][3][4]$b$79 [6] $memory$auto$proc_rom.cc:155:do_switch$3$rdmux[0][3][4]$b$79 [9] 1'0 $memory$auto$proc_rom.cc:155:do_switch$3$rdmux[0][3][4]$b$79 [6] 6'001111 }
    Consolidated identical input bits for $mux cell $memory$auto$proc_rom.cc:155:do_switch$3$rdmux[0][4][8]$113:
      Old ports: A=1311870685, B=32'11101111110001011000100101110101, Y=$memory$auto$proc_rom.cc:155:do_switch$3$rdmux[0][3][4]$a$78
      New ports: A=2'01, B=2'10, Y={ $memory$auto$proc_rom.cc:155:do_switch$3$rdmux[0][3][4]$a$78 [5] $memory$auto$proc_rom.cc:155:do_switch$3$rdmux[0][3][4]$a$78 [3] }
      New connections: { $memory$auto$proc_rom.cc:155:do_switch$3$rdmux[0][3][4]$a$78 [31:6] $memory$auto$proc_rom.cc:155:do_switch$3$rdmux[0][3][4]$a$78 [4] $memory$auto$proc_rom.cc:155:do_switch$3$rdmux[0][3][4]$a$78 [2:0] } = { $memory$auto$proc_rom.cc:155:do_switch$3$rdmux[0][3][4]$a$78 [5] 1'1 $memory$auto$proc_rom.cc:155:do_switch$3$rdmux[0][3][4]$a$78 [5] 4'0111 $memory$auto$proc_rom.cc:155:do_switch$3$rdmux[0][3][4]$a$78 [5] $memory$auto$proc_rom.cc:155:do_switch$3$rdmux[0][3][4]$a$78 [5] $memory$auto$proc_rom.cc:155:do_switch$3$rdmux[0][3][4]$a$78 [5] $memory$auto$proc_rom.cc:155:do_switch$3$rdmux[0][3][4]$a$78 [3] $memory$auto$proc_rom.cc:155:do_switch$3$rdmux[0][3][4]$a$78 [3] 1'0 $memory$auto$proc_rom.cc:155:do_switch$3$rdmux[0][3][4]$a$78 [5] 7'0110001 $memory$auto$proc_rom.cc:155:do_switch$3$rdmux[0][3][4]$a$78 [3] $memory$auto$proc_rom.cc:155:do_switch$3$rdmux[0][3][4]$a$78 [3] $memory$auto$proc_rom.cc:155:do_switch$3$rdmux[0][3][4]$a$78 [5] $memory$auto$proc_rom.cc:155:do_switch$3$rdmux[0][3][4]$a$78 [3] 5'11101 }
    Consolidated identical input bits for $mux cell $memory$auto$proc_rom.cc:155:do_switch$3$rdmux[0][4][7]$110:
      Old ports: A=32'11000111000111000100011000011011, B=1467965033, Y=$memory$auto$proc_rom.cc:155:do_switch$3$rdmux[0][3][3]$b$76
      New ports: A=2'01, B=2'10, Y={ $memory$auto$proc_rom.cc:155:do_switch$3$rdmux[0][3][3]$b$76 [5] $memory$auto$proc_rom.cc:155:do_switch$3$rdmux[0][3][3]$b$76 [1] }
      New connections: { $memory$auto$proc_rom.cc:155:do_switch$3$rdmux[0][3][3]$b$76 [31:6] $memory$auto$proc_rom.cc:155:do_switch$3$rdmux[0][3][3]$b$76 [4:2] $memory$auto$proc_rom.cc:155:do_switch$3$rdmux[0][3][3]$b$76 [0] } = { $memory$auto$proc_rom.cc:155:do_switch$3$rdmux[0][3][3]$b$76 [1] 2'10 $memory$auto$proc_rom.cc:155:do_switch$3$rdmux[0][3][3]$b$76 [5] 5'01110 $memory$auto$proc_rom.cc:155:do_switch$3$rdmux[0][3][3]$b$76 [5] $memory$auto$proc_rom.cc:155:do_switch$3$rdmux[0][3][3]$b$76 [5] 3'111 $memory$auto$proc_rom.cc:155:do_switch$3$rdmux[0][3][3]$b$76 [5] $memory$auto$proc_rom.cc:155:do_switch$3$rdmux[0][3][3]$b$76 [5] 3'010 $memory$auto$proc_rom.cc:155:do_switch$3$rdmux[0][3][3]$b$76 [5] $memory$auto$proc_rom.cc:155:do_switch$3$rdmux[0][3][3]$b$76 [5] 4'1100 $memory$auto$proc_rom.cc:155:do_switch$3$rdmux[0][3][3]$b$76 [5] $memory$auto$proc_rom.cc:155:do_switch$3$rdmux[0][3][3]$b$76 [1] 3'101 }
    Consolidated identical input bits for $mux cell $memory$auto$proc_rom.cc:155:do_switch$3$rdmux[0][4][6]$107:
      Old ports: A=1926168318, B=1995416946, Y=$memory$auto$proc_rom.cc:155:do_switch$3$rdmux[0][3][3]$a$75
      New ports: A=2'01, B=2'10, Y={ $memory$auto$proc_rom.cc:155:do_switch$3$rdmux[0][3][3]$a$75 [8] $memory$auto$proc_rom.cc:155:do_switch$3$rdmux[0][3][3]$a$75 [2] }
      New connections: { $memory$auto$proc_rom.cc:155:do_switch$3$rdmux[0][3][3]$a$75 [31:9] $memory$auto$proc_rom.cc:155:do_switch$3$rdmux[0][3][3]$a$75 [7:3] $memory$auto$proc_rom.cc:155:do_switch$3$rdmux[0][3][3]$a$75 [1:0] } = { 5'01110 $memory$auto$proc_rom.cc:155:do_switch$3$rdmux[0][3][3]$a$75 [8] 4'1011 $memory$auto$proc_rom.cc:155:do_switch$3$rdmux[0][3][3]$a$75 [8] 4'0111 $memory$auto$proc_rom.cc:155:do_switch$3$rdmux[0][3][3]$a$75 [8] 1'1 $memory$auto$proc_rom.cc:155:do_switch$3$rdmux[0][3][3]$a$75 [2] 1'1 $memory$auto$proc_rom.cc:155:do_switch$3$rdmux[0][3][3]$a$75 [2] $memory$auto$proc_rom.cc:155:do_switch$3$rdmux[0][3][3]$a$75 [2] 1'1 $memory$auto$proc_rom.cc:155:do_switch$3$rdmux[0][3][3]$a$75 [2] $memory$auto$proc_rom.cc:155:do_switch$3$rdmux[0][3][3]$a$75 [2] 3'111 $memory$auto$proc_rom.cc:155:do_switch$3$rdmux[0][3][3]$a$75 [2] 2'10 }
    Consolidated identical input bits for $mux cell $memory$auto$proc_rom.cc:155:do_switch$3$rdmux[0][4][5]$104:
      Old ports: A=32'11000101110001100110001110010011, B=32'11001100111101000000011101100010, Y=$memory$auto$proc_rom.cc:155:do_switch$3$rdmux[0][3][2]$b$73
      New ports: A=2'01, B=2'10, Y={ $memory$auto$proc_rom.cc:155:do_switch$3$rdmux[0][3][2]$b$73 [5] $memory$auto$proc_rom.cc:155:do_switch$3$rdmux[0][3][2]$b$73 [0] }
      New connections: { $memory$auto$proc_rom.cc:155:do_switch$3$rdmux[0][3][2]$b$73 [31:6] $memory$auto$proc_rom.cc:155:do_switch$3$rdmux[0][3][2]$b$73 [4:1] } = { 4'1100 $memory$auto$proc_rom.cc:155:do_switch$3$rdmux[0][3][2]$b$73 [5] 2'10 $memory$auto$proc_rom.cc:155:do_switch$3$rdmux[0][3][2]$b$73 [0] 2'11 $memory$auto$proc_rom.cc:155:do_switch$3$rdmux[0][3][2]$b$73 [5] $memory$auto$proc_rom.cc:155:do_switch$3$rdmux[0][3][2]$b$73 [5] 2'01 $memory$auto$proc_rom.cc:155:do_switch$3$rdmux[0][3][2]$b$73 [0] 2'00 $memory$auto$proc_rom.cc:155:do_switch$3$rdmux[0][3][2]$b$73 [0] $memory$auto$proc_rom.cc:155:do_switch$3$rdmux[0][3][2]$b$73 [0] 2'00 $memory$auto$proc_rom.cc:155:do_switch$3$rdmux[0][3][2]$b$73 [5] 2'11 $memory$auto$proc_rom.cc:155:do_switch$3$rdmux[0][3][2]$b$73 [0] $memory$auto$proc_rom.cc:155:do_switch$3$rdmux[0][3][2]$b$73 [5] $memory$auto$proc_rom.cc:155:do_switch$3$rdmux[0][3][2]$b$73 [0] 3'001 }
    Consolidated identical input bits for $mux cell $memory$auto$proc_rom.cc:155:do_switch$3$rdmux[0][4][4]$101:
      Old ports: A=1536112211, B=696154509, Y=$memory$auto$proc_rom.cc:155:do_switch$3$rdmux[0][3][2]$a$72
      New ports: A=2'01, B=2'10, Y=$memory$auto$proc_rom.cc:155:do_switch$3$rdmux[0][3][2]$a$72 [2:1]
      New connections: { $memory$auto$proc_rom.cc:155:do_switch$3$rdmux[0][3][2]$a$72 [31:3] $memory$auto$proc_rom.cc:155:do_switch$3$rdmux[0][3][2]$a$72 [0] } = { 1'0 $memory$auto$proc_rom.cc:155:do_switch$3$rdmux[0][3][2]$a$72 [1] $memory$auto$proc_rom.cc:155:do_switch$3$rdmux[0][3][2]$a$72 [2:1] 2'10 $memory$auto$proc_rom.cc:155:do_switch$3$rdmux[0][3][2]$a$72 [1] 1'1 $memory$auto$proc_rom.cc:155:do_switch$3$rdmux[0][3][2]$a$72 [1] $memory$auto$proc_rom.cc:155:do_switch$3$rdmux[0][3][2]$a$72 [2] $memory$auto$proc_rom.cc:155:do_switch$3$rdmux[0][3][2]$a$72 [2] $memory$auto$proc_rom.cc:155:do_switch$3$rdmux[0][3][2]$a$72 [2] 3'111 $memory$auto$proc_rom.cc:155:do_switch$3$rdmux[0][3][2]$a$72 [1] 1'0 $memory$auto$proc_rom.cc:155:do_switch$3$rdmux[0][3][2]$a$72 [2] 2'11 $memory$auto$proc_rom.cc:155:do_switch$3$rdmux[0][3][2]$a$72 [2:1] $memory$auto$proc_rom.cc:155:do_switch$3$rdmux[0][3][2]$a$72 [1] $memory$auto$proc_rom.cc:155:do_switch$3$rdmux[0][3][2]$a$72 [2] $memory$auto$proc_rom.cc:155:do_switch$3$rdmux[0][3][2]$a$72 [2:1] 1'0 $memory$auto$proc_rom.cc:155:do_switch$3$rdmux[0][3][2]$a$72 [1] $memory$auto$proc_rom.cc:155:do_switch$3$rdmux[0][3][2]$a$72 [2] 1'1 }
    Consolidated identical input bits for $mux cell $memory$auto$proc_rom.cc:155:do_switch$3$rdmux[0][4][3]$98:
      Old ports: A=32'10101001010001101010110000000000, B=1637678691, Y=$memory$auto$proc_rom.cc:155:do_switch$3$rdmux[0][3][1]$b$70
      New ports: A=2'10, B=2'01, Y={ $memory$auto$proc_rom.cc:155:do_switch$3$rdmux[0][3][1]$b$70 [17] $memory$auto$proc_rom.cc:155:do_switch$3$rdmux[0][3][1]$b$70 [0] }
      New connections: { $memory$auto$proc_rom.cc:155:do_switch$3$rdmux[0][3][1]$b$70 [31:18] $memory$auto$proc_rom.cc:155:do_switch$3$rdmux[0][3][1]$b$70 [16:1] } = { $memory$auto$proc_rom.cc:155:do_switch$3$rdmux[0][3][1]$b$70 [17] $memory$auto$proc_rom.cc:155:do_switch$3$rdmux[0][3][1]$b$70 [0] 2'10 $memory$auto$proc_rom.cc:155:do_switch$3$rdmux[0][3][1]$b$70 [17] 3'001 $memory$auto$proc_rom.cc:155:do_switch$3$rdmux[0][3][1]$b$70 [0] $memory$auto$proc_rom.cc:155:do_switch$3$rdmux[0][3][1]$b$70 [17] 1'0 $memory$auto$proc_rom.cc:155:do_switch$3$rdmux[0][3][1]$b$70 [0] $memory$auto$proc_rom.cc:155:do_switch$3$rdmux[0][3][1]$b$70 [0] 3'101 $memory$auto$proc_rom.cc:155:do_switch$3$rdmux[0][3][1]$b$70 [0] 1'1 $memory$auto$proc_rom.cc:155:do_switch$3$rdmux[0][3][1]$b$70 [0] 2'11 $memory$auto$proc_rom.cc:155:do_switch$3$rdmux[0][3][1]$b$70 [0] 2'00 $memory$auto$proc_rom.cc:155:do_switch$3$rdmux[0][3][1]$b$70 [0] $memory$auto$proc_rom.cc:155:do_switch$3$rdmux[0][3][1]$b$70 [0] 3'000 $memory$auto$proc_rom.cc:155:do_switch$3$rdmux[0][3][1]$b$70 [0] }
    Consolidated identical input bits for $mux cell $memory$auto$proc_rom.cc:155:do_switch$3$rdmux[0][4][2]$95:
      Old ports: A=32'10110010101110101000011101111000, B=32'10111111000101000000001010000001, Y=$memory$auto$proc_rom.cc:155:do_switch$3$rdmux[0][3][1]$a$69
      New ports: A=2'10, B=2'01, Y={ $memory$auto$proc_rom.cc:155:do_switch$3$rdmux[0][3][1]$a$69 [3] $memory$auto$proc_rom.cc:155:do_switch$3$rdmux[0][3][1]$a$69 [0] }
      New connections: { $memory$auto$proc_rom.cc:155:do_switch$3$rdmux[0][3][1]$a$69 [31:4] $memory$auto$proc_rom.cc:155:do_switch$3$rdmux[0][3][1]$a$69 [2:1] } = { 4'1011 $memory$auto$proc_rom.cc:155:do_switch$3$rdmux[0][3][1]$a$69 [0] $memory$auto$proc_rom.cc:155:do_switch$3$rdmux[0][3][1]$a$69 [0] 1'1 $memory$auto$proc_rom.cc:155:do_switch$3$rdmux[0][3][1]$a$69 [0] $memory$auto$proc_rom.cc:155:do_switch$3$rdmux[0][3][1]$a$69 [3] 1'0 $memory$auto$proc_rom.cc:155:do_switch$3$rdmux[0][3][1]$a$69 [3] 1'1 $memory$auto$proc_rom.cc:155:do_switch$3$rdmux[0][3][1]$a$69 [3] $memory$auto$proc_rom.cc:155:do_switch$3$rdmux[0][3][1]$a$69 [0] $memory$auto$proc_rom.cc:155:do_switch$3$rdmux[0][3][1]$a$69 [3] 1'0 $memory$auto$proc_rom.cc:155:do_switch$3$rdmux[0][3][1]$a$69 [3] 4'0000 $memory$auto$proc_rom.cc:155:do_switch$3$rdmux[0][3][1]$a$69 [3] 1'1 $memory$auto$proc_rom.cc:155:do_switch$3$rdmux[0][3][1]$a$69 [3] $memory$auto$proc_rom.cc:155:do_switch$3$rdmux[0][3][1]$a$69 [0] $memory$auto$proc_rom.cc:155:do_switch$3$rdmux[0][3][1]$a$69 [3] $memory$auto$proc_rom.cc:155:do_switch$3$rdmux[0][3][1]$a$69 [3] $memory$auto$proc_rom.cc:155:do_switch$3$rdmux[0][3][1]$a$69 [3] 2'00 }
    Consolidated identical input bits for $mux cell $memory$auto$proc_rom.cc:155:do_switch$3$rdmux[0][4][1]$92:
      Old ports: A=942127241, B=996559317, Y=$memory$auto$proc_rom.cc:155:do_switch$3$rdmux[0][3][0]$b$67
      New ports: A=2'10, B=2'01, Y=$memory$auto$proc_rom.cc:155:do_switch$3$rdmux[0][3][0]$b$67 [3:2]
      New connections: { $memory$auto$proc_rom.cc:155:do_switch$3$rdmux[0][3][0]$b$67 [31:4] $memory$auto$proc_rom.cc:155:do_switch$3$rdmux[0][3][0]$b$67 [1:0] } = { 6'001110 $memory$auto$proc_rom.cc:155:do_switch$3$rdmux[0][3][0]$b$67 [2] $memory$auto$proc_rom.cc:155:do_switch$3$rdmux[0][3][0]$b$67 [2] 1'0 $memory$auto$proc_rom.cc:155:do_switch$3$rdmux[0][3][0]$b$67 [2] 5'10011 $memory$auto$proc_rom.cc:155:do_switch$3$rdmux[0][3][0]$b$67 [3] $memory$auto$proc_rom.cc:155:do_switch$3$rdmux[0][3][0]$b$67 [3:2] $memory$auto$proc_rom.cc:155:do_switch$3$rdmux[0][3][0]$b$67 [3] $memory$auto$proc_rom.cc:155:do_switch$3$rdmux[0][3][0]$b$67 [3] 3'100 $memory$auto$proc_rom.cc:155:do_switch$3$rdmux[0][3][0]$b$67 [2] 1'1 $memory$auto$proc_rom.cc:155:do_switch$3$rdmux[0][3][0]$b$67 [2] 1'0 $memory$auto$proc_rom.cc:155:do_switch$3$rdmux[0][3][0]$b$67 [2] 2'01 }
    Consolidated identical input bits for $mux cell $memory$auto$proc_rom.cc:155:do_switch$3$rdmux[0][4][0]$89:
      Old ports: A=1487061989, B=32'11101010101100111000110010101011, Y=$memory$auto$proc_rom.cc:155:do_switch$3$rdmux[0][3][0]$a$66
      New ports: A=2'10, B=2'01, Y=$memory$auto$proc_rom.cc:155:do_switch$3$rdmux[0][3][0]$a$66 [2:1]
      New connections: { $memory$auto$proc_rom.cc:155:do_switch$3$rdmux[0][3][0]$a$66 [31:3] $memory$auto$proc_rom.cc:155:do_switch$3$rdmux[0][3][0]$a$66 [0] } = { $memory$auto$proc_rom.cc:155:do_switch$3$rdmux[0][3][0]$a$66 [1] 1'1 $memory$auto$proc_rom.cc:155:do_switch$3$rdmux[0][3][0]$a$66 [1] $memory$auto$proc_rom.cc:155:do_switch$3$rdmux[0][3][0]$a$66 [2] 2'10 $memory$auto$proc_rom.cc:155:do_switch$3$rdmux[0][3][0]$a$66 [1] 4'0101 $memory$auto$proc_rom.cc:155:do_switch$3$rdmux[0][3][0]$a$66 [1] 3'001 $memory$auto$proc_rom.cc:155:do_switch$3$rdmux[0][3][0]$a$66 [1] 1'1 $memory$auto$proc_rom.cc:155:do_switch$3$rdmux[0][3][0]$a$66 [2] 2'00 $memory$auto$proc_rom.cc:155:do_switch$3$rdmux[0][3][0]$a$66 [1] $memory$auto$proc_rom.cc:155:do_switch$3$rdmux[0][3][0]$a$66 [1] $memory$auto$proc_rom.cc:155:do_switch$3$rdmux[0][3][0]$a$66 [2] $memory$auto$proc_rom.cc:155:do_switch$3$rdmux[0][3][0]$a$66 [2] 1'1 $memory$auto$proc_rom.cc:155:do_switch$3$rdmux[0][3][0]$a$66 [2] 2'10 $memory$auto$proc_rom.cc:155:do_switch$3$rdmux[0][3][0]$a$66 [1] 1'1 }
    Consolidated identical input bits for $mux cell $memory$auto$proc_rom.cc:155:do_switch$3$rdmux[0][4][15]$134:
      Old ports: A=32'10001110001101100001110010111110, B=32'10011100010101010011110010111010, Y=$memory$auto$proc_rom.cc:155:do_switch$3$rdmux[0][3][7]$b$88
      New ports: A=2'01, B=2'10, Y={ $memory$auto$proc_rom.cc:155:do_switch$3$rdmux[0][3][7]$b$88 [13] $memory$auto$proc_rom.cc:155:do_switch$3$rdmux[0][3][7]$b$88 [2] }
      New connections: { $memory$auto$proc_rom.cc:155:do_switch$3$rdmux[0][3][7]$b$88 [31:14] $memory$auto$proc_rom.cc:155:do_switch$3$rdmux[0][3][7]$b$88 [12:3] $memory$auto$proc_rom.cc:155:do_switch$3$rdmux[0][3][7]$b$88 [1:0] } = { 3'100 $memory$auto$proc_rom.cc:155:do_switch$3$rdmux[0][3][7]$b$88 [13] 2'11 $memory$auto$proc_rom.cc:155:do_switch$3$rdmux[0][3][7]$b$88 [2] 2'00 $memory$auto$proc_rom.cc:155:do_switch$3$rdmux[0][3][7]$b$88 [13] $memory$auto$proc_rom.cc:155:do_switch$3$rdmux[0][3][7]$b$88 [2] 3'101 $memory$auto$proc_rom.cc:155:do_switch$3$rdmux[0][3][7]$b$88 [2] $memory$auto$proc_rom.cc:155:do_switch$3$rdmux[0][3][7]$b$88 [13] 14'00111001011110 }
  Optimizing cells in module \sweep_32x32_portable.
    Consolidated identical input bits for $mux cell $memory$auto$proc_rom.cc:155:do_switch$3$rdmux[0][3][7]$86:
      Old ports: A=$memory$auto$proc_rom.cc:155:do_switch$3$rdmux[0][3][7]$a$87, B=$memory$auto$proc_rom.cc:155:do_switch$3$rdmux[0][3][7]$b$88, Y=$memory$auto$proc_rom.cc:155:do_switch$3$rdmux[0][2][3]$b$64
      New ports: A={ $memory$auto$proc_rom.cc:155:do_switch$3$rdmux[0][3][7]$a$87 [4] $memory$auto$proc_rom.cc:155:do_switch$3$rdmux[0][3][7]$a$87 [4] $memory$auto$proc_rom.cc:155:do_switch$3$rdmux[0][3][7]$a$87 [2] 4'1001 $memory$auto$proc_rom.cc:155:do_switch$3$rdmux[0][3][7]$a$87 [2] $memory$auto$proc_rom.cc:155:do_switch$3$rdmux[0][3][7]$a$87 [2] 1'1 $memory$auto$proc_rom.cc:155:do_switch$3$rdmux[0][3][7]$a$87 [4] $memory$auto$proc_rom.cc:155:do_switch$3$rdmux[0][3][7]$a$87 [2] 1'0 }, B={ 1'0 $memory$auto$proc_rom.cc:155:do_switch$3$rdmux[0][3][7]$b$88 [13] $memory$auto$proc_rom.cc:155:do_switch$3$rdmux[0][3][7]$b$88 [13] $memory$auto$proc_rom.cc:155:do_switch$3$rdmux[0][3][7]$b$88 [2] $memory$auto$proc_rom.cc:155:do_switch$3$rdmux[0][3][7]$b$88 [2] $memory$auto$proc_rom.cc:155:do_switch$3$rdmux[0][3][7]$b$88 [13] $memory$auto$proc_rom.cc:155:do_switch$3$rdmux[0][3][7]$b$88 [13] 4'1001 $memory$auto$proc_rom.cc:155:do_switch$3$rdmux[0][3][7]$b$88 [2] 1'1 }, Y={ $memory$auto$proc_rom.cc:155:do_switch$3$rdmux[0][2][3]$b$64 [30] $memory$auto$proc_rom.cc:155:do_switch$3$rdmux[0][2][3]$b$64 [28] $memory$auto$proc_rom.cc:155:do_switch$3$rdmux[0][2][3]$b$64 [22:21] $memory$auto$proc_rom.cc:155:do_switch$3$rdmux[0][2][3]$b$64 [17:16] $memory$auto$proc_rom.cc:155:do_switch$3$rdmux[0][2][3]$b$64 [13] $memory$auto$proc_rom.cc:155:do_switch$3$rdmux[0][2][3]$b$64 [10] $memory$auto$proc_rom.cc:155:do_switch$3$rdmux[0][2][3]$b$64 [8] $memory$auto$proc_rom.cc:155:do_switch$3$rdmux[0][2][3]$b$64 [6] $memory$auto$proc_rom.cc:155:do_switch$3$rdmux[0][2][3]$b$64 [4] $memory$auto$proc_rom.cc:155:do_switch$3$rdmux[0][2][3]$b$64 [2:1] }
      New connections: { $memory$auto$proc_rom.cc:155:do_switch$3$rdmux[0][2][3]$b$64 [31] $memory$auto$proc_rom.cc:155:do_switch$3$rdmux[0][2][3]$b$64 [29] $memory$auto$proc_rom.cc:155:do_switch$3$rdmux[0][2][3]$b$64 [27:23] $memory$auto$proc_rom.cc:155:do_switch$3$rdmux[0][2][3]$b$64 [20:18] $memory$auto$proc_rom.cc:155:do_switch$3$rdmux[0][2][3]$b$64 [15:14] $memory$auto$proc_rom.cc:155:do_switch$3$rdmux[0][2][3]$b$64 [12:11] $memory$auto$proc_rom.cc:155:do_switch$3$rdmux[0][2][3]$b$64 [9] $memory$auto$proc_rom.cc:155:do_switch$3$rdmux[0][2][3]$b$64 [7] $memory$auto$proc_rom.cc:155:do_switch$3$rdmux[0][2][3]$b$64 [5] $memory$auto$proc_rom.cc:155:do_switch$3$rdmux[0][2][3]$b$64 [3] $memory$auto$proc_rom.cc:155:do_switch$3$rdmux[0][2][3]$b$64 [0] } = { $memory$auto$proc_rom.cc:155:do_switch$3$rdmux[0][2][3]$b$64 [10] $memory$auto$proc_rom.cc:155:do_switch$3$rdmux[0][2][3]$b$64 [6] $memory$auto$proc_rom.cc:155:do_switch$3$rdmux[0][2][3]$b$64 [1] $memory$auto$proc_rom.cc:155:do_switch$3$rdmux[0][2][3]$b$64 [1] $memory$auto$proc_rom.cc:155:do_switch$3$rdmux[0][2][3]$b$64 [17] $memory$auto$proc_rom.cc:155:do_switch$3$rdmux[0][2][3]$b$64 [8] 1'0 $memory$auto$proc_rom.cc:155:do_switch$3$rdmux[0][2][3]$b$64 [10] $memory$auto$proc_rom.cc:155:do_switch$3$rdmux[0][2][3]$b$64 [8] $memory$auto$proc_rom.cc:155:do_switch$3$rdmux[0][2][3]$b$64 [4] $memory$auto$proc_rom.cc:155:do_switch$3$rdmux[0][2][3]$b$64 [8] 1'0 $memory$auto$proc_rom.cc:155:do_switch$3$rdmux[0][2][3]$b$64 [10] $memory$auto$proc_rom.cc:155:do_switch$3$rdmux[0][2][3]$b$64 [4] 1'0 $memory$auto$proc_rom.cc:155:do_switch$3$rdmux[0][2][3]$b$64 [1] $memory$auto$proc_rom.cc:155:do_switch$3$rdmux[0][2][3]$b$64 [4] 2'10 }
    Consolidated identical input bits for $mux cell $memory$auto$proc_rom.cc:155:do_switch$3$rdmux[0][3][6]$83:
      Old ports: A=$memory$auto$proc_rom.cc:155:do_switch$3$rdmux[0][3][6]$a$84, B=$memory$auto$proc_rom.cc:155:do_switch$3$rdmux[0][3][6]$b$85, Y=$memory$auto$proc_rom.cc:155:do_switch$3$rdmux[0][2][3]$a$63
      New ports: A={ 1'0 $memory$auto$proc_rom.cc:155:do_switch$3$rdmux[0][3][6]$a$84 [0] $memory$auto$proc_rom.cc:155:do_switch$3$rdmux[0][3][6]$a$84 [0] $memory$auto$proc_rom.cc:155:do_switch$3$rdmux[0][3][6]$a$84 [0] 2'11 $memory$auto$proc_rom.cc:155:do_switch$3$rdmux[0][3][6]$a$84 [3] 1'0 $memory$auto$proc_rom.cc:155:do_switch$3$rdmux[0][3][6]$a$84 [3] $memory$auto$proc_rom.cc:155:do_switch$3$rdmux[0][3][6]$a$84 [3] 1'1 $memory$auto$proc_rom.cc:155:do_switch$3$rdmux[0][3][6]$a$84 [0] }, B={ $memory$auto$proc_rom.cc:155:do_switch$3$rdmux[0][3][6]$b$85 [2] $memory$auto$proc_rom.cc:155:do_switch$3$rdmux[0][3][6]$b$85 [2] 3'100 $memory$auto$proc_rom.cc:155:do_switch$3$rdmux[0][3][6]$b$85 [0] $memory$auto$proc_rom.cc:155:do_switch$3$rdmux[0][3][6]$b$85 [2] 1'1 $memory$auto$proc_rom.cc:155:do_switch$3$rdmux[0][3][6]$b$85 [0] 1'0 $memory$auto$proc_rom.cc:155:do_switch$3$rdmux[0][3][6]$b$85 [2] $memory$auto$proc_rom.cc:155:do_switch$3$rdmux[0][3][6]$b$85 [0] }, Y={ $memory$auto$proc_rom.cc:155:do_switch$3$rdmux[0][2][3]$a$63 [23] $memory$auto$proc_rom.cc:155:do_switch$3$rdmux[0][2][3]$a$63 [21] $memory$auto$proc_rom.cc:155:do_switch$3$rdmux[0][2][3]$a$63 [14:12] $memory$auto$proc_rom.cc:155:do_switch$3$rdmux[0][2][3]$a$63 [10] $memory$auto$proc_rom.cc:155:do_switch$3$rdmux[0][2][3]$a$63 [6:2] $memory$auto$proc_rom.cc:155:do_switch$3$rdmux[0][2][3]$a$63 [0] }
      New connections: { $memory$auto$proc_rom.cc:155:do_switch$3$rdmux[0][2][3]$a$63 [31:24] $memory$auto$proc_rom.cc:155:do_switch$3$rdmux[0][2][3]$a$63 [22] $memory$auto$proc_rom.cc:155:do_switch$3$rdmux[0][2][3]$a$63 [20:15] $memory$auto$proc_rom.cc:155:do_switch$3$rdmux[0][2][3]$a$63 [11] $memory$auto$proc_rom.cc:155:do_switch$3$rdmux[0][2][3]$a$63 [9:7] $memory$auto$proc_rom.cc:155:do_switch$3$rdmux[0][2][3]$a$63 [1] } = { $memory$auto$proc_rom.cc:155:do_switch$3$rdmux[0][2][3]$a$63 [5] $memory$auto$proc_rom.cc:155:do_switch$3$rdmux[0][2][3]$a$63 [6] 1'1 $memory$auto$proc_rom.cc:155:do_switch$3$rdmux[0][2][3]$a$63 [2] $memory$auto$proc_rom.cc:155:do_switch$3$rdmux[0][2][3]$a$63 [10] $memory$auto$proc_rom.cc:155:do_switch$3$rdmux[0][2][3]$a$63 [2] $memory$auto$proc_rom.cc:155:do_switch$3$rdmux[0][2][3]$a$63 [6:5] $memory$auto$proc_rom.cc:155:do_switch$3$rdmux[0][2][3]$a$63 [5] $memory$auto$proc_rom.cc:155:do_switch$3$rdmux[0][2][3]$a$63 [6] $memory$auto$proc_rom.cc:155:do_switch$3$rdmux[0][2][3]$a$63 [12] $memory$auto$proc_rom.cc:155:do_switch$3$rdmux[0][2][3]$a$63 [3] 2'11 $memory$auto$proc_rom.cc:155:do_switch$3$rdmux[0][2][3]$a$63 [12] 1'0 $memory$auto$proc_rom.cc:155:do_switch$3$rdmux[0][2][3]$a$63 [5] $memory$auto$proc_rom.cc:155:do_switch$3$rdmux[0][2][3]$a$63 [3] 2'00 }
    Consolidated identical input bits for $mux cell $memory$auto$proc_rom.cc:155:do_switch$3$rdmux[0][3][5]$80:
      Old ports: A=$memory$auto$proc_rom.cc:155:do_switch$3$rdmux[0][3][5]$a$81, B=$memory$auto$proc_rom.cc:155:do_switch$3$rdmux[0][3][5]$b$82, Y=$memory$auto$proc_rom.cc:155:do_switch$3$rdmux[0][2][2]$b$61
      New ports: A={ $memory$auto$proc_rom.cc:155:do_switch$3$rdmux[0][3][5]$a$81 [6] $memory$auto$proc_rom.cc:155:do_switch$3$rdmux[0][3][5]$a$81 [7:6] 2'11 $memory$auto$proc_rom.cc:155:do_switch$3$rdmux[0][3][5]$a$81 [7:6] $memory$auto$proc_rom.cc:155:do_switch$3$rdmux[0][3][5]$a$81 [7] $memory$auto$proc_rom.cc:155:do_switch$3$rdmux[0][3][5]$a$81 [7:6] 3'000 }, B={ 3'100 $memory$auto$proc_rom.cc:155:do_switch$3$rdmux[0][3][5]$b$82 [2] 2'01 $memory$auto$proc_rom.cc:155:do_switch$3$rdmux[0][3][5]$b$82 [2] $memory$auto$proc_rom.cc:155:do_switch$3$rdmux[0][3][5]$b$82 [2] $memory$auto$proc_rom.cc:155:do_switch$3$rdmux[0][3][5]$b$82 [0] $memory$auto$proc_rom.cc:155:do_switch$3$rdmux[0][3][5]$b$82 [0] $memory$auto$proc_rom.cc:155:do_switch$3$rdmux[0][3][5]$b$82 [2] 1'1 $memory$auto$proc_rom.cc:155:do_switch$3$rdmux[0][3][5]$b$82 [0] }, Y={ $memory$auto$proc_rom.cc:155:do_switch$3$rdmux[0][2][2]$b$61 [31:30] $memory$auto$proc_rom.cc:155:do_switch$3$rdmux[0][2][2]$b$61 [23] $memory$auto$proc_rom.cc:155:do_switch$3$rdmux[0][2][2]$b$61 [18] $memory$auto$proc_rom.cc:155:do_switch$3$rdmux[0][2][2]$b$61 [15] $memory$auto$proc_rom.cc:155:do_switch$3$rdmux[0][2][2]$b$61 [10:6] $memory$auto$proc_rom.cc:155:do_switch$3$rdmux[0][2][2]$b$61 [2:0] }
      New connections: { $memory$auto$proc_rom.cc:155:do_switch$3$rdmux[0][2][2]$b$61 [29:24] $memory$auto$proc_rom.cc:155:do_switch$3$rdmux[0][2][2]$b$61 [22:19] $memory$auto$proc_rom.cc:155:do_switch$3$rdmux[0][2][2]$b$61 [17:16] $memory$auto$proc_rom.cc:155:do_switch$3$rdmux[0][2][2]$b$61 [14:11] $memory$auto$proc_rom.cc:155:do_switch$3$rdmux[0][2][2]$b$61 [5:3] } = { $memory$auto$proc_rom.cc:155:do_switch$3$rdmux[0][2][2]$b$61 [23] $memory$auto$proc_rom.cc:155:do_switch$3$rdmux[0][2][2]$b$61 [8] $memory$auto$proc_rom.cc:155:do_switch$3$rdmux[0][2][2]$b$61 [23] $memory$auto$proc_rom.cc:155:do_switch$3$rdmux[0][2][2]$b$61 [1] $memory$auto$proc_rom.cc:155:do_switch$3$rdmux[0][2][2]$b$61 [18] $memory$auto$proc_rom.cc:155:do_switch$3$rdmux[0][2][2]$b$61 [10] $memory$auto$proc_rom.cc:155:do_switch$3$rdmux[0][2][2]$b$61 [0] $memory$auto$proc_rom.cc:155:do_switch$3$rdmux[0][2][2]$b$61 [8] $memory$auto$proc_rom.cc:155:do_switch$3$rdmux[0][2][2]$b$61 [18] $memory$auto$proc_rom.cc:155:do_switch$3$rdmux[0][2][2]$b$61 [7] $memory$auto$proc_rom.cc:155:do_switch$3$rdmux[0][2][2]$b$61 [8] 1'0 $memory$auto$proc_rom.cc:155:do_switch$3$rdmux[0][2][2]$b$61 [9] $memory$auto$proc_rom.cc:155:do_switch$3$rdmux[0][2][2]$b$61 [10] 1'1 $memory$auto$proc_rom.cc:155:do_switch$3$rdmux[0][2][2]$b$61 [6] $memory$auto$proc_rom.cc:155:do_switch$3$rdmux[0][2][2]$b$61 [0] $memory$auto$proc_rom.cc:155:do_switch$3$rdmux[0][2][2]$b$61 [0] 1'1 }
    Consolidated identical input bits for $mux cell $memory$auto$proc_rom.cc:155:do_switch$3$rdmux[0][3][4]$77:
      Old ports: A=$memory$auto$proc_rom.cc:155:do_switch$3$rdmux[0][3][4]$a$78, B=$memory$auto$proc_rom.cc:155:do_switch$3$rdmux[0][3][4]$b$79, Y=$memory$auto$proc_rom.cc:155:do_switch$3$rdmux[0][2][2]$a$60
      New ports: A={ $memory$auto$proc_rom.cc:155:do_switch$3$rdmux[0][3][4]$a$78 [5] $memory$auto$proc_rom.cc:155:do_switch$3$rdmux[0][3][4]$a$78 [5] 2'00 $memory$auto$proc_rom.cc:155:do_switch$3$rdmux[0][3][4]$a$78 [3] $memory$auto$proc_rom.cc:155:do_switch$3$rdmux[0][3][4]$a$78 [3] 1'1 $memory$auto$proc_rom.cc:155:do_switch$3$rdmux[0][3][4]$a$78 [5] 1'1 $memory$auto$proc_rom.cc:155:do_switch$3$rdmux[0][3][4]$a$78 [3] 1'0 }, B={ $memory$auto$proc_rom.cc:155:do_switch$3$rdmux[0][3][4]$b$79 [9] 1'1 $memory$auto$proc_rom.cc:155:do_switch$3$rdmux[0][3][4]$b$79 [6] $memory$auto$proc_rom.cc:155:do_switch$3$rdmux[0][3][4]$b$79 [9] $memory$auto$proc_rom.cc:155:do_switch$3$rdmux[0][3][4]$b$79 [9] $memory$auto$proc_rom.cc:155:do_switch$3$rdmux[0][3][4]$b$79 [6] $memory$auto$proc_rom.cc:155:do_switch$3$rdmux[0][3][4]$b$79 [6] 4'0011 }, Y={ $memory$auto$proc_rom.cc:155:do_switch$3$rdmux[0][2][2]$a$60 [22] $memory$auto$proc_rom.cc:155:do_switch$3$rdmux[0][2][2]$a$60 [18:17] $memory$auto$proc_rom.cc:155:do_switch$3$rdmux[0][2][2]$a$60 [14] $memory$auto$proc_rom.cc:155:do_switch$3$rdmux[0][2][2]$a$60 [9] $memory$auto$proc_rom.cc:155:do_switch$3$rdmux[0][2][2]$a$60 [7:3] $memory$auto$proc_rom.cc:155:do_switch$3$rdmux[0][2][2]$a$60 [1] }
      New connections: { $memory$auto$proc_rom.cc:155:do_switch$3$rdmux[0][2][2]$a$60 [31:23] $memory$auto$proc_rom.cc:155:do_switch$3$rdmux[0][2][2]$a$60 [21:19] $memory$auto$proc_rom.cc:155:do_switch$3$rdmux[0][2][2]$a$60 [16:15] $memory$auto$proc_rom.cc:155:do_switch$3$rdmux[0][2][2]$a$60 [13:10] $memory$auto$proc_rom.cc:155:do_switch$3$rdmux[0][2][2]$a$60 [8] $memory$auto$proc_rom.cc:155:do_switch$3$rdmux[0][2][2]$a$60 [2] $memory$auto$proc_rom.cc:155:do_switch$3$rdmux[0][2][2]$a$60 [0] } = { $memory$auto$proc_rom.cc:155:do_switch$3$rdmux[0][2][2]$a$60 [22] $memory$auto$proc_rom.cc:155:do_switch$3$rdmux[0][2][2]$a$60 [4] $memory$auto$proc_rom.cc:155:do_switch$3$rdmux[0][2][2]$a$60 [22] $memory$auto$proc_rom.cc:155:do_switch$3$rdmux[0][2][2]$a$60 [14] 1'1 $memory$auto$proc_rom.cc:155:do_switch$3$rdmux[0][2][2]$a$60 [4] 1'1 $memory$auto$proc_rom.cc:155:do_switch$3$rdmux[0][2][2]$a$60 [5] $memory$auto$proc_rom.cc:155:do_switch$3$rdmux[0][2][2]$a$60 [18] $memory$auto$proc_rom.cc:155:do_switch$3$rdmux[0][2][2]$a$60 [3] $memory$auto$proc_rom.cc:155:do_switch$3$rdmux[0][2][2]$a$60 [3] 1'0 $memory$auto$proc_rom.cc:155:do_switch$3$rdmux[0][2][2]$a$60 [4] $memory$auto$proc_rom.cc:155:do_switch$3$rdmux[0][2][2]$a$60 [4] $memory$auto$proc_rom.cc:155:do_switch$3$rdmux[0][2][2]$a$60 [1] $memory$auto$proc_rom.cc:155:do_switch$3$rdmux[0][2][2]$a$60 [1] $memory$auto$proc_rom.cc:155:do_switch$3$rdmux[0][2][2]$a$60 [6] $memory$auto$proc_rom.cc:155:do_switch$3$rdmux[0][2][2]$a$60 [9] $memory$auto$proc_rom.cc:155:do_switch$3$rdmux[0][2][2]$a$60 [5] 2'11 }
    Consolidated identical input bits for $mux cell $memory$auto$proc_rom.cc:155:do_switch$3$rdmux[0][3][3]$74:
      Old ports: A=$memory$auto$proc_rom.cc:155:do_switch$3$rdmux[0][3][3]$a$75, B=$memory$auto$proc_rom.cc:155:do_switch$3$rdmux[0][3][3]$b$76, Y=$memory$auto$proc_rom.cc:155:do_switch$3$rdmux[0][2][1]$b$58
      New ports: A={ 1'0 $memory$auto$proc_rom.cc:155:do_switch$3$rdmux[0][3][3]$a$75 [8] $memory$auto$proc_rom.cc:155:do_switch$3$rdmux[0][3][3]$a$75 [8] 1'1 $memory$auto$proc_rom.cc:155:do_switch$3$rdmux[0][3][3]$a$75 [2] $memory$auto$proc_rom.cc:155:do_switch$3$rdmux[0][3][3]$a$75 [8] 1'1 $memory$auto$proc_rom.cc:155:do_switch$3$rdmux[0][3][3]$a$75 [2] $memory$auto$proc_rom.cc:155:do_switch$3$rdmux[0][3][3]$a$75 [2] 2'10 }, B={ $memory$auto$proc_rom.cc:155:do_switch$3$rdmux[0][3][3]$b$76 [1] 1'1 $memory$auto$proc_rom.cc:155:do_switch$3$rdmux[0][3][3]$b$76 [5] 1'0 $memory$auto$proc_rom.cc:155:do_switch$3$rdmux[0][3][3]$b$76 [5] 1'0 $memory$auto$proc_rom.cc:155:do_switch$3$rdmux[0][3][3]$b$76 [5] 2'10 $memory$auto$proc_rom.cc:155:do_switch$3$rdmux[0][3][3]$b$76 [1] 1'1 }, Y={ $memory$auto$proc_rom.cc:155:do_switch$3$rdmux[0][2][1]$b$58 [31] $memory$auto$proc_rom.cc:155:do_switch$3$rdmux[0][2][1]$b$58 [26] $memory$auto$proc_rom.cc:155:do_switch$3$rdmux[0][2][1]$b$58 [16] $memory$auto$proc_rom.cc:155:do_switch$3$rdmux[0][2][1]$b$58 [13] $memory$auto$proc_rom.cc:155:do_switch$3$rdmux[0][2][1]$b$58 [11] $memory$auto$proc_rom.cc:155:do_switch$3$rdmux[0][2][1]$b$58 [8] $memory$auto$proc_rom.cc:155:do_switch$3$rdmux[0][2][1]$b$58 [5] $memory$auto$proc_rom.cc:155:do_switch$3$rdmux[0][2][1]$b$58 [3:0] }
      New connections: { $memory$auto$proc_rom.cc:155:do_switch$3$rdmux[0][2][1]$b$58 [30:27] $memory$auto$proc_rom.cc:155:do_switch$3$rdmux[0][2][1]$b$58 [25:17] $memory$auto$proc_rom.cc:155:do_switch$3$rdmux[0][2][1]$b$58 [15:14] $memory$auto$proc_rom.cc:155:do_switch$3$rdmux[0][2][1]$b$58 [12] $memory$auto$proc_rom.cc:155:do_switch$3$rdmux[0][2][1]$b$58 [10:9] $memory$auto$proc_rom.cc:155:do_switch$3$rdmux[0][2][1]$b$58 [7:6] $memory$auto$proc_rom.cc:155:do_switch$3$rdmux[0][2][1]$b$58 [4] } = { 1'1 $memory$auto$proc_rom.cc:155:do_switch$3$rdmux[0][2][1]$b$58 [13] $memory$auto$proc_rom.cc:155:do_switch$3$rdmux[0][2][1]$b$58 [5] 2'01 $memory$auto$proc_rom.cc:155:do_switch$3$rdmux[0][2][1]$b$58 [0] $memory$auto$proc_rom.cc:155:do_switch$3$rdmux[0][2][1]$b$58 [13] $memory$auto$proc_rom.cc:155:do_switch$3$rdmux[0][2][1]$b$58 [5] $memory$auto$proc_rom.cc:155:do_switch$3$rdmux[0][2][1]$b$58 [16] $memory$auto$proc_rom.cc:155:do_switch$3$rdmux[0][2][1]$b$58 [0] 2'11 $memory$auto$proc_rom.cc:155:do_switch$3$rdmux[0][2][1]$b$58 [5] $memory$auto$proc_rom.cc:155:do_switch$3$rdmux[0][2][1]$b$58 [13] $memory$auto$proc_rom.cc:155:do_switch$3$rdmux[0][2][1]$b$58 [3] $memory$auto$proc_rom.cc:155:do_switch$3$rdmux[0][2][1]$b$58 [11] 1'1 $memory$auto$proc_rom.cc:155:do_switch$3$rdmux[0][2][1]$b$58 [3:2] $memory$auto$proc_rom.cc:155:do_switch$3$rdmux[0][2][1]$b$58 [5] $memory$auto$proc_rom.cc:155:do_switch$3$rdmux[0][2][1]$b$58 [1] }
    Consolidated identical input bits for $mux cell $memory$auto$proc_rom.cc:155:do_switch$3$rdmux[0][3][2]$71:
      Old ports: A=$memory$auto$proc_rom.cc:155:do_switch$3$rdmux[0][3][2]$a$72, B=$memory$auto$proc_rom.cc:155:do_switch$3$rdmux[0][3][2]$b$73, Y=$memory$auto$proc_rom.cc:155:do_switch$3$rdmux[0][2][1]$a$57
      New ports: A={ 2'10 $memory$auto$proc_rom.cc:155:do_switch$3$rdmux[0][3][2]$a$72 [2:1] 1'1 $memory$auto$proc_rom.cc:155:do_switch$3$rdmux[0][3][2]$a$72 [2] $memory$auto$proc_rom.cc:155:do_switch$3$rdmux[0][3][2]$a$72 [2:1] 1'0 $memory$auto$proc_rom.cc:155:do_switch$3$rdmux[0][3][2]$a$72 [1] $memory$auto$proc_rom.cc:155:do_switch$3$rdmux[0][3][2]$a$72 [2:1] 1'1 }, B={ $memory$auto$proc_rom.cc:155:do_switch$3$rdmux[0][3][2]$b$73 [5] 1'1 $memory$auto$proc_rom.cc:155:do_switch$3$rdmux[0][3][2]$b$73 [5] 3'001 $memory$auto$proc_rom.cc:155:do_switch$3$rdmux[0][3][2]$b$73 [0] $memory$auto$proc_rom.cc:155:do_switch$3$rdmux[0][3][2]$b$73 [5] $memory$auto$proc_rom.cc:155:do_switch$3$rdmux[0][3][2]$b$73 [5] $memory$auto$proc_rom.cc:155:do_switch$3$rdmux[0][3][2]$b$73 [0] 2'01 $memory$auto$proc_rom.cc:155:do_switch$3$rdmux[0][3][2]$b$73 [0] }, Y={ $memory$auto$proc_rom.cc:155:do_switch$3$rdmux[0][2][1]$a$57 [27:26] $memory$auto$proc_rom.cc:155:do_switch$3$rdmux[0][2][1]$a$57 [20] $memory$auto$proc_rom.cc:155:do_switch$3$rdmux[0][2][1]$a$57 [16] $memory$auto$proc_rom.cc:155:do_switch$3$rdmux[0][2][1]$a$57 [12] $memory$auto$proc_rom.cc:155:do_switch$3$rdmux[0][2][1]$a$57 [8:4] $memory$auto$proc_rom.cc:155:do_switch$3$rdmux[0][2][1]$a$57 [2:0] }
      New connections: { $memory$auto$proc_rom.cc:155:do_switch$3$rdmux[0][2][1]$a$57 [31:28] $memory$auto$proc_rom.cc:155:do_switch$3$rdmux[0][2][1]$a$57 [25:21] $memory$auto$proc_rom.cc:155:do_switch$3$rdmux[0][2][1]$a$57 [19:17] $memory$auto$proc_rom.cc:155:do_switch$3$rdmux[0][2][1]$a$57 [15:13] $memory$auto$proc_rom.cc:155:do_switch$3$rdmux[0][2][1]$a$57 [11:9] $memory$auto$proc_rom.cc:155:do_switch$3$rdmux[0][2][1]$a$57 [3] } = { $memory$auto$proc_rom.cc:155:do_switch$3$rdmux[0][2][1]$a$57 [26] $memory$auto$proc_rom.cc:155:do_switch$3$rdmux[0][2][1]$a$57 [1] $memory$auto$proc_rom.cc:155:do_switch$3$rdmux[0][2][1]$a$57 [2] $memory$auto$proc_rom.cc:155:do_switch$3$rdmux[0][2][1]$a$57 [16] $memory$auto$proc_rom.cc:155:do_switch$3$rdmux[0][2][1]$a$57 [16] $memory$auto$proc_rom.cc:155:do_switch$3$rdmux[0][2][1]$a$57 [0] $memory$auto$proc_rom.cc:155:do_switch$3$rdmux[0][2][1]$a$57 [1] $memory$auto$proc_rom.cc:155:do_switch$3$rdmux[0][2][1]$a$57 [8] $memory$auto$proc_rom.cc:155:do_switch$3$rdmux[0][2][1]$a$57 [20] $memory$auto$proc_rom.cc:155:do_switch$3$rdmux[0][2][1]$a$57 [12] 1'1 $memory$auto$proc_rom.cc:155:do_switch$3$rdmux[0][2][1]$a$57 [0] 1'0 $memory$auto$proc_rom.cc:155:do_switch$3$rdmux[0][2][1]$a$57 [7] $memory$auto$proc_rom.cc:155:do_switch$3$rdmux[0][2][1]$a$57 [0] $memory$auto$proc_rom.cc:155:do_switch$3$rdmux[0][2][1]$a$57 [2] $memory$auto$proc_rom.cc:155:do_switch$3$rdmux[0][2][1]$a$57 [6] $memory$auto$proc_rom.cc:155:do_switch$3$rdmux[0][2][1]$a$57 [1] $memory$auto$proc_rom.cc:155:do_switch$3$rdmux[0][2][1]$a$57 [2] }
    Consolidated identical input bits for $mux cell $memory$auto$proc_rom.cc:155:do_switch$3$rdmux[0][3][1]$68:
      Old ports: A=$memory$auto$proc_rom.cc:155:do_switch$3$rdmux[0][3][1]$a$69, B=$memory$auto$proc_rom.cc:155:do_switch$3$rdmux[0][3][1]$b$70, Y=$memory$auto$proc_rom.cc:155:do_switch$3$rdmux[0][2][0]$b$55
      New ports: A={ 1'1 $memory$auto$proc_rom.cc:155:do_switch$3$rdmux[0][3][1]$a$69 [0] 2'10 $memory$auto$proc_rom.cc:155:do_switch$3$rdmux[0][3][1]$a$69 [0] $memory$auto$proc_rom.cc:155:do_switch$3$rdmux[0][3][1]$a$69 [3] 1'0 $memory$auto$proc_rom.cc:155:do_switch$3$rdmux[0][3][1]$a$69 [3] 1'1 $memory$auto$proc_rom.cc:155:do_switch$3$rdmux[0][3][1]$a$69 [0] $memory$auto$proc_rom.cc:155:do_switch$3$rdmux[0][3][1]$a$69 [3] $memory$auto$proc_rom.cc:155:do_switch$3$rdmux[0][3][1]$a$69 [3] 1'0 $memory$auto$proc_rom.cc:155:do_switch$3$rdmux[0][3][1]$a$69 [0] }, B={ $memory$auto$proc_rom.cc:155:do_switch$3$rdmux[0][3][1]$b$70 [17] $memory$auto$proc_rom.cc:155:do_switch$3$rdmux[0][3][1]$b$70 [17] 1'0 $memory$auto$proc_rom.cc:155:do_switch$3$rdmux[0][3][1]$b$70 [17] 1'1 $memory$auto$proc_rom.cc:155:do_switch$3$rdmux[0][3][1]$b$70 [17] 2'11 $memory$auto$proc_rom.cc:155:do_switch$3$rdmux[0][3][1]$b$70 [0] 1'0 $memory$auto$proc_rom.cc:155:do_switch$3$rdmux[0][3][1]$b$70 [0] 1'0 $memory$auto$proc_rom.cc:155:do_switch$3$rdmux[0][3][1]$b$70 [0] $memory$auto$proc_rom.cc:155:do_switch$3$rdmux[0][3][1]$b$70 [0] }, Y={ $memory$auto$proc_rom.cc:155:do_switch$3$rdmux[0][2][0]$b$55 [31] $memory$auto$proc_rom.cc:155:do_switch$3$rdmux[0][2][0]$b$55 [27] $memory$auto$proc_rom.cc:155:do_switch$3$rdmux[0][2][0]$b$55 [25] $memory$auto$proc_rom.cc:155:do_switch$3$rdmux[0][2][0]$b$55 [22] $memory$auto$proc_rom.cc:155:do_switch$3$rdmux[0][2][0]$b$55 [18:17] $memory$auto$proc_rom.cc:155:do_switch$3$rdmux[0][2][0]$b$55 [11:9] $memory$auto$proc_rom.cc:155:do_switch$3$rdmux[0][2][0]$b$55 [7] $memory$auto$proc_rom.cc:155:do_switch$3$rdmux[0][2][0]$b$55 [5] $memory$auto$proc_rom.cc:155:do_switch$3$rdmux[0][2][0]$b$55 [3] $memory$auto$proc_rom.cc:155:do_switch$3$rdmux[0][2][0]$b$55 [1:0] }
      New connections: { $memory$auto$proc_rom.cc:155:do_switch$3$rdmux[0][2][0]$b$55 [30:28] $memory$auto$proc_rom.cc:155:do_switch$3$rdmux[0][2][0]$b$55 [26] $memory$auto$proc_rom.cc:155:do_switch$3$rdmux[0][2][0]$b$55 [24:23] $memory$auto$proc_rom.cc:155:do_switch$3$rdmux[0][2][0]$b$55 [21:19] $memory$auto$proc_rom.cc:155:do_switch$3$rdmux[0][2][0]$b$55 [16:12] $memory$auto$proc_rom.cc:155:do_switch$3$rdmux[0][2][0]$b$55 [8] $memory$auto$proc_rom.cc:155:do_switch$3$rdmux[0][2][0]$b$55 [6] $memory$auto$proc_rom.cc:155:do_switch$3$rdmux[0][2][0]$b$55 [4] $memory$auto$proc_rom.cc:155:do_switch$3$rdmux[0][2][0]$b$55 [2] } = { $memory$auto$proc_rom.cc:155:do_switch$3$rdmux[0][2][0]$b$55 [1] 1'1 $memory$auto$proc_rom.cc:155:do_switch$3$rdmux[0][2][0]$b$55 [25] $memory$auto$proc_rom.cc:155:do_switch$3$rdmux[0][2][0]$b$55 [7] $memory$auto$proc_rom.cc:155:do_switch$3$rdmux[0][2][0]$b$55 [18] $memory$auto$proc_rom.cc:155:do_switch$3$rdmux[0][2][0]$b$55 [5] $memory$auto$proc_rom.cc:155:do_switch$3$rdmux[0][2][0]$b$55 [3] $memory$auto$proc_rom.cc:155:do_switch$3$rdmux[0][2][0]$b$55 [9] $memory$auto$proc_rom.cc:155:do_switch$3$rdmux[0][2][0]$b$55 [5] 1'0 $memory$auto$proc_rom.cc:155:do_switch$3$rdmux[0][2][0]$b$55 [10] $memory$auto$proc_rom.cc:155:do_switch$3$rdmux[0][2][0]$b$55 [1] $memory$auto$proc_rom.cc:155:do_switch$3$rdmux[0][2][0]$b$55 [11] $memory$auto$proc_rom.cc:155:do_switch$3$rdmux[0][2][0]$b$55 [1] $memory$auto$proc_rom.cc:155:do_switch$3$rdmux[0][2][0]$b$55 [3] $memory$auto$proc_rom.cc:155:do_switch$3$rdmux[0][2][0]$b$55 [5] $memory$auto$proc_rom.cc:155:do_switch$3$rdmux[0][2][0]$b$55 [3] 1'0 }
    Consolidated identical input bits for $mux cell $memory$auto$proc_rom.cc:155:do_switch$3$rdmux[0][3][0]$65:
      Old ports: A=$memory$auto$proc_rom.cc:155:do_switch$3$rdmux[0][3][0]$a$66, B=$memory$auto$proc_rom.cc:155:do_switch$3$rdmux[0][3][0]$b$67, Y=$memory$auto$proc_rom.cc:155:do_switch$3$rdmux[0][2][0]$a$54
      New ports: A={ $memory$auto$proc_rom.cc:155:do_switch$3$rdmux[0][3][0]$a$66 [2:1] 3'010 $memory$auto$proc_rom.cc:155:do_switch$3$rdmux[0][3][0]$a$66 [1] $memory$auto$proc_rom.cc:155:do_switch$3$rdmux[0][3][0]$a$66 [2] 2'10 $memory$auto$proc_rom.cc:155:do_switch$3$rdmux[0][3][0]$a$66 [1] $memory$auto$proc_rom.cc:155:do_switch$3$rdmux[0][3][0]$a$66 [2:1] }, B={ 1'1 $memory$auto$proc_rom.cc:155:do_switch$3$rdmux[0][3][0]$b$67 [2] 1'1 $memory$auto$proc_rom.cc:155:do_switch$3$rdmux[0][3][0]$b$67 [3] $memory$auto$proc_rom.cc:155:do_switch$3$rdmux[0][3][0]$b$67 [3] 3'100 $memory$auto$proc_rom.cc:155:do_switch$3$rdmux[0][3][0]$b$67 [2] $memory$auto$proc_rom.cc:155:do_switch$3$rdmux[0][3][0]$b$67 [3:2] 1'0 }, Y={ $memory$auto$proc_rom.cc:155:do_switch$3$rdmux[0][2][0]$a$54 [28] $memory$auto$proc_rom.cc:155:do_switch$3$rdmux[0][2][0]$a$54 [25] $memory$auto$proc_rom.cc:155:do_switch$3$rdmux[0][2][0]$a$54 [18] $memory$auto$proc_rom.cc:155:do_switch$3$rdmux[0][2][0]$a$54 [15] $memory$auto$proc_rom.cc:155:do_switch$3$rdmux[0][2][0]$a$54 [12:11] $memory$auto$proc_rom.cc:155:do_switch$3$rdmux[0][2][0]$a$54 [9] $memory$auto$proc_rom.cc:155:do_switch$3$rdmux[0][2][0]$a$54 [5:1] }
      New connections: { $memory$auto$proc_rom.cc:155:do_switch$3$rdmux[0][2][0]$a$54 [31:29] $memory$auto$proc_rom.cc:155:do_switch$3$rdmux[0][2][0]$a$54 [27:26] $memory$auto$proc_rom.cc:155:do_switch$3$rdmux[0][2][0]$a$54 [24:19] $memory$auto$proc_rom.cc:155:do_switch$3$rdmux[0][2][0]$a$54 [17:16] $memory$auto$proc_rom.cc:155:do_switch$3$rdmux[0][2][0]$a$54 [14:13] $memory$auto$proc_rom.cc:155:do_switch$3$rdmux[0][2][0]$a$54 [10] $memory$auto$proc_rom.cc:155:do_switch$3$rdmux[0][2][0]$a$54 [8:6] $memory$auto$proc_rom.cc:155:do_switch$3$rdmux[0][2][0]$a$54 [0] } = { $memory$auto$proc_rom.cc:155:do_switch$3$rdmux[0][2][0]$a$54 [1] $memory$auto$proc_rom.cc:155:do_switch$3$rdmux[0][2][0]$a$54 [5] $memory$auto$proc_rom.cc:155:do_switch$3$rdmux[0][2][0]$a$54 [11] 2'10 $memory$auto$proc_rom.cc:155:do_switch$3$rdmux[0][2][0]$a$54 [4] $memory$auto$proc_rom.cc:155:do_switch$3$rdmux[0][2][0]$a$54 [5:4] 1'1 $memory$auto$proc_rom.cc:155:do_switch$3$rdmux[0][2][0]$a$54 [1] 2'01 $memory$auto$proc_rom.cc:155:do_switch$3$rdmux[0][2][0]$a$54 [3:2] $memory$auto$proc_rom.cc:155:do_switch$3$rdmux[0][2][0]$a$54 [12] $memory$auto$proc_rom.cc:155:do_switch$3$rdmux[0][2][0]$a$54 [1] $memory$auto$proc_rom.cc:155:do_switch$3$rdmux[0][2][0]$a$54 [2] 1'1 $memory$auto$proc_rom.cc:155:do_switch$3$rdmux[0][2][0]$a$54 [2] 1'1 }
  Optimizing cells in module \sweep_32x32_portable.
    Consolidated identical input bits for $mux cell $memory$auto$proc_rom.cc:155:do_switch$3$rdmux[0][2][3]$62:
      Old ports: A=$memory$auto$proc_rom.cc:155:do_switch$3$rdmux[0][2][3]$a$63, B=$memory$auto$proc_rom.cc:155:do_switch$3$rdmux[0][2][3]$b$64, Y=$memory$auto$proc_rom.cc:155:do_switch$3$rdmux[0][1][1]$b$52
      New ports: A={ $memory$auto$proc_rom.cc:155:do_switch$3$rdmux[0][2][3]$a$63 [5] $memory$auto$proc_rom.cc:155:do_switch$3$rdmux[0][2][3]$a$63 [6] 1'1 $memory$auto$proc_rom.cc:155:do_switch$3$rdmux[0][2][3]$a$63 [2] $memory$auto$proc_rom.cc:155:do_switch$3$rdmux[0][2][3]$a$63 [10] $memory$auto$proc_rom.cc:155:do_switch$3$rdmux[0][2][3]$a$63 [2] $memory$auto$proc_rom.cc:155:do_switch$3$rdmux[0][2][3]$a$63 [6:5] $memory$auto$proc_rom.cc:155:do_switch$3$rdmux[0][2][3]$a$63 [23] $memory$auto$proc_rom.cc:155:do_switch$3$rdmux[0][2][3]$a$63 [5] $memory$auto$proc_rom.cc:155:do_switch$3$rdmux[0][2][3]$a$63 [21] $memory$auto$proc_rom.cc:155:do_switch$3$rdmux[0][2][3]$a$63 [6] $memory$auto$proc_rom.cc:155:do_switch$3$rdmux[0][2][3]$a$63 [3] 2'11 $memory$auto$proc_rom.cc:155:do_switch$3$rdmux[0][2][3]$a$63 [12] $memory$auto$proc_rom.cc:155:do_switch$3$rdmux[0][2][3]$a$63 [14:12] 1'0 $memory$auto$proc_rom.cc:155:do_switch$3$rdmux[0][2][3]$a$63 [10] $memory$auto$proc_rom.cc:155:do_switch$3$rdmux[0][2][3]$a$63 [5] $memory$auto$proc_rom.cc:155:do_switch$3$rdmux[0][2][3]$a$63 [3] $memory$auto$proc_rom.cc:155:do_switch$3$rdmux[0][2][3]$a$63 [6:2] 1'0 $memory$auto$proc_rom.cc:155:do_switch$3$rdmux[0][2][3]$a$63 [0] }, B={ $memory$auto$proc_rom.cc:155:do_switch$3$rdmux[0][2][3]$b$64 [10] $memory$auto$proc_rom.cc:155:do_switch$3$rdmux[0][2][3]$b$64 [30] $memory$auto$proc_rom.cc:155:do_switch$3$rdmux[0][2][3]$b$64 [6] $memory$auto$proc_rom.cc:155:do_switch$3$rdmux[0][2][3]$b$64 [28] $memory$auto$proc_rom.cc:155:do_switch$3$rdmux[0][2][3]$b$64 [1] $memory$auto$proc_rom.cc:155:do_switch$3$rdmux[0][2][3]$b$64 [1] $memory$auto$proc_rom.cc:155:do_switch$3$rdmux[0][2][3]$b$64 [17] $memory$auto$proc_rom.cc:155:do_switch$3$rdmux[0][2][3]$b$64 [8] 1'0 $memory$auto$proc_rom.cc:155:do_switch$3$rdmux[0][2][3]$b$64 [22:21] $memory$auto$proc_rom.cc:155:do_switch$3$rdmux[0][2][3]$b$64 [10] $memory$auto$proc_rom.cc:155:do_switch$3$rdmux[0][2][3]$b$64 [4] $memory$auto$proc_rom.cc:155:do_switch$3$rdmux[0][2][3]$b$64 [17:16] $memory$auto$proc_rom.cc:155:do_switch$3$rdmux[0][2][3]$b$64 [8] 1'0 $memory$auto$proc_rom.cc:155:do_switch$3$rdmux[0][2][3]$b$64 [13] $memory$auto$proc_rom.cc:155:do_switch$3$rdmux[0][2][3]$b$64 [10] $memory$auto$proc_rom.cc:155:do_switch$3$rdmux[0][2][3]$b$64 [4] $memory$auto$proc_rom.cc:155:do_switch$3$rdmux[0][2][3]$b$64 [10] 1'0 $memory$auto$proc_rom.cc:155:do_switch$3$rdmux[0][2][3]$b$64 [8] $memory$auto$proc_rom.cc:155:do_switch$3$rdmux[0][2][3]$b$64 [6] $memory$auto$proc_rom.cc:155:do_switch$3$rdmux[0][2][3]$b$64 [4] $memory$auto$proc_rom.cc:155:do_switch$3$rdmux[0][2][3]$b$64 [4] 1'1 $memory$auto$proc_rom.cc:155:do_switch$3$rdmux[0][2][3]$b$64 [2:1] 1'0 }, Y={ $memory$auto$proc_rom.cc:155:do_switch$3$rdmux[0][1][1]$b$52 [31:20] $memory$auto$proc_rom.cc:155:do_switch$3$rdmux[0][1][1]$b$52 [18:8] $memory$auto$proc_rom.cc:155:do_switch$3$rdmux[0][1][1]$b$52 [6:0] }
      New connections: { $memory$auto$proc_rom.cc:155:do_switch$3$rdmux[0][1][1]$b$52 [19] $memory$auto$proc_rom.cc:155:do_switch$3$rdmux[0][1][1]$b$52 [7] } = { $memory$auto$proc_rom.cc:155:do_switch$3$rdmux[0][1][1]$b$52 [15] $memory$auto$proc_rom.cc:155:do_switch$3$rdmux[0][1][1]$b$52 [1] }
    Consolidated identical input bits for $mux cell $memory$auto$proc_rom.cc:155:do_switch$3$rdmux[0][2][2]$59:
      Old ports: A=$memory$auto$proc_rom.cc:155:do_switch$3$rdmux[0][2][2]$a$60, B=$memory$auto$proc_rom.cc:155:do_switch$3$rdmux[0][2][2]$b$61, Y=$memory$auto$proc_rom.cc:155:do_switch$3$rdmux[0][1][1]$a$51
      New ports: A={ $memory$auto$proc_rom.cc:155:do_switch$3$rdmux[0][2][2]$a$60 [22] $memory$auto$proc_rom.cc:155:do_switch$3$rdmux[0][2][2]$a$60 [4] $memory$auto$proc_rom.cc:155:do_switch$3$rdmux[0][2][2]$a$60 [22] $memory$auto$proc_rom.cc:155:do_switch$3$rdmux[0][2][2]$a$60 [14] 1'1 $memory$auto$proc_rom.cc:155:do_switch$3$rdmux[0][2][2]$a$60 [4] 1'1 $memory$auto$proc_rom.cc:155:do_switch$3$rdmux[0][2][2]$a$60 [5] $memory$auto$proc_rom.cc:155:do_switch$3$rdmux[0][2][2]$a$60 [18] $memory$auto$proc_rom.cc:155:do_switch$3$rdmux[0][2][2]$a$60 [22] $memory$auto$proc_rom.cc:155:do_switch$3$rdmux[0][2][2]$a$60 [3] $memory$auto$proc_rom.cc:155:do_switch$3$rdmux[0][2][2]$a$60 [3] 1'0 $memory$auto$proc_rom.cc:155:do_switch$3$rdmux[0][2][2]$a$60 [18:17] $memory$auto$proc_rom.cc:155:do_switch$3$rdmux[0][2][2]$a$60 [4] $memory$auto$proc_rom.cc:155:do_switch$3$rdmux[0][2][2]$a$60 [4] $memory$auto$proc_rom.cc:155:do_switch$3$rdmux[0][2][2]$a$60 [14] $memory$auto$proc_rom.cc:155:do_switch$3$rdmux[0][2][2]$a$60 [1] $memory$auto$proc_rom.cc:155:do_switch$3$rdmux[0][2][2]$a$60 [1] $memory$auto$proc_rom.cc:155:do_switch$3$rdmux[0][2][2]$a$60 [9] $memory$auto$proc_rom.cc:155:do_switch$3$rdmux[0][2][2]$a$60 [9] $memory$auto$proc_rom.cc:155:do_switch$3$rdmux[0][2][2]$a$60 [5] $memory$auto$proc_rom.cc:155:do_switch$3$rdmux[0][2][2]$a$60 [7:3] 1'1 $memory$auto$proc_rom.cc:155:do_switch$3$rdmux[0][2][2]$a$60 [1] 1'1 }, B={ $memory$auto$proc_rom.cc:155:do_switch$3$rdmux[0][2][2]$b$61 [31:30] $memory$auto$proc_rom.cc:155:do_switch$3$rdmux[0][2][2]$b$61 [23] $memory$auto$proc_rom.cc:155:do_switch$3$rdmux[0][2][2]$b$61 [8] $memory$auto$proc_rom.cc:155:do_switch$3$rdmux[0][2][2]$b$61 [23] $memory$auto$proc_rom.cc:155:do_switch$3$rdmux[0][2][2]$b$61 [1] $memory$auto$proc_rom.cc:155:do_switch$3$rdmux[0][2][2]$b$61 [18] $memory$auto$proc_rom.cc:155:do_switch$3$rdmux[0][2][2]$b$61 [10] $memory$auto$proc_rom.cc:155:do_switch$3$rdmux[0][2][2]$b$61 [23] $memory$auto$proc_rom.cc:155:do_switch$3$rdmux[0][2][2]$b$61 [0] $memory$auto$proc_rom.cc:155:do_switch$3$rdmux[0][2][2]$b$61 [8] $memory$auto$proc_rom.cc:155:do_switch$3$rdmux[0][2][2]$b$61 [18] $memory$auto$proc_rom.cc:155:do_switch$3$rdmux[0][2][2]$b$61 [7] $memory$auto$proc_rom.cc:155:do_switch$3$rdmux[0][2][2]$b$61 [18] $memory$auto$proc_rom.cc:155:do_switch$3$rdmux[0][2][2]$b$61 [8] 1'0 $memory$auto$proc_rom.cc:155:do_switch$3$rdmux[0][2][2]$b$61 [15] $memory$auto$proc_rom.cc:155:do_switch$3$rdmux[0][2][2]$b$61 [9] $memory$auto$proc_rom.cc:155:do_switch$3$rdmux[0][2][2]$b$61 [10] 1'1 $memory$auto$proc_rom.cc:155:do_switch$3$rdmux[0][2][2]$b$61 [10:6] $memory$auto$proc_rom.cc:155:do_switch$3$rdmux[0][2][2]$b$61 [0] $memory$auto$proc_rom.cc:155:do_switch$3$rdmux[0][2][2]$b$61 [0] 1'1 $memory$auto$proc_rom.cc:155:do_switch$3$rdmux[0][2][2]$b$61 [2:0] }, Y={ $memory$auto$proc_rom.cc:155:do_switch$3$rdmux[0][1][1]$a$51 [31:12] $memory$auto$proc_rom.cc:155:do_switch$3$rdmux[0][1][1]$a$51 [10:0] }
      New connections: $memory$auto$proc_rom.cc:155:do_switch$3$rdmux[0][1][1]$a$51 [11] = $memory$auto$proc_rom.cc:155:do_switch$3$rdmux[0][1][1]$a$51 [6]
    Consolidated identical input bits for $mux cell $memory$auto$proc_rom.cc:155:do_switch$3$rdmux[0][2][1]$56:
      Old ports: A=$memory$auto$proc_rom.cc:155:do_switch$3$rdmux[0][2][1]$a$57, B=$memory$auto$proc_rom.cc:155:do_switch$3$rdmux[0][2][1]$b$58, Y=$memory$auto$proc_rom.cc:155:do_switch$3$rdmux[0][1][0]$b$49
      New ports: A={ $memory$auto$proc_rom.cc:155:do_switch$3$rdmux[0][2][1]$a$57 [26] $memory$auto$proc_rom.cc:155:do_switch$3$rdmux[0][2][1]$a$57 [1] $memory$auto$proc_rom.cc:155:do_switch$3$rdmux[0][2][1]$a$57 [2] $memory$auto$proc_rom.cc:155:do_switch$3$rdmux[0][2][1]$a$57 [16] $memory$auto$proc_rom.cc:155:do_switch$3$rdmux[0][2][1]$a$57 [27:26] $memory$auto$proc_rom.cc:155:do_switch$3$rdmux[0][2][1]$a$57 [16] $memory$auto$proc_rom.cc:155:do_switch$3$rdmux[0][2][1]$a$57 [1] $memory$auto$proc_rom.cc:155:do_switch$3$rdmux[0][2][1]$a$57 [8] $memory$auto$proc_rom.cc:155:do_switch$3$rdmux[0][2][1]$a$57 [20] $memory$auto$proc_rom.cc:155:do_switch$3$rdmux[0][2][1]$a$57 [20] $memory$auto$proc_rom.cc:155:do_switch$3$rdmux[0][2][1]$a$57 [12] $memory$auto$proc_rom.cc:155:do_switch$3$rdmux[0][2][1]$a$57 [0] $memory$auto$proc_rom.cc:155:do_switch$3$rdmux[0][2][1]$a$57 [16] 1'0 $memory$auto$proc_rom.cc:155:do_switch$3$rdmux[0][2][1]$a$57 [7] $memory$auto$proc_rom.cc:155:do_switch$3$rdmux[0][2][1]$a$57 [0] $memory$auto$proc_rom.cc:155:do_switch$3$rdmux[0][2][1]$a$57 [12] $memory$auto$proc_rom.cc:155:do_switch$3$rdmux[0][2][1]$a$57 [2] $memory$auto$proc_rom.cc:155:do_switch$3$rdmux[0][2][1]$a$57 [6] $memory$auto$proc_rom.cc:155:do_switch$3$rdmux[0][2][1]$a$57 [1] $memory$auto$proc_rom.cc:155:do_switch$3$rdmux[0][2][1]$a$57 [8:4] $memory$auto$proc_rom.cc:155:do_switch$3$rdmux[0][2][1]$a$57 [2] $memory$auto$proc_rom.cc:155:do_switch$3$rdmux[0][2][1]$a$57 [2:0] }, B={ $memory$auto$proc_rom.cc:155:do_switch$3$rdmux[0][2][1]$b$58 [31] 1'1 $memory$auto$proc_rom.cc:155:do_switch$3$rdmux[0][2][1]$b$58 [13] $memory$auto$proc_rom.cc:155:do_switch$3$rdmux[0][2][1]$b$58 [5] 1'0 $memory$auto$proc_rom.cc:155:do_switch$3$rdmux[0][2][1]$b$58 [26] 1'1 $memory$auto$proc_rom.cc:155:do_switch$3$rdmux[0][2][1]$b$58 [13] $memory$auto$proc_rom.cc:155:do_switch$3$rdmux[0][2][1]$b$58 [5] $memory$auto$proc_rom.cc:155:do_switch$3$rdmux[0][2][1]$b$58 [16] $memory$auto$proc_rom.cc:155:do_switch$3$rdmux[0][2][1]$b$58 [0] 1'1 $memory$auto$proc_rom.cc:155:do_switch$3$rdmux[0][2][1]$b$58 [5] $memory$auto$proc_rom.cc:155:do_switch$3$rdmux[0][2][1]$b$58 [16] $memory$auto$proc_rom.cc:155:do_switch$3$rdmux[0][2][1]$b$58 [13] $memory$auto$proc_rom.cc:155:do_switch$3$rdmux[0][2][1]$b$58 [3] $memory$auto$proc_rom.cc:155:do_switch$3$rdmux[0][2][1]$b$58 [13] $memory$auto$proc_rom.cc:155:do_switch$3$rdmux[0][2][1]$b$58 [11] $memory$auto$proc_rom.cc:155:do_switch$3$rdmux[0][2][1]$b$58 [11] 1'1 $memory$auto$proc_rom.cc:155:do_switch$3$rdmux[0][2][1]$b$58 [3] $memory$auto$proc_rom.cc:155:do_switch$3$rdmux[0][2][1]$b$58 [8] $memory$auto$proc_rom.cc:155:do_switch$3$rdmux[0][2][1]$b$58 [2] $memory$auto$proc_rom.cc:155:do_switch$3$rdmux[0][2][1]$b$58 [5] $memory$auto$proc_rom.cc:155:do_switch$3$rdmux[0][2][1]$b$58 [5] $memory$auto$proc_rom.cc:155:do_switch$3$rdmux[0][2][1]$b$58 [1] $memory$auto$proc_rom.cc:155:do_switch$3$rdmux[0][2][1]$b$58 [3:0] }, Y={ $memory$auto$proc_rom.cc:155:do_switch$3$rdmux[0][1][0]$b$49 [31:25] $memory$auto$proc_rom.cc:155:do_switch$3$rdmux[0][1][0]$b$49 [23:19] $memory$auto$proc_rom.cc:155:do_switch$3$rdmux[0][1][0]$b$49 [17:0] }
      New connections: { $memory$auto$proc_rom.cc:155:do_switch$3$rdmux[0][1][0]$b$49 [24] $memory$auto$proc_rom.cc:155:do_switch$3$rdmux[0][1][0]$b$49 [18] } = { $memory$auto$proc_rom.cc:155:do_switch$3$rdmux[0][1][0]$b$49 [0] 1'1 }
    Consolidated identical input bits for $mux cell $memory$auto$proc_rom.cc:155:do_switch$3$rdmux[0][2][0]$53:
      Old ports: A=$memory$auto$proc_rom.cc:155:do_switch$3$rdmux[0][2][0]$a$54, B=$memory$auto$proc_rom.cc:155:do_switch$3$rdmux[0][2][0]$b$55, Y=$memory$auto$proc_rom.cc:155:do_switch$3$rdmux[0][1][0]$a$48
      New ports: A={ $memory$auto$proc_rom.cc:155:do_switch$3$rdmux[0][2][0]$a$54 [1] $memory$auto$proc_rom.cc:155:do_switch$3$rdmux[0][2][0]$a$54 [5] $memory$auto$proc_rom.cc:155:do_switch$3$rdmux[0][2][0]$a$54 [11] $memory$auto$proc_rom.cc:155:do_switch$3$rdmux[0][2][0]$a$54 [28] 2'10 $memory$auto$proc_rom.cc:155:do_switch$3$rdmux[0][2][0]$a$54 [25] $memory$auto$proc_rom.cc:155:do_switch$3$rdmux[0][2][0]$a$54 [4] $memory$auto$proc_rom.cc:155:do_switch$3$rdmux[0][2][0]$a$54 [4] 1'1 $memory$auto$proc_rom.cc:155:do_switch$3$rdmux[0][2][0]$a$54 [1] 1'0 $memory$auto$proc_rom.cc:155:do_switch$3$rdmux[0][2][0]$a$54 [18] 1'1 $memory$auto$proc_rom.cc:155:do_switch$3$rdmux[0][2][0]$a$54 [3] $memory$auto$proc_rom.cc:155:do_switch$3$rdmux[0][2][0]$a$54 [15] $memory$auto$proc_rom.cc:155:do_switch$3$rdmux[0][2][0]$a$54 [2] $memory$auto$proc_rom.cc:155:do_switch$3$rdmux[0][2][0]$a$54 [12] $memory$auto$proc_rom.cc:155:do_switch$3$rdmux[0][2][0]$a$54 [12:11] $memory$auto$proc_rom.cc:155:do_switch$3$rdmux[0][2][0]$a$54 [1] $memory$auto$proc_rom.cc:155:do_switch$3$rdmux[0][2][0]$a$54 [9] $memory$auto$proc_rom.cc:155:do_switch$3$rdmux[0][2][0]$a$54 [2] 1'1 $memory$auto$proc_rom.cc:155:do_switch$3$rdmux[0][2][0]$a$54 [2] $memory$auto$proc_rom.cc:155:do_switch$3$rdmux[0][2][0]$a$54 [5:1] 1'1 }, B={ $memory$auto$proc_rom.cc:155:do_switch$3$rdmux[0][2][0]$b$55 [31] $memory$auto$proc_rom.cc:155:do_switch$3$rdmux[0][2][0]$b$55 [1] 1'1 $memory$auto$proc_rom.cc:155:do_switch$3$rdmux[0][2][0]$b$55 [25] $memory$auto$proc_rom.cc:155:do_switch$3$rdmux[0][2][0]$b$55 [27] $memory$auto$proc_rom.cc:155:do_switch$3$rdmux[0][2][0]$b$55 [7] $memory$auto$proc_rom.cc:155:do_switch$3$rdmux[0][2][0]$b$55 [25] $memory$auto$proc_rom.cc:155:do_switch$3$rdmux[0][2][0]$b$55 [18] $memory$auto$proc_rom.cc:155:do_switch$3$rdmux[0][2][0]$b$55 [22] $memory$auto$proc_rom.cc:155:do_switch$3$rdmux[0][2][0]$b$55 [3] $memory$auto$proc_rom.cc:155:do_switch$3$rdmux[0][2][0]$b$55 [9] $memory$auto$proc_rom.cc:155:do_switch$3$rdmux[0][2][0]$b$55 [5] $memory$auto$proc_rom.cc:155:do_switch$3$rdmux[0][2][0]$b$55 [18:17] 1'0 $memory$auto$proc_rom.cc:155:do_switch$3$rdmux[0][2][0]$b$55 [10] $memory$auto$proc_rom.cc:155:do_switch$3$rdmux[0][2][0]$b$55 [1] $memory$auto$proc_rom.cc:155:do_switch$3$rdmux[0][2][0]$b$55 [11] $memory$auto$proc_rom.cc:155:do_switch$3$rdmux[0][2][0]$b$55 [1] $memory$auto$proc_rom.cc:155:do_switch$3$rdmux[0][2][0]$b$55 [11:9] $memory$auto$proc_rom.cc:155:do_switch$3$rdmux[0][2][0]$b$55 [3] $memory$auto$proc_rom.cc:155:do_switch$3$rdmux[0][2][0]$b$55 [7] $memory$auto$proc_rom.cc:155:do_switch$3$rdmux[0][2][0]$b$55 [5] $memory$auto$proc_rom.cc:155:do_switch$3$rdmux[0][2][0]$b$55 [5] $memory$auto$proc_rom.cc:155:do_switch$3$rdmux[0][2][0]$b$55 [3] $memory$auto$proc_rom.cc:155:do_switch$3$rdmux[0][2][0]$b$55 [3] 1'0 $memory$auto$proc_rom.cc:155:do_switch$3$rdmux[0][2][0]$b$55 [1:0] }, Y={ $memory$auto$proc_rom.cc:155:do_switch$3$rdmux[0][1][0]$a$48 [31:24] $memory$auto$proc_rom.cc:155:do_switch$3$rdmux[0][1][0]$a$48 [22:0] }
      New connections: $memory$auto$proc_rom.cc:155:do_switch$3$rdmux[0][1][0]$a$48 [23] = $memory$auto$proc_rom.cc:155:do_switch$3$rdmux[0][1][0]$a$48 [5]
  Optimizing cells in module \sweep_32x32_portable.
Performed a total of 28 changes.

8.5. Executing OPT_MERGE pass (detect identical cells).
Finding identical cells in module `\sweep_32x32_portable'.
Computing hashes of 32 cells of `\sweep_32x32_portable'.
Finding duplicate cells in `\sweep_32x32_portable'.
Computing hashes of 18 cells of `\sweep_32x32_portable'.
Finding duplicate cells in `\sweep_32x32_portable'.
<suppressed ~42 debug messages>
Removed a total of 14 cells.

8.6. Executing OPT_SHARE pass.

8.7. Executing OPT_DFF pass (perform DFF optimizations).

8.8. Executing OPT_CLEAN pass (remove unused cells and wires).
Finding unused cells or wires in module \sweep_32x32_portable..
Removed 0 unused cells and 46 unused wires.
<suppressed ~1 debug messages>

8.9. Executing OPT_EXPR pass (perform const folding).
Optimizing module sweep_32x32_portable.

8.10. Rerunning OPT passes. (Maybe there is more to do..)

8.11. Executing OPT_MUXTREE pass (detect dead branches in mux trees).
Running muxtree optimizer on module \sweep_32x32_portable..
  Creating internal representation of mux trees.
  Evaluating internal representation of mux trees.
  Analyzing evaluation results.
Removed 0 multiplexer ports.
<suppressed ~36 debug messages>

8.12. Executing OPT_REDUCE pass (consolidate $*mux and $reduce_* inputs).
  Optimizing cells in module \sweep_32x32_portable.
    Consolidated identical input bits for $mux cell $memory$auto$proc_rom.cc:155:do_switch$3$rdmux[0][3][7]$86:
      Old ports: A={ $memory$auto$proc_rom.cc:155:do_switch$3$rdmux[0][3][2]$a$72 [2] $memory$auto$proc_rom.cc:155:do_switch$3$rdmux[0][3][2]$a$72 [2:1] 4'1001 $memory$auto$proc_rom.cc:155:do_switch$3$rdmux[0][3][2]$a$72 [1] $memory$auto$proc_rom.cc:155:do_switch$3$rdmux[0][3][2]$a$72 [1] 1'1 $memory$auto$proc_rom.cc:155:do_switch$3$rdmux[0][3][2]$a$72 [2:1] 1'0 }, B={ 1'0 $memory$auto$proc_rom.cc:155:do_switch$3$rdmux[0][3][2]$a$72 [2] $memory$auto$proc_rom.cc:155:do_switch$3$rdmux[0][3][2]$a$72 [2:1] $memory$auto$proc_rom.cc:155:do_switch$3$rdmux[0][3][2]$a$72 [1] $memory$auto$proc_rom.cc:155:do_switch$3$rdmux[0][3][2]$a$72 [2] $memory$auto$proc_rom.cc:155:do_switch$3$rdmux[0][3][2]$a$72 [2] 4'1001 $memory$auto$proc_rom.cc:155:do_switch$3$rdmux[0][3][2]$a$72 [1] 1'1 }, Y={ $memory$auto$proc_rom.cc:155:do_switch$3$rdmux[0][2][3]$b$64 [30] $memory$auto$proc_rom.cc:155:do_switch$3$rdmux[0][2][3]$b$64 [28] $memory$auto$proc_rom.cc:155:do_switch$3$rdmux[0][2][3]$b$64 [22:21] $memory$auto$proc_rom.cc:155:do_switch$3$rdmux[0][2][3]$b$64 [17:16] $memory$auto$proc_rom.cc:155:do_switch$3$rdmux[0][2][3]$b$64 [13] $memory$auto$proc_rom.cc:155:do_switch$3$rdmux[0][2][3]$b$64 [10] $memory$auto$proc_rom.cc:155:do_switch$3$rdmux[0][2][3]$b$64 [8] $memory$auto$proc_rom.cc:155:do_switch$3$rdmux[0][2][3]$b$64 [6] $memory$auto$proc_rom.cc:155:do_switch$3$rdmux[0][2][3]$b$64 [4] $memory$auto$proc_rom.cc:155:do_switch$3$rdmux[0][2][3]$b$64 [2:1] }
      New ports: A={ $memory$auto$proc_rom.cc:155:do_switch$3$rdmux[0][3][2]$a$72 [2:1] 4'1001 $memory$auto$proc_rom.cc:155:do_switch$3$rdmux[0][3][2]$a$72 [1] $memory$auto$proc_rom.cc:155:do_switch$3$rdmux[0][3][2]$a$72 [1] 1'1 $memory$auto$proc_rom.cc:155:do_switch$3$rdmux[0][3][2]$a$72 [2] 1'0 }, B={ 1'0 $memory$auto$proc_rom.cc:155:do_switch$3$rdmux[0][3][2]$a$72 [2:1] $memory$auto$proc_rom.cc:155:do_switch$3$rdmux[0][3][2]$a$72 [1] $memory$auto$proc_rom.cc:155:do_switch$3$rdmux[0][3][2]$a$72 [2] $memory$auto$proc_rom.cc:155:do_switch$3$rdmux[0][3][2]$a$72 [2] 5'10011 }, Y={ $memory$auto$proc_rom.cc:155:do_switch$3$rdmux[0][2][3]$b$64 [30] $memory$auto$proc_rom.cc:155:do_switch$3$rdmux[0][2][3]$b$64 [22:21] $memory$auto$proc_rom.cc:155:do_switch$3$rdmux[0][2][3]$b$64 [17:16] $memory$auto$proc_rom.cc:155:do_switch$3$rdmux[0][2][3]$b$64 [13] $memory$auto$proc_rom.cc:155:do_switch$3$rdmux[0][2][3]$b$64 [10] $memory$auto$proc_rom.cc:155:do_switch$3$rdmux[0][2][3]$b$64 [8] $memory$auto$proc_rom.cc:155:do_switch$3$rdmux[0][2][3]$b$64 [6] $memory$auto$proc_rom.cc:155:do_switch$3$rdmux[0][2][3]$b$64 [4] $memory$auto$proc_rom.cc:155:do_switch$3$rdmux[0][2][3]$b$64 [1] }
      New connections: { $memory$auto$proc_rom.cc:155:do_switch$3$rdmux[0][2][3]$b$64 [28] $memory$auto$proc_rom.cc:155:do_switch$3$rdmux[0][2][3]$b$64 [2] } = $memory$auto$proc_rom.cc:155:do_switch$3$rdmux[0][3][2]$a$72 [2:1]
    Consolidated identical input bits for $mux cell $memory$auto$proc_rom.cc:155:do_switch$3$rdmux[0][3][3]$74:
      Old ports: A={ 1'0 $memory$auto$proc_rom.cc:155:do_switch$3$rdmux[0][3][2]$a$72 [2] $memory$auto$proc_rom.cc:155:do_switch$3$rdmux[0][3][2]$a$72 [2] 1'1 $memory$auto$proc_rom.cc:155:do_switch$3$rdmux[0][3][2]$a$72 [1] $memory$auto$proc_rom.cc:155:do_switch$3$rdmux[0][3][2]$a$72 [2] 1'1 $memory$auto$proc_rom.cc:155:do_switch$3$rdmux[0][3][2]$a$72 [1] $memory$auto$proc_rom.cc:155:do_switch$3$rdmux[0][3][2]$a$72 [1] 2'10 }, B={ $memory$auto$proc_rom.cc:155:do_switch$3$rdmux[0][3][2]$a$72 [1] 1'1 $memory$auto$proc_rom.cc:155:do_switch$3$rdmux[0][3][2]$a$72 [2] 1'0 $memory$auto$proc_rom.cc:155:do_switch$3$rdmux[0][3][2]$a$72 [2] 1'0 $memory$auto$proc_rom.cc:155:do_switch$3$rdmux[0][3][2]$a$72 [2] 2'10 $memory$auto$proc_rom.cc:155:do_switch$3$rdmux[0][3][2]$a$72 [1] 1'1 }, Y={ $memory$auto$proc_rom.cc:155:do_switch$3$rdmux[0][2][1]$b$58 [31] $memory$auto$proc_rom.cc:155:do_switch$3$rdmux[0][2][1]$b$58 [26] $memory$auto$proc_rom.cc:155:do_switch$3$rdmux[0][2][1]$b$58 [16] $memory$auto$proc_rom.cc:155:do_switch$3$rdmux[0][2][1]$b$58 [13] $memory$auto$proc_rom.cc:155:do_switch$3$rdmux[0][2][1]$b$58 [11] $memory$auto$proc_rom.cc:155:do_switch$3$rdmux[0][2][1]$b$58 [8] $memory$auto$proc_rom.cc:155:do_switch$3$rdmux[0][2][1]$b$58 [5] $memory$auto$proc_rom.cc:155:do_switch$3$rdmux[0][2][1]$b$58 [3:0] }
      New ports: A={ 1'0 $memory$auto$proc_rom.cc:155:do_switch$3$rdmux[0][3][2]$a$72 [2] 1'1 $memory$auto$proc_rom.cc:155:do_switch$3$rdmux[0][3][2]$a$72 [1] $memory$auto$proc_rom.cc:155:do_switch$3$rdmux[0][3][2]$a$72 [2] 1'1 $memory$auto$proc_rom.cc:155:do_switch$3$rdmux[0][3][2]$a$72 [1] $memory$auto$proc_rom.cc:155:do_switch$3$rdmux[0][3][2]$a$72 [1] 2'10 }, B={ $memory$auto$proc_rom.cc:155:do_switch$3$rdmux[0][3][2]$a$72 [1] 2'10 $memory$auto$proc_rom.cc:155:do_switch$3$rdmux[0][3][2]$a$72 [2] 1'0 $memory$auto$proc_rom.cc:155:do_switch$3$rdmux[0][3][2]$a$72 [2] 2'10 $memory$auto$proc_rom.cc:155:do_switch$3$rdmux[0][3][2]$a$72 [1] 1'1 }, Y={ $memory$auto$proc_rom.cc:155:do_switch$3$rdmux[0][2][1]$b$58 [31] $memory$auto$proc_rom.cc:155:do_switch$3$rdmux[0][2][1]$b$58 [26] $memory$auto$proc_rom.cc:155:do_switch$3$rdmux[0][2][1]$b$58 [13] $memory$auto$proc_rom.cc:155:do_switch$3$rdmux[0][2][1]$b$58 [11] $memory$auto$proc_rom.cc:155:do_switch$3$rdmux[0][2][1]$b$58 [8] $memory$auto$proc_rom.cc:155:do_switch$3$rdmux[0][2][1]$b$58 [5] $memory$auto$proc_rom.cc:155:do_switch$3$rdmux[0][2][1]$b$58 [3:0] }
      New connections: $memory$auto$proc_rom.cc:155:do_switch$3$rdmux[0][2][1]$b$58 [16] = $memory$auto$proc_rom.cc:155:do_switch$3$rdmux[0][3][2]$a$72 [2]
    Consolidated identical input bits for $mux cell $memory$auto$proc_rom.cc:155:do_switch$3$rdmux[0][3][2]$71:
      Old ports: A={ 2'10 $memory$auto$proc_rom.cc:155:do_switch$3$rdmux[0][3][2]$a$72 [2:1] 1'1 $memory$auto$proc_rom.cc:155:do_switch$3$rdmux[0][3][2]$a$72 [2] $memory$auto$proc_rom.cc:155:do_switch$3$rdmux[0][3][2]$a$72 [2:1] 1'0 $memory$auto$proc_rom.cc:155:do_switch$3$rdmux[0][3][2]$a$72 [1] $memory$auto$proc_rom.cc:155:do_switch$3$rdmux[0][3][2]$a$72 [2:1] 1'1 }, B={ $memory$auto$proc_rom.cc:155:do_switch$3$rdmux[0][3][2]$a$72 [2] 1'1 $memory$auto$proc_rom.cc:155:do_switch$3$rdmux[0][3][2]$a$72 [2] 3'001 $memory$auto$proc_rom.cc:155:do_switch$3$rdmux[0][3][2]$a$72 [1] $memory$auto$proc_rom.cc:155:do_switch$3$rdmux[0][3][2]$a$72 [2] $memory$auto$proc_rom.cc:155:do_switch$3$rdmux[0][3][2]$a$72 [2:1] 2'01 $memory$auto$proc_rom.cc:155:do_switch$3$rdmux[0][3][2]$a$72 [1] }, Y={ $memory$auto$proc_rom.cc:155:do_switch$3$rdmux[0][2][1]$a$57 [27:26] $memory$auto$proc_rom.cc:155:do_switch$3$rdmux[0][2][1]$a$57 [20] $memory$auto$proc_rom.cc:155:do_switch$3$rdmux[0][2][1]$a$57 [16] $memory$auto$proc_rom.cc:155:do_switch$3$rdmux[0][2][1]$a$57 [12] $memory$auto$proc_rom.cc:155:do_switch$3$rdmux[0][2][1]$a$57 [8:4] $memory$auto$proc_rom.cc:155:do_switch$3$rdmux[0][2][1]$a$57 [2:0] }
      New ports: A={ 2'10 $memory$auto$proc_rom.cc:155:do_switch$3$rdmux[0][3][2]$a$72 [1] 1'1 $memory$auto$proc_rom.cc:155:do_switch$3$rdmux[0][3][2]$a$72 [2] $memory$auto$proc_rom.cc:155:do_switch$3$rdmux[0][3][2]$a$72 [2:1] 1'0 $memory$auto$proc_rom.cc:155:do_switch$3$rdmux[0][3][2]$a$72 [2:1] 1'1 }, B={ $memory$auto$proc_rom.cc:155:do_switch$3$rdmux[0][3][2]$a$72 [2] 4'1001 $memory$auto$proc_rom.cc:155:do_switch$3$rdmux[0][3][2]$a$72 [1] $memory$auto$proc_rom.cc:155:do_switch$3$rdmux[0][3][2]$a$72 [2] $memory$auto$proc_rom.cc:155:do_switch$3$rdmux[0][3][2]$a$72 [2] 2'01 $memory$auto$proc_rom.cc:155:do_switch$3$rdmux[0][3][2]$a$72 [1] }, Y={ $memory$auto$proc_rom.cc:155:do_switch$3$rdmux[0][2][1]$a$57 [27:26] $memory$auto$proc_rom.cc:155:do_switch$3$rdmux[0][2][1]$a$57 [16] $memory$auto$proc_rom.cc:155:do_switch$3$rdmux[0][2][1]$a$57 [12] $memory$auto$proc_rom.cc:155:do_switch$3$rdmux[0][2][1]$a$57 [8:5] $memory$auto$proc_rom.cc:155:do_switch$3$rdmux[0][2][1]$a$57 [2:0] }
      New connections: { $memory$auto$proc_rom.cc:155:do_switch$3$rdmux[0][2][1]$a$57 [20] $memory$auto$proc_rom.cc:155:do_switch$3$rdmux[0][2][1]$a$57 [4] } = $memory$auto$proc_rom.cc:155:do_switch$3$rdmux[0][3][2]$a$72 [2:1]
    Consolidated identical input bits for $mux cell $memory$auto$proc_rom.cc:155:do_switch$3$rdmux[0][3][1]$68:
      Old ports: A={ 1'1 $memory$auto$proc_rom.cc:155:do_switch$3$rdmux[0][3][0]$a$66 [1] 2'10 $memory$auto$proc_rom.cc:155:do_switch$3$rdmux[0][3][0]$a$66 [1] $memory$auto$proc_rom.cc:155:do_switch$3$rdmux[0][3][0]$a$66 [2] 1'0 $memory$auto$proc_rom.cc:155:do_switch$3$rdmux[0][3][0]$a$66 [2] 1'1 $memory$auto$proc_rom.cc:155:do_switch$3$rdmux[0][3][0]$a$66 [1] $memory$auto$proc_rom.cc:155:do_switch$3$rdmux[0][3][0]$a$66 [2] $memory$auto$proc_rom.cc:155:do_switch$3$rdmux[0][3][0]$a$66 [2] 1'0 $memory$auto$proc_rom.cc:155:do_switch$3$rdmux[0][3][0]$a$66 [1] }, B={ $memory$auto$proc_rom.cc:155:do_switch$3$rdmux[0][3][0]$a$66 [2] $memory$auto$proc_rom.cc:155:do_switch$3$rdmux[0][3][0]$a$66 [2] 1'0 $memory$auto$proc_rom.cc:155:do_switch$3$rdmux[0][3][0]$a$66 [2] 1'1 $memory$auto$proc_rom.cc:155:do_switch$3$rdmux[0][3][0]$a$66 [2] 2'11 $memory$auto$proc_rom.cc:155:do_switch$3$rdmux[0][3][0]$a$66 [1] 1'0 $memory$auto$proc_rom.cc:155:do_switch$3$rdmux[0][3][0]$a$66 [1] 1'0 $memory$auto$proc_rom.cc:155:do_switch$3$rdmux[0][3][0]$a$66 [1] $memory$auto$proc_rom.cc:155:do_switch$3$rdmux[0][3][0]$a$66 [1] }, Y={ $memory$auto$proc_rom.cc:155:do_switch$3$rdmux[0][2][0]$b$55 [31] $memory$auto$proc_rom.cc:155:do_switch$3$rdmux[0][2][0]$b$55 [27] $memory$auto$proc_rom.cc:155:do_switch$3$rdmux[0][2][0]$b$55 [25] $memory$auto$proc_rom.cc:155:do_switch$3$rdmux[0][2][0]$b$55 [22] $memory$auto$proc_rom.cc:155:do_switch$3$rdmux[0][2][0]$b$55 [18:17] $memory$auto$proc_rom.cc:155:do_switch$3$rdmux[0][2][0]$b$55 [11:9] $memory$auto$proc_rom.cc:155:do_switch$3$rdmux[0][2][0]$b$55 [7] $memory$auto$proc_rom.cc:155:do_switch$3$rdmux[0][2][0]$b$55 [5] $memory$auto$proc_rom.cc:155:do_switch$3$rdmux[0][2][0]$b$55 [3] $memory$auto$proc_rom.cc:155:do_switch$3$rdmux[0][2][0]$b$55 [1:0] }
      New ports: A={ 1'1 $memory$auto$proc_rom.cc:155:do_switch$3$rdmux[0][3][0]$a$66 [1] 2'10 $memory$auto$proc_rom.cc:155:do_switch$3$rdmux[0][3][0]$a$66 [1] 1'0 $memory$auto$proc_rom.cc:155:do_switch$3$rdmux[0][3][0]$a$66 [2] 1'1 $memory$auto$proc_rom.cc:155:do_switch$3$rdmux[0][3][0]$a$66 [1] $memory$auto$proc_rom.cc:155:do_switch$3$rdmux[0][3][0]$a$66 [2] $memory$auto$proc_rom.cc:155:do_switch$3$rdmux[0][3][0]$a$66 [2] 1'0 }, B={ $memory$auto$proc_rom.cc:155:do_switch$3$rdmux[0][3][0]$a$66 [2] $memory$auto$proc_rom.cc:155:do_switch$3$rdmux[0][3][0]$a$66 [2] 1'0 $memory$auto$proc_rom.cc:155:do_switch$3$rdmux[0][3][0]$a$66 [2] 3'111 $memory$auto$proc_rom.cc:155:do_switch$3$rdmux[0][3][0]$a$66 [1] 1'0 $memory$auto$proc_rom.cc:155:do_switch$3$rdmux[0][3][0]$a$66 [1] 1'0 $memory$auto$proc_rom.cc:155:do_switch$3$rdmux[0][3][0]$a$66 [1] }, Y={ $memory$auto$proc_rom.cc:155:do_switch$3$rdmux[0][2][0]$b$55 [31] $memory$auto$proc_rom.cc:155:do_switch$3$rdmux[0][2][0]$b$55 [27] $memory$auto$proc_rom.cc:155:do_switch$3$rdmux[0][2][0]$b$55 [25] $memory$auto$proc_rom.cc:155:do_switch$3$rdmux[0][2][0]$b$55 [22] $memory$auto$proc_rom.cc:155:do_switch$3$rdmux[0][2][0]$b$55 [18] $memory$auto$proc_rom.cc:155:do_switch$3$rdmux[0][2][0]$b$55 [11:9] $memory$auto$proc_rom.cc:155:do_switch$3$rdmux[0][2][0]$b$55 [7] $memory$auto$proc_rom.cc:155:do_switch$3$rdmux[0][2][0]$b$55 [5] $memory$auto$proc_rom.cc:155:do_switch$3$rdmux[0][2][0]$b$55 [3] $memory$auto$proc_rom.cc:155:do_switch$3$rdmux[0][2][0]$b$55 [1] }
      New connections: { $memory$auto$proc_rom.cc:155:do_switch$3$rdmux[0][2][0]$b$55 [17] $memory$auto$proc_rom.cc:155:do_switch$3$rdmux[0][2][0]$b$55 [0] } = $memory$auto$proc_rom.cc:155:do_switch$3$rdmux[0][3][0]$a$66 [2:1]
    Consolidated identical input bits for $mux cell $memory$auto$proc_rom.cc:155:do_switch$3$rdmux[0][3][0]$65:
      Old ports: A={ $memory$auto$proc_rom.cc:155:do_switch$3$rdmux[0][3][0]$a$66 [2:1] 3'010 $memory$auto$proc_rom.cc:155:do_switch$3$rdmux[0][3][0]$a$66 [1] $memory$auto$proc_rom.cc:155:do_switch$3$rdmux[0][3][0]$a$66 [2] 2'10 $memory$auto$proc_rom.cc:155:do_switch$3$rdmux[0][3][0]$a$66 [1] $memory$auto$proc_rom.cc:155:do_switch$3$rdmux[0][3][0]$a$66 [2:1] }, B={ 1'1 $memory$auto$proc_rom.cc:155:do_switch$3$rdmux[0][3][0]$a$66 [1] 1'1 $memory$auto$proc_rom.cc:155:do_switch$3$rdmux[0][3][0]$a$66 [2] $memory$auto$proc_rom.cc:155:do_switch$3$rdmux[0][3][0]$a$66 [2] 3'100 $memory$auto$proc_rom.cc:155:do_switch$3$rdmux[0][3][0]$a$66 [1] $memory$auto$proc_rom.cc:155:do_switch$3$rdmux[0][3][0]$a$66 [2:1] 1'0 }, Y={ $memory$auto$proc_rom.cc:155:do_switch$3$rdmux[0][2][0]$a$54 [28] $memory$auto$proc_rom.cc:155:do_switch$3$rdmux[0][2][0]$a$54 [25] $memory$auto$proc_rom.cc:155:do_switch$3$rdmux[0][2][0]$a$54 [18] $memory$auto$proc_rom.cc:155:do_switch$3$rdmux[0][2][0]$a$54 [15] $memory$auto$proc_rom.cc:155:do_switch$3$rdmux[0][2][0]$a$54 [12:11] $memory$auto$proc_rom.cc:155:do_switch$3$rdmux[0][2][0]$a$54 [9] $memory$auto$proc_rom.cc:155:do_switch$3$rdmux[0][2][0]$a$54 [5:1] }
      New ports: A={ $memory$auto$proc_rom.cc:155:do_switch$3$rdmux[0][3][0]$a$66 [2] 3'010 $memory$auto$proc_rom.cc:155:do_switch$3$rdmux[0][3][0]$a$66 [1] $memory$auto$proc_rom.cc:155:do_switch$3$rdmux[0][3][0]$a$66 [2] 2'10 $memory$auto$proc_rom.cc:155:do_switch$3$rdmux[0][3][0]$a$66 [1] $memory$auto$proc_rom.cc:155:do_switch$3$rdmux[0][3][0]$a$66 [2:1] }, B={ 2'11 $memory$auto$proc_rom.cc:155:do_switch$3$rdmux[0][3][0]$a$66 [2] $memory$auto$proc_rom.cc:155:do_switch$3$rdmux[0][3][0]$a$66 [2] 3'100 $memory$auto$proc_rom.cc:155:do_switch$3$rdmux[0][3][0]$a$66 [1] $memory$auto$proc_rom.cc:155:do_switch$3$rdmux[0][3][0]$a$66 [2:1] 1'0 }, Y={ $memory$auto$proc_rom.cc:155:do_switch$3$rdmux[0][2][0]$a$54 [28] $memory$auto$proc_rom.cc:155:do_switch$3$rdmux[0][2][0]$a$54 [18] $memory$auto$proc_rom.cc:155:do_switch$3$rdmux[0][2][0]$a$54 [15] $memory$auto$proc_rom.cc:155:do_switch$3$rdmux[0][2][0]$a$54 [12:11] $memory$auto$proc_rom.cc:155:do_switch$3$rdmux[0][2][0]$a$54 [9] $memory$auto$proc_rom.cc:155:do_switch$3$rdmux[0][2][0]$a$54 [5:1] }
      New connections: $memory$auto$proc_rom.cc:155:do_switch$3$rdmux[0][2][0]$a$54 [25] = $memory$auto$proc_rom.cc:155:do_switch$3$rdmux[0][3][0]$a$66 [1]
  Optimizing cells in module \sweep_32x32_portable.
    Consolidated identical input bits for $mux cell $memory$auto$proc_rom.cc:155:do_switch$3$rdmux[0][2][1]$56:
      Old ports: A={ $memory$auto$proc_rom.cc:155:do_switch$3$rdmux[0][2][1]$a$57 [26] $memory$auto$proc_rom.cc:155:do_switch$3$rdmux[0][2][1]$a$57 [1] $memory$auto$proc_rom.cc:155:do_switch$3$rdmux[0][2][1]$a$57 [2] $memory$auto$proc_rom.cc:155:do_switch$3$rdmux[0][2][1]$a$57 [16] $memory$auto$proc_rom.cc:155:do_switch$3$rdmux[0][2][1]$a$57 [27:26] $memory$auto$proc_rom.cc:155:do_switch$3$rdmux[0][2][1]$a$57 [16] $memory$auto$proc_rom.cc:155:do_switch$3$rdmux[0][2][1]$a$57 [1] $memory$auto$proc_rom.cc:155:do_switch$3$rdmux[0][2][1]$a$57 [8] $memory$auto$proc_rom.cc:155:do_switch$3$rdmux[0][2][1]$a$57 [20] $memory$auto$proc_rom.cc:155:do_switch$3$rdmux[0][2][1]$a$57 [20] $memory$auto$proc_rom.cc:155:do_switch$3$rdmux[0][2][1]$a$57 [12] $memory$auto$proc_rom.cc:155:do_switch$3$rdmux[0][2][1]$a$57 [0] $memory$auto$proc_rom.cc:155:do_switch$3$rdmux[0][2][1]$a$57 [16] 1'0 $memory$auto$proc_rom.cc:155:do_switch$3$rdmux[0][2][1]$a$57 [7] $memory$auto$proc_rom.cc:155:do_switch$3$rdmux[0][2][1]$a$57 [0] $memory$auto$proc_rom.cc:155:do_switch$3$rdmux[0][2][1]$a$57 [12] $memory$auto$proc_rom.cc:155:do_switch$3$rdmux[0][2][1]$a$57 [2] $memory$auto$proc_rom.cc:155:do_switch$3$rdmux[0][2][1]$a$57 [6] $memory$auto$proc_rom.cc:155:do_switch$3$rdmux[0][2][1]$a$57 [1] $memory$auto$proc_rom.cc:155:do_switch$3$rdmux[0][2][1]$a$57 [8:4] $memory$auto$proc_rom.cc:155:do_switch$3$rdmux[0][2][1]$a$57 [2] $memory$auto$proc_rom.cc:155:do_switch$3$rdmux[0][2][1]$a$57 [2:0] }, B={ $memory$auto$proc_rom.cc:155:do_switch$3$rdmux[0][2][1]$b$58 [31] 1'1 $memory$auto$proc_rom.cc:155:do_switch$3$rdmux[0][2][1]$b$58 [13] $memory$auto$proc_rom.cc:155:do_switch$3$rdmux[0][2][1]$b$58 [5] 1'0 $memory$auto$proc_rom.cc:155:do_switch$3$rdmux[0][2][1]$b$58 [26] 1'1 $memory$auto$proc_rom.cc:155:do_switch$3$rdmux[0][2][1]$b$58 [13] $memory$auto$proc_rom.cc:155:do_switch$3$rdmux[0][2][1]$b$58 [5] $memory$auto$proc_rom.cc:155:do_switch$3$rdmux[0][2][1]$b$58 [16] $memory$auto$proc_rom.cc:155:do_switch$3$rdmux[0][2][1]$b$58 [0] 1'1 $memory$auto$proc_rom.cc:155:do_switch$3$rdmux[0][2][1]$b$58 [5] $memory$auto$proc_rom.cc:155:do_switch$3$rdmux[0][2][1]$b$58 [16] $memory$auto$proc_rom.cc:155:do_switch$3$rdmux[0][2][1]$b$58 [13] $memory$auto$proc_rom.cc:155:do_switch$3$rdmux[0][2][1]$b$58 [3] $memory$auto$proc_rom.cc:155:do_switch$3$rdmux[0][2][1]$b$58 [13] $memory$auto$proc_rom.cc:155:do_switch$3$rdmux[0][2][1]$b$58 [11] $memory$auto$proc_rom.cc:155:do_switch$3$rdmux[0][2][1]$b$58 [11] 1'1 $memory$auto$proc_rom.cc:155:do_switch$3$rdmux[0][2][1]$b$58 [3] $memory$auto$proc_rom.cc:155:do_switch$3$rdmux[0][2][1]$b$58 [8] $memory$auto$proc_rom.cc:155:do_switch$3$rdmux[0][2][1]$b$58 [2] $memory$auto$proc_rom.cc:155:do_switch$3$rdmux[0][2][1]$b$58 [5] $memory$auto$proc_rom.cc:155:do_switch$3$rdmux[0][2][1]$b$58 [5] $memory$auto$proc_rom.cc:155:do_switch$3$rdmux[0][2][1]$b$58 [1] $memory$auto$proc_rom.cc:155:do_switch$3$rdmux[0][2][1]$b$58 [3:0] }, Y={ $memory$auto$proc_rom.cc:155:do_switch$3$rdmux[0][1][0]$b$49 [31:25] $memory$auto$proc_rom.cc:155:do_switch$3$rdmux[0][1][0]$b$49 [23:19] $memory$auto$proc_rom.cc:155:do_switch$3$rdmux[0][1][0]$b$49 [17:0] }
      New ports: A={ $memory$auto$proc_rom.cc:155:do_switch$3$rdmux[0][2][1]$a$57 [26] $memory$auto$proc_rom.cc:155:do_switch$3$rdmux[0][2][1]$a$57 [1] $memory$auto$proc_rom.cc:155:do_switch$3$rdmux[0][2][1]$a$57 [2] $memory$auto$proc_rom.cc:155:do_switch$3$rdmux[0][2][1]$a$57 [16] $memory$auto$proc_rom.cc:155:do_switch$3$rdmux[0][2][1]$a$57 [27:26] $memory$auto$proc_rom.cc:155:do_switch$3$rdmux[0][2][1]$a$57 [16] $memory$auto$proc_rom.cc:155:do_switch$3$rdmux[0][2][1]$a$57 [1] $memory$auto$proc_rom.cc:155:do_switch$3$rdmux[0][2][1]$a$57 [8] $memory$auto$proc_rom.cc:155:do_switch$3$rdmux[0][3][2]$a$72 [2] $memory$auto$proc_rom.cc:155:do_switch$3$rdmux[0][2][1]$a$57 [12] $memory$auto$proc_rom.cc:155:do_switch$3$rdmux[0][2][1]$a$57 [0] $memory$auto$proc_rom.cc:155:do_switch$3$rdmux[0][2][1]$a$57 [16] 1'0 $memory$auto$proc_rom.cc:155:do_switch$3$rdmux[0][2][1]$a$57 [7] $memory$auto$proc_rom.cc:155:do_switch$3$rdmux[0][2][1]$a$57 [0] $memory$auto$proc_rom.cc:155:do_switch$3$rdmux[0][2][1]$a$57 [12] $memory$auto$proc_rom.cc:155:do_switch$3$rdmux[0][2][1]$a$57 [2] $memory$auto$proc_rom.cc:155:do_switch$3$rdmux[0][2][1]$a$57 [6] $memory$auto$proc_rom.cc:155:do_switch$3$rdmux[0][2][1]$a$57 [1] $memory$auto$proc_rom.cc:155:do_switch$3$rdmux[0][2][1]$a$57 [8:5] $memory$auto$proc_rom.cc:155:do_switch$3$rdmux[0][3][2]$a$72 [1] $memory$auto$proc_rom.cc:155:do_switch$3$rdmux[0][2][1]$a$57 [2] $memory$auto$proc_rom.cc:155:do_switch$3$rdmux[0][2][1]$a$57 [2:0] }, B={ $memory$auto$proc_rom.cc:155:do_switch$3$rdmux[0][2][1]$b$58 [31] 1'1 $memory$auto$proc_rom.cc:155:do_switch$3$rdmux[0][2][1]$b$58 [13] $memory$auto$proc_rom.cc:155:do_switch$3$rdmux[0][2][1]$b$58 [5] 1'0 $memory$auto$proc_rom.cc:155:do_switch$3$rdmux[0][2][1]$b$58 [26] 1'1 $memory$auto$proc_rom.cc:155:do_switch$3$rdmux[0][2][1]$b$58 [13] $memory$auto$proc_rom.cc:155:do_switch$3$rdmux[0][2][1]$b$58 [5] $memory$auto$proc_rom.cc:155:do_switch$3$rdmux[0][2][1]$b$58 [0] 1'1 $memory$auto$proc_rom.cc:155:do_switch$3$rdmux[0][2][1]$b$58 [5] $memory$auto$proc_rom.cc:155:do_switch$3$rdmux[0][3][2]$a$72 [2] $memory$auto$proc_rom.cc:155:do_switch$3$rdmux[0][2][1]$b$58 [13] $memory$auto$proc_rom.cc:155:do_switch$3$rdmux[0][2][1]$b$58 [3] $memory$auto$proc_rom.cc:155:do_switch$3$rdmux[0][2][1]$b$58 [13] $memory$auto$proc_rom.cc:155:do_switch$3$rdmux[0][2][1]$b$58 [11] $memory$auto$proc_rom.cc:155:do_switch$3$rdmux[0][2][1]$b$58 [11] 1'1 $memory$auto$proc_rom.cc:155:do_switch$3$rdmux[0][2][1]$b$58 [3] $memory$auto$proc_rom.cc:155:do_switch$3$rdmux[0][2][1]$b$58 [8] $memory$auto$proc_rom.cc:155:do_switch$3$rdmux[0][2][1]$b$58 [2] $memory$auto$proc_rom.cc:155:do_switch$3$rdmux[0][2][1]$b$58 [5] $memory$auto$proc_rom.cc:155:do_switch$3$rdmux[0][2][1]$b$58 [5] $memory$auto$proc_rom.cc:155:do_switch$3$rdmux[0][2][1]$b$58 [1] $memory$auto$proc_rom.cc:155:do_switch$3$rdmux[0][2][1]$b$58 [3:0] }, Y={ $memory$auto$proc_rom.cc:155:do_switch$3$rdmux[0][1][0]$b$49 [31:25] $memory$auto$proc_rom.cc:155:do_switch$3$rdmux[0][1][0]$b$49 [23:22] $memory$auto$proc_rom.cc:155:do_switch$3$rdmux[0][1][0]$b$49 [20:19] $memory$auto$proc_rom.cc:155:do_switch$3$rdmux[0][1][0]$b$49 [17:0] }
      New connections: $memory$auto$proc_rom.cc:155:do_switch$3$rdmux[0][1][0]$b$49 [21] = $memory$auto$proc_rom.cc:155:do_switch$3$rdmux[0][3][2]$a$72 [2]
  Optimizing cells in module \sweep_32x32_portable.
Performed a total of 6 changes.

8.13. Executing OPT_MERGE pass (detect identical cells).
Finding identical cells in module `\sweep_32x32_portable'.
Computing hashes of 18 cells of `\sweep_32x32_portable'.
Finding duplicate cells in `\sweep_32x32_portable'.
Removed a total of 0 cells.

8.14. Executing OPT_SHARE pass.

8.15. Executing OPT_DFF pass (perform DFF optimizations).

8.16. Executing OPT_CLEAN pass (remove unused cells and wires).
Finding unused cells or wires in module \sweep_32x32_portable..
Removed 0 unused cells and 2 unused wires.
<suppressed ~1 debug messages>

8.17. Executing OPT_EXPR pass (perform const folding).
Optimizing module sweep_32x32_portable.

8.18. Rerunning OPT passes. (Maybe there is more to do..)

8.19. Executing OPT_MUXTREE pass (detect dead branches in mux trees).
Running muxtree optimizer on module \sweep_32x32_portable..
  Creating internal representation of mux trees.
  Evaluating internal representation of mux trees.
  Analyzing evaluation results.
Removed 0 multiplexer ports.
<suppressed ~30 debug messages>

8.20. Executing OPT_REDUCE pass (consolidate $*mux and $reduce_* inputs).
  Optimizing cells in module \sweep_32x32_portable.
Performed a total of 0 changes.

8.21. Executing OPT_MERGE pass (detect identical cells).
Finding identical cells in module `\sweep_32x32_portable'.
Computing hashes of 18 cells of `\sweep_32x32_portable'.
Finding duplicate cells in `\sweep_32x32_portable'.
Removed a total of 0 cells.

8.22. Executing OPT_SHARE pass.

8.23. Executing OPT_DFF pass (perform DFF optimizations).

8.24. Executing OPT_CLEAN pass (remove unused cells and wires).
Finding unused cells or wires in module \sweep_32x32_portable..

8.25. Executing OPT_EXPR pass (perform const folding).
Optimizing module sweep_32x32_portable.

8.26. Finished fast OPT passes. (There is nothing left to do.)

9. Executing TECHMAP pass (map to technology primitives).

9.1. Executing Verilog-2005 frontend: /home/rithwik/klayout_cf/yosys/bin/../share/yosys/techmap.v
Parsing Verilog input from `/home/rithwik/klayout_cf/yosys/bin/../share/yosys/techmap.v' to AST representation.
Generating RTLIL representation for module `\_90_simplemap_bool_ops'.
Generating RTLIL representation for module `\_90_simplemap_reduce_ops'.
Generating RTLIL representation for module `\_90_simplemap_logic_ops'.
Generating RTLIL representation for module `\_90_simplemap_compare_ops'.
Generating RTLIL representation for module `\_90_simplemap_various'.
Generating RTLIL representation for module `\_90_simplemap_registers'.
Generating RTLIL representation for module `\_90_shift_ops_shr_shl_sshl_sshr'.
Generating RTLIL representation for module `\_90_shift_shiftx'.
Generating RTLIL representation for module `\_90_fa'.
Generating RTLIL representation for module `\_90_lcu_brent_kung'.
Generating RTLIL representation for module `\_90_alu'.
Generating RTLIL representation for module `\_90_macc'.
Generating RTLIL representation for module `\_90_alumacc'.
Generating RTLIL representation for module `$__div_mod_u'.
Generating RTLIL representation for module `$__div_mod_trunc'.
Generating RTLIL representation for module `\_90_div'.
Generating RTLIL representation for module `\_90_mod'.
Generating RTLIL representation for module `$__div_mod_floor'.
Generating RTLIL representation for module `\_90_divfloor'.
Generating RTLIL representation for module `\_90_modfloor'.
Generating RTLIL representation for module `\_90_pow'.
Generating RTLIL representation for module `\_90_demux'.
Generating RTLIL representation for module `\_90_lut'.
Generating RTLIL representation for module `$connect'.
Generating RTLIL representation for module `$input_port'.
Successfully finished Verilog frontend.

9.2. Continuing TECHMAP pass.
Using extmapper simplemap for cells of type $dffe.
Using extmapper simplemap for cells of type $mux.
No more expansions possible.
<suppressed ~95 debug messages>

10. Executing OPT pass (performing simple optimizations).

10.1. Executing OPT_EXPR pass (perform const folding).
Optimizing module sweep_32x32_portable.
<suppressed ~56 debug messages>

10.2. Executing OPT_MERGE pass (detect identical cells).
Finding identical cells in module `\sweep_32x32_portable'.
Computing hashes of 331 cells of `\sweep_32x32_portable'.
Finding duplicate cells in `\sweep_32x32_portable'.
Computing hashes of 268 cells of `\sweep_32x32_portable'.
Finding duplicate cells in `\sweep_32x32_portable'.
Computing hashes of 250 cells of `\sweep_32x32_portable'.
Finding duplicate cells in `\sweep_32x32_portable'.
Computing hashes of 239 cells of `\sweep_32x32_portable'.
Finding duplicate cells in `\sweep_32x32_portable'.
<suppressed ~276 debug messages>
Removed a total of 92 cells.

10.3. Executing OPT_MUXTREE pass (detect dead branches in mux trees).
Running muxtree optimizer on module \sweep_32x32_portable..
  Creating internal representation of mux trees.
  No muxes found in this module.
Removed 0 multiplexer ports.

10.4. Executing OPT_REDUCE pass (consolidate $*mux and $reduce_* inputs).
  Optimizing cells in module \sweep_32x32_portable.
Performed a total of 0 changes.

10.5. Executing OPT_MERGE pass (detect identical cells).
Finding identical cells in module `\sweep_32x32_portable'.
Computing hashes of 239 cells of `\sweep_32x32_portable'.
Finding duplicate cells in `\sweep_32x32_portable'.
Removed a total of 0 cells.

10.6. Executing OPT_SHARE pass.

10.7. Executing OPT_DFF pass (perform DFF optimizations).

10.8. Executing OPT_CLEAN pass (remove unused cells and wires).
Finding unused cells or wires in module \sweep_32x32_portable..
Removed 0 unused cells and 5 unused wires.
<suppressed ~1 debug messages>

10.9. Executing OPT_EXPR pass (perform const folding).
Optimizing module sweep_32x32_portable.
<suppressed ~5 debug messages>

10.10. Rerunning OPT passes. (Maybe there is more to do..)

10.11. Executing OPT_MUXTREE pass (detect dead branches in mux trees).
Running muxtree optimizer on module \sweep_32x32_portable..
  Creating internal representation of mux trees.
  No muxes found in this module.
Removed 0 multiplexer ports.

10.12. Executing OPT_REDUCE pass (consolidate $*mux and $reduce_* inputs).
  Optimizing cells in module \sweep_32x32_portable.
Performed a total of 0 changes.

10.13. Executing OPT_MERGE pass (detect identical cells).
Finding identical cells in module `\sweep_32x32_portable'.
Computing hashes of 234 cells of `\sweep_32x32_portable'.
Finding duplicate cells in `\sweep_32x32_portable'.
Removed a total of 0 cells.

10.14. Executing OPT_SHARE pass.

10.15. Executing OPT_DFF pass (perform DFF optimizations).

10.16. Executing OPT_CLEAN pass (remove unused cells and wires).
Finding unused cells or wires in module \sweep_32x32_portable..
Removed 0 unused cells and 1 unused wires.
<suppressed ~1 debug messages>

10.17. Executing OPT_EXPR pass (perform const folding).
Optimizing module sweep_32x32_portable.

10.18. Rerunning OPT passes. (Maybe there is more to do..)

10.19. Executing OPT_MUXTREE pass (detect dead branches in mux trees).
Running muxtree optimizer on module \sweep_32x32_portable..
  Creating internal representation of mux trees.
  No muxes found in this module.
Removed 0 multiplexer ports.

10.20. Executing OPT_REDUCE pass (consolidate $*mux and $reduce_* inputs).
  Optimizing cells in module \sweep_32x32_portable.
Performed a total of 0 changes.

10.21. Executing OPT_MERGE pass (detect identical cells).
Finding identical cells in module `\sweep_32x32_portable'.
Computing hashes of 234 cells of `\sweep_32x32_portable'.
Finding duplicate cells in `\sweep_32x32_portable'.
Removed a total of 0 cells.

10.22. Executing OPT_SHARE pass.

10.23. Executing OPT_DFF pass (perform DFF optimizations).

10.24. Executing OPT_CLEAN pass (remove unused cells and wires).
Finding unused cells or wires in module \sweep_32x32_portable..

10.25. Executing OPT_EXPR pass (perform const folding).
Optimizing module sweep_32x32_portable.

10.26. Finished fast OPT passes. (There is nothing left to do.)

11. Executing SIMPLEMAP pass (map simple cells to gate primitives).

12. Executing DFFLIBMAP pass (mapping DFF cells to sequential cells from liberty file).
  cell sky130_fd_sc_hd__dfxtp_1 (noninv, pins=3, area=20.02) is a direct match for cell type $_DFF_P_.
  cell sky130_fd_sc_hd__dfrtn_1 (noninv, pins=4, area=25.02) is a direct match for cell type $_DFF_NN0_.
  cell sky130_fd_sc_hd__dfrtp_1 (noninv, pins=4, area=25.02) is a direct match for cell type $_DFF_PN0_.
  cell sky130_fd_sc_hd__dfstp_2 (noninv, pins=4, area=26.28) is a direct match for cell type $_DFF_PN1_.
  cell sky130_fd_sc_hd__edfxtp_1 (noninv, pins=4, area=30.03) is a direct match for cell type $_DFFE_PP_.
  cell sky130_fd_sc_hd__dfbbn_1 (noninv, pins=6, area=32.53) is a direct match for cell type $_DFFSR_NNN_.
  cell sky130_fd_sc_hd__dfbbp_1 (noninv, pins=6, area=32.53) is a direct match for cell type $_DFFSR_PNN_.
  final dff cell mappings:
    unmapped dff cell: $_DFF_N_
    \sky130_fd_sc_hd__dfxtp_1 _DFF_P_ (.CLK( C), .D( D), .Q( Q));
    \sky130_fd_sc_hd__dfrtn_1 _DFF_NN0_ (.CLK_N( C), .D( D), .Q( Q), .RESET_B( R));
    unmapped dff cell: $_DFF_NN1_
    unmapped dff cell: $_DFF_NP0_
    unmapped dff cell: $_DFF_NP1_
    \sky130_fd_sc_hd__dfrtp_1 _DFF_PN0_ (.CLK( C), .D( D), .Q( Q), .RESET_B( R));
    \sky130_fd_sc_hd__dfstp_2 _DFF_PN1_ (.CLK( C), .D( D), .Q( Q), .SET_B( R));
    unmapped dff cell: $_DFF_PP0_
    unmapped dff cell: $_DFF_PP1_
    unmapped dff cell: $_DFFE_NN_
    unmapped dff cell: $_DFFE_NP_
    unmapped dff cell: $_DFFE_PN_
    \sky130_fd_sc_hd__edfxtp_1 _DFFE_PP_ (.CLK( C), .D( D), .DE( E), .Q( Q));
    \sky130_fd_sc_hd__dfbbn_1 _DFFSR_NNN_ (.CLK_N( C), .D( D), .Q( Q), .Q_N(~Q), .RESET_B( R), .SET_B( S));
    unmapped dff cell: $_DFFSR_NNP_
    unmapped dff cell: $_DFFSR_NPN_
    unmapped dff cell: $_DFFSR_NPP_
    \sky130_fd_sc_hd__dfbbp_1 _DFFSR_PNN_ (.CLK( C), .D( D), .Q( Q), .Q_N(~Q), .RESET_B( R), .SET_B( S));
    unmapped dff cell: $_DFFSR_PNP_
    unmapped dff cell: $_DFFSR_PPN_
    unmapped dff cell: $_DFFSR_PPP_

12.1. Executing DFFLEGALIZE pass (convert FFs to types supported by the target).
<suppressed ~24 debug messages>
Mapping DFF cells in module `\sweep_32x32_portable':
  mapped 32 $_DFFE_PP_ cells to \sky130_fd_sc_hd__edfxtp_1 cells.

13. Executing ABC pass (technology mapping using ABC).

13.1. Extracting gate netlist of module `\sweep_32x32_portable' to `<abc-temp-dir>/input.blif'..
ABC: using cached merged SCL: /tmp/yosys-liberty-scl-cache/yosys_merged_4f302412.scl (1 files)

13.1.1. Executed ABC.
Extracted 202 gates and 209 wires to a netlist network with 5 inputs and 32 outputs.
Running ABC script: <abc-temp-dir>/abc.script
ABC: UC Berkeley, ABC 1.01 (compiled Aug 11 2026 16:35:14)
ABC: abc 01> empty
ABC: abc 01> source <abc-temp-dir>/abc.script
ABC: + read_blif <abc-temp-dir>/input.blif 
ABC: + read_scl /tmp/yosys-liberty-scl-cache/yosys_merged_4f302412.scl 
ABC: Warning: Detected 9 multi-output cells (for example, "sky130_fd_sc_hd__fa_1").
ABC: + strash 
ABC: + &get -n 
ABC: + &fraig -x 
ABC: + &put 
ABC: + scorr 
ABC: Warning: The network is combinational (run "fraig" or "fraig_sweep").
ABC: + dc2 
ABC: + dretime 
ABC: + strash 
ABC: + &get -n 
ABC: + &dch -f 
ABC: + &nf 
ABC: + &put 
ABC: + write_blif <abc-temp-dir>/output.blif 
ABC: 
ABC: YOSYS_ABC_DONE 

13.1.2. Re-integrating ABC results.
ABC RESULTS:   sky130_fd_sc_hd__a211oi_1 cells:        3
ABC RESULTS:   sky130_fd_sc_hd__a21boi_0 cells:        2
ABC RESULTS:   sky130_fd_sc_hd__a21oi_1 cells:       18
ABC RESULTS:   sky130_fd_sc_hd__a221oi_1 cells:        3
ABC RESULTS:   sky130_fd_sc_hd__a22o_1 cells:        1
ABC RESULTS:   sky130_fd_sc_hd__a22oi_1 cells:        3
ABC RESULTS:   sky130_fd_sc_hd__a311oi_1 cells:        1
ABC RESULTS:   sky130_fd_sc_hd__a31oi_1 cells:        4
ABC RESULTS:   sky130_fd_sc_hd__a32o_1 cells:        1
ABC RESULTS:   sky130_fd_sc_hd__a32oi_1 cells:        1
ABC RESULTS:   sky130_fd_sc_hd__and2_0 cells:        1
ABC RESULTS:   sky130_fd_sc_hd__and3_1 cells:        3
ABC RESULTS:   sky130_fd_sc_hd__clkinv_1 cells:        1
ABC RESULTS:   sky130_fd_sc_hd__lpflow_inputiso1p_1 cells:        2
ABC RESULTS:   sky130_fd_sc_hd__lpflow_isobufsrc_1 cells:        6
ABC RESULTS:   sky130_fd_sc_hd__nand2_1 cells:       23
ABC RESULTS:   sky130_fd_sc_hd__nand2b_1 cells:        5
ABC RESULTS:   sky130_fd_sc_hd__nand3_1 cells:        4
ABC RESULTS:   sky130_fd_sc_hd__nand3b_1 cells:        1
ABC RESULTS:   sky130_fd_sc_hd__nand4_1 cells:        1
ABC RESULTS:   sky130_fd_sc_hd__nor2_1 cells:       23
ABC RESULTS:   sky130_fd_sc_hd__nor3_1 cells:        6
ABC RESULTS:   sky130_fd_sc_hd__nor3b_1 cells:        1
ABC RESULTS:   sky130_fd_sc_hd__o211ai_1 cells:        2
ABC RESULTS:   sky130_fd_sc_hd__o21a_1 cells:        4
ABC RESULTS:   sky130_fd_sc_hd__o21ai_0 cells:       12
ABC RESULTS:   sky130_fd_sc_hd__o221ai_1 cells:        4
ABC RESULTS:   sky130_fd_sc_hd__o22a_1 cells:        4
ABC RESULTS:   sky130_fd_sc_hd__o22ai_1 cells:       11
ABC RESULTS:   sky130_fd_sc_hd__o2bb2ai_1 cells:        1
ABC RESULTS:   sky130_fd_sc_hd__o311ai_0 cells:        1
ABC RESULTS:   sky130_fd_sc_hd__o31a_1 cells:        3
ABC RESULTS:   sky130_fd_sc_hd__o31ai_1 cells:        4
ABC RESULTS:   sky130_fd_sc_hd__o32a_1 cells:        2
ABC RESULTS:   sky130_fd_sc_hd__o32ai_1 cells:        2
ABC RESULTS:   sky130_fd_sc_hd__o41ai_1 cells:        1
ABC RESULTS:   sky130_fd_sc_hd__or3_1 cells:        2
ABC RESULTS:   sky130_fd_sc_hd__or3b_1 cells:        1
ABC RESULTS:   sky130_fd_sc_hd__xnor2_1 cells:        1
ABC RESULTS:   sky130_fd_sc_hd__xor2_1 cells:        2
ABC RESULTS:        internal signals:      172
ABC RESULTS:           input signals:        5
ABC RESULTS:          output signals:       32
Removing temp directory.
Removing global temp directory.

14. Executing SETUNDEF pass (replace undef values with defined constants).

15. Executing OPT_CLEAN pass (remove unused cells and wires).
Finding unused cells or wires in module \sweep_32x32_portable..
Removed 0 unused cells and 45 unused wires.
<suppressed ~1 debug messages>

16. Executing CHECK pass (checking for obvious problems).
Checking module sweep_32x32_portable...
Found and reported 0 problems.

17. Printing statistics.

=== sweep_32x32_portable ===

        +----------Local Count, excluding submodules.
        |        +-Local Area, excluding submodules.
        |        | 
      144        - wires
      210        - wire bits
        4        - public wires
       39        - public wire bits
        4        - ports
       39        - port bits
      203 1.96E+03 cells
        3   22.522   sky130_fd_sc_hd__a211oi_1
        2   15.014   sky130_fd_sc_hd__a21boi_0
       18   90.086   sky130_fd_sc_hd__a21oi_1
        3   26.275   sky130_fd_sc_hd__a221oi_1
        1    8.758   sky130_fd_sc_hd__a22o_1
        3   22.522   sky130_fd_sc_hd__a22oi_1
        1    8.758   sky130_fd_sc_hd__a311oi_1
        4   25.024   sky130_fd_sc_hd__a31oi_1
        1    10.01   sky130_fd_sc_hd__a32o_1
        1    8.758   sky130_fd_sc_hd__a32oi_1
        1    6.256   sky130_fd_sc_hd__and2_0
        3   18.768   sky130_fd_sc_hd__and3_1
        1    3.754   sky130_fd_sc_hd__clkinv_1
       32  960.922   sky130_fd_sc_hd__edfxtp_1
        2   12.512   sky130_fd_sc_hd__lpflow_inputiso1p_1
        6   37.536   sky130_fd_sc_hd__lpflow_isobufsrc_1
       23   86.333   sky130_fd_sc_hd__nand2_1
        5    31.28   sky130_fd_sc_hd__nand2b_1
        4   20.019   sky130_fd_sc_hd__nand3_1
        1    7.507   sky130_fd_sc_hd__nand3b_1
        1    6.256   sky130_fd_sc_hd__nand4_1
       23   86.333   sky130_fd_sc_hd__nor2_1
        6   30.029   sky130_fd_sc_hd__nor3_1
        1    7.507   sky130_fd_sc_hd__nor3b_1
        2   15.014   sky130_fd_sc_hd__o211ai_1
        4   30.029   sky130_fd_sc_hd__o21a_1
       12   60.058   sky130_fd_sc_hd__o21ai_0
        4   35.034   sky130_fd_sc_hd__o221ai_1
        4   35.034   sky130_fd_sc_hd__o22a_1
       11   68.816   sky130_fd_sc_hd__o22ai_1
        1    8.758   sky130_fd_sc_hd__o2bb2ai_1
        1    8.758   sky130_fd_sc_hd__o311ai_0
        3   26.275   sky130_fd_sc_hd__o31a_1
        4   30.029   sky130_fd_sc_hd__o31ai_1
        2   20.019   sky130_fd_sc_hd__o32a_1
        2   17.517   sky130_fd_sc_hd__o32ai_1
        1    8.758   sky130_fd_sc_hd__o41ai_1
        2   12.512   sky130_fd_sc_hd__or3_1
        1    8.758   sky130_fd_sc_hd__or3b_1
        1    8.758   sky130_fd_sc_hd__xnor2_1
        2   17.517   sky130_fd_sc_hd__xor2_1

   Chip area for module '\sweep_32x32_portable': 1964.384000
     of which used for sequential elements: 960.921600 (48.92%)

18. Executing Verilog backend.
Dumping module `\sweep_32x32_portable'.

End of script. Logfile hash: 4725547f68, time: 0.29s, user: 0.20s, system: 0.01s, MEM: 52.50 MB peak
Yosys 0.68+ (git sha1 36d0660ff-dirty, Release, GNU /home/conda/feedstock_root/build_artifacts/yosys_1786465780695/_build_env/bin/x86_64-conda-linux-gnu-c++ 14.4.0) [github.com/conda-forge/yosys-feedstock at main]
Time spent: 34% 1x abc (0 sec), 16% 1x stat (0 sec), ...
