
 /----------------------------------------------------------------------------\
 |  yosys -- Yosys Open SYnthesis Suite                                       |
 |  Copyright (C) 2012 - 2026  Claire Xenia Wolf <claire@yosyshq.com>         |
 |  Distributed under an ISC-like license, type "license" to see terms        |
 \----------------------------------------------------------------------------/
 Yosys 0.68+ (git sha1 36d0660ff-dirty, Release, GNU /home/conda/feedstock_root/build_artifacts/yosys_1786465780695/_build_env/bin/x86_64-conda-linux-gnu-c++ 14.4.0) [github.com/conda-forge/yosys-feedstock at main]

-- Executing script file `/home/rithwik/model2rtl/build/stage5/sweep/sweep_128x32/sweep_128x32_portable_sky130.ys' --

1. Executing Liberty frontend: /home/rithwik/pdk/sky130A/libs.ref/sky130_fd_sc_hd/lib/sky130_fd_sc_hd__tt_025C_1v80.lib
Imported 428 cell types from liberty file.

2. Executing Verilog-2005 frontend: /home/rithwik/model2rtl/build/stage5/sweep/sweep_128x32/sweep_128x32_portable.v
Parsing Verilog input from `/home/rithwik/model2rtl/build/stage5/sweep/sweep_128x32/sweep_128x32_portable.v' to AST representation.
Generating RTLIL representation for module `\sweep_128x32_portable'.
Successfully finished Verilog frontend.

3. Executing HIERARCHY pass (managing design hierarchy).

3.1. Analyzing design hierarchy..
Top module:  \sweep_128x32_portable

3.2. Analyzing design hierarchy..
Top module:  \sweep_128x32_portable
Removed 0 unused modules.

4. Executing PROC pass (convert processes to netlists).

4.1. Executing PROC_CLEAN pass (remove empty switches from decision trees).
Cleaned up 0 empty switches.

4.2. Executing PROC_RMDEAD pass (remove dead branches from decision trees).
Removed 1 dead cases from process $proc$/home/rithwik/model2rtl/build/stage5/sweep/sweep_128x32/sweep_128x32_portable.v:10$1 in module sweep_128x32_portable.
Marked 1 switch rules as full_case in process $proc$/home/rithwik/model2rtl/build/stage5/sweep/sweep_128x32/sweep_128x32_portable.v:10$1 in module sweep_128x32_portable.
Removed a total of 1 dead cases.

4.3. Executing PROC_PRUNE pass (remove redundant assignments in processes).
Removed 0 redundant assignments.
Promoted 0 assignments to connections.

4.4. Executing PROC_INIT pass (extract init attributes).

4.5. Executing PROC_ARST pass (detect async resets in processes).

4.6. Executing PROC_ROM pass (convert switches to ROMs).
Converted 1 switch.
<suppressed ~1 debug messages>

4.7. Executing PROC_MUX pass (convert decision trees to multiplexers).
Creating decoders for process `\sweep_128x32_portable.$proc$/home/rithwik/model2rtl/build/stage5/sweep/sweep_128x32/sweep_128x32_portable.v:10$1'.
     1/1: $0\dout[31:0]

4.8. Executing PROC_DLATCH pass (convert process syncs to latches).

4.9. Executing PROC_DFF pass (convert process syncs to FFs).
Creating register for signal `\sweep_128x32_portable.\dout' using process `\sweep_128x32_portable.$proc$/home/rithwik/model2rtl/build/stage5/sweep/sweep_128x32/sweep_128x32_portable.v:10$1'.
  created $dff cell `$procdff$9' with positive edge clock.

4.10. Executing PROC_MEMWR pass (convert process memory writes to cells).

4.11. Executing PROC_CLEAN pass (remove empty switches from decision trees).
Found and cleaned up 2 empty switches in `\sweep_128x32_portable.$proc$/home/rithwik/model2rtl/build/stage5/sweep/sweep_128x32/sweep_128x32_portable.v:10$1'.
Removing empty process `sweep_128x32_portable.$proc$/home/rithwik/model2rtl/build/stage5/sweep/sweep_128x32/sweep_128x32_portable.v:10$1'.
Cleaned up 2 empty switches.

4.12. Executing OPT_EXPR pass (perform const folding).
Optimizing module sweep_128x32_portable.

5. Executing FLATTEN pass (flatten design).

6. Executing OPT pass (performing simple optimizations).

6.1. Executing OPT_EXPR pass (perform const folding).
Optimizing module sweep_128x32_portable.

6.2. Executing OPT_MERGE pass (detect identical cells).
Finding identical cells in module `\sweep_128x32_portable'.
Computing hashes of 4 cells of `\sweep_128x32_portable'.
Finding duplicate cells in `\sweep_128x32_portable'.
Removed a total of 0 cells.

6.3. Executing OPT_MUXTREE pass (detect dead branches in mux trees).
Running muxtree optimizer on module \sweep_128x32_portable..
  Creating internal representation of mux trees.
  Evaluating internal representation of mux trees.
  Analyzing evaluation results.
Removed 0 multiplexer ports.
<suppressed ~2 debug messages>

6.4. Executing OPT_REDUCE pass (consolidate $*mux and $reduce_* inputs).
  Optimizing cells in module \sweep_128x32_portable.
Performed a total of 0 changes.

6.5. Executing OPT_MERGE pass (detect identical cells).
Finding identical cells in module `\sweep_128x32_portable'.
Computing hashes of 4 cells of `\sweep_128x32_portable'.
Finding duplicate cells in `\sweep_128x32_portable'.
Removed a total of 0 cells.

6.6. Executing OPT_SHARE pass.

6.7. Executing OPT_DFF pass (perform DFF optimizations).
Adding EN signal on $procdff$9 ($dff) from module sweep_128x32_portable (D = $auto$proc_rom.cc:154:do_switch$2, Q = \dout).

6.8. Executing OPT_CLEAN pass (remove unused cells and wires).
Finding unused cells or wires in module \sweep_128x32_portable..
Removed 1 unused cells and 3 unused wires.
<suppressed ~2 debug messages>

6.9. Executing OPT_EXPR pass (perform const folding).
Optimizing module sweep_128x32_portable.

6.10. Rerunning OPT passes. (Maybe there is more to do..)

6.11. Executing OPT_MUXTREE pass (detect dead branches in mux trees).
Running muxtree optimizer on module \sweep_128x32_portable..
  Creating internal representation of mux trees.
  No muxes found in this module.
Removed 0 multiplexer ports.

6.12. Executing OPT_REDUCE pass (consolidate $*mux and $reduce_* inputs).
  Optimizing cells in module \sweep_128x32_portable.
Performed a total of 0 changes.

6.13. Executing OPT_MERGE pass (detect identical cells).
Finding identical cells in module `\sweep_128x32_portable'.
Computing hashes of 3 cells of `\sweep_128x32_portable'.
Finding duplicate cells in `\sweep_128x32_portable'.
Removed a total of 0 cells.

6.14. Executing OPT_SHARE pass.

6.15. Executing OPT_DFF pass (perform DFF optimizations).

6.16. Executing OPT_CLEAN pass (remove unused cells and wires).
Finding unused cells or wires in module \sweep_128x32_portable..

6.17. Executing OPT_EXPR pass (perform const folding).
Optimizing module sweep_128x32_portable.

6.18. Finished fast OPT passes. (There is nothing left to do.)

7. Executing MEMORY pass.

7.1. Executing OPT_MEM pass (optimize memories).
Performed a total of 0 transformations.

7.2. Executing OPT_MEM_PRIORITY pass (removing unnecessary memory write priority relations).
Performed a total of 0 transformations.

7.3. Executing OPT_MEM_FEEDBACK pass (finding memory read-to-write feedback paths).

7.4. Executing MEMORY_BMUX2ROM pass (converting muxes to ROMs).

7.5. Executing MEMORY_DFF pass (merging $dff cells to $memrd).
Checking read port `$auto$proc_rom.cc:155:do_switch$3'[0] in module `\sweep_128x32_portable': merging output FF to cell.

7.6. Executing OPT_CLEAN pass (remove unused cells and wires).
Finding unused cells or wires in module \sweep_128x32_portable..
Removed 1 unused cells and 33 unused wires.
<suppressed ~2 debug messages>

7.7. Executing MEMORY_SHARE pass (consolidating $memrd/$memwr cells).

7.8. Executing OPT_MEM_WIDEN pass (optimize memories where all ports are wide).
Performed a total of 0 transformations.

7.9. Executing OPT_CLEAN pass (remove unused cells and wires).
Finding unused cells or wires in module \sweep_128x32_portable..

7.10. Executing MEMORY_COLLECT pass (generating $mem cells).

7.11. Executing MEMORY_MAP pass (converting memories to logic and flip-flops).
Mapping memory $auto$proc_rom.cc:155:do_switch$3 in module \sweep_128x32_portable:
  created 128 $dff cells and 0 static cells of width 32.
Extracted data FF from read port 0 of sweep_128x32_portable.$auto$proc_rom.cc:155:do_switch$3: $$auto$proc_rom.cc:155:do_switch$3$rdreg[0]
  read interface: 1 $dff and 127 $mux cells.
  write interface: 0 write mux blocks.

8. Executing OPT pass (performing simple optimizations).

8.1. Executing OPT_EXPR pass (perform const folding).
Optimizing module sweep_128x32_portable.

8.2. Executing OPT_MERGE pass (detect identical cells).
Finding identical cells in module `\sweep_128x32_portable'.
Computing hashes of 128 cells of `\sweep_128x32_portable'.
Finding duplicate cells in `\sweep_128x32_portable'.
Removed a total of 0 cells.

8.3. Executing OPT_MUXTREE pass (detect dead branches in mux trees).
Running muxtree optimizer on module \sweep_128x32_portable..
  Creating internal representation of mux trees.
  Evaluating internal representation of mux trees.
  Analyzing evaluation results.
Removed 0 multiplexer ports.
<suppressed ~128 debug messages>

8.4. Executing OPT_REDUCE pass (consolidate $*mux and $reduce_* inputs).
  Optimizing cells in module \sweep_128x32_portable.
    Consolidated identical input bits for $mux cell $memory$auto$proc_rom.cc:155:do_switch$3$rdmux[0][6][62]$419:
      Old ports: A=1473865462, B=32'11000111001000011000001101110000, Y=$memory$auto$proc_rom.cc:155:do_switch$3$rdmux[0][5][31]$a$231
      New ports: A=2'01, B=2'10, Y={ $memory$auto$proc_rom.cc:155:do_switch$3$rdmux[0][5][31]$a$231 [8] $memory$auto$proc_rom.cc:155:do_switch$3$rdmux[0][5][31]$a$231 [1] }
      New connections: { $memory$auto$proc_rom.cc:155:do_switch$3$rdmux[0][5][31]$a$231 [31:9] $memory$auto$proc_rom.cc:155:do_switch$3$rdmux[0][5][31]$a$231 [7:2] $memory$auto$proc_rom.cc:155:do_switch$3$rdmux[0][5][31]$a$231 [0] } = { $memory$auto$proc_rom.cc:155:do_switch$3$rdmux[0][5][31]$a$231 [8] 2'10 $memory$auto$proc_rom.cc:155:do_switch$3$rdmux[0][5][31]$a$231 [1] 4'0111 $memory$auto$proc_rom.cc:155:do_switch$3$rdmux[0][5][31]$a$231 [1] $memory$auto$proc_rom.cc:155:do_switch$3$rdmux[0][5][31]$a$231 [1] $memory$auto$proc_rom.cc:155:do_switch$3$rdmux[0][5][31]$a$231 [8] $memory$auto$proc_rom.cc:155:do_switch$3$rdmux[0][5][31]$a$231 [1] $memory$auto$proc_rom.cc:155:do_switch$3$rdmux[0][5][31]$a$231 [1] 3'001 $memory$auto$proc_rom.cc:155:do_switch$3$rdmux[0][5][31]$a$231 [8] $memory$auto$proc_rom.cc:155:do_switch$3$rdmux[0][5][31]$a$231 [1] $memory$auto$proc_rom.cc:155:do_switch$3$rdmux[0][5][31]$a$231 [1] 2'00 $memory$auto$proc_rom.cc:155:do_switch$3$rdmux[0][5][31]$a$231 [1] 1'1 $memory$auto$proc_rom.cc:155:do_switch$3$rdmux[0][5][31]$a$231 [1] 4'1110 $memory$auto$proc_rom.cc:155:do_switch$3$rdmux[0][5][31]$a$231 [1] 1'0 }
    Consolidated identical input bits for $mux cell $memory$auto$proc_rom.cc:155:do_switch$3$rdmux[0][6][61]$416:
      Old ports: A=32'10000111001110011010110000101100, B=32'10100110001111110111110110110010, Y=$memory$auto$proc_rom.cc:155:do_switch$3$rdmux[0][5][30]$b$229
      New ports: A=2'10, B=2'01, Y=$memory$auto$proc_rom.cc:155:do_switch$3$rdmux[0][5][30]$b$229 [2:1]
      New connections: { $memory$auto$proc_rom.cc:155:do_switch$3$rdmux[0][5][30]$b$229 [31:3] $memory$auto$proc_rom.cc:155:do_switch$3$rdmux[0][5][30]$b$229 [0] } = { 2'10 $memory$auto$proc_rom.cc:155:do_switch$3$rdmux[0][5][30]$b$229 [1] 4'0011 $memory$auto$proc_rom.cc:155:do_switch$3$rdmux[0][5][30]$b$229 [2] 5'00111 $memory$auto$proc_rom.cc:155:do_switch$3$rdmux[0][5][30]$b$229 [1] $memory$auto$proc_rom.cc:155:do_switch$3$rdmux[0][5][30]$b$229 [1] 1'1 $memory$auto$proc_rom.cc:155:do_switch$3$rdmux[0][5][30]$b$229 [2:1] 1'1 $memory$auto$proc_rom.cc:155:do_switch$3$rdmux[0][5][30]$b$229 [1] 3'110 $memory$auto$proc_rom.cc:155:do_switch$3$rdmux[0][5][30]$b$229 [1] $memory$auto$proc_rom.cc:155:do_switch$3$rdmux[0][5][30]$b$229 [1] 2'01 $memory$auto$proc_rom.cc:155:do_switch$3$rdmux[0][5][30]$b$229 [1] $memory$auto$proc_rom.cc:155:do_switch$3$rdmux[0][5][30]$b$229 [2] 1'0 }
    Consolidated identical input bits for $mux cell $memory$auto$proc_rom.cc:155:do_switch$3$rdmux[0][6][60]$413:
      Old ports: A=707093181, B=32'11110001110101110100100101100000, Y=$memory$auto$proc_rom.cc:155:do_switch$3$rdmux[0][5][30]$a$228
      New ports: A=2'01, B=2'10, Y={ $memory$auto$proc_rom.cc:155:do_switch$3$rdmux[0][5][30]$a$228 [6] $memory$auto$proc_rom.cc:155:do_switch$3$rdmux[0][5][30]$a$228 [0] }
      New connections: { $memory$auto$proc_rom.cc:155:do_switch$3$rdmux[0][5][30]$a$228 [31:7] $memory$auto$proc_rom.cc:155:do_switch$3$rdmux[0][5][30]$a$228 [5:1] } = { $memory$auto$proc_rom.cc:155:do_switch$3$rdmux[0][5][30]$a$228 [6] $memory$auto$proc_rom.cc:155:do_switch$3$rdmux[0][5][30]$a$228 [6] 1'1 $memory$auto$proc_rom.cc:155:do_switch$3$rdmux[0][5][30]$a$228 [6] $memory$auto$proc_rom.cc:155:do_switch$3$rdmux[0][5][30]$a$228 [0] 1'0 $memory$auto$proc_rom.cc:155:do_switch$3$rdmux[0][5][30]$a$228 [0] $memory$auto$proc_rom.cc:155:do_switch$3$rdmux[0][5][30]$a$228 [6] $memory$auto$proc_rom.cc:155:do_switch$3$rdmux[0][5][30]$a$228 [6] $memory$auto$proc_rom.cc:155:do_switch$3$rdmux[0][5][30]$a$228 [6] $memory$auto$proc_rom.cc:155:do_switch$3$rdmux[0][5][30]$a$228 [0] $memory$auto$proc_rom.cc:155:do_switch$3$rdmux[0][5][30]$a$228 [6] 2'01 $memory$auto$proc_rom.cc:155:do_switch$3$rdmux[0][5][30]$a$228 [6] 3'101 $memory$auto$proc_rom.cc:155:do_switch$3$rdmux[0][5][30]$a$228 [0] 1'0 $memory$auto$proc_rom.cc:155:do_switch$3$rdmux[0][5][30]$a$228 [6] 1'0 $memory$auto$proc_rom.cc:155:do_switch$3$rdmux[0][5][30]$a$228 [0] $memory$auto$proc_rom.cc:155:do_switch$3$rdmux[0][5][30]$a$228 [6] $memory$auto$proc_rom.cc:155:do_switch$3$rdmux[0][5][30]$a$228 [0] 1'1 $memory$auto$proc_rom.cc:155:do_switch$3$rdmux[0][5][30]$a$228 [0] $memory$auto$proc_rom.cc:155:do_switch$3$rdmux[0][5][30]$a$228 [0] $memory$auto$proc_rom.cc:155:do_switch$3$rdmux[0][5][30]$a$228 [0] 1'0 }
    Consolidated identical input bits for $mux cell $memory$auto$proc_rom.cc:155:do_switch$3$rdmux[0][6][59]$410:
      Old ports: A=552154685, B=202222011, Y=$memory$auto$proc_rom.cc:155:do_switch$3$rdmux[0][5][29]$b$226
      New ports: A=2'10, B=2'01, Y=$memory$auto$proc_rom.cc:155:do_switch$3$rdmux[0][5][29]$b$226 [2:1]
      New connections: { $memory$auto$proc_rom.cc:155:do_switch$3$rdmux[0][5][29]$b$226 [31:3] $memory$auto$proc_rom.cc:155:do_switch$3$rdmux[0][5][29]$b$226 [0] } = { 2'00 $memory$auto$proc_rom.cc:155:do_switch$3$rdmux[0][5][29]$b$226 [2] 1'0 $memory$auto$proc_rom.cc:155:do_switch$3$rdmux[0][5][29]$b$226 [1] $memory$auto$proc_rom.cc:155:do_switch$3$rdmux[0][5][29]$b$226 [1] 2'00 $memory$auto$proc_rom.cc:155:do_switch$3$rdmux[0][5][29]$b$226 [2] $memory$auto$proc_rom.cc:155:do_switch$3$rdmux[0][5][29]$b$226 [2] $memory$auto$proc_rom.cc:155:do_switch$3$rdmux[0][5][29]$b$226 [2] 2'01 $memory$auto$proc_rom.cc:155:do_switch$3$rdmux[0][5][29]$b$226 [1] 2'01 $memory$auto$proc_rom.cc:155:do_switch$3$rdmux[0][5][29]$b$226 [1] 2'01 $memory$auto$proc_rom.cc:155:do_switch$3$rdmux[0][5][29]$b$226 [2:1] $memory$auto$proc_rom.cc:155:do_switch$3$rdmux[0][5][29]$b$226 [2] $memory$auto$proc_rom.cc:155:do_switch$3$rdmux[0][5][29]$b$226 [2:1] $memory$auto$proc_rom.cc:155:do_switch$3$rdmux[0][5][29]$b$226 [1] 5'01111 }
    Consolidated identical input bits for $mux cell $memory$auto$proc_rom.cc:155:do_switch$3$rdmux[0][6][58]$407:
      Old ports: A=823020505, B=32'11111110101111110011010111001101, Y=$memory$auto$proc_rom.cc:155:do_switch$3$rdmux[0][5][29]$a$225
      New ports: A=2'10, B=2'01, Y={ $memory$auto$proc_rom.cc:155:do_switch$3$rdmux[0][5][29]$a$225 [4] $memory$auto$proc_rom.cc:155:do_switch$3$rdmux[0][5][29]$a$225 [2] }
      New connections: { $memory$auto$proc_rom.cc:155:do_switch$3$rdmux[0][5][29]$a$225 [31:5] $memory$auto$proc_rom.cc:155:do_switch$3$rdmux[0][5][29]$a$225 [3] $memory$auto$proc_rom.cc:155:do_switch$3$rdmux[0][5][29]$a$225 [1:0] } = { $memory$auto$proc_rom.cc:155:do_switch$3$rdmux[0][5][29]$a$225 [2] $memory$auto$proc_rom.cc:155:do_switch$3$rdmux[0][5][29]$a$225 [2] 2'11 $memory$auto$proc_rom.cc:155:do_switch$3$rdmux[0][5][29]$a$225 [2] $memory$auto$proc_rom.cc:155:do_switch$3$rdmux[0][5][29]$a$225 [2] $memory$auto$proc_rom.cc:155:do_switch$3$rdmux[0][5][29]$a$225 [2] $memory$auto$proc_rom.cc:155:do_switch$3$rdmux[0][5][29]$a$225 [4] $memory$auto$proc_rom.cc:155:do_switch$3$rdmux[0][5][29]$a$225 [2] 1'0 $memory$auto$proc_rom.cc:155:do_switch$3$rdmux[0][5][29]$a$225 [2] $memory$auto$proc_rom.cc:155:do_switch$3$rdmux[0][5][29]$a$225 [2] 3'111 $memory$auto$proc_rom.cc:155:do_switch$3$rdmux[0][5][29]$a$225 [2] 1'0 $memory$auto$proc_rom.cc:155:do_switch$3$rdmux[0][5][29]$a$225 [4] $memory$auto$proc_rom.cc:155:do_switch$3$rdmux[0][5][29]$a$225 [2] $memory$auto$proc_rom.cc:155:do_switch$3$rdmux[0][5][29]$a$225 [2] $memory$auto$proc_rom.cc:155:do_switch$3$rdmux[0][5][29]$a$225 [4] $memory$auto$proc_rom.cc:155:do_switch$3$rdmux[0][5][29]$a$225 [2] $memory$auto$proc_rom.cc:155:do_switch$3$rdmux[0][5][29]$a$225 [4] 7'1110101 }
    Consolidated identical input bits for $mux cell $memory$auto$proc_rom.cc:155:do_switch$3$rdmux[0][6][57]$404:
      Old ports: A=32'11011101000011001111000101101100, B=32'10000100011010101101101000111010, Y=$memory$auto$proc_rom.cc:155:do_switch$3$rdmux[0][5][28]$b$223
      New ports: A=2'10, B=2'01, Y=$memory$auto$proc_rom.cc:155:do_switch$3$rdmux[0][5][28]$b$223 [2:1]
      New connections: { $memory$auto$proc_rom.cc:155:do_switch$3$rdmux[0][5][28]$b$223 [31:3] $memory$auto$proc_rom.cc:155:do_switch$3$rdmux[0][5][28]$b$223 [0] } = { 1'1 $memory$auto$proc_rom.cc:155:do_switch$3$rdmux[0][5][28]$b$223 [2] 1'0 $memory$auto$proc_rom.cc:155:do_switch$3$rdmux[0][5][28]$b$223 [2] $memory$auto$proc_rom.cc:155:do_switch$3$rdmux[0][5][28]$b$223 [2] 2'10 $memory$auto$proc_rom.cc:155:do_switch$3$rdmux[0][5][28]$b$223 [2] 1'0 $memory$auto$proc_rom.cc:155:do_switch$3$rdmux[0][5][28]$b$223 [1] $memory$auto$proc_rom.cc:155:do_switch$3$rdmux[0][5][28]$b$223 [1] 2'01 $memory$auto$proc_rom.cc:155:do_switch$3$rdmux[0][5][28]$b$223 [2:1] 3'011 $memory$auto$proc_rom.cc:155:do_switch$3$rdmux[0][5][28]$b$223 [2] 1'1 $memory$auto$proc_rom.cc:155:do_switch$3$rdmux[0][5][28]$b$223 [1] 1'0 $memory$auto$proc_rom.cc:155:do_switch$3$rdmux[0][5][28]$b$223 [1] $memory$auto$proc_rom.cc:155:do_switch$3$rdmux[0][5][28]$b$223 [2] 1'0 $memory$auto$proc_rom.cc:155:do_switch$3$rdmux[0][5][28]$b$223 [2] 1'1 $memory$auto$proc_rom.cc:155:do_switch$3$rdmux[0][5][28]$b$223 [1] 2'10 }
    Consolidated identical input bits for $mux cell $memory$auto$proc_rom.cc:155:do_switch$3$rdmux[0][6][56]$401:
      Old ports: A=489488005, B=1012544690, Y=$memory$auto$proc_rom.cc:155:do_switch$3$rdmux[0][5][28]$a$222
      New ports: A=2'01, B=2'10, Y=$memory$auto$proc_rom.cc:155:do_switch$3$rdmux[0][5][28]$a$222 [1:0]
      New connections: $memory$auto$proc_rom.cc:155:do_switch$3$rdmux[0][5][28]$a$222 [31:2] = { 2'00 $memory$auto$proc_rom.cc:155:do_switch$3$rdmux[0][5][28]$a$222 [1] 4'1110 $memory$auto$proc_rom.cc:155:do_switch$3$rdmux[0][5][28]$a$222 [0] 1'0 $memory$auto$proc_rom.cc:155:do_switch$3$rdmux[0][5][28]$a$222 [1:0] $memory$auto$proc_rom.cc:155:do_switch$3$rdmux[0][5][28]$a$222 [1] 1'1 $memory$auto$proc_rom.cc:155:do_switch$3$rdmux[0][5][28]$a$222 [0] $memory$auto$proc_rom.cc:155:do_switch$3$rdmux[0][5][28]$a$222 [1] 1'0 $memory$auto$proc_rom.cc:155:do_switch$3$rdmux[0][5][28]$a$222 [0] $memory$auto$proc_rom.cc:155:do_switch$3$rdmux[0][5][28]$a$222 [0] 2'11 $memory$auto$proc_rom.cc:155:do_switch$3$rdmux[0][5][28]$a$222 [0] 1'1 $memory$auto$proc_rom.cc:155:do_switch$3$rdmux[0][5][28]$a$222 [0] 3'010 $memory$auto$proc_rom.cc:155:do_switch$3$rdmux[0][5][28]$a$222 [1] $memory$auto$proc_rom.cc:155:do_switch$3$rdmux[0][5][28]$a$222 [1] 1'0 $memory$auto$proc_rom.cc:155:do_switch$3$rdmux[0][5][28]$a$222 [0] }
    Consolidated identical input bits for $mux cell $memory$auto$proc_rom.cc:155:do_switch$3$rdmux[0][6][55]$398:
      Old ports: A=985498313, B=1062249769, Y=$memory$auto$proc_rom.cc:155:do_switch$3$rdmux[0][5][27]$b$220
      New ports: A=2'10, B=2'01, Y=$memory$auto$proc_rom.cc:155:do_switch$3$rdmux[0][5][27]$b$220 [6:5]
      New connections: { $memory$auto$proc_rom.cc:155:do_switch$3$rdmux[0][5][27]$b$220 [31:7] $memory$auto$proc_rom.cc:155:do_switch$3$rdmux[0][5][27]$b$220 [4:0] } = { 5'00111 $memory$auto$proc_rom.cc:155:do_switch$3$rdmux[0][5][27]$b$220 [5] 1'1 $memory$auto$proc_rom.cc:155:do_switch$3$rdmux[0][5][27]$b$220 [5] $memory$auto$proc_rom.cc:155:do_switch$3$rdmux[0][5][27]$b$220 [6:5] $memory$auto$proc_rom.cc:155:do_switch$3$rdmux[0][5][27]$b$220 [6] 1'1 $memory$auto$proc_rom.cc:155:do_switch$3$rdmux[0][5][27]$b$220 [6] $memory$auto$proc_rom.cc:155:do_switch$3$rdmux[0][5][27]$b$220 [6] 1'0 $memory$auto$proc_rom.cc:155:do_switch$3$rdmux[0][5][27]$b$220 [6] 2'10 $memory$auto$proc_rom.cc:155:do_switch$3$rdmux[0][5][27]$b$220 [5] 2'00 $memory$auto$proc_rom.cc:155:do_switch$3$rdmux[0][5][27]$b$220 [5] $memory$auto$proc_rom.cc:155:do_switch$3$rdmux[0][5][27]$b$220 [6:5] $memory$auto$proc_rom.cc:155:do_switch$3$rdmux[0][5][27]$b$220 [6] 5'01001 }
    Consolidated identical input bits for $mux cell $memory$auto$proc_rom.cc:155:do_switch$3$rdmux[0][6][54]$395:
      Old ports: A=32'10111010011101011111111001111000, B=32'11111000111011010000100100100000, Y=$memory$auto$proc_rom.cc:155:do_switch$3$rdmux[0][5][27]$a$219
      New ports: A=2'01, B=2'10, Y={ $memory$auto$proc_rom.cc:155:do_switch$3$rdmux[0][5][27]$a$219 [8] $memory$auto$proc_rom.cc:155:do_switch$3$rdmux[0][5][27]$a$219 [3] }
      New connections: { $memory$auto$proc_rom.cc:155:do_switch$3$rdmux[0][5][27]$a$219 [31:9] $memory$auto$proc_rom.cc:155:do_switch$3$rdmux[0][5][27]$a$219 [7:4] $memory$auto$proc_rom.cc:155:do_switch$3$rdmux[0][5][27]$a$219 [2:0] } = { 1'1 $memory$auto$proc_rom.cc:155:do_switch$3$rdmux[0][5][27]$a$219 [8] 4'1110 $memory$auto$proc_rom.cc:155:do_switch$3$rdmux[0][5][27]$a$219 [3] 1'0 $memory$auto$proc_rom.cc:155:do_switch$3$rdmux[0][5][27]$a$219 [8] 2'11 $memory$auto$proc_rom.cc:155:do_switch$3$rdmux[0][5][27]$a$219 [3] $memory$auto$proc_rom.cc:155:do_switch$3$rdmux[0][5][27]$a$219 [8] 3'101 $memory$auto$proc_rom.cc:155:do_switch$3$rdmux[0][5][27]$a$219 [3] $memory$auto$proc_rom.cc:155:do_switch$3$rdmux[0][5][27]$a$219 [3] $memory$auto$proc_rom.cc:155:do_switch$3$rdmux[0][5][27]$a$219 [3] $memory$auto$proc_rom.cc:155:do_switch$3$rdmux[0][5][27]$a$219 [3] 1'1 $memory$auto$proc_rom.cc:155:do_switch$3$rdmux[0][5][27]$a$219 [3] $memory$auto$proc_rom.cc:155:do_switch$3$rdmux[0][5][27]$a$219 [3] 1'0 $memory$auto$proc_rom.cc:155:do_switch$3$rdmux[0][5][27]$a$219 [3] 1'1 $memory$auto$proc_rom.cc:155:do_switch$3$rdmux[0][5][27]$a$219 [3] 3'000 }
    Consolidated identical input bits for $mux cell $memory$auto$proc_rom.cc:155:do_switch$3$rdmux[0][6][53]$392:
      Old ports: A=32'10100100101010111111000100001010, B=743179178, Y=$memory$auto$proc_rom.cc:155:do_switch$3$rdmux[0][5][26]$b$217
      New ports: A=2'10, B=2'01, Y={ $memory$auto$proc_rom.cc:155:do_switch$3$rdmux[0][5][26]$b$217 [12] $memory$auto$proc_rom.cc:155:do_switch$3$rdmux[0][5][26]$b$217 [5] }
      New connections: { $memory$auto$proc_rom.cc:155:do_switch$3$rdmux[0][5][26]$b$217 [31:13] $memory$auto$proc_rom.cc:155:do_switch$3$rdmux[0][5][26]$b$217 [11:6] $memory$auto$proc_rom.cc:155:do_switch$3$rdmux[0][5][26]$b$217 [4:0] } = { $memory$auto$proc_rom.cc:155:do_switch$3$rdmux[0][5][26]$b$217 [12] 3'010 $memory$auto$proc_rom.cc:155:do_switch$3$rdmux[0][5][26]$b$217 [5] 3'100 $memory$auto$proc_rom.cc:155:do_switch$3$rdmux[0][5][26]$b$217 [12] $memory$auto$proc_rom.cc:155:do_switch$3$rdmux[0][5][26]$b$217 [5] $memory$auto$proc_rom.cc:155:do_switch$3$rdmux[0][5][26]$b$217 [12] 2'01 $memory$auto$proc_rom.cc:155:do_switch$3$rdmux[0][5][26]$b$217 [5] $memory$auto$proc_rom.cc:155:do_switch$3$rdmux[0][5][26]$b$217 [12] $memory$auto$proc_rom.cc:155:do_switch$3$rdmux[0][5][26]$b$217 [12] $memory$auto$proc_rom.cc:155:do_switch$3$rdmux[0][5][26]$b$217 [12] $memory$auto$proc_rom.cc:155:do_switch$3$rdmux[0][5][26]$b$217 [12] $memory$auto$proc_rom.cc:155:do_switch$3$rdmux[0][5][26]$b$217 [12] 2'00 $memory$auto$proc_rom.cc:155:do_switch$3$rdmux[0][5][26]$b$217 [5] 1'1 $memory$auto$proc_rom.cc:155:do_switch$3$rdmux[0][5][26]$b$217 [5] 6'001010 }
    Consolidated identical input bits for $mux cell $memory$auto$proc_rom.cc:155:do_switch$3$rdmux[0][6][52]$389:
      Old ports: A=32'11010010111101011101011100001101, B=32'11011010111011110000100011110001, Y=$memory$auto$proc_rom.cc:155:do_switch$3$rdmux[0][5][26]$a$216
      New ports: A=2'01, B=2'10, Y={ $memory$auto$proc_rom.cc:155:do_switch$3$rdmux[0][5][26]$a$216 [4] $memory$auto$proc_rom.cc:155:do_switch$3$rdmux[0][5][26]$a$216 [2] }
      New connections: { $memory$auto$proc_rom.cc:155:do_switch$3$rdmux[0][5][26]$a$216 [31:5] $memory$auto$proc_rom.cc:155:do_switch$3$rdmux[0][5][26]$a$216 [3] $memory$auto$proc_rom.cc:155:do_switch$3$rdmux[0][5][26]$a$216 [1:0] } = { 4'1101 $memory$auto$proc_rom.cc:155:do_switch$3$rdmux[0][5][26]$a$216 [4] 6'010111 $memory$auto$proc_rom.cc:155:do_switch$3$rdmux[0][5][26]$a$216 [2] $memory$auto$proc_rom.cc:155:do_switch$3$rdmux[0][5][26]$a$216 [4] 1'1 $memory$auto$proc_rom.cc:155:do_switch$3$rdmux[0][5][26]$a$216 [4] 1'1 $memory$auto$proc_rom.cc:155:do_switch$3$rdmux[0][5][26]$a$216 [2] $memory$auto$proc_rom.cc:155:do_switch$3$rdmux[0][5][26]$a$216 [2] 1'0 $memory$auto$proc_rom.cc:155:do_switch$3$rdmux[0][5][26]$a$216 [2] $memory$auto$proc_rom.cc:155:do_switch$3$rdmux[0][5][26]$a$216 [4] $memory$auto$proc_rom.cc:155:do_switch$3$rdmux[0][5][26]$a$216 [2] $memory$auto$proc_rom.cc:155:do_switch$3$rdmux[0][5][26]$a$216 [2] $memory$auto$proc_rom.cc:155:do_switch$3$rdmux[0][5][26]$a$216 [2] $memory$auto$proc_rom.cc:155:do_switch$3$rdmux[0][5][26]$a$216 [4] $memory$auto$proc_rom.cc:155:do_switch$3$rdmux[0][5][26]$a$216 [4] $memory$auto$proc_rom.cc:155:do_switch$3$rdmux[0][5][26]$a$216 [4] $memory$auto$proc_rom.cc:155:do_switch$3$rdmux[0][5][26]$a$216 [2] 2'01 }
    Consolidated identical input bits for $mux cell $memory$auto$proc_rom.cc:155:do_switch$3$rdmux[0][6][51]$386:
      Old ports: A=1742605273, B=32'10000000000101100010111001100000, Y=$memory$auto$proc_rom.cc:155:do_switch$3$rdmux[0][5][25]$b$214
      New ports: A=2'01, B=2'10, Y={ $memory$auto$proc_rom.cc:155:do_switch$3$rdmux[0][5][25]$b$214 [5] $memory$auto$proc_rom.cc:155:do_switch$3$rdmux[0][5][25]$b$214 [0] }
      New connections: { $memory$auto$proc_rom.cc:155:do_switch$3$rdmux[0][5][25]$b$214 [31:6] $memory$auto$proc_rom.cc:155:do_switch$3$rdmux[0][5][25]$b$214 [4:1] } = { $memory$auto$proc_rom.cc:155:do_switch$3$rdmux[0][5][25]$b$214 [5] $memory$auto$proc_rom.cc:155:do_switch$3$rdmux[0][5][25]$b$214 [0] $memory$auto$proc_rom.cc:155:do_switch$3$rdmux[0][5][25]$b$214 [0] 2'00 $memory$auto$proc_rom.cc:155:do_switch$3$rdmux[0][5][25]$b$214 [0] $memory$auto$proc_rom.cc:155:do_switch$3$rdmux[0][5][25]$b$214 [0] $memory$auto$proc_rom.cc:155:do_switch$3$rdmux[0][5][25]$b$214 [0] $memory$auto$proc_rom.cc:155:do_switch$3$rdmux[0][5][25]$b$214 [0] $memory$auto$proc_rom.cc:155:do_switch$3$rdmux[0][5][25]$b$214 [0] 2'01 $memory$auto$proc_rom.cc:155:do_switch$3$rdmux[0][5][25]$b$214 [0] 5'11000 $memory$auto$proc_rom.cc:155:do_switch$3$rdmux[0][5][25]$b$214 [5] 2'01 $memory$auto$proc_rom.cc:155:do_switch$3$rdmux[0][5][25]$b$214 [5] 1'1 $memory$auto$proc_rom.cc:155:do_switch$3$rdmux[0][5][25]$b$214 [0] $memory$auto$proc_rom.cc:155:do_switch$3$rdmux[0][5][25]$b$214 [0] 1'1 $memory$auto$proc_rom.cc:155:do_switch$3$rdmux[0][5][25]$b$214 [0] $memory$auto$proc_rom.cc:155:do_switch$3$rdmux[0][5][25]$b$214 [0] 2'00 }
    Consolidated identical input bits for $mux cell $memory$auto$proc_rom.cc:155:do_switch$3$rdmux[0][6][50]$383:
      Old ports: A=32'10111101011001010011110010110001, B=32'11110001100001001001000011000111, Y=$memory$auto$proc_rom.cc:155:do_switch$3$rdmux[0][5][25]$a$213
      New ports: A=2'10, B=2'01, Y={ $memory$auto$proc_rom.cc:155:do_switch$3$rdmux[0][5][25]$a$213 [4] $memory$auto$proc_rom.cc:155:do_switch$3$rdmux[0][5][25]$a$213 [1] }
      New connections: { $memory$auto$proc_rom.cc:155:do_switch$3$rdmux[0][5][25]$a$213 [31:5] $memory$auto$proc_rom.cc:155:do_switch$3$rdmux[0][5][25]$a$213 [3:2] $memory$auto$proc_rom.cc:155:do_switch$3$rdmux[0][5][25]$a$213 [0] } = { 1'1 $memory$auto$proc_rom.cc:155:do_switch$3$rdmux[0][5][25]$a$213 [1] 2'11 $memory$auto$proc_rom.cc:155:do_switch$3$rdmux[0][5][25]$a$213 [4] $memory$auto$proc_rom.cc:155:do_switch$3$rdmux[0][5][25]$a$213 [4] 2'01 $memory$auto$proc_rom.cc:155:do_switch$3$rdmux[0][5][25]$a$213 [1] $memory$auto$proc_rom.cc:155:do_switch$3$rdmux[0][5][25]$a$213 [4] $memory$auto$proc_rom.cc:155:do_switch$3$rdmux[0][5][25]$a$213 [4] 4'0010 $memory$auto$proc_rom.cc:155:do_switch$3$rdmux[0][5][25]$a$213 [4] $memory$auto$proc_rom.cc:155:do_switch$3$rdmux[0][5][25]$a$213 [1] 1'0 $memory$auto$proc_rom.cc:155:do_switch$3$rdmux[0][5][25]$a$213 [4] 1'1 $memory$auto$proc_rom.cc:155:do_switch$3$rdmux[0][5][25]$a$213 [4] $memory$auto$proc_rom.cc:155:do_switch$3$rdmux[0][5][25]$a$213 [4] 3'001 $memory$auto$proc_rom.cc:155:do_switch$3$rdmux[0][5][25]$a$213 [1] $memory$auto$proc_rom.cc:155:do_switch$3$rdmux[0][5][25]$a$213 [4] 1'0 $memory$auto$proc_rom.cc:155:do_switch$3$rdmux[0][5][25]$a$213 [1] 1'1 }
    Consolidated identical input bits for $mux cell $memory$auto$proc_rom.cc:155:do_switch$3$rdmux[0][6][49]$380:
      Old ports: A=31818337, B=2012153869, Y=$memory$auto$proc_rom.cc:155:do_switch$3$rdmux[0][5][24]$b$211
      New ports: A=2'10, B=2'01, Y={ $memory$auto$proc_rom.cc:155:do_switch$3$rdmux[0][5][24]$b$211 [5] $memory$auto$proc_rom.cc:155:do_switch$3$rdmux[0][5][24]$b$211 [2] }
      New connections: { $memory$auto$proc_rom.cc:155:do_switch$3$rdmux[0][5][24]$b$211 [31:6] $memory$auto$proc_rom.cc:155:do_switch$3$rdmux[0][5][24]$b$211 [4:3] $memory$auto$proc_rom.cc:155:do_switch$3$rdmux[0][5][24]$b$211 [1:0] } = { 1'0 $memory$auto$proc_rom.cc:155:do_switch$3$rdmux[0][5][24]$b$211 [2] $memory$auto$proc_rom.cc:155:do_switch$3$rdmux[0][5][24]$b$211 [2] $memory$auto$proc_rom.cc:155:do_switch$3$rdmux[0][5][24]$b$211 [2] 1'0 $memory$auto$proc_rom.cc:155:do_switch$3$rdmux[0][5][24]$b$211 [2] $memory$auto$proc_rom.cc:155:do_switch$3$rdmux[0][5][24]$b$211 [2] 5'11110 $memory$auto$proc_rom.cc:155:do_switch$3$rdmux[0][5][24]$b$211 [2] 1'1 $memory$auto$proc_rom.cc:155:do_switch$3$rdmux[0][5][24]$b$211 [2] 1'1 $memory$auto$proc_rom.cc:155:do_switch$3$rdmux[0][5][24]$b$211 [5] 3'000 $memory$auto$proc_rom.cc:155:do_switch$3$rdmux[0][5][24]$b$211 [2] 1'0 $memory$auto$proc_rom.cc:155:do_switch$3$rdmux[0][5][24]$b$211 [5] 2'00 $memory$auto$proc_rom.cc:155:do_switch$3$rdmux[0][5][24]$b$211 [5] 1'0 $memory$auto$proc_rom.cc:155:do_switch$3$rdmux[0][5][24]$b$211 [2] 2'01 }
    Consolidated identical input bits for $mux cell $memory$auto$proc_rom.cc:155:do_switch$3$rdmux[0][6][48]$377:
      Old ports: A=32'11011101010010001001101110001100, B=32'11111011111011100110110001001011, Y=$memory$auto$proc_rom.cc:155:do_switch$3$rdmux[0][5][24]$a$210
      New ports: A=2'10, B=2'01, Y={ $memory$auto$proc_rom.cc:155:do_switch$3$rdmux[0][5][24]$a$210 [2] $memory$auto$proc_rom.cc:155:do_switch$3$rdmux[0][5][24]$a$210 [0] }
      New connections: { $memory$auto$proc_rom.cc:155:do_switch$3$rdmux[0][5][24]$a$210 [31:3] $memory$auto$proc_rom.cc:155:do_switch$3$rdmux[0][5][24]$a$210 [1] } = { 2'11 $memory$auto$proc_rom.cc:155:do_switch$3$rdmux[0][5][24]$a$210 [0] 2'11 $memory$auto$proc_rom.cc:155:do_switch$3$rdmux[0][5][24]$a$210 [2] $memory$auto$proc_rom.cc:155:do_switch$3$rdmux[0][5][24]$a$210 [0] 1'1 $memory$auto$proc_rom.cc:155:do_switch$3$rdmux[0][5][24]$a$210 [0] 1'1 $memory$auto$proc_rom.cc:155:do_switch$3$rdmux[0][5][24]$a$210 [0] 2'01 $memory$auto$proc_rom.cc:155:do_switch$3$rdmux[0][5][24]$a$210 [0] $memory$auto$proc_rom.cc:155:do_switch$3$rdmux[0][5][24]$a$210 [0] 1'0 $memory$auto$proc_rom.cc:155:do_switch$3$rdmux[0][5][24]$a$210 [2] $memory$auto$proc_rom.cc:155:do_switch$3$rdmux[0][5][24]$a$210 [0] $memory$auto$proc_rom.cc:155:do_switch$3$rdmux[0][5][24]$a$210 [0] $memory$auto$proc_rom.cc:155:do_switch$3$rdmux[0][5][24]$a$210 [2] 1'1 $memory$auto$proc_rom.cc:155:do_switch$3$rdmux[0][5][24]$a$210 [0] $memory$auto$proc_rom.cc:155:do_switch$3$rdmux[0][5][24]$a$210 [2] $memory$auto$proc_rom.cc:155:do_switch$3$rdmux[0][5][24]$a$210 [2] $memory$auto$proc_rom.cc:155:do_switch$3$rdmux[0][5][24]$a$210 [2] $memory$auto$proc_rom.cc:155:do_switch$3$rdmux[0][5][24]$a$210 [0] 3'001 $memory$auto$proc_rom.cc:155:do_switch$3$rdmux[0][5][24]$a$210 [0] }
    Consolidated identical input bits for $mux cell $memory$auto$proc_rom.cc:155:do_switch$3$rdmux[0][6][47]$374:
      Old ports: A=1275098391, B=32'10000010011001101111001001101100, Y=$memory$auto$proc_rom.cc:155:do_switch$3$rdmux[0][5][23]$b$208
      New ports: A=2'01, B=2'10, Y={ $memory$auto$proc_rom.cc:155:do_switch$3$rdmux[0][5][23]$b$208 [3] $memory$auto$proc_rom.cc:155:do_switch$3$rdmux[0][5][23]$b$208 [0] }
      New connections: { $memory$auto$proc_rom.cc:155:do_switch$3$rdmux[0][5][23]$b$208 [31:4] $memory$auto$proc_rom.cc:155:do_switch$3$rdmux[0][5][23]$b$208 [2:1] } = { $memory$auto$proc_rom.cc:155:do_switch$3$rdmux[0][5][23]$b$208 [3] $memory$auto$proc_rom.cc:155:do_switch$3$rdmux[0][5][23]$b$208 [0] 2'00 $memory$auto$proc_rom.cc:155:do_switch$3$rdmux[0][5][23]$b$208 [0] $memory$auto$proc_rom.cc:155:do_switch$3$rdmux[0][5][23]$b$208 [0] $memory$auto$proc_rom.cc:155:do_switch$3$rdmux[0][5][23]$b$208 [3] 2'00 $memory$auto$proc_rom.cc:155:do_switch$3$rdmux[0][5][23]$b$208 [3] $memory$auto$proc_rom.cc:155:do_switch$3$rdmux[0][5][23]$b$208 [3] 2'00 $memory$auto$proc_rom.cc:155:do_switch$3$rdmux[0][5][23]$b$208 [3] $memory$auto$proc_rom.cc:155:do_switch$3$rdmux[0][5][23]$b$208 [3] 1'0 $memory$auto$proc_rom.cc:155:do_switch$3$rdmux[0][5][23]$b$208 [3] 4'1110 $memory$auto$proc_rom.cc:155:do_switch$3$rdmux[0][5][23]$b$208 [0] $memory$auto$proc_rom.cc:155:do_switch$3$rdmux[0][5][23]$b$208 [3] $memory$auto$proc_rom.cc:155:do_switch$3$rdmux[0][5][23]$b$208 [0] 1'0 $memory$auto$proc_rom.cc:155:do_switch$3$rdmux[0][5][23]$b$208 [3] $memory$auto$proc_rom.cc:155:do_switch$3$rdmux[0][5][23]$b$208 [3] $memory$auto$proc_rom.cc:155:do_switch$3$rdmux[0][5][23]$b$208 [0] 1'1 $memory$auto$proc_rom.cc:155:do_switch$3$rdmux[0][5][23]$b$208 [0] }
    Consolidated identical input bits for $mux cell $memory$auto$proc_rom.cc:155:do_switch$3$rdmux[0][6][46]$371:
      Old ports: A=1599602547, B=540520099, Y=$memory$auto$proc_rom.cc:155:do_switch$3$rdmux[0][5][23]$a$207
      New ports: A=2'01, B=2'10, Y={ $memory$auto$proc_rom.cc:155:do_switch$3$rdmux[0][5][23]$a$207 [7] $memory$auto$proc_rom.cc:155:do_switch$3$rdmux[0][5][23]$a$207 [4] }
      New connections: { $memory$auto$proc_rom.cc:155:do_switch$3$rdmux[0][5][23]$a$207 [31:8] $memory$auto$proc_rom.cc:155:do_switch$3$rdmux[0][5][23]$a$207 [6:5] $memory$auto$proc_rom.cc:155:do_switch$3$rdmux[0][5][23]$a$207 [3:0] } = { 1'0 $memory$auto$proc_rom.cc:155:do_switch$3$rdmux[0][5][23]$a$207 [4] $memory$auto$proc_rom.cc:155:do_switch$3$rdmux[0][5][23]$a$207 [7] $memory$auto$proc_rom.cc:155:do_switch$3$rdmux[0][5][23]$a$207 [4] $memory$auto$proc_rom.cc:155:do_switch$3$rdmux[0][5][23]$a$207 [4] $memory$auto$proc_rom.cc:155:do_switch$3$rdmux[0][5][23]$a$207 [4] $memory$auto$proc_rom.cc:155:do_switch$3$rdmux[0][5][23]$a$207 [4] $memory$auto$proc_rom.cc:155:do_switch$3$rdmux[0][5][23]$a$207 [4] 1'0 $memory$auto$proc_rom.cc:155:do_switch$3$rdmux[0][5][23]$a$207 [4] $memory$auto$proc_rom.cc:155:do_switch$3$rdmux[0][5][23]$a$207 [7] 6'101111 $memory$auto$proc_rom.cc:155:do_switch$3$rdmux[0][5][23]$a$207 [4] 1'1 $memory$auto$proc_rom.cc:155:do_switch$3$rdmux[0][5][23]$a$207 [4] 3'111 $memory$auto$proc_rom.cc:155:do_switch$3$rdmux[0][5][23]$a$207 [4] $memory$auto$proc_rom.cc:155:do_switch$3$rdmux[0][5][23]$a$207 [4] 5'10011 }
    Consolidated identical input bits for $mux cell $memory$auto$proc_rom.cc:155:do_switch$3$rdmux[0][6][45]$368:
      Old ports: A=32'10010001010010011000111011000101, B=641476944, Y=$memory$auto$proc_rom.cc:155:do_switch$3$rdmux[0][5][22]$b$205
      New ports: A=2'01, B=2'10, Y={ $memory$auto$proc_rom.cc:155:do_switch$3$rdmux[0][5][22]$b$205 [4] $memory$auto$proc_rom.cc:155:do_switch$3$rdmux[0][5][22]$b$205 [0] }
      New connections: { $memory$auto$proc_rom.cc:155:do_switch$3$rdmux[0][5][22]$b$205 [31:5] $memory$auto$proc_rom.cc:155:do_switch$3$rdmux[0][5][22]$b$205 [3:1] } = { $memory$auto$proc_rom.cc:155:do_switch$3$rdmux[0][5][22]$b$205 [0] 1'0 $memory$auto$proc_rom.cc:155:do_switch$3$rdmux[0][5][22]$b$205 [4] $memory$auto$proc_rom.cc:155:do_switch$3$rdmux[0][5][22]$b$205 [0] 1'0 $memory$auto$proc_rom.cc:155:do_switch$3$rdmux[0][5][22]$b$205 [4] $memory$auto$proc_rom.cc:155:do_switch$3$rdmux[0][5][22]$b$205 [4] $memory$auto$proc_rom.cc:155:do_switch$3$rdmux[0][5][22]$b$205 [0] 1'0 $memory$auto$proc_rom.cc:155:do_switch$3$rdmux[0][5][22]$b$205 [0] $memory$auto$proc_rom.cc:155:do_switch$3$rdmux[0][5][22]$b$205 [4] $memory$auto$proc_rom.cc:155:do_switch$3$rdmux[0][5][22]$b$205 [4] 1'1 $memory$auto$proc_rom.cc:155:do_switch$3$rdmux[0][5][22]$b$205 [4] 1'0 $memory$auto$proc_rom.cc:155:do_switch$3$rdmux[0][5][22]$b$205 [0] $memory$auto$proc_rom.cc:155:do_switch$3$rdmux[0][5][22]$b$205 [0] 1'0 $memory$auto$proc_rom.cc:155:do_switch$3$rdmux[0][5][22]$b$205 [4] 2'01 $memory$auto$proc_rom.cc:155:do_switch$3$rdmux[0][5][22]$b$205 [0] $memory$auto$proc_rom.cc:155:do_switch$3$rdmux[0][5][22]$b$205 [0] $memory$auto$proc_rom.cc:155:do_switch$3$rdmux[0][5][22]$b$205 [4] $memory$auto$proc_rom.cc:155:do_switch$3$rdmux[0][5][22]$b$205 [0] 3'100 $memory$auto$proc_rom.cc:155:do_switch$3$rdmux[0][5][22]$b$205 [0] 1'0 }
    Consolidated identical input bits for $mux cell $memory$auto$proc_rom.cc:155:do_switch$3$rdmux[0][6][44]$365:
      Old ports: A=32'10111001001000011000000100001101, B=32'10001001100001111011011100110100, Y=$memory$auto$proc_rom.cc:155:do_switch$3$rdmux[0][5][22]$a$204
      New ports: A=2'01, B=2'10, Y={ $memory$auto$proc_rom.cc:155:do_switch$3$rdmux[0][5][22]$a$204 [4] $memory$auto$proc_rom.cc:155:do_switch$3$rdmux[0][5][22]$a$204 [0] }
      New connections: { $memory$auto$proc_rom.cc:155:do_switch$3$rdmux[0][5][22]$a$204 [31:5] $memory$auto$proc_rom.cc:155:do_switch$3$rdmux[0][5][22]$a$204 [3:1] } = { 2'10 $memory$auto$proc_rom.cc:155:do_switch$3$rdmux[0][5][22]$a$204 [0] $memory$auto$proc_rom.cc:155:do_switch$3$rdmux[0][5][22]$a$204 [0] 4'1001 $memory$auto$proc_rom.cc:155:do_switch$3$rdmux[0][5][22]$a$204 [4] 1'0 $memory$auto$proc_rom.cc:155:do_switch$3$rdmux[0][5][22]$a$204 [0] 2'00 $memory$auto$proc_rom.cc:155:do_switch$3$rdmux[0][5][22]$a$204 [4] $memory$auto$proc_rom.cc:155:do_switch$3$rdmux[0][5][22]$a$204 [4] 3'110 $memory$auto$proc_rom.cc:155:do_switch$3$rdmux[0][5][22]$a$204 [4] $memory$auto$proc_rom.cc:155:do_switch$3$rdmux[0][5][22]$a$204 [4] 1'0 $memory$auto$proc_rom.cc:155:do_switch$3$rdmux[0][5][22]$a$204 [4] $memory$auto$proc_rom.cc:155:do_switch$3$rdmux[0][5][22]$a$204 [4] 3'100 $memory$auto$proc_rom.cc:155:do_switch$3$rdmux[0][5][22]$a$204 [4] $memory$auto$proc_rom.cc:155:do_switch$3$rdmux[0][5][22]$a$204 [0] 2'10 }
    Consolidated identical input bits for $mux cell $memory$auto$proc_rom.cc:155:do_switch$3$rdmux[0][6][43]$362:
      Old ports: A=1294004443, B=32'10100000010000011111111111111110, Y=$memory$auto$proc_rom.cc:155:do_switch$3$rdmux[0][5][21]$b$202
      New ports: A=2'01, B=2'10, Y={ $memory$auto$proc_rom.cc:155:do_switch$3$rdmux[0][5][21]$b$202 [2] $memory$auto$proc_rom.cc:155:do_switch$3$rdmux[0][5][21]$b$202 [0] }
      New connections: { $memory$auto$proc_rom.cc:155:do_switch$3$rdmux[0][5][21]$b$202 [31:3] $memory$auto$proc_rom.cc:155:do_switch$3$rdmux[0][5][21]$b$202 [1] } = { $memory$auto$proc_rom.cc:155:do_switch$3$rdmux[0][5][21]$b$202 [2] $memory$auto$proc_rom.cc:155:do_switch$3$rdmux[0][5][21]$b$202 [0] $memory$auto$proc_rom.cc:155:do_switch$3$rdmux[0][5][21]$b$202 [2] 1'0 $memory$auto$proc_rom.cc:155:do_switch$3$rdmux[0][5][21]$b$202 [0] $memory$auto$proc_rom.cc:155:do_switch$3$rdmux[0][5][21]$b$202 [0] 1'0 $memory$auto$proc_rom.cc:155:do_switch$3$rdmux[0][5][21]$b$202 [0] 1'0 $memory$auto$proc_rom.cc:155:do_switch$3$rdmux[0][5][21]$b$202 [2] $memory$auto$proc_rom.cc:155:do_switch$3$rdmux[0][5][21]$b$202 [0] 4'0000 $memory$auto$proc_rom.cc:155:do_switch$3$rdmux[0][5][21]$b$202 [2] 4'1111 $memory$auto$proc_rom.cc:155:do_switch$3$rdmux[0][5][21]$b$202 [2] $memory$auto$proc_rom.cc:155:do_switch$3$rdmux[0][5][21]$b$202 [2] $memory$auto$proc_rom.cc:155:do_switch$3$rdmux[0][5][21]$b$202 [2] $memory$auto$proc_rom.cc:155:do_switch$3$rdmux[0][5][21]$b$202 [2] 2'11 $memory$auto$proc_rom.cc:155:do_switch$3$rdmux[0][5][21]$b$202 [2] 3'111 }
    Consolidated identical input bits for $mux cell $memory$auto$proc_rom.cc:155:do_switch$3$rdmux[0][6][42]$359:
      Old ports: A=930718787, B=899047065, Y=$memory$auto$proc_rom.cc:155:do_switch$3$rdmux[0][5][21]$a$201
      New ports: A=2'01, B=2'10, Y={ $memory$auto$proc_rom.cc:155:do_switch$3$rdmux[0][5][21]$a$201 [3] $memory$auto$proc_rom.cc:155:do_switch$3$rdmux[0][5][21]$a$201 [1] }
      New connections: { $memory$auto$proc_rom.cc:155:do_switch$3$rdmux[0][5][21]$a$201 [31:4] $memory$auto$proc_rom.cc:155:do_switch$3$rdmux[0][5][21]$a$201 [2] $memory$auto$proc_rom.cc:155:do_switch$3$rdmux[0][5][21]$a$201 [0] } = { 6'001101 $memory$auto$proc_rom.cc:155:do_switch$3$rdmux[0][5][21]$a$201 [1] 1'1 $memory$auto$proc_rom.cc:155:do_switch$3$rdmux[0][5][21]$a$201 [3] $memory$auto$proc_rom.cc:155:do_switch$3$rdmux[0][5][21]$a$201 [1] $memory$auto$proc_rom.cc:155:do_switch$3$rdmux[0][5][21]$a$201 [1] 1'1 $memory$auto$proc_rom.cc:155:do_switch$3$rdmux[0][5][21]$a$201 [1] $memory$auto$proc_rom.cc:155:do_switch$3$rdmux[0][5][21]$a$201 [3] $memory$auto$proc_rom.cc:155:do_switch$3$rdmux[0][5][21]$a$201 [3] $memory$auto$proc_rom.cc:155:do_switch$3$rdmux[0][5][21]$a$201 [1] $memory$auto$proc_rom.cc:155:do_switch$3$rdmux[0][5][21]$a$201 [1] $memory$auto$proc_rom.cc:155:do_switch$3$rdmux[0][5][21]$a$201 [3] $memory$auto$proc_rom.cc:155:do_switch$3$rdmux[0][5][21]$a$201 [1] $memory$auto$proc_rom.cc:155:do_switch$3$rdmux[0][5][21]$a$201 [3] $memory$auto$proc_rom.cc:155:do_switch$3$rdmux[0][5][21]$a$201 [3] 1'1 $memory$auto$proc_rom.cc:155:do_switch$3$rdmux[0][5][21]$a$201 [3] 1'0 $memory$auto$proc_rom.cc:155:do_switch$3$rdmux[0][5][21]$a$201 [3] $memory$auto$proc_rom.cc:155:do_switch$3$rdmux[0][5][21]$a$201 [1] 1'0 $memory$auto$proc_rom.cc:155:do_switch$3$rdmux[0][5][21]$a$201 [3] 2'01 }
    Consolidated identical input bits for $mux cell $memory$auto$proc_rom.cc:155:do_switch$3$rdmux[0][6][41]$356:
      Old ports: A=32'11100011100001100111111011111001, B=32'10011111001101101001110011000110, Y=$memory$auto$proc_rom.cc:155:do_switch$3$rdmux[0][5][20]$b$199
      New ports: A=2'01, B=2'10, Y=$memory$auto$proc_rom.cc:155:do_switch$3$rdmux[0][5][20]$b$199 [1:0]
      New connections: $memory$auto$proc_rom.cc:155:do_switch$3$rdmux[0][5][20]$b$199 [31:2] = { 1'1 $memory$auto$proc_rom.cc:155:do_switch$3$rdmux[0][5][20]$b$199 [0] $memory$auto$proc_rom.cc:155:do_switch$3$rdmux[0][5][20]$b$199 [0] $memory$auto$proc_rom.cc:155:do_switch$3$rdmux[0][5][20]$b$199 [1] $memory$auto$proc_rom.cc:155:do_switch$3$rdmux[0][5][20]$b$199 [1] $memory$auto$proc_rom.cc:155:do_switch$3$rdmux[0][5][20]$b$199 [1] 2'11 $memory$auto$proc_rom.cc:155:do_switch$3$rdmux[0][5][20]$b$199 [0] 1'0 $memory$auto$proc_rom.cc:155:do_switch$3$rdmux[0][5][20]$b$199 [1] $memory$auto$proc_rom.cc:155:do_switch$3$rdmux[0][5][20]$b$199 [1] 4'0110 $memory$auto$proc_rom.cc:155:do_switch$3$rdmux[0][5][20]$b$199 [1:0] $memory$auto$proc_rom.cc:155:do_switch$3$rdmux[0][5][20]$b$199 [0] 3'111 $memory$auto$proc_rom.cc:155:do_switch$3$rdmux[0][5][20]$b$199 [0] 3'011 $memory$auto$proc_rom.cc:155:do_switch$3$rdmux[0][5][20]$b$199 [0] $memory$auto$proc_rom.cc:155:do_switch$3$rdmux[0][5][20]$b$199 [0] $memory$auto$proc_rom.cc:155:do_switch$3$rdmux[0][5][20]$b$199 [0] $memory$auto$proc_rom.cc:155:do_switch$3$rdmux[0][5][20]$b$199 [1] }
    Consolidated identical input bits for $mux cell $memory$auto$proc_rom.cc:155:do_switch$3$rdmux[0][6][40]$353:
      Old ports: A=832197612, B=32'11011011000101001000011111100010, Y=$memory$auto$proc_rom.cc:155:do_switch$3$rdmux[0][5][20]$a$198
      New ports: A=2'10, B=2'01, Y=$memory$auto$proc_rom.cc:155:do_switch$3$rdmux[0][5][20]$a$198 [2:1]
      New connections: { $memory$auto$proc_rom.cc:155:do_switch$3$rdmux[0][5][20]$a$198 [31:3] $memory$auto$proc_rom.cc:155:do_switch$3$rdmux[0][5][20]$a$198 [0] } = { $memory$auto$proc_rom.cc:155:do_switch$3$rdmux[0][5][20]$a$198 [1] $memory$auto$proc_rom.cc:155:do_switch$3$rdmux[0][5][20]$a$198 [1] $memory$auto$proc_rom.cc:155:do_switch$3$rdmux[0][5][20]$a$198 [2] 1'1 $memory$auto$proc_rom.cc:155:do_switch$3$rdmux[0][5][20]$a$198 [1] 1'0 $memory$auto$proc_rom.cc:155:do_switch$3$rdmux[0][5][20]$a$198 [1] 1'1 $memory$auto$proc_rom.cc:155:do_switch$3$rdmux[0][5][20]$a$198 [2] 3'001 $memory$auto$proc_rom.cc:155:do_switch$3$rdmux[0][5][20]$a$198 [2:1] $memory$auto$proc_rom.cc:155:do_switch$3$rdmux[0][5][20]$a$198 [2] 1'0 $memory$auto$proc_rom.cc:155:do_switch$3$rdmux[0][5][20]$a$198 [1] $memory$auto$proc_rom.cc:155:do_switch$3$rdmux[0][5][20]$a$198 [2] 1'0 $memory$auto$proc_rom.cc:155:do_switch$3$rdmux[0][5][20]$a$198 [2] 1'0 $memory$auto$proc_rom.cc:155:do_switch$3$rdmux[0][5][20]$a$198 [1] 6'111110 $memory$auto$proc_rom.cc:155:do_switch$3$rdmux[0][5][20]$a$198 [2] 1'0 }
    Consolidated identical input bits for $mux cell $memory$auto$proc_rom.cc:155:do_switch$3$rdmux[0][6][39]$350:
      Old ports: A=32'10101010011110010101010110111000, B=32'11111010001101100000111011100111, Y=$memory$auto$proc_rom.cc:155:do_switch$3$rdmux[0][5][19]$b$196
      New ports: A=2'10, B=2'01, Y={ $memory$auto$proc_rom.cc:155:do_switch$3$rdmux[0][5][19]$b$196 [3] $memory$auto$proc_rom.cc:155:do_switch$3$rdmux[0][5][19]$b$196 [0] }
      New connections: { $memory$auto$proc_rom.cc:155:do_switch$3$rdmux[0][5][19]$b$196 [31:4] $memory$auto$proc_rom.cc:155:do_switch$3$rdmux[0][5][19]$b$196 [2:1] } = { 1'1 $memory$auto$proc_rom.cc:155:do_switch$3$rdmux[0][5][19]$b$196 [0] 1'1 $memory$auto$proc_rom.cc:155:do_switch$3$rdmux[0][5][19]$b$196 [0] 5'10100 $memory$auto$proc_rom.cc:155:do_switch$3$rdmux[0][5][19]$b$196 [3] 2'11 $memory$auto$proc_rom.cc:155:do_switch$3$rdmux[0][5][19]$b$196 [3] $memory$auto$proc_rom.cc:155:do_switch$3$rdmux[0][5][19]$b$196 [0] $memory$auto$proc_rom.cc:155:do_switch$3$rdmux[0][5][19]$b$196 [0] $memory$auto$proc_rom.cc:155:do_switch$3$rdmux[0][5][19]$b$196 [3] 1'0 $memory$auto$proc_rom.cc:155:do_switch$3$rdmux[0][5][19]$b$196 [3] 1'0 $memory$auto$proc_rom.cc:155:do_switch$3$rdmux[0][5][19]$b$196 [3] $memory$auto$proc_rom.cc:155:do_switch$3$rdmux[0][5][19]$b$196 [0] 1'1 $memory$auto$proc_rom.cc:155:do_switch$3$rdmux[0][5][19]$b$196 [0] $memory$auto$proc_rom.cc:155:do_switch$3$rdmux[0][5][19]$b$196 [3] 1'1 $memory$auto$proc_rom.cc:155:do_switch$3$rdmux[0][5][19]$b$196 [0] 1'1 $memory$auto$proc_rom.cc:155:do_switch$3$rdmux[0][5][19]$b$196 [3] $memory$auto$proc_rom.cc:155:do_switch$3$rdmux[0][5][19]$b$196 [0] $memory$auto$proc_rom.cc:155:do_switch$3$rdmux[0][5][19]$b$196 [0] }
    Consolidated identical input bits for $mux cell $memory$auto$proc_rom.cc:155:do_switch$3$rdmux[0][6][38]$347:
      Old ports: A=805988025, B=145461776, Y=$memory$auto$proc_rom.cc:155:do_switch$3$rdmux[0][5][19]$a$195
      New ports: A=2'01, B=2'10, Y={ $memory$auto$proc_rom.cc:155:do_switch$3$rdmux[0][5][19]$a$195 [12] $memory$auto$proc_rom.cc:155:do_switch$3$rdmux[0][5][19]$a$195 [0] }
      New connections: { $memory$auto$proc_rom.cc:155:do_switch$3$rdmux[0][5][19]$a$195 [31:13] $memory$auto$proc_rom.cc:155:do_switch$3$rdmux[0][5][19]$a$195 [11:1] } = { 2'00 $memory$auto$proc_rom.cc:155:do_switch$3$rdmux[0][5][19]$a$195 [0] $memory$auto$proc_rom.cc:155:do_switch$3$rdmux[0][5][19]$a$195 [0] $memory$auto$proc_rom.cc:155:do_switch$3$rdmux[0][5][19]$a$195 [12] 3'000 $memory$auto$proc_rom.cc:155:do_switch$3$rdmux[0][5][19]$a$195 [12] 1'0 $memory$auto$proc_rom.cc:155:do_switch$3$rdmux[0][5][19]$a$195 [12] 4'0101 $memory$auto$proc_rom.cc:155:do_switch$3$rdmux[0][5][19]$a$195 [12] $memory$auto$proc_rom.cc:155:do_switch$3$rdmux[0][5][19]$a$195 [12] $memory$auto$proc_rom.cc:155:do_switch$3$rdmux[0][5][19]$a$195 [0] $memory$auto$proc_rom.cc:155:do_switch$3$rdmux[0][5][19]$a$195 [0] 1'0 $memory$auto$proc_rom.cc:155:do_switch$3$rdmux[0][5][19]$a$195 [0] 2'10 $memory$auto$proc_rom.cc:155:do_switch$3$rdmux[0][5][19]$a$195 [0] 1'0 $memory$auto$proc_rom.cc:155:do_switch$3$rdmux[0][5][19]$a$195 [0] 1'1 $memory$auto$proc_rom.cc:155:do_switch$3$rdmux[0][5][19]$a$195 [0] 2'00 }
    Consolidated identical input bits for $mux cell $memory$auto$proc_rom.cc:155:do_switch$3$rdmux[0][6][37]$344:
      Old ports: A=32'10101000110101110111100010111000, B=308271780, Y=$memory$auto$proc_rom.cc:155:do_switch$3$rdmux[0][5][18]$b$193
      New ports: A=2'10, B=2'01, Y=$memory$auto$proc_rom.cc:155:do_switch$3$rdmux[0][5][18]$b$193 [3:2]
      New connections: { $memory$auto$proc_rom.cc:155:do_switch$3$rdmux[0][5][18]$b$193 [31:4] $memory$auto$proc_rom.cc:155:do_switch$3$rdmux[0][5][18]$b$193 [1:0] } = { $memory$auto$proc_rom.cc:155:do_switch$3$rdmux[0][5][18]$b$193 [3] 1'0 $memory$auto$proc_rom.cc:155:do_switch$3$rdmux[0][5][18]$b$193 [3:2] $memory$auto$proc_rom.cc:155:do_switch$3$rdmux[0][5][18]$b$193 [3] 1'0 $memory$auto$proc_rom.cc:155:do_switch$3$rdmux[0][5][18]$b$193 [2] 1'0 $memory$auto$proc_rom.cc:155:do_switch$3$rdmux[0][5][18]$b$193 [3] 3'101 $memory$auto$proc_rom.cc:155:do_switch$3$rdmux[0][5][18]$b$193 [2] 3'111 $memory$auto$proc_rom.cc:155:do_switch$3$rdmux[0][5][18]$b$193 [2] 1'1 $memory$auto$proc_rom.cc:155:do_switch$3$rdmux[0][5][18]$b$193 [3] 3'110 $memory$auto$proc_rom.cc:155:do_switch$3$rdmux[0][5][18]$b$193 [2] 4'0101 $memory$auto$proc_rom.cc:155:do_switch$3$rdmux[0][5][18]$b$193 [3] 2'00 }
    Consolidated identical input bits for $mux cell $memory$auto$proc_rom.cc:155:do_switch$3$rdmux[0][6][36]$341:
      Old ports: A=32'10010011110011001101100101011110, B=32'11100001110000100110010111010000, Y=$memory$auto$proc_rom.cc:155:do_switch$3$rdmux[0][5][18]$a$192
      New ports: A=2'01, B=2'10, Y={ $memory$auto$proc_rom.cc:155:do_switch$3$rdmux[0][5][18]$a$192 [7] $memory$auto$proc_rom.cc:155:do_switch$3$rdmux[0][5][18]$a$192 [1] }
      New connections: { $memory$auto$proc_rom.cc:155:do_switch$3$rdmux[0][5][18]$a$192 [31:8] $memory$auto$proc_rom.cc:155:do_switch$3$rdmux[0][5][18]$a$192 [6:2] $memory$auto$proc_rom.cc:155:do_switch$3$rdmux[0][5][18]$a$192 [0] } = { 1'1 $memory$auto$proc_rom.cc:155:do_switch$3$rdmux[0][5][18]$a$192 [7] $memory$auto$proc_rom.cc:155:do_switch$3$rdmux[0][5][18]$a$192 [7] $memory$auto$proc_rom.cc:155:do_switch$3$rdmux[0][5][18]$a$192 [1] 2'00 $memory$auto$proc_rom.cc:155:do_switch$3$rdmux[0][5][18]$a$192 [1] 5'11100 $memory$auto$proc_rom.cc:155:do_switch$3$rdmux[0][5][18]$a$192 [1] $memory$auto$proc_rom.cc:155:do_switch$3$rdmux[0][5][18]$a$192 [1] $memory$auto$proc_rom.cc:155:do_switch$3$rdmux[0][5][18]$a$192 [7] 1'0 $memory$auto$proc_rom.cc:155:do_switch$3$rdmux[0][5][18]$a$192 [1] 1'1 $memory$auto$proc_rom.cc:155:do_switch$3$rdmux[0][5][18]$a$192 [7] $memory$auto$proc_rom.cc:155:do_switch$3$rdmux[0][5][18]$a$192 [1] $memory$auto$proc_rom.cc:155:do_switch$3$rdmux[0][5][18]$a$192 [1] $memory$auto$proc_rom.cc:155:do_switch$3$rdmux[0][5][18]$a$192 [7] 5'01101 $memory$auto$proc_rom.cc:155:do_switch$3$rdmux[0][5][18]$a$192 [1] $memory$auto$proc_rom.cc:155:do_switch$3$rdmux[0][5][18]$a$192 [1] 1'0 }
    Consolidated identical input bits for $mux cell $memory$auto$proc_rom.cc:155:do_switch$3$rdmux[0][6][35]$338:
      Old ports: A=1743520750, B=1954961314, Y=$memory$auto$proc_rom.cc:155:do_switch$3$rdmux[0][5][17]$b$190
      New ports: A=2'01, B=2'10, Y={ $memory$auto$proc_rom.cc:155:do_switch$3$rdmux[0][5][17]$b$190 [10] $memory$auto$proc_rom.cc:155:do_switch$3$rdmux[0][5][17]$b$190 [2] }
      New connections: { $memory$auto$proc_rom.cc:155:do_switch$3$rdmux[0][5][17]$b$190 [31:11] $memory$auto$proc_rom.cc:155:do_switch$3$rdmux[0][5][17]$b$190 [9:3] $memory$auto$proc_rom.cc:155:do_switch$3$rdmux[0][5][17]$b$190 [1:0] } = { 3'011 $memory$auto$proc_rom.cc:155:do_switch$3$rdmux[0][5][17]$b$190 [10] 2'01 $memory$auto$proc_rom.cc:155:do_switch$3$rdmux[0][5][17]$b$190 [2] $memory$auto$proc_rom.cc:155:do_switch$3$rdmux[0][5][17]$b$190 [2] 1'1 $memory$auto$proc_rom.cc:155:do_switch$3$rdmux[0][5][17]$b$190 [2] $memory$auto$proc_rom.cc:155:do_switch$3$rdmux[0][5][17]$b$190 [2] 1'0 $memory$auto$proc_rom.cc:155:do_switch$3$rdmux[0][5][17]$b$190 [2] 1'1 $memory$auto$proc_rom.cc:155:do_switch$3$rdmux[0][5][17]$b$190 [10] 2'00 $memory$auto$proc_rom.cc:155:do_switch$3$rdmux[0][5][17]$b$190 [10] 1'0 $memory$auto$proc_rom.cc:155:do_switch$3$rdmux[0][5][17]$b$190 [10] 4'0111 $memory$auto$proc_rom.cc:155:do_switch$3$rdmux[0][5][17]$b$190 [2] 2'10 $memory$auto$proc_rom.cc:155:do_switch$3$rdmux[0][5][17]$b$190 [2] 2'10 }
    Consolidated identical input bits for $mux cell $memory$auto$proc_rom.cc:155:do_switch$3$rdmux[0][6][34]$335:
      Old ports: A=32'10001101001010000010101000000001, B=32'10101011101111110001101101110111, Y=$memory$auto$proc_rom.cc:155:do_switch$3$rdmux[0][5][17]$a$189
      New ports: A=2'10, B=2'01, Y={ $memory$auto$proc_rom.cc:155:do_switch$3$rdmux[0][5][17]$a$189 [13] $memory$auto$proc_rom.cc:155:do_switch$3$rdmux[0][5][17]$a$189 [1] }
      New connections: { $memory$auto$proc_rom.cc:155:do_switch$3$rdmux[0][5][17]$a$189 [31:14] $memory$auto$proc_rom.cc:155:do_switch$3$rdmux[0][5][17]$a$189 [12:2] $memory$auto$proc_rom.cc:155:do_switch$3$rdmux[0][5][17]$a$189 [0] } = { 2'10 $memory$auto$proc_rom.cc:155:do_switch$3$rdmux[0][5][17]$a$189 [1] 2'01 $memory$auto$proc_rom.cc:155:do_switch$3$rdmux[0][5][17]$a$189 [13] $memory$auto$proc_rom.cc:155:do_switch$3$rdmux[0][5][17]$a$189 [1] 1'1 $memory$auto$proc_rom.cc:155:do_switch$3$rdmux[0][5][17]$a$189 [1] 2'01 $memory$auto$proc_rom.cc:155:do_switch$3$rdmux[0][5][17]$a$189 [1] 1'1 $memory$auto$proc_rom.cc:155:do_switch$3$rdmux[0][5][17]$a$189 [1] $memory$auto$proc_rom.cc:155:do_switch$3$rdmux[0][5][17]$a$189 [1] $memory$auto$proc_rom.cc:155:do_switch$3$rdmux[0][5][17]$a$189 [1] 2'00 $memory$auto$proc_rom.cc:155:do_switch$3$rdmux[0][5][17]$a$189 [1] 3'101 $memory$auto$proc_rom.cc:155:do_switch$3$rdmux[0][5][17]$a$189 [1] 1'0 $memory$auto$proc_rom.cc:155:do_switch$3$rdmux[0][5][17]$a$189 [1] $memory$auto$proc_rom.cc:155:do_switch$3$rdmux[0][5][17]$a$189 [1] $memory$auto$proc_rom.cc:155:do_switch$3$rdmux[0][5][17]$a$189 [1] 1'0 $memory$auto$proc_rom.cc:155:do_switch$3$rdmux[0][5][17]$a$189 [1] 1'1 }
    Consolidated identical input bits for $mux cell $memory$auto$proc_rom.cc:155:do_switch$3$rdmux[0][6][33]$332:
      Old ports: A=32'10001000000110010110110000101111, B=32'10010010100111010111110110000100, Y=$memory$auto$proc_rom.cc:155:do_switch$3$rdmux[0][5][16]$b$187
      New ports: A=2'01, B=2'10, Y={ $memory$auto$proc_rom.cc:155:do_switch$3$rdmux[0][5][16]$b$187 [7] $memory$auto$proc_rom.cc:155:do_switch$3$rdmux[0][5][16]$b$187 [0] }
      New connections: { $memory$auto$proc_rom.cc:155:do_switch$3$rdmux[0][5][16]$b$187 [31:8] $memory$auto$proc_rom.cc:155:do_switch$3$rdmux[0][5][16]$b$187 [6:1] } = { 3'100 $memory$auto$proc_rom.cc:155:do_switch$3$rdmux[0][5][16]$b$187 [7] $memory$auto$proc_rom.cc:155:do_switch$3$rdmux[0][5][16]$b$187 [0] 1'0 $memory$auto$proc_rom.cc:155:do_switch$3$rdmux[0][5][16]$b$187 [7] 1'0 $memory$auto$proc_rom.cc:155:do_switch$3$rdmux[0][5][16]$b$187 [7] 4'0011 $memory$auto$proc_rom.cc:155:do_switch$3$rdmux[0][5][16]$b$187 [7] 5'01011 $memory$auto$proc_rom.cc:155:do_switch$3$rdmux[0][5][16]$b$187 [7] 3'110 $memory$auto$proc_rom.cc:155:do_switch$3$rdmux[0][5][16]$b$187 [7] 1'0 $memory$auto$proc_rom.cc:155:do_switch$3$rdmux[0][5][16]$b$187 [0] 1'0 $memory$auto$proc_rom.cc:155:do_switch$3$rdmux[0][5][16]$b$187 [0] 1'1 $memory$auto$proc_rom.cc:155:do_switch$3$rdmux[0][5][16]$b$187 [0] }
    Consolidated identical input bits for $mux cell $memory$auto$proc_rom.cc:155:do_switch$3$rdmux[0][6][32]$329:
      Old ports: A=32'10100110110100111000000011101000, B=1749054782, Y=$memory$auto$proc_rom.cc:155:do_switch$3$rdmux[0][5][16]$a$186
      New ports: A=2'10, B=2'01, Y={ $memory$auto$proc_rom.cc:155:do_switch$3$rdmux[0][5][16]$a$186 [6] $memory$auto$proc_rom.cc:155:do_switch$3$rdmux[0][5][16]$a$186 [1] }
      New connections: { $memory$auto$proc_rom.cc:155:do_switch$3$rdmux[0][5][16]$a$186 [31:7] $memory$auto$proc_rom.cc:155:do_switch$3$rdmux[0][5][16]$a$186 [5:2] $memory$auto$proc_rom.cc:155:do_switch$3$rdmux[0][5][16]$a$186 [0] } = { $memory$auto$proc_rom.cc:155:do_switch$3$rdmux[0][5][16]$a$186 [6] $memory$auto$proc_rom.cc:155:do_switch$3$rdmux[0][5][16]$a$186 [1] 2'10 $memory$auto$proc_rom.cc:155:do_switch$3$rdmux[0][5][16]$a$186 [1] $memory$auto$proc_rom.cc:155:do_switch$3$rdmux[0][5][16]$a$186 [6] $memory$auto$proc_rom.cc:155:do_switch$3$rdmux[0][5][16]$a$186 [6] 1'0 $memory$auto$proc_rom.cc:155:do_switch$3$rdmux[0][5][16]$a$186 [6] 2'10 $memory$auto$proc_rom.cc:155:do_switch$3$rdmux[0][5][16]$a$186 [6] 2'00 $memory$auto$proc_rom.cc:155:do_switch$3$rdmux[0][5][16]$a$186 [6] $memory$auto$proc_rom.cc:155:do_switch$3$rdmux[0][5][16]$a$186 [6] $memory$auto$proc_rom.cc:155:do_switch$3$rdmux[0][5][16]$a$186 [6] $memory$auto$proc_rom.cc:155:do_switch$3$rdmux[0][5][16]$a$186 [1] $memory$auto$proc_rom.cc:155:do_switch$3$rdmux[0][5][16]$a$186 [1] $memory$auto$proc_rom.cc:155:do_switch$3$rdmux[0][5][16]$a$186 [1] 1'0 $memory$auto$proc_rom.cc:155:do_switch$3$rdmux[0][5][16]$a$186 [1] 1'0 $memory$auto$proc_rom.cc:155:do_switch$3$rdmux[0][5][16]$a$186 [1] $memory$auto$proc_rom.cc:155:do_switch$3$rdmux[0][5][16]$a$186 [6] 1'1 $memory$auto$proc_rom.cc:155:do_switch$3$rdmux[0][5][16]$a$186 [1] 1'1 $memory$auto$proc_rom.cc:155:do_switch$3$rdmux[0][5][16]$a$186 [1] 1'0 }
    Consolidated identical input bits for $mux cell $memory$auto$proc_rom.cc:155:do_switch$3$rdmux[0][6][31]$326:
      Old ports: A=32'10110010000110001001101011110111, B=945355465, Y=$memory$auto$proc_rom.cc:155:do_switch$3$rdmux[0][5][15]$b$184
      New ports: A=2'01, B=2'10, Y={ $memory$auto$proc_rom.cc:155:do_switch$3$rdmux[0][5][15]$b$184 [3] $memory$auto$proc_rom.cc:155:do_switch$3$rdmux[0][5][15]$b$184 [1] }
      New connections: { $memory$auto$proc_rom.cc:155:do_switch$3$rdmux[0][5][15]$b$184 [31:4] $memory$auto$proc_rom.cc:155:do_switch$3$rdmux[0][5][15]$b$184 [2] $memory$auto$proc_rom.cc:155:do_switch$3$rdmux[0][5][15]$b$184 [0] } = { $memory$auto$proc_rom.cc:155:do_switch$3$rdmux[0][5][15]$b$184 [1] 3'011 $memory$auto$proc_rom.cc:155:do_switch$3$rdmux[0][5][15]$b$184 [3] 1'0 $memory$auto$proc_rom.cc:155:do_switch$3$rdmux[0][5][15]$b$184 [1] 2'00 $memory$auto$proc_rom.cc:155:do_switch$3$rdmux[0][5][15]$b$184 [3] 7'0110001 $memory$auto$proc_rom.cc:155:do_switch$3$rdmux[0][5][15]$b$184 [3] $memory$auto$proc_rom.cc:155:do_switch$3$rdmux[0][5][15]$b$184 [3] 7'1101011 $memory$auto$proc_rom.cc:155:do_switch$3$rdmux[0][5][15]$b$184 [1] $memory$auto$proc_rom.cc:155:do_switch$3$rdmux[0][5][15]$b$184 [1] $memory$auto$proc_rom.cc:155:do_switch$3$rdmux[0][5][15]$b$184 [1] 1'1 }
    Consolidated identical input bits for $mux cell $memory$auto$proc_rom.cc:155:do_switch$3$rdmux[0][6][30]$323:
      Old ports: A=32'11101011110000001001001001011101, B=789227966, Y=$memory$auto$proc_rom.cc:155:do_switch$3$rdmux[0][5][15]$a$183
      New ports: A=2'01, B=2'10, Y=$memory$auto$proc_rom.cc:155:do_switch$3$rdmux[0][5][15]$a$183 [1:0]
      New connections: $memory$auto$proc_rom.cc:155:do_switch$3$rdmux[0][5][15]$a$183 [31:2] = { $memory$auto$proc_rom.cc:155:do_switch$3$rdmux[0][5][15]$a$183 [0] $memory$auto$proc_rom.cc:155:do_switch$3$rdmux[0][5][15]$a$183 [0] 3'101 $memory$auto$proc_rom.cc:155:do_switch$3$rdmux[0][5][15]$a$183 [1] 2'11 $memory$auto$proc_rom.cc:155:do_switch$3$rdmux[0][5][15]$a$183 [0] $memory$auto$proc_rom.cc:155:do_switch$3$rdmux[0][5][15]$a$183 [0] 2'00 $memory$auto$proc_rom.cc:155:do_switch$3$rdmux[0][5][15]$a$183 [1] 1'0 $memory$auto$proc_rom.cc:155:do_switch$3$rdmux[0][5][15]$a$183 [1] 3'010 $memory$auto$proc_rom.cc:155:do_switch$3$rdmux[0][5][15]$a$183 [1:0] $memory$auto$proc_rom.cc:155:do_switch$3$rdmux[0][5][15]$a$183 [1] 1'0 $memory$auto$proc_rom.cc:155:do_switch$3$rdmux[0][5][15]$a$183 [0] $memory$auto$proc_rom.cc:155:do_switch$3$rdmux[0][5][15]$a$183 [1] $memory$auto$proc_rom.cc:155:do_switch$3$rdmux[0][5][15]$a$183 [1:0] $memory$auto$proc_rom.cc:155:do_switch$3$rdmux[0][5][15]$a$183 [1] 3'111 }
    Consolidated identical input bits for $mux cell $memory$auto$proc_rom.cc:155:do_switch$3$rdmux[0][6][29]$320:
      Old ports: A=1146941822, B=32'11111001001111111011000111100100, Y=$memory$auto$proc_rom.cc:155:do_switch$3$rdmux[0][5][14]$b$181
      New ports: A=2'01, B=2'10, Y={ $memory$auto$proc_rom.cc:155:do_switch$3$rdmux[0][5][14]$b$181 [7] $memory$auto$proc_rom.cc:155:do_switch$3$rdmux[0][5][14]$b$181 [1] }
      New connections: { $memory$auto$proc_rom.cc:155:do_switch$3$rdmux[0][5][14]$b$181 [31:8] $memory$auto$proc_rom.cc:155:do_switch$3$rdmux[0][5][14]$b$181 [6:2] $memory$auto$proc_rom.cc:155:do_switch$3$rdmux[0][5][14]$b$181 [0] } = { $memory$auto$proc_rom.cc:155:do_switch$3$rdmux[0][5][14]$b$181 [7] 1'1 $memory$auto$proc_rom.cc:155:do_switch$3$rdmux[0][5][14]$b$181 [7] $memory$auto$proc_rom.cc:155:do_switch$3$rdmux[0][5][14]$b$181 [7] $memory$auto$proc_rom.cc:155:do_switch$3$rdmux[0][5][14]$b$181 [7] $memory$auto$proc_rom.cc:155:do_switch$3$rdmux[0][5][14]$b$181 [1] 1'0 $memory$auto$proc_rom.cc:155:do_switch$3$rdmux[0][5][14]$b$181 [7] 1'0 $memory$auto$proc_rom.cc:155:do_switch$3$rdmux[0][5][14]$b$181 [1] $memory$auto$proc_rom.cc:155:do_switch$3$rdmux[0][5][14]$b$181 [7] 3'111 $memory$auto$proc_rom.cc:155:do_switch$3$rdmux[0][5][14]$b$181 [7] $memory$auto$proc_rom.cc:155:do_switch$3$rdmux[0][5][14]$b$181 [7] 1'1 $memory$auto$proc_rom.cc:155:do_switch$3$rdmux[0][5][14]$b$181 [1] 8'11000111 $memory$auto$proc_rom.cc:155:do_switch$3$rdmux[0][5][14]$b$181 [1] $memory$auto$proc_rom.cc:155:do_switch$3$rdmux[0][5][14]$b$181 [1] 2'10 }
    Consolidated identical input bits for $mux cell $memory$auto$proc_rom.cc:155:do_switch$3$rdmux[0][6][28]$317:
      Old ports: A=5137892, B=32'11001001010111110011101010101101, Y=$memory$auto$proc_rom.cc:155:do_switch$3$rdmux[0][5][14]$a$180
      New ports: A=2'10, B=2'01, Y={ $memory$auto$proc_rom.cc:155:do_switch$3$rdmux[0][5][14]$a$180 [6] $memory$auto$proc_rom.cc:155:do_switch$3$rdmux[0][5][14]$a$180 [0] }
      New connections: { $memory$auto$proc_rom.cc:155:do_switch$3$rdmux[0][5][14]$a$180 [31:7] $memory$auto$proc_rom.cc:155:do_switch$3$rdmux[0][5][14]$a$180 [5:1] } = { $memory$auto$proc_rom.cc:155:do_switch$3$rdmux[0][5][14]$a$180 [0] $memory$auto$proc_rom.cc:155:do_switch$3$rdmux[0][5][14]$a$180 [0] 2'00 $memory$auto$proc_rom.cc:155:do_switch$3$rdmux[0][5][14]$a$180 [0] 2'00 $memory$auto$proc_rom.cc:155:do_switch$3$rdmux[0][5][14]$a$180 [0] 3'010 $memory$auto$proc_rom.cc:155:do_switch$3$rdmux[0][5][14]$a$180 [0] 3'111 $memory$auto$proc_rom.cc:155:do_switch$3$rdmux[0][5][14]$a$180 [0] 1'0 $memory$auto$proc_rom.cc:155:do_switch$3$rdmux[0][5][14]$a$180 [6] 1'1 $memory$auto$proc_rom.cc:155:do_switch$3$rdmux[0][5][14]$a$180 [0] $memory$auto$proc_rom.cc:155:do_switch$3$rdmux[0][5][14]$a$180 [0] $memory$auto$proc_rom.cc:155:do_switch$3$rdmux[0][5][14]$a$180 [6] $memory$auto$proc_rom.cc:155:do_switch$3$rdmux[0][5][14]$a$180 [0] $memory$auto$proc_rom.cc:155:do_switch$3$rdmux[0][5][14]$a$180 [6] 3'110 $memory$auto$proc_rom.cc:155:do_switch$3$rdmux[0][5][14]$a$180 [0] 2'10 }
    Consolidated identical input bits for $mux cell $memory$auto$proc_rom.cc:155:do_switch$3$rdmux[0][6][27]$314:
      Old ports: A=1385201405, B=32'11100010101011001111100010011100, Y=$memory$auto$proc_rom.cc:155:do_switch$3$rdmux[0][5][13]$b$178
      New ports: A=2'01, B=2'10, Y={ $memory$auto$proc_rom.cc:155:do_switch$3$rdmux[0][5][13]$b$178 [15] $memory$auto$proc_rom.cc:155:do_switch$3$rdmux[0][5][13]$b$178 [0] }
      New connections: { $memory$auto$proc_rom.cc:155:do_switch$3$rdmux[0][5][13]$b$178 [31:16] $memory$auto$proc_rom.cc:155:do_switch$3$rdmux[0][5][13]$b$178 [14:1] } = { $memory$auto$proc_rom.cc:155:do_switch$3$rdmux[0][5][13]$b$178 [15] 1'1 $memory$auto$proc_rom.cc:155:do_switch$3$rdmux[0][5][13]$b$178 [15] $memory$auto$proc_rom.cc:155:do_switch$3$rdmux[0][5][13]$b$178 [0] 6'001010 $memory$auto$proc_rom.cc:155:do_switch$3$rdmux[0][5][13]$b$178 [15] $memory$auto$proc_rom.cc:155:do_switch$3$rdmux[0][5][13]$b$178 [0] $memory$auto$proc_rom.cc:155:do_switch$3$rdmux[0][5][13]$b$178 [15] $memory$auto$proc_rom.cc:155:do_switch$3$rdmux[0][5][13]$b$178 [15] 6'001111 $memory$auto$proc_rom.cc:155:do_switch$3$rdmux[0][5][13]$b$178 [0] $memory$auto$proc_rom.cc:155:do_switch$3$rdmux[0][5][13]$b$178 [0] 2'01 $memory$auto$proc_rom.cc:155:do_switch$3$rdmux[0][5][13]$b$178 [0] $memory$auto$proc_rom.cc:155:do_switch$3$rdmux[0][5][13]$b$178 [0] 4'1110 }
    Consolidated identical input bits for $mux cell $memory$auto$proc_rom.cc:155:do_switch$3$rdmux[0][6][26]$311:
      Old ports: A=481455776, B=544199642, Y=$memory$auto$proc_rom.cc:155:do_switch$3$rdmux[0][5][13]$a$177
      New ports: A=2'10, B=2'01, Y={ $memory$auto$proc_rom.cc:155:do_switch$3$rdmux[0][5][13]$a$177 [5] $memory$auto$proc_rom.cc:155:do_switch$3$rdmux[0][5][13]$a$177 [1] }
      New connections: { $memory$auto$proc_rom.cc:155:do_switch$3$rdmux[0][5][13]$a$177 [31:6] $memory$auto$proc_rom.cc:155:do_switch$3$rdmux[0][5][13]$a$177 [4:2] $memory$auto$proc_rom.cc:155:do_switch$3$rdmux[0][5][13]$a$177 [0] } = { 2'00 $memory$auto$proc_rom.cc:155:do_switch$3$rdmux[0][5][13]$a$177 [1] $memory$auto$proc_rom.cc:155:do_switch$3$rdmux[0][5][13]$a$177 [5] $memory$auto$proc_rom.cc:155:do_switch$3$rdmux[0][5][13]$a$177 [5] $memory$auto$proc_rom.cc:155:do_switch$3$rdmux[0][5][13]$a$177 [5] 2'00 $memory$auto$proc_rom.cc:155:do_switch$3$rdmux[0][5][13]$a$177 [5] $memory$auto$proc_rom.cc:155:do_switch$3$rdmux[0][5][13]$a$177 [1] 1'1 $memory$auto$proc_rom.cc:155:do_switch$3$rdmux[0][5][13]$a$177 [5] $memory$auto$proc_rom.cc:155:do_switch$3$rdmux[0][5][13]$a$177 [1] $memory$auto$proc_rom.cc:155:do_switch$3$rdmux[0][5][13]$a$177 [1] 1'1 $memory$auto$proc_rom.cc:155:do_switch$3$rdmux[0][5][13]$a$177 [1] $memory$auto$proc_rom.cc:155:do_switch$3$rdmux[0][5][13]$a$177 [1] 1'1 $memory$auto$proc_rom.cc:155:do_switch$3$rdmux[0][5][13]$a$177 [5] $memory$auto$proc_rom.cc:155:do_switch$3$rdmux[0][5][13]$a$177 [1] $memory$auto$proc_rom.cc:155:do_switch$3$rdmux[0][5][13]$a$177 [5] $memory$auto$proc_rom.cc:155:do_switch$3$rdmux[0][5][13]$a$177 [5] 1'1 $memory$auto$proc_rom.cc:155:do_switch$3$rdmux[0][5][13]$a$177 [1] 1'1 $memory$auto$proc_rom.cc:155:do_switch$3$rdmux[0][5][13]$a$177 [1] $memory$auto$proc_rom.cc:155:do_switch$3$rdmux[0][5][13]$a$177 [1] $memory$auto$proc_rom.cc:155:do_switch$3$rdmux[0][5][13]$a$177 [1] 2'00 }
    Consolidated identical input bits for $mux cell $memory$auto$proc_rom.cc:155:do_switch$3$rdmux[0][6][25]$308:
      Old ports: A=1393227325, B=2013672869, Y=$memory$auto$proc_rom.cc:155:do_switch$3$rdmux[0][5][12]$b$175
      New ports: A=2'01, B=2'10, Y={ $memory$auto$proc_rom.cc:155:do_switch$3$rdmux[0][5][12]$b$175 [7] $memory$auto$proc_rom.cc:155:do_switch$3$rdmux[0][5][12]$b$175 [3] }
      New connections: { $memory$auto$proc_rom.cc:155:do_switch$3$rdmux[0][5][12]$b$175 [31:8] $memory$auto$proc_rom.cc:155:do_switch$3$rdmux[0][5][12]$b$175 [6:4] $memory$auto$proc_rom.cc:155:do_switch$3$rdmux[0][5][12]$b$175 [2:0] } = { 2'01 $memory$auto$proc_rom.cc:155:do_switch$3$rdmux[0][5][12]$b$175 [7] 1'1 $memory$auto$proc_rom.cc:155:do_switch$3$rdmux[0][5][12]$b$175 [7] 1'0 $memory$auto$proc_rom.cc:155:do_switch$3$rdmux[0][5][12]$b$175 [3] $memory$auto$proc_rom.cc:155:do_switch$3$rdmux[0][5][12]$b$175 [3] 4'0000 $memory$auto$proc_rom.cc:155:do_switch$3$rdmux[0][5][12]$b$175 [3] $memory$auto$proc_rom.cc:155:do_switch$3$rdmux[0][5][12]$b$175 [7] 2'10 $memory$auto$proc_rom.cc:155:do_switch$3$rdmux[0][5][12]$b$175 [3] $memory$auto$proc_rom.cc:155:do_switch$3$rdmux[0][5][12]$b$175 [3] 4'1101 $memory$auto$proc_rom.cc:155:do_switch$3$rdmux[0][5][12]$b$175 [3] $memory$auto$proc_rom.cc:155:do_switch$3$rdmux[0][5][12]$b$175 [7] 2'01 $memory$auto$proc_rom.cc:155:do_switch$3$rdmux[0][5][12]$b$175 [3] 3'101 }
    Consolidated identical input bits for $mux cell $memory$auto$proc_rom.cc:155:do_switch$3$rdmux[0][6][24]$305:
      Old ports: A=185770242, B=32'10000101110100000110111001100110, Y=$memory$auto$proc_rom.cc:155:do_switch$3$rdmux[0][5][12]$a$174
      New ports: A=2'10, B=2'01, Y={ $memory$auto$proc_rom.cc:155:do_switch$3$rdmux[0][5][12]$a$174 [8] $memory$auto$proc_rom.cc:155:do_switch$3$rdmux[0][5][12]$a$174 [2] }
      New connections: { $memory$auto$proc_rom.cc:155:do_switch$3$rdmux[0][5][12]$a$174 [31:9] $memory$auto$proc_rom.cc:155:do_switch$3$rdmux[0][5][12]$a$174 [7:3] $memory$auto$proc_rom.cc:155:do_switch$3$rdmux[0][5][12]$a$174 [1:0] } = { $memory$auto$proc_rom.cc:155:do_switch$3$rdmux[0][5][12]$a$174 [2] 3'000 $memory$auto$proc_rom.cc:155:do_switch$3$rdmux[0][5][12]$a$174 [8] $memory$auto$proc_rom.cc:155:do_switch$3$rdmux[0][5][12]$a$174 [2] $memory$auto$proc_rom.cc:155:do_switch$3$rdmux[0][5][12]$a$174 [8] 1'1 $memory$auto$proc_rom.cc:155:do_switch$3$rdmux[0][5][12]$a$174 [2] $memory$auto$proc_rom.cc:155:do_switch$3$rdmux[0][5][12]$a$174 [2] 4'0100 $memory$auto$proc_rom.cc:155:do_switch$3$rdmux[0][5][12]$a$174 [8] 1'0 $memory$auto$proc_rom.cc:155:do_switch$3$rdmux[0][5][12]$a$174 [8] $memory$auto$proc_rom.cc:155:do_switch$3$rdmux[0][5][12]$a$174 [2] 2'10 $memory$auto$proc_rom.cc:155:do_switch$3$rdmux[0][5][12]$a$174 [2] $memory$auto$proc_rom.cc:155:do_switch$3$rdmux[0][5][12]$a$174 [2] $memory$auto$proc_rom.cc:155:do_switch$3$rdmux[0][5][12]$a$174 [2] 1'0 $memory$auto$proc_rom.cc:155:do_switch$3$rdmux[0][5][12]$a$174 [2] $memory$auto$proc_rom.cc:155:do_switch$3$rdmux[0][5][12]$a$174 [2] 4'0010 }
    Consolidated identical input bits for $mux cell $memory$auto$proc_rom.cc:155:do_switch$3$rdmux[0][6][23]$302:
      Old ports: A=383856224, B=32'10000101000101011011100001111111, Y=$memory$auto$proc_rom.cc:155:do_switch$3$rdmux[0][5][11]$b$172
      New ports: A=2'10, B=2'01, Y={ $memory$auto$proc_rom.cc:155:do_switch$3$rdmux[0][5][11]$b$172 [9] $memory$auto$proc_rom.cc:155:do_switch$3$rdmux[0][5][11]$b$172 [0] }
      New connections: { $memory$auto$proc_rom.cc:155:do_switch$3$rdmux[0][5][11]$b$172 [31:10] $memory$auto$proc_rom.cc:155:do_switch$3$rdmux[0][5][11]$b$172 [8:1] } = { $memory$auto$proc_rom.cc:155:do_switch$3$rdmux[0][5][11]$b$172 [0] 2'00 $memory$auto$proc_rom.cc:155:do_switch$3$rdmux[0][5][11]$b$172 [9] 2'01 $memory$auto$proc_rom.cc:155:do_switch$3$rdmux[0][5][11]$b$172 [9] $memory$auto$proc_rom.cc:155:do_switch$3$rdmux[0][5][11]$b$172 [0] $memory$auto$proc_rom.cc:155:do_switch$3$rdmux[0][5][11]$b$172 [9] $memory$auto$proc_rom.cc:155:do_switch$3$rdmux[0][5][11]$b$172 [9] $memory$auto$proc_rom.cc:155:do_switch$3$rdmux[0][5][11]$b$172 [9] $memory$auto$proc_rom.cc:155:do_switch$3$rdmux[0][5][11]$b$172 [0] 1'0 $memory$auto$proc_rom.cc:155:do_switch$3$rdmux[0][5][11]$b$172 [0] 2'01 $memory$auto$proc_rom.cc:155:do_switch$3$rdmux[0][5][11]$b$172 [0] 2'01 $memory$auto$proc_rom.cc:155:do_switch$3$rdmux[0][5][11]$b$172 [0] 1'1 $memory$auto$proc_rom.cc:155:do_switch$3$rdmux[0][5][11]$b$172 [9] 4'0011 $memory$auto$proc_rom.cc:155:do_switch$3$rdmux[0][5][11]$b$172 [0] $memory$auto$proc_rom.cc:155:do_switch$3$rdmux[0][5][11]$b$172 [0] $memory$auto$proc_rom.cc:155:do_switch$3$rdmux[0][5][11]$b$172 [0] $memory$auto$proc_rom.cc:155:do_switch$3$rdmux[0][5][11]$b$172 [0] }
    Consolidated identical input bits for $mux cell $memory$auto$proc_rom.cc:155:do_switch$3$rdmux[0][6][22]$299:
      Old ports: A=1768190387, B=1467823171, Y=$memory$auto$proc_rom.cc:155:do_switch$3$rdmux[0][5][11]$a$171
      New ports: A=2'01, B=2'10, Y={ $memory$auto$proc_rom.cc:155:do_switch$3$rdmux[0][5][11]$a$171 [6] $memory$auto$proc_rom.cc:155:do_switch$3$rdmux[0][5][11]$a$171 [4] }
      New connections: { $memory$auto$proc_rom.cc:155:do_switch$3$rdmux[0][5][11]$a$171 [31:7] $memory$auto$proc_rom.cc:155:do_switch$3$rdmux[0][5][11]$a$171 [5] $memory$auto$proc_rom.cc:155:do_switch$3$rdmux[0][5][11]$a$171 [3:0] } = { 2'01 $memory$auto$proc_rom.cc:155:do_switch$3$rdmux[0][5][11]$a$171 [4] $memory$auto$proc_rom.cc:155:do_switch$3$rdmux[0][5][11]$a$171 [6] $memory$auto$proc_rom.cc:155:do_switch$3$rdmux[0][5][11]$a$171 [4] $memory$auto$proc_rom.cc:155:do_switch$3$rdmux[0][5][11]$a$171 [6] $memory$auto$proc_rom.cc:155:do_switch$3$rdmux[0][5][11]$a$171 [6] 4'1011 $memory$auto$proc_rom.cc:155:do_switch$3$rdmux[0][5][11]$a$171 [6] $memory$auto$proc_rom.cc:155:do_switch$3$rdmux[0][5][11]$a$171 [6] 2'10 $memory$auto$proc_rom.cc:155:do_switch$3$rdmux[0][5][11]$a$171 [6] 1'0 $memory$auto$proc_rom.cc:155:do_switch$3$rdmux[0][5][11]$a$171 [4] 3'110 $memory$auto$proc_rom.cc:155:do_switch$3$rdmux[0][5][11]$a$171 [6] 1'0 $memory$auto$proc_rom.cc:155:do_switch$3$rdmux[0][5][11]$a$171 [4] $memory$auto$proc_rom.cc:155:do_switch$3$rdmux[0][5][11]$a$171 [4] $memory$auto$proc_rom.cc:155:do_switch$3$rdmux[0][5][11]$a$171 [4] 4'0011 }
    Consolidated identical input bits for $mux cell $memory$auto$proc_rom.cc:155:do_switch$3$rdmux[0][6][21]$296:
      Old ports: A=1542601459, B=32'11011000010000011110011110001111, Y=$memory$auto$proc_rom.cc:155:do_switch$3$rdmux[0][5][10]$b$169
      New ports: A=2'10, B=2'01, Y={ $memory$auto$proc_rom.cc:155:do_switch$3$rdmux[0][5][10]$b$169 [4] $memory$auto$proc_rom.cc:155:do_switch$3$rdmux[0][5][10]$b$169 [2] }
      New connections: { $memory$auto$proc_rom.cc:155:do_switch$3$rdmux[0][5][10]$b$169 [31:5] $memory$auto$proc_rom.cc:155:do_switch$3$rdmux[0][5][10]$b$169 [3] $memory$auto$proc_rom.cc:155:do_switch$3$rdmux[0][5][10]$b$169 [1:0] } = { $memory$auto$proc_rom.cc:155:do_switch$3$rdmux[0][5][10]$b$169 [2] 5'10110 $memory$auto$proc_rom.cc:155:do_switch$3$rdmux[0][5][10]$b$169 [4] $memory$auto$proc_rom.cc:155:do_switch$3$rdmux[0][5][10]$b$169 [4] $memory$auto$proc_rom.cc:155:do_switch$3$rdmux[0][5][10]$b$169 [4] 1'1 $memory$auto$proc_rom.cc:155:do_switch$3$rdmux[0][5][10]$b$169 [4] $memory$auto$proc_rom.cc:155:do_switch$3$rdmux[0][5][10]$b$169 [4] 2'00 $memory$auto$proc_rom.cc:155:do_switch$3$rdmux[0][5][10]$b$169 [4] $memory$auto$proc_rom.cc:155:do_switch$3$rdmux[0][5][10]$b$169 [2] $memory$auto$proc_rom.cc:155:do_switch$3$rdmux[0][5][10]$b$169 [2] $memory$auto$proc_rom.cc:155:do_switch$3$rdmux[0][5][10]$b$169 [2] 1'1 $memory$auto$proc_rom.cc:155:do_switch$3$rdmux[0][5][10]$b$169 [4] $memory$auto$proc_rom.cc:155:do_switch$3$rdmux[0][5][10]$b$169 [4] $memory$auto$proc_rom.cc:155:do_switch$3$rdmux[0][5][10]$b$169 [2] 1'1 $memory$auto$proc_rom.cc:155:do_switch$3$rdmux[0][5][10]$b$169 [2] 1'1 $memory$auto$proc_rom.cc:155:do_switch$3$rdmux[0][5][10]$b$169 [4] $memory$auto$proc_rom.cc:155:do_switch$3$rdmux[0][5][10]$b$169 [4] $memory$auto$proc_rom.cc:155:do_switch$3$rdmux[0][5][10]$b$169 [2] 2'11 }
    Consolidated identical input bits for $mux cell $memory$auto$proc_rom.cc:155:do_switch$3$rdmux[0][6][20]$293:
      Old ports: A=32'11101010111010011110100111000010, B=1567940594, Y=$memory$auto$proc_rom.cc:155:do_switch$3$rdmux[0][5][10]$a$168
      New ports: A=2'10, B=2'01, Y={ $memory$auto$proc_rom.cc:155:do_switch$3$rdmux[0][5][10]$a$168 [13] $memory$auto$proc_rom.cc:155:do_switch$3$rdmux[0][5][10]$a$168 [4] }
      New connections: { $memory$auto$proc_rom.cc:155:do_switch$3$rdmux[0][5][10]$a$168 [31:14] $memory$auto$proc_rom.cc:155:do_switch$3$rdmux[0][5][10]$a$168 [12:5] $memory$auto$proc_rom.cc:155:do_switch$3$rdmux[0][5][10]$a$168 [3:0] } = { $memory$auto$proc_rom.cc:155:do_switch$3$rdmux[0][5][10]$a$168 [13] 1'1 $memory$auto$proc_rom.cc:155:do_switch$3$rdmux[0][5][10]$a$168 [13] $memory$auto$proc_rom.cc:155:do_switch$3$rdmux[0][5][10]$a$168 [4] 1'1 $memory$auto$proc_rom.cc:155:do_switch$3$rdmux[0][5][10]$a$168 [4] $memory$auto$proc_rom.cc:155:do_switch$3$rdmux[0][5][10]$a$168 [13] $memory$auto$proc_rom.cc:155:do_switch$3$rdmux[0][5][10]$a$168 [4] $memory$auto$proc_rom.cc:155:do_switch$3$rdmux[0][5][10]$a$168 [13] 2'11 $memory$auto$proc_rom.cc:155:do_switch$3$rdmux[0][5][10]$a$168 [4] $memory$auto$proc_rom.cc:155:do_switch$3$rdmux[0][5][10]$a$168 [13] $memory$auto$proc_rom.cc:155:do_switch$3$rdmux[0][5][10]$a$168 [4] 1'0 $memory$auto$proc_rom.cc:155:do_switch$3$rdmux[0][5][10]$a$168 [13] 2'11 $memory$auto$proc_rom.cc:155:do_switch$3$rdmux[0][5][10]$a$168 [4] 1'1 $memory$auto$proc_rom.cc:155:do_switch$3$rdmux[0][5][10]$a$168 [4] $memory$auto$proc_rom.cc:155:do_switch$3$rdmux[0][5][10]$a$168 [4] 3'111 $memory$auto$proc_rom.cc:155:do_switch$3$rdmux[0][5][10]$a$168 [4] 4'0010 }
    Consolidated identical input bits for $mux cell $memory$auto$proc_rom.cc:155:do_switch$3$rdmux[0][6][19]$290:
      Old ports: A=32'10110000011010100110011100110011, B=242884731, Y=$memory$auto$proc_rom.cc:155:do_switch$3$rdmux[0][5][9]$b$166
      New ports: A=2'10, B=2'01, Y={ $memory$auto$proc_rom.cc:155:do_switch$3$rdmux[0][5][9]$b$166 [8] $memory$auto$proc_rom.cc:155:do_switch$3$rdmux[0][5][9]$b$166 [3] }
      New connections: { $memory$auto$proc_rom.cc:155:do_switch$3$rdmux[0][5][9]$b$166 [31:9] $memory$auto$proc_rom.cc:155:do_switch$3$rdmux[0][5][9]$b$166 [7:4] $memory$auto$proc_rom.cc:155:do_switch$3$rdmux[0][5][9]$b$166 [2:0] } = { $memory$auto$proc_rom.cc:155:do_switch$3$rdmux[0][5][9]$b$166 [8] 1'0 $memory$auto$proc_rom.cc:155:do_switch$3$rdmux[0][5][9]$b$166 [8] $memory$auto$proc_rom.cc:155:do_switch$3$rdmux[0][5][9]$b$166 [8] $memory$auto$proc_rom.cc:155:do_switch$3$rdmux[0][5][9]$b$166 [3] $memory$auto$proc_rom.cc:155:do_switch$3$rdmux[0][5][9]$b$166 [3] $memory$auto$proc_rom.cc:155:do_switch$3$rdmux[0][5][9]$b$166 [3] 4'0011 $memory$auto$proc_rom.cc:155:do_switch$3$rdmux[0][5][9]$b$166 [3] 5'10100 $memory$auto$proc_rom.cc:155:do_switch$3$rdmux[0][5][9]$b$166 [8] 3'100 $memory$auto$proc_rom.cc:155:do_switch$3$rdmux[0][5][9]$b$166 [8] $memory$auto$proc_rom.cc:155:do_switch$3$rdmux[0][5][9]$b$166 [8] 1'0 $memory$auto$proc_rom.cc:155:do_switch$3$rdmux[0][5][9]$b$166 [3] 5'11011 }
    Consolidated identical input bits for $mux cell $memory$auto$proc_rom.cc:155:do_switch$3$rdmux[0][6][18]$287:
      Old ports: A=274152465, B=32'11010101010100001001010001111000, Y=$memory$auto$proc_rom.cc:155:do_switch$3$rdmux[0][5][9]$a$165
      New ports: A=2'01, B=2'10, Y={ $memory$auto$proc_rom.cc:155:do_switch$3$rdmux[0][5][9]$a$165 [3] $memory$auto$proc_rom.cc:155:do_switch$3$rdmux[0][5][9]$a$165 [0] }
      New connections: { $memory$auto$proc_rom.cc:155:do_switch$3$rdmux[0][5][9]$a$165 [31:4] $memory$auto$proc_rom.cc:155:do_switch$3$rdmux[0][5][9]$a$165 [2:1] } = { $memory$auto$proc_rom.cc:155:do_switch$3$rdmux[0][5][9]$a$165 [3] $memory$auto$proc_rom.cc:155:do_switch$3$rdmux[0][5][9]$a$165 [3] 3'010 $memory$auto$proc_rom.cc:155:do_switch$3$rdmux[0][5][9]$a$165 [3] 1'0 $memory$auto$proc_rom.cc:155:do_switch$3$rdmux[0][5][9]$a$165 [3] 5'01010 $memory$auto$proc_rom.cc:155:do_switch$3$rdmux[0][5][9]$a$165 [0] $memory$auto$proc_rom.cc:155:do_switch$3$rdmux[0][5][9]$a$165 [0] $memory$auto$proc_rom.cc:155:do_switch$3$rdmux[0][5][9]$a$165 [0] $memory$auto$proc_rom.cc:155:do_switch$3$rdmux[0][5][9]$a$165 [3] 1'0 $memory$auto$proc_rom.cc:155:do_switch$3$rdmux[0][5][9]$a$165 [0] 1'1 $memory$auto$proc_rom.cc:155:do_switch$3$rdmux[0][5][9]$a$165 [0] 4'1000 $memory$auto$proc_rom.cc:155:do_switch$3$rdmux[0][5][9]$a$165 [3] $memory$auto$proc_rom.cc:155:do_switch$3$rdmux[0][5][9]$a$165 [3] 3'100 }
    Consolidated identical input bits for $mux cell $memory$auto$proc_rom.cc:155:do_switch$3$rdmux[0][6][17]$284:
      Old ports: A=1272160415, B=1936778953, Y=$memory$auto$proc_rom.cc:155:do_switch$3$rdmux[0][5][8]$b$163
      New ports: A=2'01, B=2'10, Y={ $memory$auto$proc_rom.cc:155:do_switch$3$rdmux[0][5][8]$b$163 [6] $memory$auto$proc_rom.cc:155:do_switch$3$rdmux[0][5][8]$b$163 [1] }
      New connections: { $memory$auto$proc_rom.cc:155:do_switch$3$rdmux[0][5][8]$b$163 [31:7] $memory$auto$proc_rom.cc:155:do_switch$3$rdmux[0][5][8]$b$163 [5:2] $memory$auto$proc_rom.cc:155:do_switch$3$rdmux[0][5][8]$b$163 [0] } = { 2'01 $memory$auto$proc_rom.cc:155:do_switch$3$rdmux[0][5][8]$b$163 [6] $memory$auto$proc_rom.cc:155:do_switch$3$rdmux[0][5][8]$b$163 [6] $memory$auto$proc_rom.cc:155:do_switch$3$rdmux[0][5][8]$b$163 [1] 3'011 $memory$auto$proc_rom.cc:155:do_switch$3$rdmux[0][5][8]$b$163 [1] 1'1 $memory$auto$proc_rom.cc:155:do_switch$3$rdmux[0][5][8]$b$163 [6] 3'100 $memory$auto$proc_rom.cc:155:do_switch$3$rdmux[0][5][8]$b$163 [1] $memory$auto$proc_rom.cc:155:do_switch$3$rdmux[0][5][8]$b$163 [1] 1'1 $memory$auto$proc_rom.cc:155:do_switch$3$rdmux[0][5][8]$b$163 [6] 3'100 $memory$auto$proc_rom.cc:155:do_switch$3$rdmux[0][5][8]$b$163 [6] $memory$auto$proc_rom.cc:155:do_switch$3$rdmux[0][5][8]$b$163 [6] 3'010 $memory$auto$proc_rom.cc:155:do_switch$3$rdmux[0][5][8]$b$163 [1] 1'1 $memory$auto$proc_rom.cc:155:do_switch$3$rdmux[0][5][8]$b$163 [1] 1'1 }
    Consolidated identical input bits for $mux cell $memory$auto$proc_rom.cc:155:do_switch$3$rdmux[0][6][16]$281:
      Old ports: A=1435011069, B=82209184, Y=$memory$auto$proc_rom.cc:155:do_switch$3$rdmux[0][5][8]$a$162
      New ports: A=2'01, B=2'10, Y={ $memory$auto$proc_rom.cc:155:do_switch$3$rdmux[0][5][8]$a$162 [11] $memory$auto$proc_rom.cc:155:do_switch$3$rdmux[0][5][8]$a$162 [0] }
      New connections: { $memory$auto$proc_rom.cc:155:do_switch$3$rdmux[0][5][8]$a$162 [31:12] $memory$auto$proc_rom.cc:155:do_switch$3$rdmux[0][5][8]$a$162 [10:1] } = { 1'0 $memory$auto$proc_rom.cc:155:do_switch$3$rdmux[0][5][8]$a$162 [0] 1'0 $memory$auto$proc_rom.cc:155:do_switch$3$rdmux[0][5][8]$a$162 [0] 3'010 $memory$auto$proc_rom.cc:155:do_switch$3$rdmux[0][5][8]$a$162 [0] 1'1 $memory$auto$proc_rom.cc:155:do_switch$3$rdmux[0][5][8]$a$162 [11] $memory$auto$proc_rom.cc:155:do_switch$3$rdmux[0][5][8]$a$162 [11] 1'0 $memory$auto$proc_rom.cc:155:do_switch$3$rdmux[0][5][8]$a$162 [0] $memory$auto$proc_rom.cc:155:do_switch$3$rdmux[0][5][8]$a$162 [11] $memory$auto$proc_rom.cc:155:do_switch$3$rdmux[0][5][8]$a$162 [11] 1'0 $memory$auto$proc_rom.cc:155:do_switch$3$rdmux[0][5][8]$a$162 [0] $memory$auto$proc_rom.cc:155:do_switch$3$rdmux[0][5][8]$a$162 [11] $memory$auto$proc_rom.cc:155:do_switch$3$rdmux[0][5][8]$a$162 [11] 1'0 $memory$auto$proc_rom.cc:155:do_switch$3$rdmux[0][5][8]$a$162 [0] $memory$auto$proc_rom.cc:155:do_switch$3$rdmux[0][5][8]$a$162 [0] 2'11 $memory$auto$proc_rom.cc:155:do_switch$3$rdmux[0][5][8]$a$162 [0] 1'1 $memory$auto$proc_rom.cc:155:do_switch$3$rdmux[0][5][8]$a$162 [0] $memory$auto$proc_rom.cc:155:do_switch$3$rdmux[0][5][8]$a$162 [0] $memory$auto$proc_rom.cc:155:do_switch$3$rdmux[0][5][8]$a$162 [0] 1'0 }
    Consolidated identical input bits for $mux cell $memory$auto$proc_rom.cc:155:do_switch$3$rdmux[0][6][15]$278:
      Old ports: A=32'10001110001101100001110010111110, B=32'10011100010101010011110010111010, Y=$memory$auto$proc_rom.cc:155:do_switch$3$rdmux[0][5][7]$b$160
      New ports: A=2'01, B=2'10, Y={ $memory$auto$proc_rom.cc:155:do_switch$3$rdmux[0][5][7]$b$160 [13] $memory$auto$proc_rom.cc:155:do_switch$3$rdmux[0][5][7]$b$160 [2] }
      New connections: { $memory$auto$proc_rom.cc:155:do_switch$3$rdmux[0][5][7]$b$160 [31:14] $memory$auto$proc_rom.cc:155:do_switch$3$rdmux[0][5][7]$b$160 [12:3] $memory$auto$proc_rom.cc:155:do_switch$3$rdmux[0][5][7]$b$160 [1:0] } = { 3'100 $memory$auto$proc_rom.cc:155:do_switch$3$rdmux[0][5][7]$b$160 [13] 2'11 $memory$auto$proc_rom.cc:155:do_switch$3$rdmux[0][5][7]$b$160 [2] 2'00 $memory$auto$proc_rom.cc:155:do_switch$3$rdmux[0][5][7]$b$160 [13] $memory$auto$proc_rom.cc:155:do_switch$3$rdmux[0][5][7]$b$160 [2] 3'101 $memory$auto$proc_rom.cc:155:do_switch$3$rdmux[0][5][7]$b$160 [2] $memory$auto$proc_rom.cc:155:do_switch$3$rdmux[0][5][7]$b$160 [13] 14'00111001011110 }
    Consolidated identical input bits for $mux cell $memory$auto$proc_rom.cc:155:do_switch$3$rdmux[0][6][14]$275:
      Old ports: A=32'10100001011110001011010101001100, B=1881417848, Y=$memory$auto$proc_rom.cc:155:do_switch$3$rdmux[0][5][7]$a$159
      New ports: A=2'01, B=2'10, Y={ $memory$auto$proc_rom.cc:155:do_switch$3$rdmux[0][5][7]$a$159 [4] $memory$auto$proc_rom.cc:155:do_switch$3$rdmux[0][5][7]$a$159 [2] }
      New connections: { $memory$auto$proc_rom.cc:155:do_switch$3$rdmux[0][5][7]$a$159 [31:5] $memory$auto$proc_rom.cc:155:do_switch$3$rdmux[0][5][7]$a$159 [3] $memory$auto$proc_rom.cc:155:do_switch$3$rdmux[0][5][7]$a$159 [1:0] } = { $memory$auto$proc_rom.cc:155:do_switch$3$rdmux[0][5][7]$a$159 [2] $memory$auto$proc_rom.cc:155:do_switch$3$rdmux[0][5][7]$a$159 [4] 1'1 $memory$auto$proc_rom.cc:155:do_switch$3$rdmux[0][5][7]$a$159 [4] 3'000 $memory$auto$proc_rom.cc:155:do_switch$3$rdmux[0][5][7]$a$159 [2] 1'0 $memory$auto$proc_rom.cc:155:do_switch$3$rdmux[0][5][7]$a$159 [2] 1'1 $memory$auto$proc_rom.cc:155:do_switch$3$rdmux[0][5][7]$a$159 [2] $memory$auto$proc_rom.cc:155:do_switch$3$rdmux[0][5][7]$a$159 [2] $memory$auto$proc_rom.cc:155:do_switch$3$rdmux[0][5][7]$a$159 [4] 2'00 $memory$auto$proc_rom.cc:155:do_switch$3$rdmux[0][5][7]$a$159 [2] 2'01 $memory$auto$proc_rom.cc:155:do_switch$3$rdmux[0][5][7]$a$159 [2] $memory$auto$proc_rom.cc:155:do_switch$3$rdmux[0][5][7]$a$159 [4] $memory$auto$proc_rom.cc:155:do_switch$3$rdmux[0][5][7]$a$159 [2] 1'0 $memory$auto$proc_rom.cc:155:do_switch$3$rdmux[0][5][7]$a$159 [2] 2'01 $memory$auto$proc_rom.cc:155:do_switch$3$rdmux[0][5][7]$a$159 [4] 3'100 }
    Consolidated identical input bits for $mux cell $memory$auto$proc_rom.cc:155:do_switch$3$rdmux[0][6][13]$272:
      Old ports: A=32'10101001010000110100011000110001, B=32'11110111111100110100001001100100, Y=$memory$auto$proc_rom.cc:155:do_switch$3$rdmux[0][5][6]$b$157
      New ports: A=2'01, B=2'10, Y={ $memory$auto$proc_rom.cc:155:do_switch$3$rdmux[0][5][6]$b$157 [2] $memory$auto$proc_rom.cc:155:do_switch$3$rdmux[0][5][6]$b$157 [0] }
      New connections: { $memory$auto$proc_rom.cc:155:do_switch$3$rdmux[0][5][6]$b$157 [31:3] $memory$auto$proc_rom.cc:155:do_switch$3$rdmux[0][5][6]$b$157 [1] } = { 1'1 $memory$auto$proc_rom.cc:155:do_switch$3$rdmux[0][5][6]$b$157 [2] 1'1 $memory$auto$proc_rom.cc:155:do_switch$3$rdmux[0][5][6]$b$157 [2] $memory$auto$proc_rom.cc:155:do_switch$3$rdmux[0][5][6]$b$157 [0] $memory$auto$proc_rom.cc:155:do_switch$3$rdmux[0][5][6]$b$157 [2] $memory$auto$proc_rom.cc:155:do_switch$3$rdmux[0][5][6]$b$157 [2] 1'1 $memory$auto$proc_rom.cc:155:do_switch$3$rdmux[0][5][6]$b$157 [2] 1'1 $memory$auto$proc_rom.cc:155:do_switch$3$rdmux[0][5][6]$b$157 [2] $memory$auto$proc_rom.cc:155:do_switch$3$rdmux[0][5][6]$b$157 [2] 9'001101000 $memory$auto$proc_rom.cc:155:do_switch$3$rdmux[0][5][6]$b$157 [0] 3'100 $memory$auto$proc_rom.cc:155:do_switch$3$rdmux[0][5][6]$b$157 [2] 1'1 $memory$auto$proc_rom.cc:155:do_switch$3$rdmux[0][5][6]$b$157 [0] 2'00 }
    Consolidated identical input bits for $mux cell $memory$auto$proc_rom.cc:155:do_switch$3$rdmux[0][6][12]$269:
      Old ports: A=2115999068, B=1009513477, Y=$memory$auto$proc_rom.cc:155:do_switch$3$rdmux[0][5][6]$a$156
      New ports: A=2'10, B=2'01, Y={ $memory$auto$proc_rom.cc:155:do_switch$3$rdmux[0][5][6]$a$156 [3] $memory$auto$proc_rom.cc:155:do_switch$3$rdmux[0][5][6]$a$156 [0] }
      New connections: { $memory$auto$proc_rom.cc:155:do_switch$3$rdmux[0][5][6]$a$156 [31:4] $memory$auto$proc_rom.cc:155:do_switch$3$rdmux[0][5][6]$a$156 [2:1] } = { 1'0 $memory$auto$proc_rom.cc:155:do_switch$3$rdmux[0][5][6]$a$156 [3] 4'1111 $memory$auto$proc_rom.cc:155:do_switch$3$rdmux[0][5][6]$a$156 [3] 3'000 $memory$auto$proc_rom.cc:155:do_switch$3$rdmux[0][5][6]$a$156 [0] $memory$auto$proc_rom.cc:155:do_switch$3$rdmux[0][5][6]$a$156 [3] 1'1 $memory$auto$proc_rom.cc:155:do_switch$3$rdmux[0][5][6]$a$156 [3] 3'111 $memory$auto$proc_rom.cc:155:do_switch$3$rdmux[0][5][6]$a$156 [0] $memory$auto$proc_rom.cc:155:do_switch$3$rdmux[0][5][6]$a$156 [0] 4'1010 $memory$auto$proc_rom.cc:155:do_switch$3$rdmux[0][5][6]$a$156 [3] 1'0 $memory$auto$proc_rom.cc:155:do_switch$3$rdmux[0][5][6]$a$156 [3] 1'0 $memory$auto$proc_rom.cc:155:do_switch$3$rdmux[0][5][6]$a$156 [3] 2'10 }
    Consolidated identical input bits for $mux cell $memory$auto$proc_rom.cc:155:do_switch$3$rdmux[0][6][11]$266:
      Old ports: A=32'10000101010010000011110011111011, B=32'10010111001101100111011100001110, Y=$memory$auto$proc_rom.cc:155:do_switch$3$rdmux[0][5][5]$b$154
      New ports: A=2'01, B=2'10, Y={ $memory$auto$proc_rom.cc:155:do_switch$3$rdmux[0][5][5]$b$154 [2] $memory$auto$proc_rom.cc:155:do_switch$3$rdmux[0][5][5]$b$154 [0] }
      New connections: { $memory$auto$proc_rom.cc:155:do_switch$3$rdmux[0][5][5]$b$154 [31:3] $memory$auto$proc_rom.cc:155:do_switch$3$rdmux[0][5][5]$b$154 [1] } = { 3'100 $memory$auto$proc_rom.cc:155:do_switch$3$rdmux[0][5][5]$b$154 [2] 2'01 $memory$auto$proc_rom.cc:155:do_switch$3$rdmux[0][5][5]$b$154 [2] 2'10 $memory$auto$proc_rom.cc:155:do_switch$3$rdmux[0][5][5]$b$154 [0] $memory$auto$proc_rom.cc:155:do_switch$3$rdmux[0][5][5]$b$154 [2] $memory$auto$proc_rom.cc:155:do_switch$3$rdmux[0][5][5]$b$154 [2] $memory$auto$proc_rom.cc:155:do_switch$3$rdmux[0][5][5]$b$154 [0] $memory$auto$proc_rom.cc:155:do_switch$3$rdmux[0][5][5]$b$154 [2] $memory$auto$proc_rom.cc:155:do_switch$3$rdmux[0][5][5]$b$154 [2] 2'00 $memory$auto$proc_rom.cc:155:do_switch$3$rdmux[0][5][5]$b$154 [2] 2'11 $memory$auto$proc_rom.cc:155:do_switch$3$rdmux[0][5][5]$b$154 [0] 1'1 $memory$auto$proc_rom.cc:155:do_switch$3$rdmux[0][5][5]$b$154 [2] $memory$auto$proc_rom.cc:155:do_switch$3$rdmux[0][5][5]$b$154 [2] $memory$auto$proc_rom.cc:155:do_switch$3$rdmux[0][5][5]$b$154 [0] $memory$auto$proc_rom.cc:155:do_switch$3$rdmux[0][5][5]$b$154 [0] $memory$auto$proc_rom.cc:155:do_switch$3$rdmux[0][5][5]$b$154 [0] $memory$auto$proc_rom.cc:155:do_switch$3$rdmux[0][5][5]$b$154 [0] 2'11 }
    Consolidated identical input bits for $mux cell $memory$auto$proc_rom.cc:155:do_switch$3$rdmux[0][6][10]$263:
      Old ports: A=1396618632, B=32'10101010100101001101101001001000, Y=$memory$auto$proc_rom.cc:155:do_switch$3$rdmux[0][5][5]$a$153
      New ports: A=2'10, B=2'01, Y=$memory$auto$proc_rom.cc:155:do_switch$3$rdmux[0][5][5]$a$153 [7:6]
      New connections: { $memory$auto$proc_rom.cc:155:do_switch$3$rdmux[0][5][5]$a$153 [31:8] $memory$auto$proc_rom.cc:155:do_switch$3$rdmux[0][5][5]$a$153 [5:0] } = { $memory$auto$proc_rom.cc:155:do_switch$3$rdmux[0][5][5]$a$153 [6] $memory$auto$proc_rom.cc:155:do_switch$3$rdmux[0][5][5]$a$153 [7:6] $memory$auto$proc_rom.cc:155:do_switch$3$rdmux[0][5][5]$a$153 [7:6] 2'01 $memory$auto$proc_rom.cc:155:do_switch$3$rdmux[0][5][5]$a$153 [7:6] 1'0 $memory$auto$proc_rom.cc:155:do_switch$3$rdmux[0][5][5]$a$153 [7] 1'1 $memory$auto$proc_rom.cc:155:do_switch$3$rdmux[0][5][5]$a$153 [7] 1'1 $memory$auto$proc_rom.cc:155:do_switch$3$rdmux[0][5][5]$a$153 [7] 2'01 $memory$auto$proc_rom.cc:155:do_switch$3$rdmux[0][5][5]$a$153 [6] $memory$auto$proc_rom.cc:155:do_switch$3$rdmux[0][5][5]$a$153 [7] 1'1 $memory$auto$proc_rom.cc:155:do_switch$3$rdmux[0][5][5]$a$153 [6] $memory$auto$proc_rom.cc:155:do_switch$3$rdmux[0][5][5]$a$153 [7:6] $memory$auto$proc_rom.cc:155:do_switch$3$rdmux[0][5][5]$a$153 [7] 6'001000 }
    Consolidated identical input bits for $mux cell $memory$auto$proc_rom.cc:155:do_switch$3$rdmux[0][6][9]$260:
      Old ports: A=32'10111010111101000111011000001111, B=179714255, Y=$memory$auto$proc_rom.cc:155:do_switch$3$rdmux[0][5][4]$b$151
      New ports: A=2'10, B=2'01, Y={ $memory$auto$proc_rom.cc:155:do_switch$3$rdmux[0][5][4]$b$151 [9] $memory$auto$proc_rom.cc:155:do_switch$3$rdmux[0][5][4]$b$151 [6] }
      New connections: { $memory$auto$proc_rom.cc:155:do_switch$3$rdmux[0][5][4]$b$151 [31:10] $memory$auto$proc_rom.cc:155:do_switch$3$rdmux[0][5][4]$b$151 [8:7] $memory$auto$proc_rom.cc:155:do_switch$3$rdmux[0][5][4]$b$151 [5:0] } = { $memory$auto$proc_rom.cc:155:do_switch$3$rdmux[0][5][4]$b$151 [9] 1'0 $memory$auto$proc_rom.cc:155:do_switch$3$rdmux[0][5][4]$b$151 [9] $memory$auto$proc_rom.cc:155:do_switch$3$rdmux[0][5][4]$b$151 [9] 5'10101 $memory$auto$proc_rom.cc:155:do_switch$3$rdmux[0][5][4]$b$151 [9] 4'1101 $memory$auto$proc_rom.cc:155:do_switch$3$rdmux[0][5][4]$b$151 [6] 2'00 $memory$auto$proc_rom.cc:155:do_switch$3$rdmux[0][5][4]$b$151 [9] 2'11 $memory$auto$proc_rom.cc:155:do_switch$3$rdmux[0][5][4]$b$151 [6] $memory$auto$proc_rom.cc:155:do_switch$3$rdmux[0][5][4]$b$151 [9] 1'0 $memory$auto$proc_rom.cc:155:do_switch$3$rdmux[0][5][4]$b$151 [6] 6'001111 }
    Consolidated identical input bits for $mux cell $memory$auto$proc_rom.cc:155:do_switch$3$rdmux[0][6][8]$257:
      Old ports: A=1311870685, B=32'11101111110001011000100101110101, Y=$memory$auto$proc_rom.cc:155:do_switch$3$rdmux[0][5][4]$a$150
      New ports: A=2'01, B=2'10, Y={ $memory$auto$proc_rom.cc:155:do_switch$3$rdmux[0][5][4]$a$150 [5] $memory$auto$proc_rom.cc:155:do_switch$3$rdmux[0][5][4]$a$150 [3] }
      New connections: { $memory$auto$proc_rom.cc:155:do_switch$3$rdmux[0][5][4]$a$150 [31:6] $memory$auto$proc_rom.cc:155:do_switch$3$rdmux[0][5][4]$a$150 [4] $memory$auto$proc_rom.cc:155:do_switch$3$rdmux[0][5][4]$a$150 [2:0] } = { $memory$auto$proc_rom.cc:155:do_switch$3$rdmux[0][5][4]$a$150 [5] 1'1 $memory$auto$proc_rom.cc:155:do_switch$3$rdmux[0][5][4]$a$150 [5] 4'0111 $memory$auto$proc_rom.cc:155:do_switch$3$rdmux[0][5][4]$a$150 [5] $memory$auto$proc_rom.cc:155:do_switch$3$rdmux[0][5][4]$a$150 [5] $memory$auto$proc_rom.cc:155:do_switch$3$rdmux[0][5][4]$a$150 [5] $memory$auto$proc_rom.cc:155:do_switch$3$rdmux[0][5][4]$a$150 [3] $memory$auto$proc_rom.cc:155:do_switch$3$rdmux[0][5][4]$a$150 [3] 1'0 $memory$auto$proc_rom.cc:155:do_switch$3$rdmux[0][5][4]$a$150 [5] 7'0110001 $memory$auto$proc_rom.cc:155:do_switch$3$rdmux[0][5][4]$a$150 [3] $memory$auto$proc_rom.cc:155:do_switch$3$rdmux[0][5][4]$a$150 [3] $memory$auto$proc_rom.cc:155:do_switch$3$rdmux[0][5][4]$a$150 [5] $memory$auto$proc_rom.cc:155:do_switch$3$rdmux[0][5][4]$a$150 [3] 5'11101 }
    Consolidated identical input bits for $mux cell $memory$auto$proc_rom.cc:155:do_switch$3$rdmux[0][6][7]$254:
      Old ports: A=32'11000111000111000100011000011011, B=1467965033, Y=$memory$auto$proc_rom.cc:155:do_switch$3$rdmux[0][5][3]$b$148
      New ports: A=2'01, B=2'10, Y={ $memory$auto$proc_rom.cc:155:do_switch$3$rdmux[0][5][3]$b$148 [5] $memory$auto$proc_rom.cc:155:do_switch$3$rdmux[0][5][3]$b$148 [1] }
      New connections: { $memory$auto$proc_rom.cc:155:do_switch$3$rdmux[0][5][3]$b$148 [31:6] $memory$auto$proc_rom.cc:155:do_switch$3$rdmux[0][5][3]$b$148 [4:2] $memory$auto$proc_rom.cc:155:do_switch$3$rdmux[0][5][3]$b$148 [0] } = { $memory$auto$proc_rom.cc:155:do_switch$3$rdmux[0][5][3]$b$148 [1] 2'10 $memory$auto$proc_rom.cc:155:do_switch$3$rdmux[0][5][3]$b$148 [5] 5'01110 $memory$auto$proc_rom.cc:155:do_switch$3$rdmux[0][5][3]$b$148 [5] $memory$auto$proc_rom.cc:155:do_switch$3$rdmux[0][5][3]$b$148 [5] 3'111 $memory$auto$proc_rom.cc:155:do_switch$3$rdmux[0][5][3]$b$148 [5] $memory$auto$proc_rom.cc:155:do_switch$3$rdmux[0][5][3]$b$148 [5] 3'010 $memory$auto$proc_rom.cc:155:do_switch$3$rdmux[0][5][3]$b$148 [5] $memory$auto$proc_rom.cc:155:do_switch$3$rdmux[0][5][3]$b$148 [5] 4'1100 $memory$auto$proc_rom.cc:155:do_switch$3$rdmux[0][5][3]$b$148 [5] $memory$auto$proc_rom.cc:155:do_switch$3$rdmux[0][5][3]$b$148 [1] 3'101 }
    Consolidated identical input bits for $mux cell $memory$auto$proc_rom.cc:155:do_switch$3$rdmux[0][6][6]$251:
      Old ports: A=1926168318, B=1995416946, Y=$memory$auto$proc_rom.cc:155:do_switch$3$rdmux[0][5][3]$a$147
      New ports: A=2'01, B=2'10, Y={ $memory$auto$proc_rom.cc:155:do_switch$3$rdmux[0][5][3]$a$147 [8] $memory$auto$proc_rom.cc:155:do_switch$3$rdmux[0][5][3]$a$147 [2] }
      New connections: { $memory$auto$proc_rom.cc:155:do_switch$3$rdmux[0][5][3]$a$147 [31:9] $memory$auto$proc_rom.cc:155:do_switch$3$rdmux[0][5][3]$a$147 [7:3] $memory$auto$proc_rom.cc:155:do_switch$3$rdmux[0][5][3]$a$147 [1:0] } = { 5'01110 $memory$auto$proc_rom.cc:155:do_switch$3$rdmux[0][5][3]$a$147 [8] 4'1011 $memory$auto$proc_rom.cc:155:do_switch$3$rdmux[0][5][3]$a$147 [8] 4'0111 $memory$auto$proc_rom.cc:155:do_switch$3$rdmux[0][5][3]$a$147 [8] 1'1 $memory$auto$proc_rom.cc:155:do_switch$3$rdmux[0][5][3]$a$147 [2] 1'1 $memory$auto$proc_rom.cc:155:do_switch$3$rdmux[0][5][3]$a$147 [2] $memory$auto$proc_rom.cc:155:do_switch$3$rdmux[0][5][3]$a$147 [2] 1'1 $memory$auto$proc_rom.cc:155:do_switch$3$rdmux[0][5][3]$a$147 [2] $memory$auto$proc_rom.cc:155:do_switch$3$rdmux[0][5][3]$a$147 [2] 3'111 $memory$auto$proc_rom.cc:155:do_switch$3$rdmux[0][5][3]$a$147 [2] 2'10 }
    Consolidated identical input bits for $mux cell $memory$auto$proc_rom.cc:155:do_switch$3$rdmux[0][6][5]$248:
      Old ports: A=32'11000101110001100110001110010011, B=32'11001100111101000000011101100010, Y=$memory$auto$proc_rom.cc:155:do_switch$3$rdmux[0][5][2]$b$145
      New ports: A=2'01, B=2'10, Y={ $memory$auto$proc_rom.cc:155:do_switch$3$rdmux[0][5][2]$b$145 [5] $memory$auto$proc_rom.cc:155:do_switch$3$rdmux[0][5][2]$b$145 [0] }
      New connections: { $memory$auto$proc_rom.cc:155:do_switch$3$rdmux[0][5][2]$b$145 [31:6] $memory$auto$proc_rom.cc:155:do_switch$3$rdmux[0][5][2]$b$145 [4:1] } = { 4'1100 $memory$auto$proc_rom.cc:155:do_switch$3$rdmux[0][5][2]$b$145 [5] 2'10 $memory$auto$proc_rom.cc:155:do_switch$3$rdmux[0][5][2]$b$145 [0] 2'11 $memory$auto$proc_rom.cc:155:do_switch$3$rdmux[0][5][2]$b$145 [5] $memory$auto$proc_rom.cc:155:do_switch$3$rdmux[0][5][2]$b$145 [5] 2'01 $memory$auto$proc_rom.cc:155:do_switch$3$rdmux[0][5][2]$b$145 [0] 2'00 $memory$auto$proc_rom.cc:155:do_switch$3$rdmux[0][5][2]$b$145 [0] $memory$auto$proc_rom.cc:155:do_switch$3$rdmux[0][5][2]$b$145 [0] 2'00 $memory$auto$proc_rom.cc:155:do_switch$3$rdmux[0][5][2]$b$145 [5] 2'11 $memory$auto$proc_rom.cc:155:do_switch$3$rdmux[0][5][2]$b$145 [0] $memory$auto$proc_rom.cc:155:do_switch$3$rdmux[0][5][2]$b$145 [5] $memory$auto$proc_rom.cc:155:do_switch$3$rdmux[0][5][2]$b$145 [0] 3'001 }
    Consolidated identical input bits for $mux cell $memory$auto$proc_rom.cc:155:do_switch$3$rdmux[0][6][4]$245:
      Old ports: A=1536112211, B=696154509, Y=$memory$auto$proc_rom.cc:155:do_switch$3$rdmux[0][5][2]$a$144
      New ports: A=2'01, B=2'10, Y=$memory$auto$proc_rom.cc:155:do_switch$3$rdmux[0][5][2]$a$144 [2:1]
      New connections: { $memory$auto$proc_rom.cc:155:do_switch$3$rdmux[0][5][2]$a$144 [31:3] $memory$auto$proc_rom.cc:155:do_switch$3$rdmux[0][5][2]$a$144 [0] } = { 1'0 $memory$auto$proc_rom.cc:155:do_switch$3$rdmux[0][5][2]$a$144 [1] $memory$auto$proc_rom.cc:155:do_switch$3$rdmux[0][5][2]$a$144 [2:1] 2'10 $memory$auto$proc_rom.cc:155:do_switch$3$rdmux[0][5][2]$a$144 [1] 1'1 $memory$auto$proc_rom.cc:155:do_switch$3$rdmux[0][5][2]$a$144 [1] $memory$auto$proc_rom.cc:155:do_switch$3$rdmux[0][5][2]$a$144 [2] $memory$auto$proc_rom.cc:155:do_switch$3$rdmux[0][5][2]$a$144 [2] $memory$auto$proc_rom.cc:155:do_switch$3$rdmux[0][5][2]$a$144 [2] 3'111 $memory$auto$proc_rom.cc:155:do_switch$3$rdmux[0][5][2]$a$144 [1] 1'0 $memory$auto$proc_rom.cc:155:do_switch$3$rdmux[0][5][2]$a$144 [2] 2'11 $memory$auto$proc_rom.cc:155:do_switch$3$rdmux[0][5][2]$a$144 [2:1] $memory$auto$proc_rom.cc:155:do_switch$3$rdmux[0][5][2]$a$144 [1] $memory$auto$proc_rom.cc:155:do_switch$3$rdmux[0][5][2]$a$144 [2] $memory$auto$proc_rom.cc:155:do_switch$3$rdmux[0][5][2]$a$144 [2:1] 1'0 $memory$auto$proc_rom.cc:155:do_switch$3$rdmux[0][5][2]$a$144 [1] $memory$auto$proc_rom.cc:155:do_switch$3$rdmux[0][5][2]$a$144 [2] 1'1 }
    Consolidated identical input bits for $mux cell $memory$auto$proc_rom.cc:155:do_switch$3$rdmux[0][6][3]$242:
      Old ports: A=32'10101001010001101010110000000000, B=1637678691, Y=$memory$auto$proc_rom.cc:155:do_switch$3$rdmux[0][5][1]$b$142
      New ports: A=2'10, B=2'01, Y={ $memory$auto$proc_rom.cc:155:do_switch$3$rdmux[0][5][1]$b$142 [17] $memory$auto$proc_rom.cc:155:do_switch$3$rdmux[0][5][1]$b$142 [0] }
      New connections: { $memory$auto$proc_rom.cc:155:do_switch$3$rdmux[0][5][1]$b$142 [31:18] $memory$auto$proc_rom.cc:155:do_switch$3$rdmux[0][5][1]$b$142 [16:1] } = { $memory$auto$proc_rom.cc:155:do_switch$3$rdmux[0][5][1]$b$142 [17] $memory$auto$proc_rom.cc:155:do_switch$3$rdmux[0][5][1]$b$142 [0] 2'10 $memory$auto$proc_rom.cc:155:do_switch$3$rdmux[0][5][1]$b$142 [17] 3'001 $memory$auto$proc_rom.cc:155:do_switch$3$rdmux[0][5][1]$b$142 [0] $memory$auto$proc_rom.cc:155:do_switch$3$rdmux[0][5][1]$b$142 [17] 1'0 $memory$auto$proc_rom.cc:155:do_switch$3$rdmux[0][5][1]$b$142 [0] $memory$auto$proc_rom.cc:155:do_switch$3$rdmux[0][5][1]$b$142 [0] 3'101 $memory$auto$proc_rom.cc:155:do_switch$3$rdmux[0][5][1]$b$142 [0] 1'1 $memory$auto$proc_rom.cc:155:do_switch$3$rdmux[0][5][1]$b$142 [0] 2'11 $memory$auto$proc_rom.cc:155:do_switch$3$rdmux[0][5][1]$b$142 [0] 2'00 $memory$auto$proc_rom.cc:155:do_switch$3$rdmux[0][5][1]$b$142 [0] $memory$auto$proc_rom.cc:155:do_switch$3$rdmux[0][5][1]$b$142 [0] 3'000 $memory$auto$proc_rom.cc:155:do_switch$3$rdmux[0][5][1]$b$142 [0] }
    Consolidated identical input bits for $mux cell $memory$auto$proc_rom.cc:155:do_switch$3$rdmux[0][6][2]$239:
      Old ports: A=32'10110010101110101000011101111000, B=32'10111111000101000000001010000001, Y=$memory$auto$proc_rom.cc:155:do_switch$3$rdmux[0][5][1]$a$141
      New ports: A=2'10, B=2'01, Y={ $memory$auto$proc_rom.cc:155:do_switch$3$rdmux[0][5][1]$a$141 [3] $memory$auto$proc_rom.cc:155:do_switch$3$rdmux[0][5][1]$a$141 [0] }
      New connections: { $memory$auto$proc_rom.cc:155:do_switch$3$rdmux[0][5][1]$a$141 [31:4] $memory$auto$proc_rom.cc:155:do_switch$3$rdmux[0][5][1]$a$141 [2:1] } = { 4'1011 $memory$auto$proc_rom.cc:155:do_switch$3$rdmux[0][5][1]$a$141 [0] $memory$auto$proc_rom.cc:155:do_switch$3$rdmux[0][5][1]$a$141 [0] 1'1 $memory$auto$proc_rom.cc:155:do_switch$3$rdmux[0][5][1]$a$141 [0] $memory$auto$proc_rom.cc:155:do_switch$3$rdmux[0][5][1]$a$141 [3] 1'0 $memory$auto$proc_rom.cc:155:do_switch$3$rdmux[0][5][1]$a$141 [3] 1'1 $memory$auto$proc_rom.cc:155:do_switch$3$rdmux[0][5][1]$a$141 [3] $memory$auto$proc_rom.cc:155:do_switch$3$rdmux[0][5][1]$a$141 [0] $memory$auto$proc_rom.cc:155:do_switch$3$rdmux[0][5][1]$a$141 [3] 1'0 $memory$auto$proc_rom.cc:155:do_switch$3$rdmux[0][5][1]$a$141 [3] 4'0000 $memory$auto$proc_rom.cc:155:do_switch$3$rdmux[0][5][1]$a$141 [3] 1'1 $memory$auto$proc_rom.cc:155:do_switch$3$rdmux[0][5][1]$a$141 [3] $memory$auto$proc_rom.cc:155:do_switch$3$rdmux[0][5][1]$a$141 [0] $memory$auto$proc_rom.cc:155:do_switch$3$rdmux[0][5][1]$a$141 [3] $memory$auto$proc_rom.cc:155:do_switch$3$rdmux[0][5][1]$a$141 [3] $memory$auto$proc_rom.cc:155:do_switch$3$rdmux[0][5][1]$a$141 [3] 2'00 }
    Consolidated identical input bits for $mux cell $memory$auto$proc_rom.cc:155:do_switch$3$rdmux[0][6][1]$236:
      Old ports: A=942127241, B=996559317, Y=$memory$auto$proc_rom.cc:155:do_switch$3$rdmux[0][5][0]$b$139
      New ports: A=2'10, B=2'01, Y=$memory$auto$proc_rom.cc:155:do_switch$3$rdmux[0][5][0]$b$139 [3:2]
      New connections: { $memory$auto$proc_rom.cc:155:do_switch$3$rdmux[0][5][0]$b$139 [31:4] $memory$auto$proc_rom.cc:155:do_switch$3$rdmux[0][5][0]$b$139 [1:0] } = { 6'001110 $memory$auto$proc_rom.cc:155:do_switch$3$rdmux[0][5][0]$b$139 [2] $memory$auto$proc_rom.cc:155:do_switch$3$rdmux[0][5][0]$b$139 [2] 1'0 $memory$auto$proc_rom.cc:155:do_switch$3$rdmux[0][5][0]$b$139 [2] 5'10011 $memory$auto$proc_rom.cc:155:do_switch$3$rdmux[0][5][0]$b$139 [3] $memory$auto$proc_rom.cc:155:do_switch$3$rdmux[0][5][0]$b$139 [3:2] $memory$auto$proc_rom.cc:155:do_switch$3$rdmux[0][5][0]$b$139 [3] $memory$auto$proc_rom.cc:155:do_switch$3$rdmux[0][5][0]$b$139 [3] 3'100 $memory$auto$proc_rom.cc:155:do_switch$3$rdmux[0][5][0]$b$139 [2] 1'1 $memory$auto$proc_rom.cc:155:do_switch$3$rdmux[0][5][0]$b$139 [2] 1'0 $memory$auto$proc_rom.cc:155:do_switch$3$rdmux[0][5][0]$b$139 [2] 2'01 }
    Consolidated identical input bits for $mux cell $memory$auto$proc_rom.cc:155:do_switch$3$rdmux[0][6][0]$233:
      Old ports: A=1487061989, B=32'11101010101100111000110010101011, Y=$memory$auto$proc_rom.cc:155:do_switch$3$rdmux[0][5][0]$a$138
      New ports: A=2'10, B=2'01, Y=$memory$auto$proc_rom.cc:155:do_switch$3$rdmux[0][5][0]$a$138 [2:1]
      New connections: { $memory$auto$proc_rom.cc:155:do_switch$3$rdmux[0][5][0]$a$138 [31:3] $memory$auto$proc_rom.cc:155:do_switch$3$rdmux[0][5][0]$a$138 [0] } = { $memory$auto$proc_rom.cc:155:do_switch$3$rdmux[0][5][0]$a$138 [1] 1'1 $memory$auto$proc_rom.cc:155:do_switch$3$rdmux[0][5][0]$a$138 [1] $memory$auto$proc_rom.cc:155:do_switch$3$rdmux[0][5][0]$a$138 [2] 2'10 $memory$auto$proc_rom.cc:155:do_switch$3$rdmux[0][5][0]$a$138 [1] 4'0101 $memory$auto$proc_rom.cc:155:do_switch$3$rdmux[0][5][0]$a$138 [1] 3'001 $memory$auto$proc_rom.cc:155:do_switch$3$rdmux[0][5][0]$a$138 [1] 1'1 $memory$auto$proc_rom.cc:155:do_switch$3$rdmux[0][5][0]$a$138 [2] 2'00 $memory$auto$proc_rom.cc:155:do_switch$3$rdmux[0][5][0]$a$138 [1] $memory$auto$proc_rom.cc:155:do_switch$3$rdmux[0][5][0]$a$138 [1] $memory$auto$proc_rom.cc:155:do_switch$3$rdmux[0][5][0]$a$138 [2] $memory$auto$proc_rom.cc:155:do_switch$3$rdmux[0][5][0]$a$138 [2] 1'1 $memory$auto$proc_rom.cc:155:do_switch$3$rdmux[0][5][0]$a$138 [2] 2'10 $memory$auto$proc_rom.cc:155:do_switch$3$rdmux[0][5][0]$a$138 [1] 1'1 }
    Consolidated identical input bits for $mux cell $memory$auto$proc_rom.cc:155:do_switch$3$rdmux[0][6][63]$422:
      Old ports: A=32'11101101011110001100101111000100, B=32'11110110111011110011100100101110, Y=$memory$auto$proc_rom.cc:155:do_switch$3$rdmux[0][5][31]$b$232
      New ports: A=2'10, B=2'01, Y={ $memory$auto$proc_rom.cc:155:do_switch$3$rdmux[0][5][31]$b$232 [6] $memory$auto$proc_rom.cc:155:do_switch$3$rdmux[0][5][31]$b$232 [1] }
      New connections: { $memory$auto$proc_rom.cc:155:do_switch$3$rdmux[0][5][31]$b$232 [31:7] $memory$auto$proc_rom.cc:155:do_switch$3$rdmux[0][5][31]$b$232 [5:2] $memory$auto$proc_rom.cc:155:do_switch$3$rdmux[0][5][31]$b$232 [0] } = { 3'111 $memory$auto$proc_rom.cc:155:do_switch$3$rdmux[0][5][31]$b$232 [1] $memory$auto$proc_rom.cc:155:do_switch$3$rdmux[0][5][31]$b$232 [6] 1'1 $memory$auto$proc_rom.cc:155:do_switch$3$rdmux[0][5][31]$b$232 [1] $memory$auto$proc_rom.cc:155:do_switch$3$rdmux[0][5][31]$b$232 [6] $memory$auto$proc_rom.cc:155:do_switch$3$rdmux[0][5][31]$b$232 [1] 2'11 $memory$auto$proc_rom.cc:155:do_switch$3$rdmux[0][5][31]$b$232 [6] 1'1 $memory$auto$proc_rom.cc:155:do_switch$3$rdmux[0][5][31]$b$232 [1] $memory$auto$proc_rom.cc:155:do_switch$3$rdmux[0][5][31]$b$232 [1] $memory$auto$proc_rom.cc:155:do_switch$3$rdmux[0][5][31]$b$232 [1] $memory$auto$proc_rom.cc:155:do_switch$3$rdmux[0][5][31]$b$232 [6] $memory$auto$proc_rom.cc:155:do_switch$3$rdmux[0][5][31]$b$232 [6] $memory$auto$proc_rom.cc:155:do_switch$3$rdmux[0][5][31]$b$232 [1] $memory$auto$proc_rom.cc:155:do_switch$3$rdmux[0][5][31]$b$232 [1] 2'10 $memory$auto$proc_rom.cc:155:do_switch$3$rdmux[0][5][31]$b$232 [6] 1'1 $memory$auto$proc_rom.cc:155:do_switch$3$rdmux[0][5][31]$b$232 [6] $memory$auto$proc_rom.cc:155:do_switch$3$rdmux[0][5][31]$b$232 [1] 1'0 $memory$auto$proc_rom.cc:155:do_switch$3$rdmux[0][5][31]$b$232 [1] 2'10 }
  Optimizing cells in module \sweep_128x32_portable.
    Consolidated identical input bits for $mux cell $memory$auto$proc_rom.cc:155:do_switch$3$rdmux[0][5][31]$230:
      Old ports: A=$memory$auto$proc_rom.cc:155:do_switch$3$rdmux[0][5][31]$a$231, B=$memory$auto$proc_rom.cc:155:do_switch$3$rdmux[0][5][31]$b$232, Y=$memory$auto$proc_rom.cc:155:do_switch$3$rdmux[0][4][15]$b$136
      New ports: A={ 1'0 $memory$auto$proc_rom.cc:155:do_switch$3$rdmux[0][5][31]$a$231 [8] 1'0 $memory$auto$proc_rom.cc:155:do_switch$3$rdmux[0][5][31]$a$231 [1] $memory$auto$proc_rom.cc:155:do_switch$3$rdmux[0][5][31]$a$231 [8] $memory$auto$proc_rom.cc:155:do_switch$3$rdmux[0][5][31]$a$231 [1] 4'1110 $memory$auto$proc_rom.cc:155:do_switch$3$rdmux[0][5][31]$a$231 [1] $memory$auto$proc_rom.cc:155:do_switch$3$rdmux[0][5][31]$a$231 [1] }, B={ $memory$auto$proc_rom.cc:155:do_switch$3$rdmux[0][5][31]$b$232 [6] $memory$auto$proc_rom.cc:155:do_switch$3$rdmux[0][5][31]$b$232 [6] 3'101 $memory$auto$proc_rom.cc:155:do_switch$3$rdmux[0][5][31]$b$232 [6] $memory$auto$proc_rom.cc:155:do_switch$3$rdmux[0][5][31]$b$232 [6] $memory$auto$proc_rom.cc:155:do_switch$3$rdmux[0][5][31]$b$232 [1] 1'0 $memory$auto$proc_rom.cc:155:do_switch$3$rdmux[0][5][31]$b$232 [1] 1'1 $memory$auto$proc_rom.cc:155:do_switch$3$rdmux[0][5][31]$b$232 [1] }, Y={ $memory$auto$proc_rom.cc:155:do_switch$3$rdmux[0][4][15]$b$136 [27] $memory$auto$proc_rom.cc:155:do_switch$3$rdmux[0][4][15]$b$136 [15] $memory$auto$proc_rom.cc:155:do_switch$3$rdmux[0][4][15]$b$136 [11:10] $memory$auto$proc_rom.cc:155:do_switch$3$rdmux[0][4][15]$b$136 [8:1] }
      New connections: { $memory$auto$proc_rom.cc:155:do_switch$3$rdmux[0][4][15]$b$136 [31:28] $memory$auto$proc_rom.cc:155:do_switch$3$rdmux[0][4][15]$b$136 [26:16] $memory$auto$proc_rom.cc:155:do_switch$3$rdmux[0][4][15]$b$136 [14:12] $memory$auto$proc_rom.cc:155:do_switch$3$rdmux[0][4][15]$b$136 [9] $memory$auto$proc_rom.cc:155:do_switch$3$rdmux[0][4][15]$b$136 [0] } = { $memory$auto$proc_rom.cc:155:do_switch$3$rdmux[0][4][15]$b$136 [8] 1'1 $memory$auto$proc_rom.cc:155:do_switch$3$rdmux[0][4][15]$b$136 [11] $memory$auto$proc_rom.cc:155:do_switch$3$rdmux[0][4][15]$b$136 [1] 1'1 $memory$auto$proc_rom.cc:155:do_switch$3$rdmux[0][4][15]$b$136 [5] $memory$auto$proc_rom.cc:155:do_switch$3$rdmux[0][4][15]$b$136 [6] $memory$auto$proc_rom.cc:155:do_switch$3$rdmux[0][4][15]$b$136 [1] $memory$auto$proc_rom.cc:155:do_switch$3$rdmux[0][4][15]$b$136 [2] $memory$auto$proc_rom.cc:155:do_switch$3$rdmux[0][4][15]$b$136 [8:7] $memory$auto$proc_rom.cc:155:do_switch$3$rdmux[0][4][15]$b$136 [2] $memory$auto$proc_rom.cc:155:do_switch$3$rdmux[0][4][15]$b$136 [3] $memory$auto$proc_rom.cc:155:do_switch$3$rdmux[0][4][15]$b$136 [3] $memory$auto$proc_rom.cc:155:do_switch$3$rdmux[0][4][15]$b$136 [5] $memory$auto$proc_rom.cc:155:do_switch$3$rdmux[0][4][15]$b$136 [7] $memory$auto$proc_rom.cc:155:do_switch$3$rdmux[0][4][15]$b$136 [1] $memory$auto$proc_rom.cc:155:do_switch$3$rdmux[0][4][15]$b$136 [3] $memory$auto$proc_rom.cc:155:do_switch$3$rdmux[0][4][15]$b$136 [6] 1'0 }
    Consolidated identical input bits for $mux cell $memory$auto$proc_rom.cc:155:do_switch$3$rdmux[0][5][30]$227:
      Old ports: A=$memory$auto$proc_rom.cc:155:do_switch$3$rdmux[0][5][30]$a$228, B=$memory$auto$proc_rom.cc:155:do_switch$3$rdmux[0][5][30]$b$229, Y=$memory$auto$proc_rom.cc:155:do_switch$3$rdmux[0][4][15]$a$135
      New ports: A={ $memory$auto$proc_rom.cc:155:do_switch$3$rdmux[0][5][30]$a$228 [6] 2'01 $memory$auto$proc_rom.cc:155:do_switch$3$rdmux[0][5][30]$a$228 [0] $memory$auto$proc_rom.cc:155:do_switch$3$rdmux[0][5][30]$a$228 [6] 1'0 $memory$auto$proc_rom.cc:155:do_switch$3$rdmux[0][5][30]$a$228 [6] $memory$auto$proc_rom.cc:155:do_switch$3$rdmux[0][5][30]$a$228 [6] $memory$auto$proc_rom.cc:155:do_switch$3$rdmux[0][5][30]$a$228 [0] $memory$auto$proc_rom.cc:155:do_switch$3$rdmux[0][5][30]$a$228 [0] 1'0 $memory$auto$proc_rom.cc:155:do_switch$3$rdmux[0][5][30]$a$228 [0] }, B={ $memory$auto$proc_rom.cc:155:do_switch$3$rdmux[0][5][30]$b$229 [2] $memory$auto$proc_rom.cc:155:do_switch$3$rdmux[0][5][30]$b$229 [2:1] 3'111 $memory$auto$proc_rom.cc:155:do_switch$3$rdmux[0][5][30]$b$229 [1] 1'0 $memory$auto$proc_rom.cc:155:do_switch$3$rdmux[0][5][30]$b$229 [1] $memory$auto$proc_rom.cc:155:do_switch$3$rdmux[0][5][30]$b$229 [2:1] 1'0 }, Y={ $memory$auto$proc_rom.cc:155:do_switch$3$rdmux[0][4][15]$a$135 [24] $memory$auto$proc_rom.cc:155:do_switch$3$rdmux[0][4][15]$a$135 [15:13] $memory$auto$proc_rom.cc:155:do_switch$3$rdmux[0][4][15]$a$135 [11:10] $memory$auto$proc_rom.cc:155:do_switch$3$rdmux[0][4][15]$a$135 [8] $memory$auto$proc_rom.cc:155:do_switch$3$rdmux[0][4][15]$a$135 [6] $memory$auto$proc_rom.cc:155:do_switch$3$rdmux[0][4][15]$a$135 [4] $memory$auto$proc_rom.cc:155:do_switch$3$rdmux[0][4][15]$a$135 [2:0] }
      New connections: { $memory$auto$proc_rom.cc:155:do_switch$3$rdmux[0][4][15]$a$135 [31:25] $memory$auto$proc_rom.cc:155:do_switch$3$rdmux[0][4][15]$a$135 [23:16] $memory$auto$proc_rom.cc:155:do_switch$3$rdmux[0][4][15]$a$135 [12] $memory$auto$proc_rom.cc:155:do_switch$3$rdmux[0][4][15]$a$135 [9] $memory$auto$proc_rom.cc:155:do_switch$3$rdmux[0][4][15]$a$135 [7] $memory$auto$proc_rom.cc:155:do_switch$3$rdmux[0][4][15]$a$135 [5] $memory$auto$proc_rom.cc:155:do_switch$3$rdmux[0][4][15]$a$135 [3] } = { $memory$auto$proc_rom.cc:155:do_switch$3$rdmux[0][4][15]$a$135 [11] $memory$auto$proc_rom.cc:155:do_switch$3$rdmux[0][4][15]$a$135 [6] $memory$auto$proc_rom.cc:155:do_switch$3$rdmux[0][4][15]$a$135 [14] $memory$auto$proc_rom.cc:155:do_switch$3$rdmux[0][4][15]$a$135 [6] $memory$auto$proc_rom.cc:155:do_switch$3$rdmux[0][4][15]$a$135 [0] $memory$auto$proc_rom.cc:155:do_switch$3$rdmux[0][4][15]$a$135 [10] $memory$auto$proc_rom.cc:155:do_switch$3$rdmux[0][4][15]$a$135 [13] $memory$auto$proc_rom.cc:155:do_switch$3$rdmux[0][4][15]$a$135 [6] $memory$auto$proc_rom.cc:155:do_switch$3$rdmux[0][4][15]$a$135 [6] $memory$auto$proc_rom.cc:155:do_switch$3$rdmux[0][4][15]$a$135 [13] $memory$auto$proc_rom.cc:155:do_switch$3$rdmux[0][4][15]$a$135 [11:10] $memory$auto$proc_rom.cc:155:do_switch$3$rdmux[0][4][15]$a$135 [14] $memory$auto$proc_rom.cc:155:do_switch$3$rdmux[0][4][15]$a$135 [8] 1'1 $memory$auto$proc_rom.cc:155:do_switch$3$rdmux[0][4][15]$a$135 [1:0] $memory$auto$proc_rom.cc:155:do_switch$3$rdmux[0][4][15]$a$135 [4] 1'1 $memory$auto$proc_rom.cc:155:do_switch$3$rdmux[0][4][15]$a$135 [2] }
    Consolidated identical input bits for $mux cell $memory$auto$proc_rom.cc:155:do_switch$3$rdmux[0][5][29]$224:
      Old ports: A=$memory$auto$proc_rom.cc:155:do_switch$3$rdmux[0][5][29]$a$225, B=$memory$auto$proc_rom.cc:155:do_switch$3$rdmux[0][5][29]$b$226, Y=$memory$auto$proc_rom.cc:155:do_switch$3$rdmux[0][4][14]$b$133
      New ports: A={ 1'1 $memory$auto$proc_rom.cc:155:do_switch$3$rdmux[0][5][29]$a$225 [2] 1'0 $memory$auto$proc_rom.cc:155:do_switch$3$rdmux[0][5][29]$a$225 [2] $memory$auto$proc_rom.cc:155:do_switch$3$rdmux[0][5][29]$a$225 [4] $memory$auto$proc_rom.cc:155:do_switch$3$rdmux[0][5][29]$a$225 [2] $memory$auto$proc_rom.cc:155:do_switch$3$rdmux[0][5][29]$a$225 [4] $memory$auto$proc_rom.cc:155:do_switch$3$rdmux[0][5][29]$a$225 [4] 3'110 $memory$auto$proc_rom.cc:155:do_switch$3$rdmux[0][5][29]$a$225 [4] $memory$auto$proc_rom.cc:155:do_switch$3$rdmux[0][5][29]$a$225 [2] 1'0 }, B={ $memory$auto$proc_rom.cc:155:do_switch$3$rdmux[0][5][29]$b$226 [2:1] $memory$auto$proc_rom.cc:155:do_switch$3$rdmux[0][5][29]$b$226 [2] 3'001 $memory$auto$proc_rom.cc:155:do_switch$3$rdmux[0][5][29]$b$226 [1] $memory$auto$proc_rom.cc:155:do_switch$3$rdmux[0][5][29]$b$226 [2:1] 3'011 $memory$auto$proc_rom.cc:155:do_switch$3$rdmux[0][5][29]$b$226 [2:1] }, Y={ $memory$auto$proc_rom.cc:155:do_switch$3$rdmux[0][4][14]$b$133 [29] $memory$auto$proc_rom.cc:155:do_switch$3$rdmux[0][4][14]$b$133 [26] $memory$auto$proc_rom.cc:155:do_switch$3$rdmux[0][4][14]$b$133 [22] $memory$auto$proc_rom.cc:155:do_switch$3$rdmux[0][4][14]$b$133 [20] $memory$auto$proc_rom.cc:155:do_switch$3$rdmux[0][4][14]$b$133 [14:13] $memory$auto$proc_rom.cc:155:do_switch$3$rdmux[0][4][14]$b$133 [11] $memory$auto$proc_rom.cc:155:do_switch$3$rdmux[0][4][14]$b$133 [9] $memory$auto$proc_rom.cc:155:do_switch$3$rdmux[0][4][14]$b$133 [7:4] $memory$auto$proc_rom.cc:155:do_switch$3$rdmux[0][4][14]$b$133 [2:1] }
      New connections: { $memory$auto$proc_rom.cc:155:do_switch$3$rdmux[0][4][14]$b$133 [31:30] $memory$auto$proc_rom.cc:155:do_switch$3$rdmux[0][4][14]$b$133 [28:27] $memory$auto$proc_rom.cc:155:do_switch$3$rdmux[0][4][14]$b$133 [25:23] $memory$auto$proc_rom.cc:155:do_switch$3$rdmux[0][4][14]$b$133 [21] $memory$auto$proc_rom.cc:155:do_switch$3$rdmux[0][4][14]$b$133 [19:15] $memory$auto$proc_rom.cc:155:do_switch$3$rdmux[0][4][14]$b$133 [12] $memory$auto$proc_rom.cc:155:do_switch$3$rdmux[0][4][14]$b$133 [10] $memory$auto$proc_rom.cc:155:do_switch$3$rdmux[0][4][14]$b$133 [8] $memory$auto$proc_rom.cc:155:do_switch$3$rdmux[0][4][14]$b$133 [3] $memory$auto$proc_rom.cc:155:do_switch$3$rdmux[0][4][14]$b$133 [0] } = { $memory$auto$proc_rom.cc:155:do_switch$3$rdmux[0][4][14]$b$133 [20] $memory$auto$proc_rom.cc:155:do_switch$3$rdmux[0][4][14]$b$133 [20] $memory$auto$proc_rom.cc:155:do_switch$3$rdmux[0][4][14]$b$133 [6] $memory$auto$proc_rom.cc:155:do_switch$3$rdmux[0][4][14]$b$133 [26] $memory$auto$proc_rom.cc:155:do_switch$3$rdmux[0][4][14]$b$133 [20] $memory$auto$proc_rom.cc:155:do_switch$3$rdmux[0][4][14]$b$133 [14] $memory$auto$proc_rom.cc:155:do_switch$3$rdmux[0][4][14]$b$133 [2] $memory$auto$proc_rom.cc:155:do_switch$3$rdmux[0][4][14]$b$133 [2] 1'1 $memory$auto$proc_rom.cc:155:do_switch$3$rdmux[0][4][14]$b$133 [7:6] $memory$auto$proc_rom.cc:155:do_switch$3$rdmux[0][4][14]$b$133 [13] $memory$auto$proc_rom.cc:155:do_switch$3$rdmux[0][4][14]$b$133 [1] $memory$auto$proc_rom.cc:155:do_switch$3$rdmux[0][4][14]$b$133 [2] $memory$auto$proc_rom.cc:155:do_switch$3$rdmux[0][4][14]$b$133 [2] $memory$auto$proc_rom.cc:155:do_switch$3$rdmux[0][4][14]$b$133 [7] 2'11 }
    Consolidated identical input bits for $mux cell $memory$auto$proc_rom.cc:155:do_switch$3$rdmux[0][5][28]$221:
      Old ports: A=$memory$auto$proc_rom.cc:155:do_switch$3$rdmux[0][5][28]$a$222, B=$memory$auto$proc_rom.cc:155:do_switch$3$rdmux[0][5][28]$b$223, Y=$memory$auto$proc_rom.cc:155:do_switch$3$rdmux[0][4][14]$a$132
      New ports: A={ $memory$auto$proc_rom.cc:155:do_switch$3$rdmux[0][5][28]$a$222 [1:0] 1'1 $memory$auto$proc_rom.cc:155:do_switch$3$rdmux[0][5][28]$a$222 [0] 2'10 $memory$auto$proc_rom.cc:155:do_switch$3$rdmux[0][5][28]$a$222 [1] 1'0 $memory$auto$proc_rom.cc:155:do_switch$3$rdmux[0][5][28]$a$222 [0] $memory$auto$proc_rom.cc:155:do_switch$3$rdmux[0][5][28]$a$222 [1:0] }, B={ 2'01 $memory$auto$proc_rom.cc:155:do_switch$3$rdmux[0][5][28]$b$223 [2:1] 1'0 $memory$auto$proc_rom.cc:155:do_switch$3$rdmux[0][5][28]$b$223 [2] 2'11 $memory$auto$proc_rom.cc:155:do_switch$3$rdmux[0][5][28]$b$223 [2:1] 1'0 }, Y={ $memory$auto$proc_rom.cc:155:do_switch$3$rdmux[0][4][14]$a$132 [20] $memory$auto$proc_rom.cc:155:do_switch$3$rdmux[0][4][14]$a$132 [14:13] $memory$auto$proc_rom.cc:155:do_switch$3$rdmux[0][4][14]$a$132 [9] $memory$auto$proc_rom.cc:155:do_switch$3$rdmux[0][4][14]$a$132 [7:5] $memory$auto$proc_rom.cc:155:do_switch$3$rdmux[0][4][14]$a$132 [3:0] }
      New connections: { $memory$auto$proc_rom.cc:155:do_switch$3$rdmux[0][4][14]$a$132 [31:21] $memory$auto$proc_rom.cc:155:do_switch$3$rdmux[0][4][14]$a$132 [19:15] $memory$auto$proc_rom.cc:155:do_switch$3$rdmux[0][4][14]$a$132 [12:10] $memory$auto$proc_rom.cc:155:do_switch$3$rdmux[0][4][14]$a$132 [8] $memory$auto$proc_rom.cc:155:do_switch$3$rdmux[0][4][14]$a$132 [4] } = { $memory$auto$proc_rom.cc:155:do_switch$3$rdmux[0][4][14]$a$132 [3] $memory$auto$proc_rom.cc:155:do_switch$3$rdmux[0][4][14]$a$132 [6] $memory$auto$proc_rom.cc:155:do_switch$3$rdmux[0][4][14]$a$132 [20] $memory$auto$proc_rom.cc:155:do_switch$3$rdmux[0][4][14]$a$132 [13] $memory$auto$proc_rom.cc:155:do_switch$3$rdmux[0][4][14]$a$132 [13] 2'10 $memory$auto$proc_rom.cc:155:do_switch$3$rdmux[0][4][14]$a$132 [2] 1'0 $memory$auto$proc_rom.cc:155:do_switch$3$rdmux[0][4][14]$a$132 [1] $memory$auto$proc_rom.cc:155:do_switch$3$rdmux[0][4][14]$a$132 [9] 1'1 $memory$auto$proc_rom.cc:155:do_switch$3$rdmux[0][4][14]$a$132 [2:1] 1'0 $memory$auto$proc_rom.cc:155:do_switch$3$rdmux[0][4][14]$a$132 [14] 1'1 $memory$auto$proc_rom.cc:155:do_switch$3$rdmux[0][4][14]$a$132 [9] $memory$auto$proc_rom.cc:155:do_switch$3$rdmux[0][4][14]$a$132 [7:6] $memory$auto$proc_rom.cc:155:do_switch$3$rdmux[0][4][14]$a$132 [1] }
    Consolidated identical input bits for $mux cell $memory$auto$proc_rom.cc:155:do_switch$3$rdmux[0][5][27]$218:
      Old ports: A=$memory$auto$proc_rom.cc:155:do_switch$3$rdmux[0][5][27]$a$219, B=$memory$auto$proc_rom.cc:155:do_switch$3$rdmux[0][5][27]$b$220, Y=$memory$auto$proc_rom.cc:155:do_switch$3$rdmux[0][4][13]$b$130
      New ports: A={ $memory$auto$proc_rom.cc:155:do_switch$3$rdmux[0][5][27]$a$219 [8] 1'0 $memory$auto$proc_rom.cc:155:do_switch$3$rdmux[0][5][27]$a$219 [8] 2'11 $memory$auto$proc_rom.cc:155:do_switch$3$rdmux[0][5][27]$a$219 [3] $memory$auto$proc_rom.cc:155:do_switch$3$rdmux[0][5][27]$a$219 [8] 1'0 $memory$auto$proc_rom.cc:155:do_switch$3$rdmux[0][5][27]$a$219 [3] 1'1 $memory$auto$proc_rom.cc:155:do_switch$3$rdmux[0][5][27]$a$219 [3] $memory$auto$proc_rom.cc:155:do_switch$3$rdmux[0][5][27]$a$219 [3] 1'0 }, B={ 1'0 $memory$auto$proc_rom.cc:155:do_switch$3$rdmux[0][5][27]$b$220 [5] $memory$auto$proc_rom.cc:155:do_switch$3$rdmux[0][5][27]$b$220 [6] $memory$auto$proc_rom.cc:155:do_switch$3$rdmux[0][5][27]$b$220 [6] 1'0 $memory$auto$proc_rom.cc:155:do_switch$3$rdmux[0][5][27]$b$220 [5] $memory$auto$proc_rom.cc:155:do_switch$3$rdmux[0][5][27]$b$220 [5] $memory$auto$proc_rom.cc:155:do_switch$3$rdmux[0][5][27]$b$220 [6] $memory$auto$proc_rom.cc:155:do_switch$3$rdmux[0][5][27]$b$220 [6:5] 3'011 }, Y={ $memory$auto$proc_rom.cc:155:do_switch$3$rdmux[0][4][13]$b$130 [30] $memory$auto$proc_rom.cc:155:do_switch$3$rdmux[0][4][13]$b$130 [24] $memory$auto$proc_rom.cc:155:do_switch$3$rdmux[0][4][13]$b$130 [19] $memory$auto$proc_rom.cc:155:do_switch$3$rdmux[0][4][13]$b$130 [16] $memory$auto$proc_rom.cc:155:do_switch$3$rdmux[0][4][13]$b$130 [11:10] $memory$auto$proc_rom.cc:155:do_switch$3$rdmux[0][4][13]$b$130 [8:3] $memory$auto$proc_rom.cc:155:do_switch$3$rdmux[0][4][13]$b$130 [0] }
      New connections: { $memory$auto$proc_rom.cc:155:do_switch$3$rdmux[0][4][13]$b$130 [31] $memory$auto$proc_rom.cc:155:do_switch$3$rdmux[0][4][13]$b$130 [29:25] $memory$auto$proc_rom.cc:155:do_switch$3$rdmux[0][4][13]$b$130 [23:20] $memory$auto$proc_rom.cc:155:do_switch$3$rdmux[0][4][13]$b$130 [18:17] $memory$auto$proc_rom.cc:155:do_switch$3$rdmux[0][4][13]$b$130 [15:12] $memory$auto$proc_rom.cc:155:do_switch$3$rdmux[0][4][13]$b$130 [9] $memory$auto$proc_rom.cc:155:do_switch$3$rdmux[0][4][13]$b$130 [2:1] } = { $memory$auto$proc_rom.cc:155:do_switch$3$rdmux[0][4][13]$b$130 [11] 3'111 $memory$auto$proc_rom.cc:155:do_switch$3$rdmux[0][4][13]$b$130 [24] $memory$auto$proc_rom.cc:155:do_switch$3$rdmux[0][4][13]$b$130 [3] $memory$auto$proc_rom.cc:155:do_switch$3$rdmux[0][4][13]$b$130 [19] $memory$auto$proc_rom.cc:155:do_switch$3$rdmux[0][4][13]$b$130 [5] $memory$auto$proc_rom.cc:155:do_switch$3$rdmux[0][4][13]$b$130 [16] $memory$auto$proc_rom.cc:155:do_switch$3$rdmux[0][4][13]$b$130 [3] $memory$auto$proc_rom.cc:155:do_switch$3$rdmux[0][4][13]$b$130 [16] 1'0 $memory$auto$proc_rom.cc:155:do_switch$3$rdmux[0][4][13]$b$130 [3] $memory$auto$proc_rom.cc:155:do_switch$3$rdmux[0][4][13]$b$130 [4] $memory$auto$proc_rom.cc:155:do_switch$3$rdmux[0][4][13]$b$130 [10] $memory$auto$proc_rom.cc:155:do_switch$3$rdmux[0][4][13]$b$130 [4] $memory$auto$proc_rom.cc:155:do_switch$3$rdmux[0][4][13]$b$130 [6] 2'00 }
    Consolidated identical input bits for $mux cell $memory$auto$proc_rom.cc:155:do_switch$3$rdmux[0][5][26]$215:
      Old ports: A=$memory$auto$proc_rom.cc:155:do_switch$3$rdmux[0][5][26]$a$216, B=$memory$auto$proc_rom.cc:155:do_switch$3$rdmux[0][5][26]$b$217, Y=$memory$auto$proc_rom.cc:155:do_switch$3$rdmux[0][4][13]$a$129
      New ports: A={ $memory$auto$proc_rom.cc:155:do_switch$3$rdmux[0][5][26]$a$216 [4] 1'1 $memory$auto$proc_rom.cc:155:do_switch$3$rdmux[0][5][26]$a$216 [4] 2'10 $memory$auto$proc_rom.cc:155:do_switch$3$rdmux[0][5][26]$a$216 [2] $memory$auto$proc_rom.cc:155:do_switch$3$rdmux[0][5][26]$a$216 [2] $memory$auto$proc_rom.cc:155:do_switch$3$rdmux[0][5][26]$a$216 [4] $memory$auto$proc_rom.cc:155:do_switch$3$rdmux[0][5][26]$a$216 [4] $memory$auto$proc_rom.cc:155:do_switch$3$rdmux[0][5][26]$a$216 [2] $memory$auto$proc_rom.cc:155:do_switch$3$rdmux[0][5][26]$a$216 [2] 2'01 }, B={ 1'1 $memory$auto$proc_rom.cc:155:do_switch$3$rdmux[0][5][26]$b$217 [5] $memory$auto$proc_rom.cc:155:do_switch$3$rdmux[0][5][26]$b$217 [12] $memory$auto$proc_rom.cc:155:do_switch$3$rdmux[0][5][26]$b$217 [12] $memory$auto$proc_rom.cc:155:do_switch$3$rdmux[0][5][26]$b$217 [12] $memory$auto$proc_rom.cc:155:do_switch$3$rdmux[0][5][26]$b$217 [12] $memory$auto$proc_rom.cc:155:do_switch$3$rdmux[0][5][26]$b$217 [5] $memory$auto$proc_rom.cc:155:do_switch$3$rdmux[0][5][26]$b$217 [5] 5'01010 }, Y={ $memory$auto$proc_rom.cc:155:do_switch$3$rdmux[0][4][13]$a$129 [19:16] $memory$auto$proc_rom.cc:155:do_switch$3$rdmux[0][4][13]$a$129 [13:12] $memory$auto$proc_rom.cc:155:do_switch$3$rdmux[0][4][13]$a$129 [9] $memory$auto$proc_rom.cc:155:do_switch$3$rdmux[0][4][13]$a$129 [5:0] }
      New connections: { $memory$auto$proc_rom.cc:155:do_switch$3$rdmux[0][4][13]$a$129 [31:20] $memory$auto$proc_rom.cc:155:do_switch$3$rdmux[0][4][13]$a$129 [15:14] $memory$auto$proc_rom.cc:155:do_switch$3$rdmux[0][4][13]$a$129 [11:10] $memory$auto$proc_rom.cc:155:do_switch$3$rdmux[0][4][13]$a$129 [8:6] } = { $memory$auto$proc_rom.cc:155:do_switch$3$rdmux[0][4][13]$a$129 [16] $memory$auto$proc_rom.cc:155:do_switch$3$rdmux[0][4][13]$a$129 [0] $memory$auto$proc_rom.cc:155:do_switch$3$rdmux[0][4][13]$a$129 [1:0] $memory$auto$proc_rom.cc:155:do_switch$3$rdmux[0][4][13]$a$129 [5] $memory$auto$proc_rom.cc:155:do_switch$3$rdmux[0][4][13]$a$129 [1:0] 1'0 $memory$auto$proc_rom.cc:155:do_switch$3$rdmux[0][4][13]$a$129 [16] $memory$auto$proc_rom.cc:155:do_switch$3$rdmux[0][4][13]$a$129 [18] $memory$auto$proc_rom.cc:155:do_switch$3$rdmux[0][4][13]$a$129 [16] $memory$auto$proc_rom.cc:155:do_switch$3$rdmux[0][4][13]$a$129 [2] $memory$auto$proc_rom.cc:155:do_switch$3$rdmux[0][4][13]$a$129 [12] $memory$auto$proc_rom.cc:155:do_switch$3$rdmux[0][4][13]$a$129 [12] $memory$auto$proc_rom.cc:155:do_switch$3$rdmux[0][4][13]$a$129 [4] $memory$auto$proc_rom.cc:155:do_switch$3$rdmux[0][4][13]$a$129 [2] $memory$auto$proc_rom.cc:155:do_switch$3$rdmux[0][4][13]$a$129 [3] $memory$auto$proc_rom.cc:155:do_switch$3$rdmux[0][4][13]$a$129 [5:4] }
    Consolidated identical input bits for $mux cell $memory$auto$proc_rom.cc:155:do_switch$3$rdmux[0][5][25]$212:
      Old ports: A=$memory$auto$proc_rom.cc:155:do_switch$3$rdmux[0][5][25]$a$213, B=$memory$auto$proc_rom.cc:155:do_switch$3$rdmux[0][5][25]$b$214, Y=$memory$auto$proc_rom.cc:155:do_switch$3$rdmux[0][4][12]$b$127
      New ports: A={ 1'1 $memory$auto$proc_rom.cc:155:do_switch$3$rdmux[0][5][25]$a$213 [1] $memory$auto$proc_rom.cc:155:do_switch$3$rdmux[0][5][25]$a$213 [4] 1'1 $memory$auto$proc_rom.cc:155:do_switch$3$rdmux[0][5][25]$a$213 [4] 1'0 $memory$auto$proc_rom.cc:155:do_switch$3$rdmux[0][5][25]$a$213 [1] $memory$auto$proc_rom.cc:155:do_switch$3$rdmux[0][5][25]$a$213 [4] $memory$auto$proc_rom.cc:155:do_switch$3$rdmux[0][5][25]$a$213 [4] 1'0 $memory$auto$proc_rom.cc:155:do_switch$3$rdmux[0][5][25]$a$213 [1] 1'1 }, B={ $memory$auto$proc_rom.cc:155:do_switch$3$rdmux[0][5][25]$b$214 [5] $memory$auto$proc_rom.cc:155:do_switch$3$rdmux[0][5][25]$b$214 [0] 5'00111 $memory$auto$proc_rom.cc:155:do_switch$3$rdmux[0][5][25]$b$214 [5] $memory$auto$proc_rom.cc:155:do_switch$3$rdmux[0][5][25]$b$214 [0] $memory$auto$proc_rom.cc:155:do_switch$3$rdmux[0][5][25]$b$214 [0] 1'0 $memory$auto$proc_rom.cc:155:do_switch$3$rdmux[0][5][25]$b$214 [0] }, Y={ $memory$auto$proc_rom.cc:155:do_switch$3$rdmux[0][4][12]$b$127 [31] $memory$auto$proc_rom.cc:155:do_switch$3$rdmux[0][4][12]$b$127 [23] $memory$auto$proc_rom.cc:155:do_switch$3$rdmux[0][4][12]$b$127 [16] $memory$auto$proc_rom.cc:155:do_switch$3$rdmux[0][4][12]$b$127 [12:11] $memory$auto$proc_rom.cc:155:do_switch$3$rdmux[0][4][12]$b$127 [9] $memory$auto$proc_rom.cc:155:do_switch$3$rdmux[0][4][12]$b$127 [6:3] $memory$auto$proc_rom.cc:155:do_switch$3$rdmux[0][4][12]$b$127 [1:0] }
      New connections: { $memory$auto$proc_rom.cc:155:do_switch$3$rdmux[0][4][12]$b$127 [30:24] $memory$auto$proc_rom.cc:155:do_switch$3$rdmux[0][4][12]$b$127 [22:17] $memory$auto$proc_rom.cc:155:do_switch$3$rdmux[0][4][12]$b$127 [15:13] $memory$auto$proc_rom.cc:155:do_switch$3$rdmux[0][4][12]$b$127 [10] $memory$auto$proc_rom.cc:155:do_switch$3$rdmux[0][4][12]$b$127 [8:7] $memory$auto$proc_rom.cc:155:do_switch$3$rdmux[0][4][12]$b$127 [2] } = { $memory$auto$proc_rom.cc:155:do_switch$3$rdmux[0][4][12]$b$127 [23] $memory$auto$proc_rom.cc:155:do_switch$3$rdmux[0][4][12]$b$127 [0] $memory$auto$proc_rom.cc:155:do_switch$3$rdmux[0][4][12]$b$127 [12] $memory$auto$proc_rom.cc:155:do_switch$3$rdmux[0][4][12]$b$127 [16] $memory$auto$proc_rom.cc:155:do_switch$3$rdmux[0][4][12]$b$127 [4:3] $memory$auto$proc_rom.cc:155:do_switch$3$rdmux[0][4][12]$b$127 [0] $memory$auto$proc_rom.cc:155:do_switch$3$rdmux[0][4][12]$b$127 [4] $memory$auto$proc_rom.cc:155:do_switch$3$rdmux[0][4][12]$b$127 [16] $memory$auto$proc_rom.cc:155:do_switch$3$rdmux[0][4][12]$b$127 [9] $memory$auto$proc_rom.cc:155:do_switch$3$rdmux[0][4][12]$b$127 [3] 1'1 $memory$auto$proc_rom.cc:155:do_switch$3$rdmux[0][4][12]$b$127 [9] $memory$auto$proc_rom.cc:155:do_switch$3$rdmux[0][4][12]$b$127 [1] 1'0 $memory$auto$proc_rom.cc:155:do_switch$3$rdmux[0][4][12]$b$127 [5] $memory$auto$proc_rom.cc:155:do_switch$3$rdmux[0][4][12]$b$127 [5] $memory$auto$proc_rom.cc:155:do_switch$3$rdmux[0][4][12]$b$127 [3] $memory$auto$proc_rom.cc:155:do_switch$3$rdmux[0][4][12]$b$127 [0] $memory$auto$proc_rom.cc:155:do_switch$3$rdmux[0][4][12]$b$127 [1] }
    Consolidated identical input bits for $mux cell $memory$auto$proc_rom.cc:155:do_switch$3$rdmux[0][5][24]$209:
      Old ports: A=$memory$auto$proc_rom.cc:155:do_switch$3$rdmux[0][5][24]$a$210, B=$memory$auto$proc_rom.cc:155:do_switch$3$rdmux[0][5][24]$b$211, Y=$memory$auto$proc_rom.cc:155:do_switch$3$rdmux[0][4][12]$a$126
      New ports: A={ 1'1 $memory$auto$proc_rom.cc:155:do_switch$3$rdmux[0][5][24]$a$210 [0] 1'0 $memory$auto$proc_rom.cc:155:do_switch$3$rdmux[0][5][24]$a$210 [2] $memory$auto$proc_rom.cc:155:do_switch$3$rdmux[0][5][24]$a$210 [2] $memory$auto$proc_rom.cc:155:do_switch$3$rdmux[0][5][24]$a$210 [0] 2'01 $memory$auto$proc_rom.cc:155:do_switch$3$rdmux[0][5][24]$a$210 [2] $memory$auto$proc_rom.cc:155:do_switch$3$rdmux[0][5][24]$a$210 [0] $memory$auto$proc_rom.cc:155:do_switch$3$rdmux[0][5][24]$a$210 [0] }, B={ 1'0 $memory$auto$proc_rom.cc:155:do_switch$3$rdmux[0][5][24]$b$211 [2] 1'1 $memory$auto$proc_rom.cc:155:do_switch$3$rdmux[0][5][24]$b$211 [5] 1'0 $memory$auto$proc_rom.cc:155:do_switch$3$rdmux[0][5][24]$b$211 [5] $memory$auto$proc_rom.cc:155:do_switch$3$rdmux[0][5][24]$b$211 [5] $memory$auto$proc_rom.cc:155:do_switch$3$rdmux[0][5][24]$b$211 [2] $memory$auto$proc_rom.cc:155:do_switch$3$rdmux[0][5][24]$b$211 [2] 2'01 }, Y={ $memory$auto$proc_rom.cc:155:do_switch$3$rdmux[0][4][12]$a$126 [27] $memory$auto$proc_rom.cc:155:do_switch$3$rdmux[0][4][12]$a$126 [17:16] $memory$auto$proc_rom.cc:155:do_switch$3$rdmux[0][4][12]$a$126 [9] $memory$auto$proc_rom.cc:155:do_switch$3$rdmux[0][4][12]$a$126 [7:5] $memory$auto$proc_rom.cc:155:do_switch$3$rdmux[0][4][12]$a$126 [3:0] }
      New connections: { $memory$auto$proc_rom.cc:155:do_switch$3$rdmux[0][4][12]$a$126 [31:28] $memory$auto$proc_rom.cc:155:do_switch$3$rdmux[0][4][12]$a$126 [26:18] $memory$auto$proc_rom.cc:155:do_switch$3$rdmux[0][4][12]$a$126 [15:10] $memory$auto$proc_rom.cc:155:do_switch$3$rdmux[0][4][12]$a$126 [8] $memory$auto$proc_rom.cc:155:do_switch$3$rdmux[0][4][12]$a$126 [4] } = { $memory$auto$proc_rom.cc:155:do_switch$3$rdmux[0][4][12]$a$126 [27] $memory$auto$proc_rom.cc:155:do_switch$3$rdmux[0][4][12]$a$126 [3] $memory$auto$proc_rom.cc:155:do_switch$3$rdmux[0][4][12]$a$126 [17] $memory$auto$proc_rom.cc:155:do_switch$3$rdmux[0][4][12]$a$126 [3:2] $memory$auto$proc_rom.cc:155:do_switch$3$rdmux[0][4][12]$a$126 [17] 1'1 $memory$auto$proc_rom.cc:155:do_switch$3$rdmux[0][4][12]$a$126 [0] 1'1 $memory$auto$proc_rom.cc:155:do_switch$3$rdmux[0][4][12]$a$126 [0] 1'0 $memory$auto$proc_rom.cc:155:do_switch$3$rdmux[0][4][12]$a$126 [3] $memory$auto$proc_rom.cc:155:do_switch$3$rdmux[0][4][12]$a$126 [0] $memory$auto$proc_rom.cc:155:do_switch$3$rdmux[0][4][12]$a$126 [9] $memory$auto$proc_rom.cc:155:do_switch$3$rdmux[0][4][12]$a$126 [1] $memory$auto$proc_rom.cc:155:do_switch$3$rdmux[0][4][12]$a$126 [1] $memory$auto$proc_rom.cc:155:do_switch$3$rdmux[0][4][12]$a$126 [7] $memory$auto$proc_rom.cc:155:do_switch$3$rdmux[0][4][12]$a$126 [3] $memory$auto$proc_rom.cc:155:do_switch$3$rdmux[0][4][12]$a$126 [1] $memory$auto$proc_rom.cc:155:do_switch$3$rdmux[0][4][12]$a$126 [7] 1'0 }
    Consolidated identical input bits for $mux cell $memory$auto$proc_rom.cc:155:do_switch$3$rdmux[0][5][23]$206:
      Old ports: A=$memory$auto$proc_rom.cc:155:do_switch$3$rdmux[0][5][23]$a$207, B=$memory$auto$proc_rom.cc:155:do_switch$3$rdmux[0][5][23]$b$208, Y=$memory$auto$proc_rom.cc:155:do_switch$3$rdmux[0][4][11]$b$124
      New ports: A={ $memory$auto$proc_rom.cc:155:do_switch$3$rdmux[0][5][23]$a$207 [4] $memory$auto$proc_rom.cc:155:do_switch$3$rdmux[0][5][23]$a$207 [7] $memory$auto$proc_rom.cc:155:do_switch$3$rdmux[0][5][23]$a$207 [4] 1'1 $memory$auto$proc_rom.cc:155:do_switch$3$rdmux[0][5][23]$a$207 [7] $memory$auto$proc_rom.cc:155:do_switch$3$rdmux[0][5][23]$a$207 [4] 1'1 $memory$auto$proc_rom.cc:155:do_switch$3$rdmux[0][5][23]$a$207 [4] 3'001 }, B={ 1'0 $memory$auto$proc_rom.cc:155:do_switch$3$rdmux[0][5][23]$b$208 [3] 3'100 $memory$auto$proc_rom.cc:155:do_switch$3$rdmux[0][5][23]$b$208 [3] $memory$auto$proc_rom.cc:155:do_switch$3$rdmux[0][5][23]$b$208 [3] $memory$auto$proc_rom.cc:155:do_switch$3$rdmux[0][5][23]$b$208 [0] $memory$auto$proc_rom.cc:155:do_switch$3$rdmux[0][5][23]$b$208 [3] 1'1 $memory$auto$proc_rom.cc:155:do_switch$3$rdmux[0][5][23]$b$208 [0] }, Y={ $memory$auto$proc_rom.cc:155:do_switch$3$rdmux[0][4][11]$b$124 [24] $memory$auto$proc_rom.cc:155:do_switch$3$rdmux[0][4][11]$b$124 [21] $memory$auto$proc_rom.cc:155:do_switch$3$rdmux[0][4][11]$b$124 [12:11] $memory$auto$proc_rom.cc:155:do_switch$3$rdmux[0][4][11]$b$124 [7:2] $memory$auto$proc_rom.cc:155:do_switch$3$rdmux[0][4][11]$b$124 [0] }
      New connections: { $memory$auto$proc_rom.cc:155:do_switch$3$rdmux[0][4][11]$b$124 [31:25] $memory$auto$proc_rom.cc:155:do_switch$3$rdmux[0][4][11]$b$124 [23:22] $memory$auto$proc_rom.cc:155:do_switch$3$rdmux[0][4][11]$b$124 [20:13] $memory$auto$proc_rom.cc:155:do_switch$3$rdmux[0][4][11]$b$124 [10:8] $memory$auto$proc_rom.cc:155:do_switch$3$rdmux[0][4][11]$b$124 [1] } = { $memory$auto$proc_rom.cc:155:do_switch$3$rdmux[0][4][11]$b$124 [3] $memory$auto$proc_rom.cc:155:do_switch$3$rdmux[0][4][11]$b$124 [4] $memory$auto$proc_rom.cc:155:do_switch$3$rdmux[0][4][11]$b$124 [7] $memory$auto$proc_rom.cc:155:do_switch$3$rdmux[0][4][11]$b$124 [24] $memory$auto$proc_rom.cc:155:do_switch$3$rdmux[0][4][11]$b$124 [4] $memory$auto$proc_rom.cc:155:do_switch$3$rdmux[0][4][11]$b$124 [4] $memory$auto$proc_rom.cc:155:do_switch$3$rdmux[0][4][11]$b$124 [6] 1'0 $memory$auto$proc_rom.cc:155:do_switch$3$rdmux[0][4][11]$b$124 [6] $memory$auto$proc_rom.cc:155:do_switch$3$rdmux[0][4][11]$b$124 [11] 1'0 $memory$auto$proc_rom.cc:155:do_switch$3$rdmux[0][4][11]$b$124 [5] $memory$auto$proc_rom.cc:155:do_switch$3$rdmux[0][4][11]$b$124 [5] $memory$auto$proc_rom.cc:155:do_switch$3$rdmux[0][4][11]$b$124 [11] $memory$auto$proc_rom.cc:155:do_switch$3$rdmux[0][4][11]$b$124 [5] $memory$auto$proc_rom.cc:155:do_switch$3$rdmux[0][4][11]$b$124 [12] 1'1 $memory$auto$proc_rom.cc:155:do_switch$3$rdmux[0][4][11]$b$124 [0] $memory$auto$proc_rom.cc:155:do_switch$3$rdmux[0][4][11]$b$124 [5:4] $memory$auto$proc_rom.cc:155:do_switch$3$rdmux[0][4][11]$b$124 [0] }
    Consolidated identical input bits for $mux cell $memory$auto$proc_rom.cc:155:do_switch$3$rdmux[0][5][22]$203:
      Old ports: A=$memory$auto$proc_rom.cc:155:do_switch$3$rdmux[0][5][22]$a$204, B=$memory$auto$proc_rom.cc:155:do_switch$3$rdmux[0][5][22]$b$205, Y=$memory$auto$proc_rom.cc:155:do_switch$3$rdmux[0][4][11]$a$123
      New ports: A={ 1'1 $memory$auto$proc_rom.cc:155:do_switch$3$rdmux[0][5][22]$a$204 [0] 1'0 $memory$auto$proc_rom.cc:155:do_switch$3$rdmux[0][5][22]$a$204 [4] 3'100 $memory$auto$proc_rom.cc:155:do_switch$3$rdmux[0][5][22]$a$204 [4] $memory$auto$proc_rom.cc:155:do_switch$3$rdmux[0][5][22]$a$204 [4] $memory$auto$proc_rom.cc:155:do_switch$3$rdmux[0][5][22]$a$204 [0] 1'1 $memory$auto$proc_rom.cc:155:do_switch$3$rdmux[0][5][22]$a$204 [0] }, B={ 1'0 $memory$auto$proc_rom.cc:155:do_switch$3$rdmux[0][5][22]$b$205 [4] $memory$auto$proc_rom.cc:155:do_switch$3$rdmux[0][5][22]$b$205 [4] $memory$auto$proc_rom.cc:155:do_switch$3$rdmux[0][5][22]$b$205 [0] $memory$auto$proc_rom.cc:155:do_switch$3$rdmux[0][5][22]$b$205 [4] $memory$auto$proc_rom.cc:155:do_switch$3$rdmux[0][5][22]$b$205 [0] 2'10 $memory$auto$proc_rom.cc:155:do_switch$3$rdmux[0][5][22]$b$205 [4] 1'0 $memory$auto$proc_rom.cc:155:do_switch$3$rdmux[0][5][22]$b$205 [0] $memory$auto$proc_rom.cc:155:do_switch$3$rdmux[0][5][22]$b$205 [0] }, Y={ $memory$auto$proc_rom.cc:155:do_switch$3$rdmux[0][4][11]$a$123 [27] $memory$auto$proc_rom.cc:155:do_switch$3$rdmux[0][4][11]$a$123 [21:20] $memory$auto$proc_rom.cc:155:do_switch$3$rdmux[0][4][11]$a$123 [9:2] $memory$auto$proc_rom.cc:155:do_switch$3$rdmux[0][4][11]$a$123 [0] }
      New connections: { $memory$auto$proc_rom.cc:155:do_switch$3$rdmux[0][4][11]$a$123 [31:28] $memory$auto$proc_rom.cc:155:do_switch$3$rdmux[0][4][11]$a$123 [26:22] $memory$auto$proc_rom.cc:155:do_switch$3$rdmux[0][4][11]$a$123 [19:10] $memory$auto$proc_rom.cc:155:do_switch$3$rdmux[0][4][11]$a$123 [1] } = { $memory$auto$proc_rom.cc:155:do_switch$3$rdmux[0][4][11]$a$123 [2] 1'0 $memory$auto$proc_rom.cc:155:do_switch$3$rdmux[0][4][11]$a$123 [21] $memory$auto$proc_rom.cc:155:do_switch$3$rdmux[0][4][11]$a$123 [0] $memory$auto$proc_rom.cc:155:do_switch$3$rdmux[0][4][11]$a$123 [20] $memory$auto$proc_rom.cc:155:do_switch$3$rdmux[0][4][11]$a$123 [20] $memory$auto$proc_rom.cc:155:do_switch$3$rdmux[0][4][11]$a$123 [2] $memory$auto$proc_rom.cc:155:do_switch$3$rdmux[0][4][11]$a$123 [5] $memory$auto$proc_rom.cc:155:do_switch$3$rdmux[0][4][11]$a$123 [7:6] $memory$auto$proc_rom.cc:155:do_switch$3$rdmux[0][4][11]$a$123 [4] $memory$auto$proc_rom.cc:155:do_switch$3$rdmux[0][4][11]$a$123 [5] $memory$auto$proc_rom.cc:155:do_switch$3$rdmux[0][4][11]$a$123 [2] $memory$auto$proc_rom.cc:155:do_switch$3$rdmux[0][4][11]$a$123 [2] 1'0 $memory$auto$proc_rom.cc:155:do_switch$3$rdmux[0][4][11]$a$123 [4] $memory$auto$proc_rom.cc:155:do_switch$3$rdmux[0][4][11]$a$123 [5] $memory$auto$proc_rom.cc:155:do_switch$3$rdmux[0][4][11]$a$123 [6] $memory$auto$proc_rom.cc:155:do_switch$3$rdmux[0][4][11]$a$123 [9] 1'0 }
    Consolidated identical input bits for $mux cell $memory$auto$proc_rom.cc:155:do_switch$3$rdmux[0][5][21]$200:
      Old ports: A=$memory$auto$proc_rom.cc:155:do_switch$3$rdmux[0][5][21]$a$201, B=$memory$auto$proc_rom.cc:155:do_switch$3$rdmux[0][5][21]$b$202, Y=$memory$auto$proc_rom.cc:155:do_switch$3$rdmux[0][4][10]$b$121
      New ports: A={ 1'0 $memory$auto$proc_rom.cc:155:do_switch$3$rdmux[0][5][21]$a$201 [1] 1'1 $memory$auto$proc_rom.cc:155:do_switch$3$rdmux[0][5][21]$a$201 [1] $memory$auto$proc_rom.cc:155:do_switch$3$rdmux[0][5][21]$a$201 [3] $memory$auto$proc_rom.cc:155:do_switch$3$rdmux[0][5][21]$a$201 [1] 1'1 $memory$auto$proc_rom.cc:155:do_switch$3$rdmux[0][5][21]$a$201 [3] $memory$auto$proc_rom.cc:155:do_switch$3$rdmux[0][5][21]$a$201 [3] 1'0 $memory$auto$proc_rom.cc:155:do_switch$3$rdmux[0][5][21]$a$201 [1] 1'1 }, B={ $memory$auto$proc_rom.cc:155:do_switch$3$rdmux[0][5][21]$b$202 [0] $memory$auto$proc_rom.cc:155:do_switch$3$rdmux[0][5][21]$b$202 [0] 3'000 $memory$auto$proc_rom.cc:155:do_switch$3$rdmux[0][5][21]$b$202 [2] $memory$auto$proc_rom.cc:155:do_switch$3$rdmux[0][5][21]$b$202 [2] $memory$auto$proc_rom.cc:155:do_switch$3$rdmux[0][5][21]$b$202 [2] 1'1 $memory$auto$proc_rom.cc:155:do_switch$3$rdmux[0][5][21]$b$202 [2] 1'1 $memory$auto$proc_rom.cc:155:do_switch$3$rdmux[0][5][21]$b$202 [0] }, Y={ $memory$auto$proc_rom.cc:155:do_switch$3$rdmux[0][4][10]$b$121 [27] $memory$auto$proc_rom.cc:155:do_switch$3$rdmux[0][4][10]$b$121 [21:19] $memory$auto$proc_rom.cc:155:do_switch$3$rdmux[0][4][10]$b$121 [17:16] $memory$auto$proc_rom.cc:155:do_switch$3$rdmux[0][4][10]$b$121 [10:9] $memory$auto$proc_rom.cc:155:do_switch$3$rdmux[0][4][10]$b$121 [3:0] }
      New connections: { $memory$auto$proc_rom.cc:155:do_switch$3$rdmux[0][4][10]$b$121 [31:28] $memory$auto$proc_rom.cc:155:do_switch$3$rdmux[0][4][10]$b$121 [26:22] $memory$auto$proc_rom.cc:155:do_switch$3$rdmux[0][4][10]$b$121 [18] $memory$auto$proc_rom.cc:155:do_switch$3$rdmux[0][4][10]$b$121 [15:11] $memory$auto$proc_rom.cc:155:do_switch$3$rdmux[0][4][10]$b$121 [8:4] } = { $memory$auto$proc_rom.cc:155:do_switch$3$rdmux[0][4][10]$b$121 [2] $memory$auto$proc_rom.cc:155:do_switch$3$rdmux[0][4][10]$b$121 [27] $memory$auto$proc_rom.cc:155:do_switch$3$rdmux[0][4][10]$b$121 [10] $memory$auto$proc_rom.cc:155:do_switch$3$rdmux[0][4][10]$b$121 [20] $memory$auto$proc_rom.cc:155:do_switch$3$rdmux[0][4][10]$b$121 [0] $memory$auto$proc_rom.cc:155:do_switch$3$rdmux[0][4][10]$b$121 [19] $memory$auto$proc_rom.cc:155:do_switch$3$rdmux[0][4][10]$b$121 [0] $memory$auto$proc_rom.cc:155:do_switch$3$rdmux[0][4][10]$b$121 [17:16] $memory$auto$proc_rom.cc:155:do_switch$3$rdmux[0][4][10]$b$121 [17] $memory$auto$proc_rom.cc:155:do_switch$3$rdmux[0][4][10]$b$121 [1] $memory$auto$proc_rom.cc:155:do_switch$3$rdmux[0][4][10]$b$121 [3] $memory$auto$proc_rom.cc:155:do_switch$3$rdmux[0][4][10]$b$121 [1] $memory$auto$proc_rom.cc:155:do_switch$3$rdmux[0][4][10]$b$121 [3] $memory$auto$proc_rom.cc:155:do_switch$3$rdmux[0][4][10]$b$121 [9] $memory$auto$proc_rom.cc:155:do_switch$3$rdmux[0][4][10]$b$121 [2] $memory$auto$proc_rom.cc:155:do_switch$3$rdmux[0][4][10]$b$121 [3] $memory$auto$proc_rom.cc:155:do_switch$3$rdmux[0][4][10]$b$121 [1] $memory$auto$proc_rom.cc:155:do_switch$3$rdmux[0][4][10]$b$121 [2] $memory$auto$proc_rom.cc:155:do_switch$3$rdmux[0][4][10]$b$121 [3] }
    Consolidated identical input bits for $mux cell $memory$auto$proc_rom.cc:155:do_switch$3$rdmux[0][5][20]$197:
      Old ports: A=$memory$auto$proc_rom.cc:155:do_switch$3$rdmux[0][5][20]$a$198, B=$memory$auto$proc_rom.cc:155:do_switch$3$rdmux[0][5][20]$b$199, Y=$memory$auto$proc_rom.cc:155:do_switch$3$rdmux[0][4][10]$a$120
      New ports: A={ $memory$auto$proc_rom.cc:155:do_switch$3$rdmux[0][5][20]$a$198 [1] 2'01 $memory$auto$proc_rom.cc:155:do_switch$3$rdmux[0][5][20]$a$198 [2] $memory$auto$proc_rom.cc:155:do_switch$3$rdmux[0][5][20]$a$198 [2] 1'0 $memory$auto$proc_rom.cc:155:do_switch$3$rdmux[0][5][20]$a$198 [1] 2'11 $memory$auto$proc_rom.cc:155:do_switch$3$rdmux[0][5][20]$a$198 [2] $memory$auto$proc_rom.cc:155:do_switch$3$rdmux[0][5][20]$a$198 [2:1] 1'0 }, B={ $memory$auto$proc_rom.cc:155:do_switch$3$rdmux[0][5][20]$b$199 [0] $memory$auto$proc_rom.cc:155:do_switch$3$rdmux[0][5][20]$b$199 [1] $memory$auto$proc_rom.cc:155:do_switch$3$rdmux[0][5][20]$b$199 [1] 5'01110 $memory$auto$proc_rom.cc:155:do_switch$3$rdmux[0][5][20]$b$199 [0] $memory$auto$proc_rom.cc:155:do_switch$3$rdmux[0][5][20]$b$199 [0] $memory$auto$proc_rom.cc:155:do_switch$3$rdmux[0][5][20]$b$199 [1] $memory$auto$proc_rom.cc:155:do_switch$3$rdmux[0][5][20]$b$199 [1:0] }, Y={ $memory$auto$proc_rom.cc:155:do_switch$3$rdmux[0][4][10]$a$120 [30] $memory$auto$proc_rom.cc:155:do_switch$3$rdmux[0][4][10]$a$120 [21:19] $memory$auto$proc_rom.cc:155:do_switch$3$rdmux[0][4][10]$a$120 [12:10] $memory$auto$proc_rom.cc:155:do_switch$3$rdmux[0][4][10]$a$120 [8] $memory$auto$proc_rom.cc:155:do_switch$3$rdmux[0][4][10]$a$120 [5] $memory$auto$proc_rom.cc:155:do_switch$3$rdmux[0][4][10]$a$120 [3:0] }
      New connections: { $memory$auto$proc_rom.cc:155:do_switch$3$rdmux[0][4][10]$a$120 [31] $memory$auto$proc_rom.cc:155:do_switch$3$rdmux[0][4][10]$a$120 [29:22] $memory$auto$proc_rom.cc:155:do_switch$3$rdmux[0][4][10]$a$120 [18:13] $memory$auto$proc_rom.cc:155:do_switch$3$rdmux[0][4][10]$a$120 [9] $memory$auto$proc_rom.cc:155:do_switch$3$rdmux[0][4][10]$a$120 [7:6] $memory$auto$proc_rom.cc:155:do_switch$3$rdmux[0][4][10]$a$120 [4] } = { $memory$auto$proc_rom.cc:155:do_switch$3$rdmux[0][4][10]$a$120 [10] $memory$auto$proc_rom.cc:155:do_switch$3$rdmux[0][4][10]$a$120 [3] $memory$auto$proc_rom.cc:155:do_switch$3$rdmux[0][4][10]$a$120 [20] $memory$auto$proc_rom.cc:155:do_switch$3$rdmux[0][4][10]$a$120 [1] $memory$auto$proc_rom.cc:155:do_switch$3$rdmux[0][4][10]$a$120 [21] $memory$auto$proc_rom.cc:155:do_switch$3$rdmux[0][4][10]$a$120 [10] 1'1 $memory$auto$proc_rom.cc:155:do_switch$3$rdmux[0][4][10]$a$120 [3] 1'0 $memory$auto$proc_rom.cc:155:do_switch$3$rdmux[0][4][10]$a$120 [10] $memory$auto$proc_rom.cc:155:do_switch$3$rdmux[0][4][10]$a$120 [12] 1'0 $memory$auto$proc_rom.cc:155:do_switch$3$rdmux[0][4][10]$a$120 [1] $memory$auto$proc_rom.cc:155:do_switch$3$rdmux[0][4][10]$a$120 [3] $memory$auto$proc_rom.cc:155:do_switch$3$rdmux[0][4][10]$a$120 [0] $memory$auto$proc_rom.cc:155:do_switch$3$rdmux[0][4][10]$a$120 [5] 2'11 $memory$auto$proc_rom.cc:155:do_switch$3$rdmux[0][4][10]$a$120 [0] }
    Consolidated identical input bits for $mux cell $memory$auto$proc_rom.cc:155:do_switch$3$rdmux[0][5][19]$194:
      Old ports: A=$memory$auto$proc_rom.cc:155:do_switch$3$rdmux[0][5][19]$a$195, B=$memory$auto$proc_rom.cc:155:do_switch$3$rdmux[0][5][19]$b$196, Y=$memory$auto$proc_rom.cc:155:do_switch$3$rdmux[0][4][9]$b$118
      New ports: A={ $memory$auto$proc_rom.cc:155:do_switch$3$rdmux[0][5][19]$a$195 [12] 1'0 $memory$auto$proc_rom.cc:155:do_switch$3$rdmux[0][5][19]$a$195 [12] $memory$auto$proc_rom.cc:155:do_switch$3$rdmux[0][5][19]$a$195 [0] $memory$auto$proc_rom.cc:155:do_switch$3$rdmux[0][5][19]$a$195 [12] 2'10 $memory$auto$proc_rom.cc:155:do_switch$3$rdmux[0][5][19]$a$195 [0] 1'1 $memory$auto$proc_rom.cc:155:do_switch$3$rdmux[0][5][19]$a$195 [0] 1'0 $memory$auto$proc_rom.cc:155:do_switch$3$rdmux[0][5][19]$a$195 [0] }, B={ 4'1100 $memory$auto$proc_rom.cc:155:do_switch$3$rdmux[0][5][19]$b$196 [3] $memory$auto$proc_rom.cc:155:do_switch$3$rdmux[0][5][19]$b$196 [0] $memory$auto$proc_rom.cc:155:do_switch$3$rdmux[0][5][19]$b$196 [3] 1'1 $memory$auto$proc_rom.cc:155:do_switch$3$rdmux[0][5][19]$b$196 [3] $memory$auto$proc_rom.cc:155:do_switch$3$rdmux[0][5][19]$b$196 [3] $memory$auto$proc_rom.cc:155:do_switch$3$rdmux[0][5][19]$b$196 [0] $memory$auto$proc_rom.cc:155:do_switch$3$rdmux[0][5][19]$b$196 [0] }, Y={ $memory$auto$proc_rom.cc:155:do_switch$3$rdmux[0][4][9]$b$118 [21:20] $memory$auto$proc_rom.cc:155:do_switch$3$rdmux[0][4][9]$b$118 [15] $memory$auto$proc_rom.cc:155:do_switch$3$rdmux[0][4][9]$b$118 [13:12] $memory$auto$proc_rom.cc:155:do_switch$3$rdmux[0][4][9]$b$118 [9:8] $memory$auto$proc_rom.cc:155:do_switch$3$rdmux[0][4][9]$b$118 [5:3] $memory$auto$proc_rom.cc:155:do_switch$3$rdmux[0][4][9]$b$118 [1:0] }
      New connections: { $memory$auto$proc_rom.cc:155:do_switch$3$rdmux[0][4][9]$b$118 [31:22] $memory$auto$proc_rom.cc:155:do_switch$3$rdmux[0][4][9]$b$118 [19:16] $memory$auto$proc_rom.cc:155:do_switch$3$rdmux[0][4][9]$b$118 [14] $memory$auto$proc_rom.cc:155:do_switch$3$rdmux[0][4][9]$b$118 [11:10] $memory$auto$proc_rom.cc:155:do_switch$3$rdmux[0][4][9]$b$118 [7:6] $memory$auto$proc_rom.cc:155:do_switch$3$rdmux[0][4][9]$b$118 [2] } = { $memory$auto$proc_rom.cc:155:do_switch$3$rdmux[0][4][9]$b$118 [20] $memory$auto$proc_rom.cc:155:do_switch$3$rdmux[0][4][9]$b$118 [1] $memory$auto$proc_rom.cc:155:do_switch$3$rdmux[0][4][9]$b$118 [5] $memory$auto$proc_rom.cc:155:do_switch$3$rdmux[0][4][9]$b$118 [0] $memory$auto$proc_rom.cc:155:do_switch$3$rdmux[0][4][9]$b$118 [21] 1'0 $memory$auto$proc_rom.cc:155:do_switch$3$rdmux[0][4][9]$b$118 [20] 1'0 $memory$auto$proc_rom.cc:155:do_switch$3$rdmux[0][4][9]$b$118 [15] $memory$auto$proc_rom.cc:155:do_switch$3$rdmux[0][4][9]$b$118 [8] $memory$auto$proc_rom.cc:155:do_switch$3$rdmux[0][4][9]$b$118 [4] $memory$auto$proc_rom.cc:155:do_switch$3$rdmux[0][4][9]$b$118 [1] $memory$auto$proc_rom.cc:155:do_switch$3$rdmux[0][4][9]$b$118 [9] $memory$auto$proc_rom.cc:155:do_switch$3$rdmux[0][4][9]$b$118 [12] $memory$auto$proc_rom.cc:155:do_switch$3$rdmux[0][4][9]$b$118 [3] $memory$auto$proc_rom.cc:155:do_switch$3$rdmux[0][4][9]$b$118 [1] $memory$auto$proc_rom.cc:155:do_switch$3$rdmux[0][4][9]$b$118 [5] $memory$auto$proc_rom.cc:155:do_switch$3$rdmux[0][4][9]$b$118 [5] $memory$auto$proc_rom.cc:155:do_switch$3$rdmux[0][4][9]$b$118 [1] $memory$auto$proc_rom.cc:155:do_switch$3$rdmux[0][4][9]$b$118 [1] }
    Consolidated identical input bits for $mux cell $memory$auto$proc_rom.cc:155:do_switch$3$rdmux[0][5][18]$191:
      Old ports: A=$memory$auto$proc_rom.cc:155:do_switch$3$rdmux[0][5][18]$a$192, B=$memory$auto$proc_rom.cc:155:do_switch$3$rdmux[0][5][18]$b$193, Y=$memory$auto$proc_rom.cc:155:do_switch$3$rdmux[0][4][9]$a$117
      New ports: A={ 1'0 $memory$auto$proc_rom.cc:155:do_switch$3$rdmux[0][5][18]$a$192 [7] $memory$auto$proc_rom.cc:155:do_switch$3$rdmux[0][5][18]$a$192 [1] $memory$auto$proc_rom.cc:155:do_switch$3$rdmux[0][5][18]$a$192 [7] 1'0 $memory$auto$proc_rom.cc:155:do_switch$3$rdmux[0][5][18]$a$192 [7] 3'101 $memory$auto$proc_rom.cc:155:do_switch$3$rdmux[0][5][18]$a$192 [1] $memory$auto$proc_rom.cc:155:do_switch$3$rdmux[0][5][18]$a$192 [1] $memory$auto$proc_rom.cc:155:do_switch$3$rdmux[0][5][18]$a$192 [1] }, B={ $memory$auto$proc_rom.cc:155:do_switch$3$rdmux[0][5][18]$b$193 [3] $memory$auto$proc_rom.cc:155:do_switch$3$rdmux[0][5][18]$b$193 [3] 2'10 $memory$auto$proc_rom.cc:155:do_switch$3$rdmux[0][5][18]$b$193 [2] 3'101 $memory$auto$proc_rom.cc:155:do_switch$3$rdmux[0][5][18]$b$193 [3] $memory$auto$proc_rom.cc:155:do_switch$3$rdmux[0][5][18]$b$193 [3:2] 1'0 }, Y={ $memory$auto$proc_rom.cc:155:do_switch$3$rdmux[0][4][9]$a$117 [27] $memory$auto$proc_rom.cc:155:do_switch$3$rdmux[0][4][9]$a$117 [13] $memory$auto$proc_rom.cc:155:do_switch$3$rdmux[0][4][9]$a$117 [11:9] $memory$auto$proc_rom.cc:155:do_switch$3$rdmux[0][4][9]$a$117 [7:1] }
      New connections: { $memory$auto$proc_rom.cc:155:do_switch$3$rdmux[0][4][9]$a$117 [31:28] $memory$auto$proc_rom.cc:155:do_switch$3$rdmux[0][4][9]$a$117 [26:14] $memory$auto$proc_rom.cc:155:do_switch$3$rdmux[0][4][9]$a$117 [12] $memory$auto$proc_rom.cc:155:do_switch$3$rdmux[0][4][9]$a$117 [8] $memory$auto$proc_rom.cc:155:do_switch$3$rdmux[0][4][9]$a$117 [0] } = { $memory$auto$proc_rom.cc:155:do_switch$3$rdmux[0][4][9]$a$117 [4] $memory$auto$proc_rom.cc:155:do_switch$3$rdmux[0][4][9]$a$117 [10] $memory$auto$proc_rom.cc:155:do_switch$3$rdmux[0][4][9]$a$117 [13] $memory$auto$proc_rom.cc:155:do_switch$3$rdmux[0][4][9]$a$117 [2] 1'0 $memory$auto$proc_rom.cc:155:do_switch$3$rdmux[0][4][9]$a$117 [2] $memory$auto$proc_rom.cc:155:do_switch$3$rdmux[0][4][9]$a$117 [6] $memory$auto$proc_rom.cc:155:do_switch$3$rdmux[0][4][9]$a$117 [4] 2'10 $memory$auto$proc_rom.cc:155:do_switch$3$rdmux[0][4][9]$a$117 [5] $memory$auto$proc_rom.cc:155:do_switch$3$rdmux[0][4][9]$a$117 [2] $memory$auto$proc_rom.cc:155:do_switch$3$rdmux[0][4][9]$a$117 [11] $memory$auto$proc_rom.cc:155:do_switch$3$rdmux[0][4][9]$a$117 [7] $memory$auto$proc_rom.cc:155:do_switch$3$rdmux[0][4][9]$a$117 [5] $memory$auto$proc_rom.cc:155:do_switch$3$rdmux[0][4][9]$a$117 [2] 1'1 $memory$auto$proc_rom.cc:155:do_switch$3$rdmux[0][4][9]$a$117 [11] $memory$auto$proc_rom.cc:155:do_switch$3$rdmux[0][4][9]$a$117 [6] 1'0 }
    Consolidated identical input bits for $mux cell $memory$auto$proc_rom.cc:155:do_switch$3$rdmux[0][5][17]$188:
      Old ports: A=$memory$auto$proc_rom.cc:155:do_switch$3$rdmux[0][5][17]$a$189, B=$memory$auto$proc_rom.cc:155:do_switch$3$rdmux[0][5][17]$b$190, Y=$memory$auto$proc_rom.cc:155:do_switch$3$rdmux[0][4][8]$b$115
      New ports: A={ $memory$auto$proc_rom.cc:155:do_switch$3$rdmux[0][5][17]$a$189 [13] 1'1 $memory$auto$proc_rom.cc:155:do_switch$3$rdmux[0][5][17]$a$189 [13] $memory$auto$proc_rom.cc:155:do_switch$3$rdmux[0][5][17]$a$189 [1] 2'00 $memory$auto$proc_rom.cc:155:do_switch$3$rdmux[0][5][17]$a$189 [1] 1'0 $memory$auto$proc_rom.cc:155:do_switch$3$rdmux[0][5][17]$a$189 [1] $memory$auto$proc_rom.cc:155:do_switch$3$rdmux[0][5][17]$a$189 [1] 1'1 }, B={ 1'1 $memory$auto$proc_rom.cc:155:do_switch$3$rdmux[0][5][17]$b$190 [2] 1'0 $memory$auto$proc_rom.cc:155:do_switch$3$rdmux[0][5][17]$b$190 [10] $memory$auto$proc_rom.cc:155:do_switch$3$rdmux[0][5][17]$b$190 [10] 2'10 $memory$auto$proc_rom.cc:155:do_switch$3$rdmux[0][5][17]$b$190 [2] $memory$auto$proc_rom.cc:155:do_switch$3$rdmux[0][5][17]$b$190 [2] 2'10 }, Y={ $memory$auto$proc_rom.cc:155:do_switch$3$rdmux[0][4][8]$b$115 [26] $memory$auto$proc_rom.cc:155:do_switch$3$rdmux[0][4][8]$b$115 [19] $memory$auto$proc_rom.cc:155:do_switch$3$rdmux[0][4][8]$b$115 [13:12] $memory$auto$proc_rom.cc:155:do_switch$3$rdmux[0][4][8]$b$115 [10] $memory$auto$proc_rom.cc:155:do_switch$3$rdmux[0][4][8]$b$115 [7] $memory$auto$proc_rom.cc:155:do_switch$3$rdmux[0][4][8]$b$115 [4:0] }
      New connections: { $memory$auto$proc_rom.cc:155:do_switch$3$rdmux[0][4][8]$b$115 [31:27] $memory$auto$proc_rom.cc:155:do_switch$3$rdmux[0][4][8]$b$115 [25:20] $memory$auto$proc_rom.cc:155:do_switch$3$rdmux[0][4][8]$b$115 [18:14] $memory$auto$proc_rom.cc:155:do_switch$3$rdmux[0][4][8]$b$115 [11] $memory$auto$proc_rom.cc:155:do_switch$3$rdmux[0][4][8]$b$115 [9:8] $memory$auto$proc_rom.cc:155:do_switch$3$rdmux[0][4][8]$b$115 [6:5] } = { $memory$auto$proc_rom.cc:155:do_switch$3$rdmux[0][4][8]$b$115 [0] $memory$auto$proc_rom.cc:155:do_switch$3$rdmux[0][4][8]$b$115 [7] $memory$auto$proc_rom.cc:155:do_switch$3$rdmux[0][4][8]$b$115 [1] $memory$auto$proc_rom.cc:155:do_switch$3$rdmux[0][4][8]$b$115 [10] $memory$auto$proc_rom.cc:155:do_switch$3$rdmux[0][4][8]$b$115 [0] $memory$auto$proc_rom.cc:155:do_switch$3$rdmux[0][4][8]$b$115 [2] $memory$auto$proc_rom.cc:155:do_switch$3$rdmux[0][4][8]$b$115 [19] $memory$auto$proc_rom.cc:155:do_switch$3$rdmux[0][4][8]$b$115 [1] $memory$auto$proc_rom.cc:155:do_switch$3$rdmux[0][4][8]$b$115 [3] $memory$auto$proc_rom.cc:155:do_switch$3$rdmux[0][4][8]$b$115 [19] $memory$auto$proc_rom.cc:155:do_switch$3$rdmux[0][4][8]$b$115 [4] $memory$auto$proc_rom.cc:155:do_switch$3$rdmux[0][4][8]$b$115 [1] $memory$auto$proc_rom.cc:155:do_switch$3$rdmux[0][4][8]$b$115 [12] $memory$auto$proc_rom.cc:155:do_switch$3$rdmux[0][4][8]$b$115 [4] 1'0 $memory$auto$proc_rom.cc:155:do_switch$3$rdmux[0][4][8]$b$115 [10] $memory$auto$proc_rom.cc:155:do_switch$3$rdmux[0][4][8]$b$115 [0] 1'1 $memory$auto$proc_rom.cc:155:do_switch$3$rdmux[0][4][8]$b$115 [1] $memory$auto$proc_rom.cc:155:do_switch$3$rdmux[0][4][8]$b$115 [2:1] }
    Consolidated identical input bits for $mux cell $memory$auto$proc_rom.cc:155:do_switch$3$rdmux[0][5][16]$185:
      Old ports: A=$memory$auto$proc_rom.cc:155:do_switch$3$rdmux[0][5][16]$a$186, B=$memory$auto$proc_rom.cc:155:do_switch$3$rdmux[0][5][16]$b$187, Y=$memory$auto$proc_rom.cc:155:do_switch$3$rdmux[0][4][8]$a$114
      New ports: A={ 2'10 $memory$auto$proc_rom.cc:155:do_switch$3$rdmux[0][5][16]$a$186 [6] 1'0 $memory$auto$proc_rom.cc:155:do_switch$3$rdmux[0][5][16]$a$186 [1] $memory$auto$proc_rom.cc:155:do_switch$3$rdmux[0][5][16]$a$186 [6] $memory$auto$proc_rom.cc:155:do_switch$3$rdmux[0][5][16]$a$186 [6] $memory$auto$proc_rom.cc:155:do_switch$3$rdmux[0][5][16]$a$186 [1] 1'1 $memory$auto$proc_rom.cc:155:do_switch$3$rdmux[0][5][16]$a$186 [1] $memory$auto$proc_rom.cc:155:do_switch$3$rdmux[0][5][16]$a$186 [1] 1'0 }, B={ 1'0 $memory$auto$proc_rom.cc:155:do_switch$3$rdmux[0][5][16]$b$187 [7] 2'11 $memory$auto$proc_rom.cc:155:do_switch$3$rdmux[0][5][16]$b$187 [7] $memory$auto$proc_rom.cc:155:do_switch$3$rdmux[0][5][16]$b$187 [7] 2'00 $memory$auto$proc_rom.cc:155:do_switch$3$rdmux[0][5][16]$b$187 [0] 1'1 $memory$auto$proc_rom.cc:155:do_switch$3$rdmux[0][5][16]$b$187 [0] $memory$auto$proc_rom.cc:155:do_switch$3$rdmux[0][5][16]$b$187 [0] }, Y={ $memory$auto$proc_rom.cc:155:do_switch$3$rdmux[0][4][8]$a$114 [22] $memory$auto$proc_rom.cc:155:do_switch$3$rdmux[0][4][8]$a$114 [18] $memory$auto$proc_rom.cc:155:do_switch$3$rdmux[0][4][8]$a$114 [16] $memory$auto$proc_rom.cc:155:do_switch$3$rdmux[0][4][8]$a$114 [11] $memory$auto$proc_rom.cc:155:do_switch$3$rdmux[0][4][8]$a$114 [8:6] $memory$auto$proc_rom.cc:155:do_switch$3$rdmux[0][4][8]$a$114 [4:0] }
      New connections: { $memory$auto$proc_rom.cc:155:do_switch$3$rdmux[0][4][8]$a$114 [31:23] $memory$auto$proc_rom.cc:155:do_switch$3$rdmux[0][4][8]$a$114 [21:19] $memory$auto$proc_rom.cc:155:do_switch$3$rdmux[0][4][8]$a$114 [17] $memory$auto$proc_rom.cc:155:do_switch$3$rdmux[0][4][8]$a$114 [15:12] $memory$auto$proc_rom.cc:155:do_switch$3$rdmux[0][4][8]$a$114 [10:9] $memory$auto$proc_rom.cc:155:do_switch$3$rdmux[0][4][8]$a$114 [5] } = { $memory$auto$proc_rom.cc:155:do_switch$3$rdmux[0][4][8]$a$114 [16] $memory$auto$proc_rom.cc:155:do_switch$3$rdmux[0][4][8]$a$114 [4] $memory$auto$proc_rom.cc:155:do_switch$3$rdmux[0][4][8]$a$114 [22] $memory$auto$proc_rom.cc:155:do_switch$3$rdmux[0][4][8]$a$114 [18] $memory$auto$proc_rom.cc:155:do_switch$3$rdmux[0][4][8]$a$114 [1] $memory$auto$proc_rom.cc:155:do_switch$3$rdmux[0][4][8]$a$114 [6] $memory$auto$proc_rom.cc:155:do_switch$3$rdmux[0][4][8]$a$114 [7] 1'0 $memory$auto$proc_rom.cc:155:do_switch$3$rdmux[0][4][8]$a$114 [7] 1'0 $memory$auto$proc_rom.cc:155:do_switch$3$rdmux[0][4][8]$a$114 [16] $memory$auto$proc_rom.cc:155:do_switch$3$rdmux[0][4][8]$a$114 [11] $memory$auto$proc_rom.cc:155:do_switch$3$rdmux[0][4][8]$a$114 [6] $memory$auto$proc_rom.cc:155:do_switch$3$rdmux[0][4][8]$a$114 [6] $memory$auto$proc_rom.cc:155:do_switch$3$rdmux[0][4][8]$a$114 [2] $memory$auto$proc_rom.cc:155:do_switch$3$rdmux[0][4][8]$a$114 [2] $memory$auto$proc_rom.cc:155:do_switch$3$rdmux[0][4][8]$a$114 [8] $memory$auto$proc_rom.cc:155:do_switch$3$rdmux[0][4][8]$a$114 [2] 1'0 $memory$auto$proc_rom.cc:155:do_switch$3$rdmux[0][4][8]$a$114 [3] }
    Consolidated identical input bits for $mux cell $memory$auto$proc_rom.cc:155:do_switch$3$rdmux[0][5][15]$182:
      Old ports: A=$memory$auto$proc_rom.cc:155:do_switch$3$rdmux[0][5][15]$a$183, B=$memory$auto$proc_rom.cc:155:do_switch$3$rdmux[0][5][15]$b$184, Y=$memory$auto$proc_rom.cc:155:do_switch$3$rdmux[0][4][7]$b$112
      New ports: A={ $memory$auto$proc_rom.cc:155:do_switch$3$rdmux[0][5][15]$a$183 [0] 1'1 $memory$auto$proc_rom.cc:155:do_switch$3$rdmux[0][5][15]$a$183 [0] $memory$auto$proc_rom.cc:155:do_switch$3$rdmux[0][5][15]$a$183 [0] 2'00 $memory$auto$proc_rom.cc:155:do_switch$3$rdmux[0][5][15]$a$183 [1] $memory$auto$proc_rom.cc:155:do_switch$3$rdmux[0][5][15]$a$183 [1] $memory$auto$proc_rom.cc:155:do_switch$3$rdmux[0][5][15]$a$183 [1] 2'11 $memory$auto$proc_rom.cc:155:do_switch$3$rdmux[0][5][15]$a$183 [1:0] }, B={ $memory$auto$proc_rom.cc:155:do_switch$3$rdmux[0][5][15]$b$184 [1] 2'00 $memory$auto$proc_rom.cc:155:do_switch$3$rdmux[0][5][15]$b$184 [3] 1'1 $memory$auto$proc_rom.cc:155:do_switch$3$rdmux[0][5][15]$b$184 [3] $memory$auto$proc_rom.cc:155:do_switch$3$rdmux[0][5][15]$b$184 [3] 2'01 $memory$auto$proc_rom.cc:155:do_switch$3$rdmux[0][5][15]$b$184 [3] $memory$auto$proc_rom.cc:155:do_switch$3$rdmux[0][5][15]$b$184 [1] $memory$auto$proc_rom.cc:155:do_switch$3$rdmux[0][5][15]$b$184 [1] 1'1 }, Y={ $memory$auto$proc_rom.cc:155:do_switch$3$rdmux[0][4][7]$b$112 [31] $memory$auto$proc_rom.cc:155:do_switch$3$rdmux[0][4][7]$b$112 [24:22] $memory$auto$proc_rom.cc:155:do_switch$3$rdmux[0][4][7]$b$112 [20] $memory$auto$proc_rom.cc:155:do_switch$3$rdmux[0][4][7]$b$112 [14:13] $memory$auto$proc_rom.cc:155:do_switch$3$rdmux[0][4][7]$b$112 [8:7] $memory$auto$proc_rom.cc:155:do_switch$3$rdmux[0][4][7]$b$112 [3:0] }
      New connections: { $memory$auto$proc_rom.cc:155:do_switch$3$rdmux[0][4][7]$b$112 [30:25] $memory$auto$proc_rom.cc:155:do_switch$3$rdmux[0][4][7]$b$112 [21] $memory$auto$proc_rom.cc:155:do_switch$3$rdmux[0][4][7]$b$112 [19:15] $memory$auto$proc_rom.cc:155:do_switch$3$rdmux[0][4][7]$b$112 [12:9] $memory$auto$proc_rom.cc:155:do_switch$3$rdmux[0][4][7]$b$112 [6:4] } = { $memory$auto$proc_rom.cc:155:do_switch$3$rdmux[0][4][7]$b$112 [23] 1'1 $memory$auto$proc_rom.cc:155:do_switch$3$rdmux[0][4][7]$b$112 [20] $memory$auto$proc_rom.cc:155:do_switch$3$rdmux[0][4][7]$b$112 [3] $memory$auto$proc_rom.cc:155:do_switch$3$rdmux[0][4][7]$b$112 [8] $memory$auto$proc_rom.cc:155:do_switch$3$rdmux[0][4][7]$b$112 [2] 1'0 $memory$auto$proc_rom.cc:155:do_switch$3$rdmux[0][4][7]$b$112 [7] 1'0 $memory$auto$proc_rom.cc:155:do_switch$3$rdmux[0][4][7]$b$112 [8] 2'01 $memory$auto$proc_rom.cc:155:do_switch$3$rdmux[0][4][7]$b$112 [0] $memory$auto$proc_rom.cc:155:do_switch$3$rdmux[0][4][7]$b$112 [7] 1'0 $memory$auto$proc_rom.cc:155:do_switch$3$rdmux[0][4][7]$b$112 [0] $memory$auto$proc_rom.cc:155:do_switch$3$rdmux[0][4][7]$b$112 [0] $memory$auto$proc_rom.cc:155:do_switch$3$rdmux[0][4][7]$b$112 [1] $memory$auto$proc_rom.cc:155:do_switch$3$rdmux[0][4][7]$b$112 [2] }
    Consolidated identical input bits for $mux cell $memory$auto$proc_rom.cc:155:do_switch$3$rdmux[0][5][14]$179:
      Old ports: A=$memory$auto$proc_rom.cc:155:do_switch$3$rdmux[0][5][14]$a$180, B=$memory$auto$proc_rom.cc:155:do_switch$3$rdmux[0][5][14]$b$181, Y=$memory$auto$proc_rom.cc:155:do_switch$3$rdmux[0][4][7]$a$111
      New ports: A={ 2'10 $memory$auto$proc_rom.cc:155:do_switch$3$rdmux[0][5][14]$a$180 [0] 1'0 $memory$auto$proc_rom.cc:155:do_switch$3$rdmux[0][5][14]$a$180 [6] $memory$auto$proc_rom.cc:155:do_switch$3$rdmux[0][5][14]$a$180 [0] $memory$auto$proc_rom.cc:155:do_switch$3$rdmux[0][5][14]$a$180 [6] 1'1 $memory$auto$proc_rom.cc:155:do_switch$3$rdmux[0][5][14]$a$180 [6] $memory$auto$proc_rom.cc:155:do_switch$3$rdmux[0][5][14]$a$180 [0] 1'0 $memory$auto$proc_rom.cc:155:do_switch$3$rdmux[0][5][14]$a$180 [0] }, B={ $memory$auto$proc_rom.cc:155:do_switch$3$rdmux[0][5][14]$b$181 [1] $memory$auto$proc_rom.cc:155:do_switch$3$rdmux[0][5][14]$b$181 [7] $memory$auto$proc_rom.cc:155:do_switch$3$rdmux[0][5][14]$b$181 [7] 1'1 $memory$auto$proc_rom.cc:155:do_switch$3$rdmux[0][5][14]$b$181 [1] 2'10 $memory$auto$proc_rom.cc:155:do_switch$3$rdmux[0][5][14]$b$181 [7] 1'1 $memory$auto$proc_rom.cc:155:do_switch$3$rdmux[0][5][14]$b$181 [1] $memory$auto$proc_rom.cc:155:do_switch$3$rdmux[0][5][14]$b$181 [1] 1'0 }, Y={ $memory$auto$proc_rom.cc:155:do_switch$3$rdmux[0][4][7]$a$111 [22:21] $memory$auto$proc_rom.cc:155:do_switch$3$rdmux[0][4][7]$a$111 [16:14] $memory$auto$proc_rom.cc:155:do_switch$3$rdmux[0][4][7]$a$111 [12] $memory$auto$proc_rom.cc:155:do_switch$3$rdmux[0][4][7]$a$111 [10] $memory$auto$proc_rom.cc:155:do_switch$3$rdmux[0][4][7]$a$111 [7:6] $memory$auto$proc_rom.cc:155:do_switch$3$rdmux[0][4][7]$a$111 [3] $memory$auto$proc_rom.cc:155:do_switch$3$rdmux[0][4][7]$a$111 [1:0] }
      New connections: { $memory$auto$proc_rom.cc:155:do_switch$3$rdmux[0][4][7]$a$111 [31:23] $memory$auto$proc_rom.cc:155:do_switch$3$rdmux[0][4][7]$a$111 [20:17] $memory$auto$proc_rom.cc:155:do_switch$3$rdmux[0][4][7]$a$111 [13] $memory$auto$proc_rom.cc:155:do_switch$3$rdmux[0][4][7]$a$111 [11] $memory$auto$proc_rom.cc:155:do_switch$3$rdmux[0][4][7]$a$111 [9:8] $memory$auto$proc_rom.cc:155:do_switch$3$rdmux[0][4][7]$a$111 [5:4] $memory$auto$proc_rom.cc:155:do_switch$3$rdmux[0][4][7]$a$111 [2] } = { $memory$auto$proc_rom.cc:155:do_switch$3$rdmux[0][4][7]$a$111 [16] $memory$auto$proc_rom.cc:155:do_switch$3$rdmux[0][4][7]$a$111 [12] $memory$auto$proc_rom.cc:155:do_switch$3$rdmux[0][4][7]$a$111 [21] $memory$auto$proc_rom.cc:155:do_switch$3$rdmux[0][4][7]$a$111 [21] $memory$auto$proc_rom.cc:155:do_switch$3$rdmux[0][4][7]$a$111 [16] $memory$auto$proc_rom.cc:155:do_switch$3$rdmux[0][4][7]$a$111 [1] 1'0 $memory$auto$proc_rom.cc:155:do_switch$3$rdmux[0][4][7]$a$111 [16] 1'0 $memory$auto$proc_rom.cc:155:do_switch$3$rdmux[0][4][7]$a$111 [12] 2'11 $memory$auto$proc_rom.cc:155:do_switch$3$rdmux[0][4][7]$a$111 [7] 1'1 $memory$auto$proc_rom.cc:155:do_switch$3$rdmux[0][4][7]$a$111 [0] $memory$auto$proc_rom.cc:155:do_switch$3$rdmux[0][4][7]$a$111 [0] $memory$auto$proc_rom.cc:155:do_switch$3$rdmux[0][4][7]$a$111 [6] 1'1 $memory$auto$proc_rom.cc:155:do_switch$3$rdmux[0][4][7]$a$111 [1] 1'1 }
    Consolidated identical input bits for $mux cell $memory$auto$proc_rom.cc:155:do_switch$3$rdmux[0][5][13]$176:
      Old ports: A=$memory$auto$proc_rom.cc:155:do_switch$3$rdmux[0][5][13]$a$177, B=$memory$auto$proc_rom.cc:155:do_switch$3$rdmux[0][5][13]$b$178, Y=$memory$auto$proc_rom.cc:155:do_switch$3$rdmux[0][4][6]$b$109
      New ports: A={ 1'0 $memory$auto$proc_rom.cc:155:do_switch$3$rdmux[0][5][13]$a$177 [5] 2'11 $memory$auto$proc_rom.cc:155:do_switch$3$rdmux[0][5][13]$a$177 [1] $memory$auto$proc_rom.cc:155:do_switch$3$rdmux[0][5][13]$a$177 [5] 1'1 $memory$auto$proc_rom.cc:155:do_switch$3$rdmux[0][5][13]$a$177 [1] $memory$auto$proc_rom.cc:155:do_switch$3$rdmux[0][5][13]$a$177 [5] $memory$auto$proc_rom.cc:155:do_switch$3$rdmux[0][5][13]$a$177 [1] 1'0 $memory$auto$proc_rom.cc:155:do_switch$3$rdmux[0][5][13]$a$177 [1] 1'0 }, B={ $memory$auto$proc_rom.cc:155:do_switch$3$rdmux[0][5][13]$b$178 [15] 1'0 $memory$auto$proc_rom.cc:155:do_switch$3$rdmux[0][5][13]$b$178 [15] 1'0 $memory$auto$proc_rom.cc:155:do_switch$3$rdmux[0][5][13]$b$178 [15] 1'1 $memory$auto$proc_rom.cc:155:do_switch$3$rdmux[0][5][13]$b$178 [0] $memory$auto$proc_rom.cc:155:do_switch$3$rdmux[0][5][13]$b$178 [0] $memory$auto$proc_rom.cc:155:do_switch$3$rdmux[0][5][13]$b$178 [0] 3'110 $memory$auto$proc_rom.cc:155:do_switch$3$rdmux[0][5][13]$b$178 [0] }, Y={ $memory$auto$proc_rom.cc:155:do_switch$3$rdmux[0][4][6]$b$109 [31] $memory$auto$proc_rom.cc:155:do_switch$3$rdmux[0][4][6]$b$109 [26] $memory$auto$proc_rom.cc:155:do_switch$3$rdmux[0][4][6]$b$109 [21] $memory$auto$proc_rom.cc:155:do_switch$3$rdmux[0][4][6]$b$109 [17] $memory$auto$proc_rom.cc:155:do_switch$3$rdmux[0][4][6]$b$109 [15] $memory$auto$proc_rom.cc:155:do_switch$3$rdmux[0][4][6]$b$109 [11] $memory$auto$proc_rom.cc:155:do_switch$3$rdmux[0][4][6]$b$109 [9] $memory$auto$proc_rom.cc:155:do_switch$3$rdmux[0][4][6]$b$109 [6:5] $memory$auto$proc_rom.cc:155:do_switch$3$rdmux[0][4][6]$b$109 [3:0] }
      New connections: { $memory$auto$proc_rom.cc:155:do_switch$3$rdmux[0][4][6]$b$109 [30:27] $memory$auto$proc_rom.cc:155:do_switch$3$rdmux[0][4][6]$b$109 [25:22] $memory$auto$proc_rom.cc:155:do_switch$3$rdmux[0][4][6]$b$109 [20:18] $memory$auto$proc_rom.cc:155:do_switch$3$rdmux[0][4][6]$b$109 [16] $memory$auto$proc_rom.cc:155:do_switch$3$rdmux[0][4][6]$b$109 [14:12] $memory$auto$proc_rom.cc:155:do_switch$3$rdmux[0][4][6]$b$109 [10] $memory$auto$proc_rom.cc:155:do_switch$3$rdmux[0][4][6]$b$109 [8:7] $memory$auto$proc_rom.cc:155:do_switch$3$rdmux[0][4][6]$b$109 [4] } = { $memory$auto$proc_rom.cc:155:do_switch$3$rdmux[0][4][6]$b$109 [2] $memory$auto$proc_rom.cc:155:do_switch$3$rdmux[0][4][6]$b$109 [15] $memory$auto$proc_rom.cc:155:do_switch$3$rdmux[0][4][6]$b$109 [5] $memory$auto$proc_rom.cc:155:do_switch$3$rdmux[0][4][6]$b$109 [26] $memory$auto$proc_rom.cc:155:do_switch$3$rdmux[0][4][6]$b$109 [2] 1'0 $memory$auto$proc_rom.cc:155:do_switch$3$rdmux[0][4][6]$b$109 [11] $memory$auto$proc_rom.cc:155:do_switch$3$rdmux[0][4][6]$b$109 [1] $memory$auto$proc_rom.cc:155:do_switch$3$rdmux[0][4][6]$b$109 [5] $memory$auto$proc_rom.cc:155:do_switch$3$rdmux[0][4][6]$b$109 [15] $memory$auto$proc_rom.cc:155:do_switch$3$rdmux[0][4][6]$b$109 [15] $memory$auto$proc_rom.cc:155:do_switch$3$rdmux[0][4][6]$b$109 [1] 1'1 $memory$auto$proc_rom.cc:155:do_switch$3$rdmux[0][4][6]$b$109 [11] $memory$auto$proc_rom.cc:155:do_switch$3$rdmux[0][4][6]$b$109 [3] $memory$auto$proc_rom.cc:155:do_switch$3$rdmux[0][4][6]$b$109 [5] $memory$auto$proc_rom.cc:155:do_switch$3$rdmux[0][4][6]$b$109 [1] 1'1 $memory$auto$proc_rom.cc:155:do_switch$3$rdmux[0][4][6]$b$109 [3] }
    Consolidated identical input bits for $mux cell $memory$auto$proc_rom.cc:155:do_switch$3$rdmux[0][5][12]$173:
      Old ports: A=$memory$auto$proc_rom.cc:155:do_switch$3$rdmux[0][5][12]$a$174, B=$memory$auto$proc_rom.cc:155:do_switch$3$rdmux[0][5][12]$b$175, Y=$memory$auto$proc_rom.cc:155:do_switch$3$rdmux[0][4][6]$a$108
      New ports: A={ 1'1 $memory$auto$proc_rom.cc:155:do_switch$3$rdmux[0][5][12]$a$174 [8] $memory$auto$proc_rom.cc:155:do_switch$3$rdmux[0][5][12]$a$174 [8] $memory$auto$proc_rom.cc:155:do_switch$3$rdmux[0][5][12]$a$174 [2] $memory$auto$proc_rom.cc:155:do_switch$3$rdmux[0][5][12]$a$174 [8] 1'0 $memory$auto$proc_rom.cc:155:do_switch$3$rdmux[0][5][12]$a$174 [2] 1'0 $memory$auto$proc_rom.cc:155:do_switch$3$rdmux[0][5][12]$a$174 [2] 2'10 }, B={ $memory$auto$proc_rom.cc:155:do_switch$3$rdmux[0][5][12]$b$175 [3] 1'1 $memory$auto$proc_rom.cc:155:do_switch$3$rdmux[0][5][12]$b$175 [3] $memory$auto$proc_rom.cc:155:do_switch$3$rdmux[0][5][12]$b$175 [3] $memory$auto$proc_rom.cc:155:do_switch$3$rdmux[0][5][12]$b$175 [7] $memory$auto$proc_rom.cc:155:do_switch$3$rdmux[0][5][12]$b$175 [7] 1'0 $memory$auto$proc_rom.cc:155:do_switch$3$rdmux[0][5][12]$b$175 [3] 3'101 }, Y={ $memory$auto$proc_rom.cc:155:do_switch$3$rdmux[0][4][6]$a$108 [24] $memory$auto$proc_rom.cc:155:do_switch$3$rdmux[0][4][6]$a$108 [17] $memory$auto$proc_rom.cc:155:do_switch$3$rdmux[0][4][6]$a$108 [15] $memory$auto$proc_rom.cc:155:do_switch$3$rdmux[0][4][6]$a$108 [9:6] $memory$auto$proc_rom.cc:155:do_switch$3$rdmux[0][4][6]$a$108 [3:0] }
      New connections: { $memory$auto$proc_rom.cc:155:do_switch$3$rdmux[0][4][6]$a$108 [31:25] $memory$auto$proc_rom.cc:155:do_switch$3$rdmux[0][4][6]$a$108 [23:18] $memory$auto$proc_rom.cc:155:do_switch$3$rdmux[0][4][6]$a$108 [16] $memory$auto$proc_rom.cc:155:do_switch$3$rdmux[0][4][6]$a$108 [14:10] $memory$auto$proc_rom.cc:155:do_switch$3$rdmux[0][4][6]$a$108 [5:4] } = { $memory$auto$proc_rom.cc:155:do_switch$3$rdmux[0][4][6]$a$108 [6] $memory$auto$proc_rom.cc:155:do_switch$3$rdmux[0][4][6]$a$108 [0] $memory$auto$proc_rom.cc:155:do_switch$3$rdmux[0][4][6]$a$108 [7] $memory$auto$proc_rom.cc:155:do_switch$3$rdmux[0][4][6]$a$108 [0] $memory$auto$proc_rom.cc:155:do_switch$3$rdmux[0][4][6]$a$108 [8] $memory$auto$proc_rom.cc:155:do_switch$3$rdmux[0][4][6]$a$108 [6] $memory$auto$proc_rom.cc:155:do_switch$3$rdmux[0][4][6]$a$108 [15] $memory$auto$proc_rom.cc:155:do_switch$3$rdmux[0][4][6]$a$108 [6] $memory$auto$proc_rom.cc:155:do_switch$3$rdmux[0][4][6]$a$108 [6] 1'0 $memory$auto$proc_rom.cc:155:do_switch$3$rdmux[0][4][6]$a$108 [1] $memory$auto$proc_rom.cc:155:do_switch$3$rdmux[0][4][6]$a$108 [3] $memory$auto$proc_rom.cc:155:do_switch$3$rdmux[0][4][6]$a$108 [7] 1'0 $memory$auto$proc_rom.cc:155:do_switch$3$rdmux[0][4][6]$a$108 [9] 1'1 $memory$auto$proc_rom.cc:155:do_switch$3$rdmux[0][4][6]$a$108 [0] $memory$auto$proc_rom.cc:155:do_switch$3$rdmux[0][4][6]$a$108 [6] $memory$auto$proc_rom.cc:155:do_switch$3$rdmux[0][4][6]$a$108 [2] $memory$auto$proc_rom.cc:155:do_switch$3$rdmux[0][4][6]$a$108 [2] $memory$auto$proc_rom.cc:155:do_switch$3$rdmux[0][4][6]$a$108 [3] }
    Consolidated identical input bits for $mux cell $memory$auto$proc_rom.cc:155:do_switch$3$rdmux[0][5][11]$170:
      Old ports: A=$memory$auto$proc_rom.cc:155:do_switch$3$rdmux[0][5][11]$a$171, B=$memory$auto$proc_rom.cc:155:do_switch$3$rdmux[0][5][11]$b$172, Y=$memory$auto$proc_rom.cc:155:do_switch$3$rdmux[0][4][5]$b$106
      New ports: A={ 2'11 $memory$auto$proc_rom.cc:155:do_switch$3$rdmux[0][5][11]$a$171 [6] $memory$auto$proc_rom.cc:155:do_switch$3$rdmux[0][5][11]$a$171 [6] 1'0 $memory$auto$proc_rom.cc:155:do_switch$3$rdmux[0][5][11]$a$171 [6] 1'0 $memory$auto$proc_rom.cc:155:do_switch$3$rdmux[0][5][11]$a$171 [4] $memory$auto$proc_rom.cc:155:do_switch$3$rdmux[0][5][11]$a$171 [6] $memory$auto$proc_rom.cc:155:do_switch$3$rdmux[0][5][11]$a$171 [4] $memory$auto$proc_rom.cc:155:do_switch$3$rdmux[0][5][11]$a$171 [4] 2'01 }, B={ 1'0 $memory$auto$proc_rom.cc:155:do_switch$3$rdmux[0][5][11]$b$172 [9] $memory$auto$proc_rom.cc:155:do_switch$3$rdmux[0][5][11]$b$172 [0] 2'01 $memory$auto$proc_rom.cc:155:do_switch$3$rdmux[0][5][11]$b$172 [9] $memory$auto$proc_rom.cc:155:do_switch$3$rdmux[0][5][11]$b$172 [9] 3'011 $memory$auto$proc_rom.cc:155:do_switch$3$rdmux[0][5][11]$b$172 [0] $memory$auto$proc_rom.cc:155:do_switch$3$rdmux[0][5][11]$b$172 [0] $memory$auto$proc_rom.cc:155:do_switch$3$rdmux[0][5][11]$b$172 [0] }, Y={ $memory$auto$proc_rom.cc:155:do_switch$3$rdmux[0][4][5]$b$106 [30] $memory$auto$proc_rom.cc:155:do_switch$3$rdmux[0][4][5]$b$106 [21:19] $memory$auto$proc_rom.cc:155:do_switch$3$rdmux[0][4][5]$b$106 [11:9] $memory$auto$proc_rom.cc:155:do_switch$3$rdmux[0][4][5]$b$106 [7:4] $memory$auto$proc_rom.cc:155:do_switch$3$rdmux[0][4][5]$b$106 [2] $memory$auto$proc_rom.cc:155:do_switch$3$rdmux[0][4][5]$b$106 [0] }
      New connections: { $memory$auto$proc_rom.cc:155:do_switch$3$rdmux[0][4][5]$b$106 [31] $memory$auto$proc_rom.cc:155:do_switch$3$rdmux[0][4][5]$b$106 [29:22] $memory$auto$proc_rom.cc:155:do_switch$3$rdmux[0][4][5]$b$106 [18:12] $memory$auto$proc_rom.cc:155:do_switch$3$rdmux[0][4][5]$b$106 [8] $memory$auto$proc_rom.cc:155:do_switch$3$rdmux[0][4][5]$b$106 [3] $memory$auto$proc_rom.cc:155:do_switch$3$rdmux[0][4][5]$b$106 [1] } = { $memory$auto$proc_rom.cc:155:do_switch$3$rdmux[0][4][5]$b$106 [2] $memory$auto$proc_rom.cc:155:do_switch$3$rdmux[0][4][5]$b$106 [7] $memory$auto$proc_rom.cc:155:do_switch$3$rdmux[0][4][5]$b$106 [10] $memory$auto$proc_rom.cc:155:do_switch$3$rdmux[0][4][5]$b$106 [7:6] $memory$auto$proc_rom.cc:155:do_switch$3$rdmux[0][4][5]$b$106 [10] $memory$auto$proc_rom.cc:155:do_switch$3$rdmux[0][4][5]$b$106 [0] $memory$auto$proc_rom.cc:155:do_switch$3$rdmux[0][4][5]$b$106 [9] $memory$auto$proc_rom.cc:155:do_switch$3$rdmux[0][4][5]$b$106 [21] $memory$auto$proc_rom.cc:155:do_switch$3$rdmux[0][4][5]$b$106 [0] 1'0 $memory$auto$proc_rom.cc:155:do_switch$3$rdmux[0][4][5]$b$106 [6] $memory$auto$proc_rom.cc:155:do_switch$3$rdmux[0][4][5]$b$106 [2] $memory$auto$proc_rom.cc:155:do_switch$3$rdmux[0][4][5]$b$106 [7] 1'1 $memory$auto$proc_rom.cc:155:do_switch$3$rdmux[0][4][5]$b$106 [0] $memory$auto$proc_rom.cc:155:do_switch$3$rdmux[0][4][5]$b$106 [7] $memory$auto$proc_rom.cc:155:do_switch$3$rdmux[0][4][5]$b$106 [2] $memory$auto$proc_rom.cc:155:do_switch$3$rdmux[0][4][5]$b$106 [0] }
    Consolidated identical input bits for $mux cell $memory$auto$proc_rom.cc:155:do_switch$3$rdmux[0][5][10]$167:
      Old ports: A=$memory$auto$proc_rom.cc:155:do_switch$3$rdmux[0][5][10]$a$168, B=$memory$auto$proc_rom.cc:155:do_switch$3$rdmux[0][5][10]$b$169, Y=$memory$auto$proc_rom.cc:155:do_switch$3$rdmux[0][4][5]$a$105
      New ports: A={ $memory$auto$proc_rom.cc:155:do_switch$3$rdmux[0][5][10]$a$168 [13] $memory$auto$proc_rom.cc:155:do_switch$3$rdmux[0][5][10]$a$168 [13] $memory$auto$proc_rom.cc:155:do_switch$3$rdmux[0][5][10]$a$168 [4] 1'0 $memory$auto$proc_rom.cc:155:do_switch$3$rdmux[0][5][10]$a$168 [13] $memory$auto$proc_rom.cc:155:do_switch$3$rdmux[0][5][10]$a$168 [13] $memory$auto$proc_rom.cc:155:do_switch$3$rdmux[0][5][10]$a$168 [4] $memory$auto$proc_rom.cc:155:do_switch$3$rdmux[0][5][10]$a$168 [4] 2'11 $memory$auto$proc_rom.cc:155:do_switch$3$rdmux[0][5][10]$a$168 [4] 2'00 }, B={ $memory$auto$proc_rom.cc:155:do_switch$3$rdmux[0][5][10]$b$169 [4] 2'00 $memory$auto$proc_rom.cc:155:do_switch$3$rdmux[0][5][10]$b$169 [4] $memory$auto$proc_rom.cc:155:do_switch$3$rdmux[0][5][10]$b$169 [2] 1'1 $memory$auto$proc_rom.cc:155:do_switch$3$rdmux[0][5][10]$b$169 [2] 1'1 $memory$auto$proc_rom.cc:155:do_switch$3$rdmux[0][5][10]$b$169 [2] $memory$auto$proc_rom.cc:155:do_switch$3$rdmux[0][5][10]$b$169 [4] $memory$auto$proc_rom.cc:155:do_switch$3$rdmux[0][5][10]$b$169 [4] $memory$auto$proc_rom.cc:155:do_switch$3$rdmux[0][5][10]$b$169 [2] 1'1 }, Y={ $memory$auto$proc_rom.cc:155:do_switch$3$rdmux[0][4][5]$a$105 [23] $memory$auto$proc_rom.cc:155:do_switch$3$rdmux[0][4][5]$a$105 [19:16] $memory$auto$proc_rom.cc:155:do_switch$3$rdmux[0][4][5]$a$105 [13] $memory$auto$proc_rom.cc:155:do_switch$3$rdmux[0][4][5]$a$105 [10:8] $memory$auto$proc_rom.cc:155:do_switch$3$rdmux[0][4][5]$a$105 [6] $memory$auto$proc_rom.cc:155:do_switch$3$rdmux[0][4][5]$a$105 [4] $memory$auto$proc_rom.cc:155:do_switch$3$rdmux[0][4][5]$a$105 [2] $memory$auto$proc_rom.cc:155:do_switch$3$rdmux[0][4][5]$a$105 [0] }
      New connections: { $memory$auto$proc_rom.cc:155:do_switch$3$rdmux[0][4][5]$a$105 [31:24] $memory$auto$proc_rom.cc:155:do_switch$3$rdmux[0][4][5]$a$105 [22:20] $memory$auto$proc_rom.cc:155:do_switch$3$rdmux[0][4][5]$a$105 [15:14] $memory$auto$proc_rom.cc:155:do_switch$3$rdmux[0][4][5]$a$105 [12:11] $memory$auto$proc_rom.cc:155:do_switch$3$rdmux[0][4][5]$a$105 [7] $memory$auto$proc_rom.cc:155:do_switch$3$rdmux[0][4][5]$a$105 [5] $memory$auto$proc_rom.cc:155:do_switch$3$rdmux[0][4][5]$a$105 [3] $memory$auto$proc_rom.cc:155:do_switch$3$rdmux[0][4][5]$a$105 [1] } = { $memory$auto$proc_rom.cc:155:do_switch$3$rdmux[0][4][5]$a$105 [16] 1'1 $memory$auto$proc_rom.cc:155:do_switch$3$rdmux[0][4][5]$a$105 [19] $memory$auto$proc_rom.cc:155:do_switch$3$rdmux[0][4][5]$a$105 [9] 1'1 $memory$auto$proc_rom.cc:155:do_switch$3$rdmux[0][4][5]$a$105 [18] $memory$auto$proc_rom.cc:155:do_switch$3$rdmux[0][4][5]$a$105 [23] $memory$auto$proc_rom.cc:155:do_switch$3$rdmux[0][4][5]$a$105 [4] 1'1 $memory$auto$proc_rom.cc:155:do_switch$3$rdmux[0][4][5]$a$105 [6] $memory$auto$proc_rom.cc:155:do_switch$3$rdmux[0][4][5]$a$105 [4] $memory$auto$proc_rom.cc:155:do_switch$3$rdmux[0][4][5]$a$105 [8] $memory$auto$proc_rom.cc:155:do_switch$3$rdmux[0][4][5]$a$105 [8] $memory$auto$proc_rom.cc:155:do_switch$3$rdmux[0][4][5]$a$105 [4] $memory$auto$proc_rom.cc:155:do_switch$3$rdmux[0][4][5]$a$105 [6] 1'1 $memory$auto$proc_rom.cc:155:do_switch$3$rdmux[0][4][5]$a$105 [4] $memory$auto$proc_rom.cc:155:do_switch$3$rdmux[0][4][5]$a$105 [2] 1'1 }
    Consolidated identical input bits for $mux cell $memory$auto$proc_rom.cc:155:do_switch$3$rdmux[0][5][9]$164:
      Old ports: A=$memory$auto$proc_rom.cc:155:do_switch$3$rdmux[0][5][9]$a$165, B=$memory$auto$proc_rom.cc:155:do_switch$3$rdmux[0][5][9]$b$166, Y=$memory$auto$proc_rom.cc:155:do_switch$3$rdmux[0][4][4]$b$103
      New ports: A={ $memory$auto$proc_rom.cc:155:do_switch$3$rdmux[0][5][9]$a$165 [3] 2'01 $memory$auto$proc_rom.cc:155:do_switch$3$rdmux[0][5][9]$a$165 [3] 1'1 $memory$auto$proc_rom.cc:155:do_switch$3$rdmux[0][5][9]$a$165 [0] 2'10 $memory$auto$proc_rom.cc:155:do_switch$3$rdmux[0][5][9]$a$165 [3] $memory$auto$proc_rom.cc:155:do_switch$3$rdmux[0][5][9]$a$165 [3] 1'0 $memory$auto$proc_rom.cc:155:do_switch$3$rdmux[0][5][9]$a$165 [0] }, B={ $memory$auto$proc_rom.cc:155:do_switch$3$rdmux[0][5][9]$b$166 [8] $memory$auto$proc_rom.cc:155:do_switch$3$rdmux[0][5][9]$b$166 [3] $memory$auto$proc_rom.cc:155:do_switch$3$rdmux[0][5][9]$b$166 [3] 3'000 $memory$auto$proc_rom.cc:155:do_switch$3$rdmux[0][5][9]$b$166 [8] $memory$auto$proc_rom.cc:155:do_switch$3$rdmux[0][5][9]$b$166 [8] 1'1 $memory$auto$proc_rom.cc:155:do_switch$3$rdmux[0][5][9]$b$166 [3] 2'11 }, Y={ $memory$auto$proc_rom.cc:155:do_switch$3$rdmux[0][4][4]$b$103 [31] $memory$auto$proc_rom.cc:155:do_switch$3$rdmux[0][4][4]$b$103 [25] $memory$auto$proc_rom.cc:155:do_switch$3$rdmux[0][4][4]$b$103 [20] $memory$auto$proc_rom.cc:155:do_switch$3$rdmux[0][4][4]$b$103 [15] $memory$auto$proc_rom.cc:155:do_switch$3$rdmux[0][4][4]$b$103 [12:10] $memory$auto$proc_rom.cc:155:do_switch$3$rdmux[0][4][4]$b$103 [8] $memory$auto$proc_rom.cc:155:do_switch$3$rdmux[0][4][4]$b$103 [5] $memory$auto$proc_rom.cc:155:do_switch$3$rdmux[0][4][4]$b$103 [3] $memory$auto$proc_rom.cc:155:do_switch$3$rdmux[0][4][4]$b$103 [1:0] }
      New connections: { $memory$auto$proc_rom.cc:155:do_switch$3$rdmux[0][4][4]$b$103 [30:26] $memory$auto$proc_rom.cc:155:do_switch$3$rdmux[0][4][4]$b$103 [24:21] $memory$auto$proc_rom.cc:155:do_switch$3$rdmux[0][4][4]$b$103 [19:16] $memory$auto$proc_rom.cc:155:do_switch$3$rdmux[0][4][4]$b$103 [14:13] $memory$auto$proc_rom.cc:155:do_switch$3$rdmux[0][4][4]$b$103 [9] $memory$auto$proc_rom.cc:155:do_switch$3$rdmux[0][4][4]$b$103 [7:6] $memory$auto$proc_rom.cc:155:do_switch$3$rdmux[0][4][4]$b$103 [4] $memory$auto$proc_rom.cc:155:do_switch$3$rdmux[0][4][4]$b$103 [2] } = { $memory$auto$proc_rom.cc:155:do_switch$3$rdmux[0][4][4]$b$103 [15] $memory$auto$proc_rom.cc:155:do_switch$3$rdmux[0][4][4]$b$103 [8] $memory$auto$proc_rom.cc:155:do_switch$3$rdmux[0][4][4]$b$103 [10] $memory$auto$proc_rom.cc:155:do_switch$3$rdmux[0][4][4]$b$103 [25] $memory$auto$proc_rom.cc:155:do_switch$3$rdmux[0][4][4]$b$103 [3] $memory$auto$proc_rom.cc:155:do_switch$3$rdmux[0][4][4]$b$103 [15] 2'01 $memory$auto$proc_rom.cc:155:do_switch$3$rdmux[0][4][4]$b$103 [1] $memory$auto$proc_rom.cc:155:do_switch$3$rdmux[0][4][4]$b$103 [1] $memory$auto$proc_rom.cc:155:do_switch$3$rdmux[0][4][4]$b$103 [11] $memory$auto$proc_rom.cc:155:do_switch$3$rdmux[0][4][4]$b$103 [0] $memory$auto$proc_rom.cc:155:do_switch$3$rdmux[0][4][4]$b$103 [11] $memory$auto$proc_rom.cc:155:do_switch$3$rdmux[0][4][4]$b$103 [8] $memory$auto$proc_rom.cc:155:do_switch$3$rdmux[0][4][4]$b$103 [0] $memory$auto$proc_rom.cc:155:do_switch$3$rdmux[0][4][4]$b$103 [8] 1'0 $memory$auto$proc_rom.cc:155:do_switch$3$rdmux[0][4][4]$b$103 [3] 2'10 }
    Consolidated identical input bits for $mux cell $memory$auto$proc_rom.cc:155:do_switch$3$rdmux[0][5][8]$161:
      Old ports: A=$memory$auto$proc_rom.cc:155:do_switch$3$rdmux[0][5][8]$a$162, B=$memory$auto$proc_rom.cc:155:do_switch$3$rdmux[0][5][8]$b$163, Y=$memory$auto$proc_rom.cc:155:do_switch$3$rdmux[0][4][4]$a$102
      New ports: A={ 3'010 $memory$auto$proc_rom.cc:155:do_switch$3$rdmux[0][5][8]$a$162 [0] $memory$auto$proc_rom.cc:155:do_switch$3$rdmux[0][5][8]$a$162 [11] $memory$auto$proc_rom.cc:155:do_switch$3$rdmux[0][5][8]$a$162 [11] $memory$auto$proc_rom.cc:155:do_switch$3$rdmux[0][5][8]$a$162 [11] $memory$auto$proc_rom.cc:155:do_switch$3$rdmux[0][5][8]$a$162 [11] $memory$auto$proc_rom.cc:155:do_switch$3$rdmux[0][5][8]$a$162 [0] 1'1 $memory$auto$proc_rom.cc:155:do_switch$3$rdmux[0][5][8]$a$162 [0] 1'0 $memory$auto$proc_rom.cc:155:do_switch$3$rdmux[0][5][8]$a$162 [0] }, B={ $memory$auto$proc_rom.cc:155:do_switch$3$rdmux[0][5][8]$b$163 [6] $memory$auto$proc_rom.cc:155:do_switch$3$rdmux[0][5][8]$b$163 [1] 2'10 $memory$auto$proc_rom.cc:155:do_switch$3$rdmux[0][5][8]$b$163 [1] $memory$auto$proc_rom.cc:155:do_switch$3$rdmux[0][5][8]$b$163 [6] 2'10 $memory$auto$proc_rom.cc:155:do_switch$3$rdmux[0][5][8]$b$163 [6] 1'0 $memory$auto$proc_rom.cc:155:do_switch$3$rdmux[0][5][8]$b$163 [1] $memory$auto$proc_rom.cc:155:do_switch$3$rdmux[0][5][8]$b$163 [1] 1'1 }, Y={ $memory$auto$proc_rom.cc:155:do_switch$3$rdmux[0][4][4]$a$102 [29] $memory$auto$proc_rom.cc:155:do_switch$3$rdmux[0][4][4]$a$102 [23] $memory$auto$proc_rom.cc:155:do_switch$3$rdmux[0][4][4]$a$102 [20:19] $memory$auto$proc_rom.cc:155:do_switch$3$rdmux[0][4][4]$a$102 [17] $memory$auto$proc_rom.cc:155:do_switch$3$rdmux[0][4][4]$a$102 [14:13] $memory$auto$proc_rom.cc:155:do_switch$3$rdmux[0][4][4]$a$102 [11] $memory$auto$proc_rom.cc:155:do_switch$3$rdmux[0][4][4]$a$102 [6:5] $memory$auto$proc_rom.cc:155:do_switch$3$rdmux[0][4][4]$a$102 [2:0] }
      New connections: { $memory$auto$proc_rom.cc:155:do_switch$3$rdmux[0][4][4]$a$102 [31:30] $memory$auto$proc_rom.cc:155:do_switch$3$rdmux[0][4][4]$a$102 [28:24] $memory$auto$proc_rom.cc:155:do_switch$3$rdmux[0][4][4]$a$102 [22:21] $memory$auto$proc_rom.cc:155:do_switch$3$rdmux[0][4][4]$a$102 [18] $memory$auto$proc_rom.cc:155:do_switch$3$rdmux[0][4][4]$a$102 [16:15] $memory$auto$proc_rom.cc:155:do_switch$3$rdmux[0][4][4]$a$102 [12] $memory$auto$proc_rom.cc:155:do_switch$3$rdmux[0][4][4]$a$102 [10:7] $memory$auto$proc_rom.cc:155:do_switch$3$rdmux[0][4][4]$a$102 [4:3] } = { 1'0 $memory$auto$proc_rom.cc:155:do_switch$3$rdmux[0][4][4]$a$102 [0] $memory$auto$proc_rom.cc:155:do_switch$3$rdmux[0][4][4]$a$102 [6] $memory$auto$proc_rom.cc:155:do_switch$3$rdmux[0][4][4]$a$102 [1] $memory$auto$proc_rom.cc:155:do_switch$3$rdmux[0][4][4]$a$102 [5] $memory$auto$proc_rom.cc:155:do_switch$3$rdmux[0][4][4]$a$102 [20] $memory$auto$proc_rom.cc:155:do_switch$3$rdmux[0][4][4]$a$102 [0] $memory$auto$proc_rom.cc:155:do_switch$3$rdmux[0][4][4]$a$102 [13] $memory$auto$proc_rom.cc:155:do_switch$3$rdmux[0][4][4]$a$102 [14] $memory$auto$proc_rom.cc:155:do_switch$3$rdmux[0][4][4]$a$102 [11] $memory$auto$proc_rom.cc:155:do_switch$3$rdmux[0][4][4]$a$102 [1:0] 1'0 $memory$auto$proc_rom.cc:155:do_switch$3$rdmux[0][4][4]$a$102 [6] $memory$auto$proc_rom.cc:155:do_switch$3$rdmux[0][4][4]$a$102 [6:5] 1'1 $memory$auto$proc_rom.cc:155:do_switch$3$rdmux[0][4][4]$a$102 [2] $memory$auto$proc_rom.cc:155:do_switch$3$rdmux[0][4][4]$a$102 [0] }
    Consolidated identical input bits for $mux cell $memory$auto$proc_rom.cc:155:do_switch$3$rdmux[0][5][7]$158:
      Old ports: A=$memory$auto$proc_rom.cc:155:do_switch$3$rdmux[0][5][7]$a$159, B=$memory$auto$proc_rom.cc:155:do_switch$3$rdmux[0][5][7]$b$160, Y=$memory$auto$proc_rom.cc:155:do_switch$3$rdmux[0][4][3]$b$100
      New ports: A={ $memory$auto$proc_rom.cc:155:do_switch$3$rdmux[0][5][7]$a$159 [4] $memory$auto$proc_rom.cc:155:do_switch$3$rdmux[0][5][7]$a$159 [4] $memory$auto$proc_rom.cc:155:do_switch$3$rdmux[0][5][7]$a$159 [2] 4'1001 $memory$auto$proc_rom.cc:155:do_switch$3$rdmux[0][5][7]$a$159 [2] $memory$auto$proc_rom.cc:155:do_switch$3$rdmux[0][5][7]$a$159 [2] 1'1 $memory$auto$proc_rom.cc:155:do_switch$3$rdmux[0][5][7]$a$159 [4] $memory$auto$proc_rom.cc:155:do_switch$3$rdmux[0][5][7]$a$159 [2] 1'0 }, B={ 1'0 $memory$auto$proc_rom.cc:155:do_switch$3$rdmux[0][5][7]$b$160 [13] $memory$auto$proc_rom.cc:155:do_switch$3$rdmux[0][5][7]$b$160 [13] $memory$auto$proc_rom.cc:155:do_switch$3$rdmux[0][5][7]$b$160 [2] $memory$auto$proc_rom.cc:155:do_switch$3$rdmux[0][5][7]$b$160 [2] $memory$auto$proc_rom.cc:155:do_switch$3$rdmux[0][5][7]$b$160 [13] $memory$auto$proc_rom.cc:155:do_switch$3$rdmux[0][5][7]$b$160 [13] 4'1001 $memory$auto$proc_rom.cc:155:do_switch$3$rdmux[0][5][7]$b$160 [2] 1'1 }, Y={ $memory$auto$proc_rom.cc:155:do_switch$3$rdmux[0][4][3]$b$100 [30] $memory$auto$proc_rom.cc:155:do_switch$3$rdmux[0][4][3]$b$100 [28] $memory$auto$proc_rom.cc:155:do_switch$3$rdmux[0][4][3]$b$100 [22:21] $memory$auto$proc_rom.cc:155:do_switch$3$rdmux[0][4][3]$b$100 [17:16] $memory$auto$proc_rom.cc:155:do_switch$3$rdmux[0][4][3]$b$100 [13] $memory$auto$proc_rom.cc:155:do_switch$3$rdmux[0][4][3]$b$100 [10] $memory$auto$proc_rom.cc:155:do_switch$3$rdmux[0][4][3]$b$100 [8] $memory$auto$proc_rom.cc:155:do_switch$3$rdmux[0][4][3]$b$100 [6] $memory$auto$proc_rom.cc:155:do_switch$3$rdmux[0][4][3]$b$100 [4] $memory$auto$proc_rom.cc:155:do_switch$3$rdmux[0][4][3]$b$100 [2:1] }
      New connections: { $memory$auto$proc_rom.cc:155:do_switch$3$rdmux[0][4][3]$b$100 [31] $memory$auto$proc_rom.cc:155:do_switch$3$rdmux[0][4][3]$b$100 [29] $memory$auto$proc_rom.cc:155:do_switch$3$rdmux[0][4][3]$b$100 [27:23] $memory$auto$proc_rom.cc:155:do_switch$3$rdmux[0][4][3]$b$100 [20:18] $memory$auto$proc_rom.cc:155:do_switch$3$rdmux[0][4][3]$b$100 [15:14] $memory$auto$proc_rom.cc:155:do_switch$3$rdmux[0][4][3]$b$100 [12:11] $memory$auto$proc_rom.cc:155:do_switch$3$rdmux[0][4][3]$b$100 [9] $memory$auto$proc_rom.cc:155:do_switch$3$rdmux[0][4][3]$b$100 [7] $memory$auto$proc_rom.cc:155:do_switch$3$rdmux[0][4][3]$b$100 [5] $memory$auto$proc_rom.cc:155:do_switch$3$rdmux[0][4][3]$b$100 [3] $memory$auto$proc_rom.cc:155:do_switch$3$rdmux[0][4][3]$b$100 [0] } = { $memory$auto$proc_rom.cc:155:do_switch$3$rdmux[0][4][3]$b$100 [10] $memory$auto$proc_rom.cc:155:do_switch$3$rdmux[0][4][3]$b$100 [6] $memory$auto$proc_rom.cc:155:do_switch$3$rdmux[0][4][3]$b$100 [1] $memory$auto$proc_rom.cc:155:do_switch$3$rdmux[0][4][3]$b$100 [1] $memory$auto$proc_rom.cc:155:do_switch$3$rdmux[0][4][3]$b$100 [17] $memory$auto$proc_rom.cc:155:do_switch$3$rdmux[0][4][3]$b$100 [8] 1'0 $memory$auto$proc_rom.cc:155:do_switch$3$rdmux[0][4][3]$b$100 [10] $memory$auto$proc_rom.cc:155:do_switch$3$rdmux[0][4][3]$b$100 [8] $memory$auto$proc_rom.cc:155:do_switch$3$rdmux[0][4][3]$b$100 [4] $memory$auto$proc_rom.cc:155:do_switch$3$rdmux[0][4][3]$b$100 [8] 1'0 $memory$auto$proc_rom.cc:155:do_switch$3$rdmux[0][4][3]$b$100 [10] $memory$auto$proc_rom.cc:155:do_switch$3$rdmux[0][4][3]$b$100 [4] 1'0 $memory$auto$proc_rom.cc:155:do_switch$3$rdmux[0][4][3]$b$100 [1] $memory$auto$proc_rom.cc:155:do_switch$3$rdmux[0][4][3]$b$100 [4] 2'10 }
    Consolidated identical input bits for $mux cell $memory$auto$proc_rom.cc:155:do_switch$3$rdmux[0][5][6]$155:
      Old ports: A=$memory$auto$proc_rom.cc:155:do_switch$3$rdmux[0][5][6]$a$156, B=$memory$auto$proc_rom.cc:155:do_switch$3$rdmux[0][5][6]$b$157, Y=$memory$auto$proc_rom.cc:155:do_switch$3$rdmux[0][4][3]$a$99
      New ports: A={ 1'0 $memory$auto$proc_rom.cc:155:do_switch$3$rdmux[0][5][6]$a$156 [0] $memory$auto$proc_rom.cc:155:do_switch$3$rdmux[0][5][6]$a$156 [0] $memory$auto$proc_rom.cc:155:do_switch$3$rdmux[0][5][6]$a$156 [0] 2'11 $memory$auto$proc_rom.cc:155:do_switch$3$rdmux[0][5][6]$a$156 [3] 1'0 $memory$auto$proc_rom.cc:155:do_switch$3$rdmux[0][5][6]$a$156 [3] $memory$auto$proc_rom.cc:155:do_switch$3$rdmux[0][5][6]$a$156 [3] 1'1 $memory$auto$proc_rom.cc:155:do_switch$3$rdmux[0][5][6]$a$156 [0] }, B={ $memory$auto$proc_rom.cc:155:do_switch$3$rdmux[0][5][6]$b$157 [2] $memory$auto$proc_rom.cc:155:do_switch$3$rdmux[0][5][6]$b$157 [2] 3'100 $memory$auto$proc_rom.cc:155:do_switch$3$rdmux[0][5][6]$b$157 [0] $memory$auto$proc_rom.cc:155:do_switch$3$rdmux[0][5][6]$b$157 [2] 1'1 $memory$auto$proc_rom.cc:155:do_switch$3$rdmux[0][5][6]$b$157 [0] 1'0 $memory$auto$proc_rom.cc:155:do_switch$3$rdmux[0][5][6]$b$157 [2] $memory$auto$proc_rom.cc:155:do_switch$3$rdmux[0][5][6]$b$157 [0] }, Y={ $memory$auto$proc_rom.cc:155:do_switch$3$rdmux[0][4][3]$a$99 [23] $memory$auto$proc_rom.cc:155:do_switch$3$rdmux[0][4][3]$a$99 [21] $memory$auto$proc_rom.cc:155:do_switch$3$rdmux[0][4][3]$a$99 [14:12] $memory$auto$proc_rom.cc:155:do_switch$3$rdmux[0][4][3]$a$99 [10] $memory$auto$proc_rom.cc:155:do_switch$3$rdmux[0][4][3]$a$99 [6:2] $memory$auto$proc_rom.cc:155:do_switch$3$rdmux[0][4][3]$a$99 [0] }
      New connections: { $memory$auto$proc_rom.cc:155:do_switch$3$rdmux[0][4][3]$a$99 [31:24] $memory$auto$proc_rom.cc:155:do_switch$3$rdmux[0][4][3]$a$99 [22] $memory$auto$proc_rom.cc:155:do_switch$3$rdmux[0][4][3]$a$99 [20:15] $memory$auto$proc_rom.cc:155:do_switch$3$rdmux[0][4][3]$a$99 [11] $memory$auto$proc_rom.cc:155:do_switch$3$rdmux[0][4][3]$a$99 [9:7] $memory$auto$proc_rom.cc:155:do_switch$3$rdmux[0][4][3]$a$99 [1] } = { $memory$auto$proc_rom.cc:155:do_switch$3$rdmux[0][4][3]$a$99 [5] $memory$auto$proc_rom.cc:155:do_switch$3$rdmux[0][4][3]$a$99 [6] 1'1 $memory$auto$proc_rom.cc:155:do_switch$3$rdmux[0][4][3]$a$99 [2] $memory$auto$proc_rom.cc:155:do_switch$3$rdmux[0][4][3]$a$99 [10] $memory$auto$proc_rom.cc:155:do_switch$3$rdmux[0][4][3]$a$99 [2] $memory$auto$proc_rom.cc:155:do_switch$3$rdmux[0][4][3]$a$99 [6:5] $memory$auto$proc_rom.cc:155:do_switch$3$rdmux[0][4][3]$a$99 [5] $memory$auto$proc_rom.cc:155:do_switch$3$rdmux[0][4][3]$a$99 [6] $memory$auto$proc_rom.cc:155:do_switch$3$rdmux[0][4][3]$a$99 [12] $memory$auto$proc_rom.cc:155:do_switch$3$rdmux[0][4][3]$a$99 [3] 2'11 $memory$auto$proc_rom.cc:155:do_switch$3$rdmux[0][4][3]$a$99 [12] 1'0 $memory$auto$proc_rom.cc:155:do_switch$3$rdmux[0][4][3]$a$99 [5] $memory$auto$proc_rom.cc:155:do_switch$3$rdmux[0][4][3]$a$99 [3] 2'00 }
    Consolidated identical input bits for $mux cell $memory$auto$proc_rom.cc:155:do_switch$3$rdmux[0][5][5]$152:
      Old ports: A=$memory$auto$proc_rom.cc:155:do_switch$3$rdmux[0][5][5]$a$153, B=$memory$auto$proc_rom.cc:155:do_switch$3$rdmux[0][5][5]$b$154, Y=$memory$auto$proc_rom.cc:155:do_switch$3$rdmux[0][4][2]$b$97
      New ports: A={ $memory$auto$proc_rom.cc:155:do_switch$3$rdmux[0][5][5]$a$153 [6] $memory$auto$proc_rom.cc:155:do_switch$3$rdmux[0][5][5]$a$153 [7:6] 2'11 $memory$auto$proc_rom.cc:155:do_switch$3$rdmux[0][5][5]$a$153 [7:6] $memory$auto$proc_rom.cc:155:do_switch$3$rdmux[0][5][5]$a$153 [7] $memory$auto$proc_rom.cc:155:do_switch$3$rdmux[0][5][5]$a$153 [7:6] 3'000 }, B={ 3'100 $memory$auto$proc_rom.cc:155:do_switch$3$rdmux[0][5][5]$b$154 [2] 2'01 $memory$auto$proc_rom.cc:155:do_switch$3$rdmux[0][5][5]$b$154 [2] $memory$auto$proc_rom.cc:155:do_switch$3$rdmux[0][5][5]$b$154 [2] $memory$auto$proc_rom.cc:155:do_switch$3$rdmux[0][5][5]$b$154 [0] $memory$auto$proc_rom.cc:155:do_switch$3$rdmux[0][5][5]$b$154 [0] $memory$auto$proc_rom.cc:155:do_switch$3$rdmux[0][5][5]$b$154 [2] 1'1 $memory$auto$proc_rom.cc:155:do_switch$3$rdmux[0][5][5]$b$154 [0] }, Y={ $memory$auto$proc_rom.cc:155:do_switch$3$rdmux[0][4][2]$b$97 [31:30] $memory$auto$proc_rom.cc:155:do_switch$3$rdmux[0][4][2]$b$97 [23] $memory$auto$proc_rom.cc:155:do_switch$3$rdmux[0][4][2]$b$97 [18] $memory$auto$proc_rom.cc:155:do_switch$3$rdmux[0][4][2]$b$97 [15] $memory$auto$proc_rom.cc:155:do_switch$3$rdmux[0][4][2]$b$97 [10:6] $memory$auto$proc_rom.cc:155:do_switch$3$rdmux[0][4][2]$b$97 [2:0] }
      New connections: { $memory$auto$proc_rom.cc:155:do_switch$3$rdmux[0][4][2]$b$97 [29:24] $memory$auto$proc_rom.cc:155:do_switch$3$rdmux[0][4][2]$b$97 [22:19] $memory$auto$proc_rom.cc:155:do_switch$3$rdmux[0][4][2]$b$97 [17:16] $memory$auto$proc_rom.cc:155:do_switch$3$rdmux[0][4][2]$b$97 [14:11] $memory$auto$proc_rom.cc:155:do_switch$3$rdmux[0][4][2]$b$97 [5:3] } = { $memory$auto$proc_rom.cc:155:do_switch$3$rdmux[0][4][2]$b$97 [23] $memory$auto$proc_rom.cc:155:do_switch$3$rdmux[0][4][2]$b$97 [8] $memory$auto$proc_rom.cc:155:do_switch$3$rdmux[0][4][2]$b$97 [23] $memory$auto$proc_rom.cc:155:do_switch$3$rdmux[0][4][2]$b$97 [1] $memory$auto$proc_rom.cc:155:do_switch$3$rdmux[0][4][2]$b$97 [18] $memory$auto$proc_rom.cc:155:do_switch$3$rdmux[0][4][2]$b$97 [10] $memory$auto$proc_rom.cc:155:do_switch$3$rdmux[0][4][2]$b$97 [0] $memory$auto$proc_rom.cc:155:do_switch$3$rdmux[0][4][2]$b$97 [8] $memory$auto$proc_rom.cc:155:do_switch$3$rdmux[0][4][2]$b$97 [18] $memory$auto$proc_rom.cc:155:do_switch$3$rdmux[0][4][2]$b$97 [7] $memory$auto$proc_rom.cc:155:do_switch$3$rdmux[0][4][2]$b$97 [8] 1'0 $memory$auto$proc_rom.cc:155:do_switch$3$rdmux[0][4][2]$b$97 [9] $memory$auto$proc_rom.cc:155:do_switch$3$rdmux[0][4][2]$b$97 [10] 1'1 $memory$auto$proc_rom.cc:155:do_switch$3$rdmux[0][4][2]$b$97 [6] $memory$auto$proc_rom.cc:155:do_switch$3$rdmux[0][4][2]$b$97 [0] $memory$auto$proc_rom.cc:155:do_switch$3$rdmux[0][4][2]$b$97 [0] 1'1 }
    Consolidated identical input bits for $mux cell $memory$auto$proc_rom.cc:155:do_switch$3$rdmux[0][5][4]$149:
      Old ports: A=$memory$auto$proc_rom.cc:155:do_switch$3$rdmux[0][5][4]$a$150, B=$memory$auto$proc_rom.cc:155:do_switch$3$rdmux[0][5][4]$b$151, Y=$memory$auto$proc_rom.cc:155:do_switch$3$rdmux[0][4][2]$a$96
      New ports: A={ $memory$auto$proc_rom.cc:155:do_switch$3$rdmux[0][5][4]$a$150 [5] $memory$auto$proc_rom.cc:155:do_switch$3$rdmux[0][5][4]$a$150 [5] 2'00 $memory$auto$proc_rom.cc:155:do_switch$3$rdmux[0][5][4]$a$150 [3] $memory$auto$proc_rom.cc:155:do_switch$3$rdmux[0][5][4]$a$150 [3] 1'1 $memory$auto$proc_rom.cc:155:do_switch$3$rdmux[0][5][4]$a$150 [5] 1'1 $memory$auto$proc_rom.cc:155:do_switch$3$rdmux[0][5][4]$a$150 [3] 1'0 }, B={ $memory$auto$proc_rom.cc:155:do_switch$3$rdmux[0][5][4]$b$151 [9] 1'1 $memory$auto$proc_rom.cc:155:do_switch$3$rdmux[0][5][4]$b$151 [6] $memory$auto$proc_rom.cc:155:do_switch$3$rdmux[0][5][4]$b$151 [9] $memory$auto$proc_rom.cc:155:do_switch$3$rdmux[0][5][4]$b$151 [9] $memory$auto$proc_rom.cc:155:do_switch$3$rdmux[0][5][4]$b$151 [6] $memory$auto$proc_rom.cc:155:do_switch$3$rdmux[0][5][4]$b$151 [6] 4'0011 }, Y={ $memory$auto$proc_rom.cc:155:do_switch$3$rdmux[0][4][2]$a$96 [22] $memory$auto$proc_rom.cc:155:do_switch$3$rdmux[0][4][2]$a$96 [18:17] $memory$auto$proc_rom.cc:155:do_switch$3$rdmux[0][4][2]$a$96 [14] $memory$auto$proc_rom.cc:155:do_switch$3$rdmux[0][4][2]$a$96 [9] $memory$auto$proc_rom.cc:155:do_switch$3$rdmux[0][4][2]$a$96 [7:3] $memory$auto$proc_rom.cc:155:do_switch$3$rdmux[0][4][2]$a$96 [1] }
      New connections: { $memory$auto$proc_rom.cc:155:do_switch$3$rdmux[0][4][2]$a$96 [31:23] $memory$auto$proc_rom.cc:155:do_switch$3$rdmux[0][4][2]$a$96 [21:19] $memory$auto$proc_rom.cc:155:do_switch$3$rdmux[0][4][2]$a$96 [16:15] $memory$auto$proc_rom.cc:155:do_switch$3$rdmux[0][4][2]$a$96 [13:10] $memory$auto$proc_rom.cc:155:do_switch$3$rdmux[0][4][2]$a$96 [8] $memory$auto$proc_rom.cc:155:do_switch$3$rdmux[0][4][2]$a$96 [2] $memory$auto$proc_rom.cc:155:do_switch$3$rdmux[0][4][2]$a$96 [0] } = { $memory$auto$proc_rom.cc:155:do_switch$3$rdmux[0][4][2]$a$96 [22] $memory$auto$proc_rom.cc:155:do_switch$3$rdmux[0][4][2]$a$96 [4] $memory$auto$proc_rom.cc:155:do_switch$3$rdmux[0][4][2]$a$96 [22] $memory$auto$proc_rom.cc:155:do_switch$3$rdmux[0][4][2]$a$96 [14] 1'1 $memory$auto$proc_rom.cc:155:do_switch$3$rdmux[0][4][2]$a$96 [4] 1'1 $memory$auto$proc_rom.cc:155:do_switch$3$rdmux[0][4][2]$a$96 [5] $memory$auto$proc_rom.cc:155:do_switch$3$rdmux[0][4][2]$a$96 [18] $memory$auto$proc_rom.cc:155:do_switch$3$rdmux[0][4][2]$a$96 [3] $memory$auto$proc_rom.cc:155:do_switch$3$rdmux[0][4][2]$a$96 [3] 1'0 $memory$auto$proc_rom.cc:155:do_switch$3$rdmux[0][4][2]$a$96 [4] $memory$auto$proc_rom.cc:155:do_switch$3$rdmux[0][4][2]$a$96 [4] $memory$auto$proc_rom.cc:155:do_switch$3$rdmux[0][4][2]$a$96 [1] $memory$auto$proc_rom.cc:155:do_switch$3$rdmux[0][4][2]$a$96 [1] $memory$auto$proc_rom.cc:155:do_switch$3$rdmux[0][4][2]$a$96 [6] $memory$auto$proc_rom.cc:155:do_switch$3$rdmux[0][4][2]$a$96 [9] $memory$auto$proc_rom.cc:155:do_switch$3$rdmux[0][4][2]$a$96 [5] 2'11 }
    Consolidated identical input bits for $mux cell $memory$auto$proc_rom.cc:155:do_switch$3$rdmux[0][5][3]$146:
      Old ports: A=$memory$auto$proc_rom.cc:155:do_switch$3$rdmux[0][5][3]$a$147, B=$memory$auto$proc_rom.cc:155:do_switch$3$rdmux[0][5][3]$b$148, Y=$memory$auto$proc_rom.cc:155:do_switch$3$rdmux[0][4][1]$b$94
      New ports: A={ 1'0 $memory$auto$proc_rom.cc:155:do_switch$3$rdmux[0][5][3]$a$147 [8] $memory$auto$proc_rom.cc:155:do_switch$3$rdmux[0][5][3]$a$147 [8] 1'1 $memory$auto$proc_rom.cc:155:do_switch$3$rdmux[0][5][3]$a$147 [2] $memory$auto$proc_rom.cc:155:do_switch$3$rdmux[0][5][3]$a$147 [8] 1'1 $memory$auto$proc_rom.cc:155:do_switch$3$rdmux[0][5][3]$a$147 [2] $memory$auto$proc_rom.cc:155:do_switch$3$rdmux[0][5][3]$a$147 [2] 2'10 }, B={ $memory$auto$proc_rom.cc:155:do_switch$3$rdmux[0][5][3]$b$148 [1] 1'1 $memory$auto$proc_rom.cc:155:do_switch$3$rdmux[0][5][3]$b$148 [5] 1'0 $memory$auto$proc_rom.cc:155:do_switch$3$rdmux[0][5][3]$b$148 [5] 1'0 $memory$auto$proc_rom.cc:155:do_switch$3$rdmux[0][5][3]$b$148 [5] 2'10 $memory$auto$proc_rom.cc:155:do_switch$3$rdmux[0][5][3]$b$148 [1] 1'1 }, Y={ $memory$auto$proc_rom.cc:155:do_switch$3$rdmux[0][4][1]$b$94 [31] $memory$auto$proc_rom.cc:155:do_switch$3$rdmux[0][4][1]$b$94 [26] $memory$auto$proc_rom.cc:155:do_switch$3$rdmux[0][4][1]$b$94 [16] $memory$auto$proc_rom.cc:155:do_switch$3$rdmux[0][4][1]$b$94 [13] $memory$auto$proc_rom.cc:155:do_switch$3$rdmux[0][4][1]$b$94 [11] $memory$auto$proc_rom.cc:155:do_switch$3$rdmux[0][4][1]$b$94 [8] $memory$auto$proc_rom.cc:155:do_switch$3$rdmux[0][4][1]$b$94 [5] $memory$auto$proc_rom.cc:155:do_switch$3$rdmux[0][4][1]$b$94 [3:0] }
      New connections: { $memory$auto$proc_rom.cc:155:do_switch$3$rdmux[0][4][1]$b$94 [30:27] $memory$auto$proc_rom.cc:155:do_switch$3$rdmux[0][4][1]$b$94 [25:17] $memory$auto$proc_rom.cc:155:do_switch$3$rdmux[0][4][1]$b$94 [15:14] $memory$auto$proc_rom.cc:155:do_switch$3$rdmux[0][4][1]$b$94 [12] $memory$auto$proc_rom.cc:155:do_switch$3$rdmux[0][4][1]$b$94 [10:9] $memory$auto$proc_rom.cc:155:do_switch$3$rdmux[0][4][1]$b$94 [7:6] $memory$auto$proc_rom.cc:155:do_switch$3$rdmux[0][4][1]$b$94 [4] } = { 1'1 $memory$auto$proc_rom.cc:155:do_switch$3$rdmux[0][4][1]$b$94 [13] $memory$auto$proc_rom.cc:155:do_switch$3$rdmux[0][4][1]$b$94 [5] 2'01 $memory$auto$proc_rom.cc:155:do_switch$3$rdmux[0][4][1]$b$94 [0] $memory$auto$proc_rom.cc:155:do_switch$3$rdmux[0][4][1]$b$94 [13] $memory$auto$proc_rom.cc:155:do_switch$3$rdmux[0][4][1]$b$94 [5] $memory$auto$proc_rom.cc:155:do_switch$3$rdmux[0][4][1]$b$94 [16] $memory$auto$proc_rom.cc:155:do_switch$3$rdmux[0][4][1]$b$94 [0] 2'11 $memory$auto$proc_rom.cc:155:do_switch$3$rdmux[0][4][1]$b$94 [5] $memory$auto$proc_rom.cc:155:do_switch$3$rdmux[0][4][1]$b$94 [13] $memory$auto$proc_rom.cc:155:do_switch$3$rdmux[0][4][1]$b$94 [3] $memory$auto$proc_rom.cc:155:do_switch$3$rdmux[0][4][1]$b$94 [11] 1'1 $memory$auto$proc_rom.cc:155:do_switch$3$rdmux[0][4][1]$b$94 [3:2] $memory$auto$proc_rom.cc:155:do_switch$3$rdmux[0][4][1]$b$94 [5] $memory$auto$proc_rom.cc:155:do_switch$3$rdmux[0][4][1]$b$94 [1] }
    Consolidated identical input bits for $mux cell $memory$auto$proc_rom.cc:155:do_switch$3$rdmux[0][5][2]$143:
      Old ports: A=$memory$auto$proc_rom.cc:155:do_switch$3$rdmux[0][5][2]$a$144, B=$memory$auto$proc_rom.cc:155:do_switch$3$rdmux[0][5][2]$b$145, Y=$memory$auto$proc_rom.cc:155:do_switch$3$rdmux[0][4][1]$a$93
      New ports: A={ 2'10 $memory$auto$proc_rom.cc:155:do_switch$3$rdmux[0][5][2]$a$144 [2:1] 1'1 $memory$auto$proc_rom.cc:155:do_switch$3$rdmux[0][5][2]$a$144 [2] $memory$auto$proc_rom.cc:155:do_switch$3$rdmux[0][5][2]$a$144 [2:1] 1'0 $memory$auto$proc_rom.cc:155:do_switch$3$rdmux[0][5][2]$a$144 [1] $memory$auto$proc_rom.cc:155:do_switch$3$rdmux[0][5][2]$a$144 [2:1] 1'1 }, B={ $memory$auto$proc_rom.cc:155:do_switch$3$rdmux[0][5][2]$b$145 [5] 1'1 $memory$auto$proc_rom.cc:155:do_switch$3$rdmux[0][5][2]$b$145 [5] 3'001 $memory$auto$proc_rom.cc:155:do_switch$3$rdmux[0][5][2]$b$145 [0] $memory$auto$proc_rom.cc:155:do_switch$3$rdmux[0][5][2]$b$145 [5] $memory$auto$proc_rom.cc:155:do_switch$3$rdmux[0][5][2]$b$145 [5] $memory$auto$proc_rom.cc:155:do_switch$3$rdmux[0][5][2]$b$145 [0] 2'01 $memory$auto$proc_rom.cc:155:do_switch$3$rdmux[0][5][2]$b$145 [0] }, Y={ $memory$auto$proc_rom.cc:155:do_switch$3$rdmux[0][4][1]$a$93 [27:26] $memory$auto$proc_rom.cc:155:do_switch$3$rdmux[0][4][1]$a$93 [20] $memory$auto$proc_rom.cc:155:do_switch$3$rdmux[0][4][1]$a$93 [16] $memory$auto$proc_rom.cc:155:do_switch$3$rdmux[0][4][1]$a$93 [12] $memory$auto$proc_rom.cc:155:do_switch$3$rdmux[0][4][1]$a$93 [8:4] $memory$auto$proc_rom.cc:155:do_switch$3$rdmux[0][4][1]$a$93 [2:0] }
      New connections: { $memory$auto$proc_rom.cc:155:do_switch$3$rdmux[0][4][1]$a$93 [31:28] $memory$auto$proc_rom.cc:155:do_switch$3$rdmux[0][4][1]$a$93 [25:21] $memory$auto$proc_rom.cc:155:do_switch$3$rdmux[0][4][1]$a$93 [19:17] $memory$auto$proc_rom.cc:155:do_switch$3$rdmux[0][4][1]$a$93 [15:13] $memory$auto$proc_rom.cc:155:do_switch$3$rdmux[0][4][1]$a$93 [11:9] $memory$auto$proc_rom.cc:155:do_switch$3$rdmux[0][4][1]$a$93 [3] } = { $memory$auto$proc_rom.cc:155:do_switch$3$rdmux[0][4][1]$a$93 [26] $memory$auto$proc_rom.cc:155:do_switch$3$rdmux[0][4][1]$a$93 [1] $memory$auto$proc_rom.cc:155:do_switch$3$rdmux[0][4][1]$a$93 [2] $memory$auto$proc_rom.cc:155:do_switch$3$rdmux[0][4][1]$a$93 [16] $memory$auto$proc_rom.cc:155:do_switch$3$rdmux[0][4][1]$a$93 [16] $memory$auto$proc_rom.cc:155:do_switch$3$rdmux[0][4][1]$a$93 [0] $memory$auto$proc_rom.cc:155:do_switch$3$rdmux[0][4][1]$a$93 [1] $memory$auto$proc_rom.cc:155:do_switch$3$rdmux[0][4][1]$a$93 [8] $memory$auto$proc_rom.cc:155:do_switch$3$rdmux[0][4][1]$a$93 [20] $memory$auto$proc_rom.cc:155:do_switch$3$rdmux[0][4][1]$a$93 [12] 1'1 $memory$auto$proc_rom.cc:155:do_switch$3$rdmux[0][4][1]$a$93 [0] 1'0 $memory$auto$proc_rom.cc:155:do_switch$3$rdmux[0][4][1]$a$93 [7] $memory$auto$proc_rom.cc:155:do_switch$3$rdmux[0][4][1]$a$93 [0] $memory$auto$proc_rom.cc:155:do_switch$3$rdmux[0][4][1]$a$93 [2] $memory$auto$proc_rom.cc:155:do_switch$3$rdmux[0][4][1]$a$93 [6] $memory$auto$proc_rom.cc:155:do_switch$3$rdmux[0][4][1]$a$93 [1] $memory$auto$proc_rom.cc:155:do_switch$3$rdmux[0][4][1]$a$93 [2] }
    Consolidated identical input bits for $mux cell $memory$auto$proc_rom.cc:155:do_switch$3$rdmux[0][5][1]$140:
      Old ports: A=$memory$auto$proc_rom.cc:155:do_switch$3$rdmux[0][5][1]$a$141, B=$memory$auto$proc_rom.cc:155:do_switch$3$rdmux[0][5][1]$b$142, Y=$memory$auto$proc_rom.cc:155:do_switch$3$rdmux[0][4][0]$b$91
      New ports: A={ 1'1 $memory$auto$proc_rom.cc:155:do_switch$3$rdmux[0][5][1]$a$141 [0] 2'10 $memory$auto$proc_rom.cc:155:do_switch$3$rdmux[0][5][1]$a$141 [0] $memory$auto$proc_rom.cc:155:do_switch$3$rdmux[0][5][1]$a$141 [3] 1'0 $memory$auto$proc_rom.cc:155:do_switch$3$rdmux[0][5][1]$a$141 [3] 1'1 $memory$auto$proc_rom.cc:155:do_switch$3$rdmux[0][5][1]$a$141 [0] $memory$auto$proc_rom.cc:155:do_switch$3$rdmux[0][5][1]$a$141 [3] $memory$auto$proc_rom.cc:155:do_switch$3$rdmux[0][5][1]$a$141 [3] 1'0 $memory$auto$proc_rom.cc:155:do_switch$3$rdmux[0][5][1]$a$141 [0] }, B={ $memory$auto$proc_rom.cc:155:do_switch$3$rdmux[0][5][1]$b$142 [17] $memory$auto$proc_rom.cc:155:do_switch$3$rdmux[0][5][1]$b$142 [17] 1'0 $memory$auto$proc_rom.cc:155:do_switch$3$rdmux[0][5][1]$b$142 [17] 1'1 $memory$auto$proc_rom.cc:155:do_switch$3$rdmux[0][5][1]$b$142 [17] 2'11 $memory$auto$proc_rom.cc:155:do_switch$3$rdmux[0][5][1]$b$142 [0] 1'0 $memory$auto$proc_rom.cc:155:do_switch$3$rdmux[0][5][1]$b$142 [0] 1'0 $memory$auto$proc_rom.cc:155:do_switch$3$rdmux[0][5][1]$b$142 [0] $memory$auto$proc_rom.cc:155:do_switch$3$rdmux[0][5][1]$b$142 [0] }, Y={ $memory$auto$proc_rom.cc:155:do_switch$3$rdmux[0][4][0]$b$91 [31] $memory$auto$proc_rom.cc:155:do_switch$3$rdmux[0][4][0]$b$91 [27] $memory$auto$proc_rom.cc:155:do_switch$3$rdmux[0][4][0]$b$91 [25] $memory$auto$proc_rom.cc:155:do_switch$3$rdmux[0][4][0]$b$91 [22] $memory$auto$proc_rom.cc:155:do_switch$3$rdmux[0][4][0]$b$91 [18:17] $memory$auto$proc_rom.cc:155:do_switch$3$rdmux[0][4][0]$b$91 [11:9] $memory$auto$proc_rom.cc:155:do_switch$3$rdmux[0][4][0]$b$91 [7] $memory$auto$proc_rom.cc:155:do_switch$3$rdmux[0][4][0]$b$91 [5] $memory$auto$proc_rom.cc:155:do_switch$3$rdmux[0][4][0]$b$91 [3] $memory$auto$proc_rom.cc:155:do_switch$3$rdmux[0][4][0]$b$91 [1:0] }
      New connections: { $memory$auto$proc_rom.cc:155:do_switch$3$rdmux[0][4][0]$b$91 [30:28] $memory$auto$proc_rom.cc:155:do_switch$3$rdmux[0][4][0]$b$91 [26] $memory$auto$proc_rom.cc:155:do_switch$3$rdmux[0][4][0]$b$91 [24:23] $memory$auto$proc_rom.cc:155:do_switch$3$rdmux[0][4][0]$b$91 [21:19] $memory$auto$proc_rom.cc:155:do_switch$3$rdmux[0][4][0]$b$91 [16:12] $memory$auto$proc_rom.cc:155:do_switch$3$rdmux[0][4][0]$b$91 [8] $memory$auto$proc_rom.cc:155:do_switch$3$rdmux[0][4][0]$b$91 [6] $memory$auto$proc_rom.cc:155:do_switch$3$rdmux[0][4][0]$b$91 [4] $memory$auto$proc_rom.cc:155:do_switch$3$rdmux[0][4][0]$b$91 [2] } = { $memory$auto$proc_rom.cc:155:do_switch$3$rdmux[0][4][0]$b$91 [1] 1'1 $memory$auto$proc_rom.cc:155:do_switch$3$rdmux[0][4][0]$b$91 [25] $memory$auto$proc_rom.cc:155:do_switch$3$rdmux[0][4][0]$b$91 [7] $memory$auto$proc_rom.cc:155:do_switch$3$rdmux[0][4][0]$b$91 [18] $memory$auto$proc_rom.cc:155:do_switch$3$rdmux[0][4][0]$b$91 [5] $memory$auto$proc_rom.cc:155:do_switch$3$rdmux[0][4][0]$b$91 [3] $memory$auto$proc_rom.cc:155:do_switch$3$rdmux[0][4][0]$b$91 [9] $memory$auto$proc_rom.cc:155:do_switch$3$rdmux[0][4][0]$b$91 [5] 1'0 $memory$auto$proc_rom.cc:155:do_switch$3$rdmux[0][4][0]$b$91 [10] $memory$auto$proc_rom.cc:155:do_switch$3$rdmux[0][4][0]$b$91 [1] $memory$auto$proc_rom.cc:155:do_switch$3$rdmux[0][4][0]$b$91 [11] $memory$auto$proc_rom.cc:155:do_switch$3$rdmux[0][4][0]$b$91 [1] $memory$auto$proc_rom.cc:155:do_switch$3$rdmux[0][4][0]$b$91 [3] $memory$auto$proc_rom.cc:155:do_switch$3$rdmux[0][4][0]$b$91 [5] $memory$auto$proc_rom.cc:155:do_switch$3$rdmux[0][4][0]$b$91 [3] 1'0 }
    Consolidated identical input bits for $mux cell $memory$auto$proc_rom.cc:155:do_switch$3$rdmux[0][5][0]$137:
      Old ports: A=$memory$auto$proc_rom.cc:155:do_switch$3$rdmux[0][5][0]$a$138, B=$memory$auto$proc_rom.cc:155:do_switch$3$rdmux[0][5][0]$b$139, Y=$memory$auto$proc_rom.cc:155:do_switch$3$rdmux[0][4][0]$a$90
      New ports: A={ $memory$auto$proc_rom.cc:155:do_switch$3$rdmux[0][5][0]$a$138 [2:1] 3'010 $memory$auto$proc_rom.cc:155:do_switch$3$rdmux[0][5][0]$a$138 [1] $memory$auto$proc_rom.cc:155:do_switch$3$rdmux[0][5][0]$a$138 [2] 2'10 $memory$auto$proc_rom.cc:155:do_switch$3$rdmux[0][5][0]$a$138 [1] $memory$auto$proc_rom.cc:155:do_switch$3$rdmux[0][5][0]$a$138 [2:1] }, B={ 1'1 $memory$auto$proc_rom.cc:155:do_switch$3$rdmux[0][5][0]$b$139 [2] 1'1 $memory$auto$proc_rom.cc:155:do_switch$3$rdmux[0][5][0]$b$139 [3] $memory$auto$proc_rom.cc:155:do_switch$3$rdmux[0][5][0]$b$139 [3] 3'100 $memory$auto$proc_rom.cc:155:do_switch$3$rdmux[0][5][0]$b$139 [2] $memory$auto$proc_rom.cc:155:do_switch$3$rdmux[0][5][0]$b$139 [3:2] 1'0 }, Y={ $memory$auto$proc_rom.cc:155:do_switch$3$rdmux[0][4][0]$a$90 [28] $memory$auto$proc_rom.cc:155:do_switch$3$rdmux[0][4][0]$a$90 [25] $memory$auto$proc_rom.cc:155:do_switch$3$rdmux[0][4][0]$a$90 [18] $memory$auto$proc_rom.cc:155:do_switch$3$rdmux[0][4][0]$a$90 [15] $memory$auto$proc_rom.cc:155:do_switch$3$rdmux[0][4][0]$a$90 [12:11] $memory$auto$proc_rom.cc:155:do_switch$3$rdmux[0][4][0]$a$90 [9] $memory$auto$proc_rom.cc:155:do_switch$3$rdmux[0][4][0]$a$90 [5:1] }
      New connections: { $memory$auto$proc_rom.cc:155:do_switch$3$rdmux[0][4][0]$a$90 [31:29] $memory$auto$proc_rom.cc:155:do_switch$3$rdmux[0][4][0]$a$90 [27:26] $memory$auto$proc_rom.cc:155:do_switch$3$rdmux[0][4][0]$a$90 [24:19] $memory$auto$proc_rom.cc:155:do_switch$3$rdmux[0][4][0]$a$90 [17:16] $memory$auto$proc_rom.cc:155:do_switch$3$rdmux[0][4][0]$a$90 [14:13] $memory$auto$proc_rom.cc:155:do_switch$3$rdmux[0][4][0]$a$90 [10] $memory$auto$proc_rom.cc:155:do_switch$3$rdmux[0][4][0]$a$90 [8:6] $memory$auto$proc_rom.cc:155:do_switch$3$rdmux[0][4][0]$a$90 [0] } = { $memory$auto$proc_rom.cc:155:do_switch$3$rdmux[0][4][0]$a$90 [1] $memory$auto$proc_rom.cc:155:do_switch$3$rdmux[0][4][0]$a$90 [5] $memory$auto$proc_rom.cc:155:do_switch$3$rdmux[0][4][0]$a$90 [11] 2'10 $memory$auto$proc_rom.cc:155:do_switch$3$rdmux[0][4][0]$a$90 [4] $memory$auto$proc_rom.cc:155:do_switch$3$rdmux[0][4][0]$a$90 [5:4] 1'1 $memory$auto$proc_rom.cc:155:do_switch$3$rdmux[0][4][0]$a$90 [1] 2'01 $memory$auto$proc_rom.cc:155:do_switch$3$rdmux[0][4][0]$a$90 [3:2] $memory$auto$proc_rom.cc:155:do_switch$3$rdmux[0][4][0]$a$90 [12] $memory$auto$proc_rom.cc:155:do_switch$3$rdmux[0][4][0]$a$90 [1] $memory$auto$proc_rom.cc:155:do_switch$3$rdmux[0][4][0]$a$90 [2] 1'1 $memory$auto$proc_rom.cc:155:do_switch$3$rdmux[0][4][0]$a$90 [2] 1'1 }
  Optimizing cells in module \sweep_128x32_portable.
    Consolidated identical input bits for $mux cell $memory$auto$proc_rom.cc:155:do_switch$3$rdmux[0][4][15]$134:
      Old ports: A=$memory$auto$proc_rom.cc:155:do_switch$3$rdmux[0][4][15]$a$135, B=$memory$auto$proc_rom.cc:155:do_switch$3$rdmux[0][4][15]$b$136, Y=$memory$auto$proc_rom.cc:155:do_switch$3$rdmux[0][3][7]$b$88
      New ports: A={ $memory$auto$proc_rom.cc:155:do_switch$3$rdmux[0][4][15]$a$135 [11] $memory$auto$proc_rom.cc:155:do_switch$3$rdmux[0][4][15]$a$135 [6] $memory$auto$proc_rom.cc:155:do_switch$3$rdmux[0][4][15]$a$135 [14] $memory$auto$proc_rom.cc:155:do_switch$3$rdmux[0][4][15]$a$135 [0] $memory$auto$proc_rom.cc:155:do_switch$3$rdmux[0][4][15]$a$135 [10] $memory$auto$proc_rom.cc:155:do_switch$3$rdmux[0][4][15]$a$135 [13] $memory$auto$proc_rom.cc:155:do_switch$3$rdmux[0][4][15]$a$135 [24] $memory$auto$proc_rom.cc:155:do_switch$3$rdmux[0][4][15]$a$135 [6] $memory$auto$proc_rom.cc:155:do_switch$3$rdmux[0][4][15]$a$135 [6] $memory$auto$proc_rom.cc:155:do_switch$3$rdmux[0][4][15]$a$135 [13] $memory$auto$proc_rom.cc:155:do_switch$3$rdmux[0][4][15]$a$135 [11:10] $memory$auto$proc_rom.cc:155:do_switch$3$rdmux[0][4][15]$a$135 [14] $memory$auto$proc_rom.cc:155:do_switch$3$rdmux[0][4][15]$a$135 [8] $memory$auto$proc_rom.cc:155:do_switch$3$rdmux[0][4][15]$a$135 [15:13] $memory$auto$proc_rom.cc:155:do_switch$3$rdmux[0][4][15]$a$135 [1] $memory$auto$proc_rom.cc:155:do_switch$3$rdmux[0][4][15]$a$135 [11:10] $memory$auto$proc_rom.cc:155:do_switch$3$rdmux[0][4][15]$a$135 [0] $memory$auto$proc_rom.cc:155:do_switch$3$rdmux[0][4][15]$a$135 [8] $memory$auto$proc_rom.cc:155:do_switch$3$rdmux[0][4][15]$a$135 [4] $memory$auto$proc_rom.cc:155:do_switch$3$rdmux[0][4][15]$a$135 [6] 1'1 $memory$auto$proc_rom.cc:155:do_switch$3$rdmux[0][4][15]$a$135 [4] $memory$auto$proc_rom.cc:155:do_switch$3$rdmux[0][4][15]$a$135 [2] $memory$auto$proc_rom.cc:155:do_switch$3$rdmux[0][4][15]$a$135 [2:0] }, B={ $memory$auto$proc_rom.cc:155:do_switch$3$rdmux[0][4][15]$b$136 [8] 1'1 $memory$auto$proc_rom.cc:155:do_switch$3$rdmux[0][4][15]$b$136 [11] $memory$auto$proc_rom.cc:155:do_switch$3$rdmux[0][4][15]$b$136 [27] 1'1 $memory$auto$proc_rom.cc:155:do_switch$3$rdmux[0][4][15]$b$136 [5] $memory$auto$proc_rom.cc:155:do_switch$3$rdmux[0][4][15]$b$136 [6] $memory$auto$proc_rom.cc:155:do_switch$3$rdmux[0][4][15]$b$136 [1] $memory$auto$proc_rom.cc:155:do_switch$3$rdmux[0][4][15]$b$136 [2] $memory$auto$proc_rom.cc:155:do_switch$3$rdmux[0][4][15]$b$136 [8:7] $memory$auto$proc_rom.cc:155:do_switch$3$rdmux[0][4][15]$b$136 [2] $memory$auto$proc_rom.cc:155:do_switch$3$rdmux[0][4][15]$b$136 [3] $memory$auto$proc_rom.cc:155:do_switch$3$rdmux[0][4][15]$b$136 [3] $memory$auto$proc_rom.cc:155:do_switch$3$rdmux[0][4][15]$b$136 [15] $memory$auto$proc_rom.cc:155:do_switch$3$rdmux[0][4][15]$b$136 [7] $memory$auto$proc_rom.cc:155:do_switch$3$rdmux[0][4][15]$b$136 [1] $memory$auto$proc_rom.cc:155:do_switch$3$rdmux[0][4][15]$b$136 [3] $memory$auto$proc_rom.cc:155:do_switch$3$rdmux[0][4][15]$b$136 [11:10] $memory$auto$proc_rom.cc:155:do_switch$3$rdmux[0][4][15]$b$136 [6] $memory$auto$proc_rom.cc:155:do_switch$3$rdmux[0][4][15]$b$136 [8:1] 1'0 }, Y={ $memory$auto$proc_rom.cc:155:do_switch$3$rdmux[0][3][7]$b$88 [31:29] $memory$auto$proc_rom.cc:155:do_switch$3$rdmux[0][3][7]$b$88 [27:17] $memory$auto$proc_rom.cc:155:do_switch$3$rdmux[0][3][7]$b$88 [15:0] }
      New connections: { $memory$auto$proc_rom.cc:155:do_switch$3$rdmux[0][3][7]$b$88 [28] $memory$auto$proc_rom.cc:155:do_switch$3$rdmux[0][3][7]$b$88 [16] } = { $memory$auto$proc_rom.cc:155:do_switch$3$rdmux[0][3][7]$b$88 [23] $memory$auto$proc_rom.cc:155:do_switch$3$rdmux[0][3][7]$b$88 [5] }
    Consolidated identical input bits for $mux cell $memory$auto$proc_rom.cc:155:do_switch$3$rdmux[0][4][14]$131:
      Old ports: A=$memory$auto$proc_rom.cc:155:do_switch$3$rdmux[0][4][14]$a$132, B=$memory$auto$proc_rom.cc:155:do_switch$3$rdmux[0][4][14]$b$133, Y=$memory$auto$proc_rom.cc:155:do_switch$3$rdmux[0][3][7]$a$87
      New ports: A={ $memory$auto$proc_rom.cc:155:do_switch$3$rdmux[0][4][14]$a$132 [3] $memory$auto$proc_rom.cc:155:do_switch$3$rdmux[0][4][14]$a$132 [6] $memory$auto$proc_rom.cc:155:do_switch$3$rdmux[0][4][14]$a$132 [20] $memory$auto$proc_rom.cc:155:do_switch$3$rdmux[0][4][14]$a$132 [13] $memory$auto$proc_rom.cc:155:do_switch$3$rdmux[0][4][14]$a$132 [13] 2'10 $memory$auto$proc_rom.cc:155:do_switch$3$rdmux[0][4][14]$a$132 [2] 1'0 $memory$auto$proc_rom.cc:155:do_switch$3$rdmux[0][4][14]$a$132 [1] $memory$auto$proc_rom.cc:155:do_switch$3$rdmux[0][4][14]$a$132 [9] $memory$auto$proc_rom.cc:155:do_switch$3$rdmux[0][4][14]$a$132 [20] $memory$auto$proc_rom.cc:155:do_switch$3$rdmux[0][4][14]$a$132 [2:1] 1'0 $memory$auto$proc_rom.cc:155:do_switch$3$rdmux[0][4][14]$a$132 [14] $memory$auto$proc_rom.cc:155:do_switch$3$rdmux[0][4][14]$a$132 [14:13] 1'1 $memory$auto$proc_rom.cc:155:do_switch$3$rdmux[0][4][14]$a$132 [9] $memory$auto$proc_rom.cc:155:do_switch$3$rdmux[0][4][14]$a$132 [7] $memory$auto$proc_rom.cc:155:do_switch$3$rdmux[0][4][14]$a$132 [9] $memory$auto$proc_rom.cc:155:do_switch$3$rdmux[0][4][14]$a$132 [6] $memory$auto$proc_rom.cc:155:do_switch$3$rdmux[0][4][14]$a$132 [7:5] $memory$auto$proc_rom.cc:155:do_switch$3$rdmux[0][4][14]$a$132 [1] $memory$auto$proc_rom.cc:155:do_switch$3$rdmux[0][4][14]$a$132 [3:0] }, B={ $memory$auto$proc_rom.cc:155:do_switch$3$rdmux[0][4][14]$b$133 [20] $memory$auto$proc_rom.cc:155:do_switch$3$rdmux[0][4][14]$b$133 [20] $memory$auto$proc_rom.cc:155:do_switch$3$rdmux[0][4][14]$b$133 [29] $memory$auto$proc_rom.cc:155:do_switch$3$rdmux[0][4][14]$b$133 [6] $memory$auto$proc_rom.cc:155:do_switch$3$rdmux[0][4][14]$b$133 [26] $memory$auto$proc_rom.cc:155:do_switch$3$rdmux[0][4][14]$b$133 [26] $memory$auto$proc_rom.cc:155:do_switch$3$rdmux[0][4][14]$b$133 [20] $memory$auto$proc_rom.cc:155:do_switch$3$rdmux[0][4][14]$b$133 [14] $memory$auto$proc_rom.cc:155:do_switch$3$rdmux[0][4][14]$b$133 [2] $memory$auto$proc_rom.cc:155:do_switch$3$rdmux[0][4][14]$b$133 [22] $memory$auto$proc_rom.cc:155:do_switch$3$rdmux[0][4][14]$b$133 [2] $memory$auto$proc_rom.cc:155:do_switch$3$rdmux[0][4][14]$b$133 [20] $memory$auto$proc_rom.cc:155:do_switch$3$rdmux[0][4][14]$b$133 [7:6] $memory$auto$proc_rom.cc:155:do_switch$3$rdmux[0][4][14]$b$133 [13] $memory$auto$proc_rom.cc:155:do_switch$3$rdmux[0][4][14]$b$133 [1] $memory$auto$proc_rom.cc:155:do_switch$3$rdmux[0][4][14]$b$133 [14:13] $memory$auto$proc_rom.cc:155:do_switch$3$rdmux[0][4][14]$b$133 [2] $memory$auto$proc_rom.cc:155:do_switch$3$rdmux[0][4][14]$b$133 [11] $memory$auto$proc_rom.cc:155:do_switch$3$rdmux[0][4][14]$b$133 [2] $memory$auto$proc_rom.cc:155:do_switch$3$rdmux[0][4][14]$b$133 [9] $memory$auto$proc_rom.cc:155:do_switch$3$rdmux[0][4][14]$b$133 [7] $memory$auto$proc_rom.cc:155:do_switch$3$rdmux[0][4][14]$b$133 [7:4] 1'1 $memory$auto$proc_rom.cc:155:do_switch$3$rdmux[0][4][14]$b$133 [2:1] 1'1 }, Y={ $memory$auto$proc_rom.cc:155:do_switch$3$rdmux[0][3][7]$a$87 [31:20] $memory$auto$proc_rom.cc:155:do_switch$3$rdmux[0][3][7]$a$87 [18:0] }
      New connections: $memory$auto$proc_rom.cc:155:do_switch$3$rdmux[0][3][7]$a$87 [19] = 1'1
    Consolidated identical input bits for $mux cell $memory$auto$proc_rom.cc:155:do_switch$3$rdmux[0][4][13]$128:
      Old ports: A=$memory$auto$proc_rom.cc:155:do_switch$3$rdmux[0][4][13]$a$129, B=$memory$auto$proc_rom.cc:155:do_switch$3$rdmux[0][4][13]$b$130, Y=$memory$auto$proc_rom.cc:155:do_switch$3$rdmux[0][3][6]$b$85
      New ports: A={ $memory$auto$proc_rom.cc:155:do_switch$3$rdmux[0][4][13]$a$129 [16] $memory$auto$proc_rom.cc:155:do_switch$3$rdmux[0][4][13]$a$129 [0] $memory$auto$proc_rom.cc:155:do_switch$3$rdmux[0][4][13]$a$129 [1:0] $memory$auto$proc_rom.cc:155:do_switch$3$rdmux[0][4][13]$a$129 [5] $memory$auto$proc_rom.cc:155:do_switch$3$rdmux[0][4][13]$a$129 [1:0] 1'0 $memory$auto$proc_rom.cc:155:do_switch$3$rdmux[0][4][13]$a$129 [16] $memory$auto$proc_rom.cc:155:do_switch$3$rdmux[0][4][13]$a$129 [18] $memory$auto$proc_rom.cc:155:do_switch$3$rdmux[0][4][13]$a$129 [2] $memory$auto$proc_rom.cc:155:do_switch$3$rdmux[0][4][13]$a$129 [19:16] $memory$auto$proc_rom.cc:155:do_switch$3$rdmux[0][4][13]$a$129 [12] $memory$auto$proc_rom.cc:155:do_switch$3$rdmux[0][4][13]$a$129 [13:12] $memory$auto$proc_rom.cc:155:do_switch$3$rdmux[0][4][13]$a$129 [4] $memory$auto$proc_rom.cc:155:do_switch$3$rdmux[0][4][13]$a$129 [2] $memory$auto$proc_rom.cc:155:do_switch$3$rdmux[0][4][13]$a$129 [9] $memory$auto$proc_rom.cc:155:do_switch$3$rdmux[0][4][13]$a$129 [3] $memory$auto$proc_rom.cc:155:do_switch$3$rdmux[0][4][13]$a$129 [5:4] $memory$auto$proc_rom.cc:155:do_switch$3$rdmux[0][4][13]$a$129 [5:0] }, B={ $memory$auto$proc_rom.cc:155:do_switch$3$rdmux[0][4][13]$b$130 [11] $memory$auto$proc_rom.cc:155:do_switch$3$rdmux[0][4][13]$b$130 [30] 3'111 $memory$auto$proc_rom.cc:155:do_switch$3$rdmux[0][4][13]$b$130 [24] $memory$auto$proc_rom.cc:155:do_switch$3$rdmux[0][4][13]$b$130 [3] $memory$auto$proc_rom.cc:155:do_switch$3$rdmux[0][4][13]$b$130 [24] $memory$auto$proc_rom.cc:155:do_switch$3$rdmux[0][4][13]$b$130 [19] $memory$auto$proc_rom.cc:155:do_switch$3$rdmux[0][4][13]$b$130 [5] $memory$auto$proc_rom.cc:155:do_switch$3$rdmux[0][4][13]$b$130 [3] $memory$auto$proc_rom.cc:155:do_switch$3$rdmux[0][4][13]$b$130 [19] $memory$auto$proc_rom.cc:155:do_switch$3$rdmux[0][4][13]$b$130 [16] 1'0 $memory$auto$proc_rom.cc:155:do_switch$3$rdmux[0][4][13]$b$130 [16] $memory$auto$proc_rom.cc:155:do_switch$3$rdmux[0][4][13]$b$130 [3] $memory$auto$proc_rom.cc:155:do_switch$3$rdmux[0][4][13]$b$130 [10] $memory$auto$proc_rom.cc:155:do_switch$3$rdmux[0][4][13]$b$130 [4] $memory$auto$proc_rom.cc:155:do_switch$3$rdmux[0][4][13]$b$130 [11:10] $memory$auto$proc_rom.cc:155:do_switch$3$rdmux[0][4][13]$b$130 [6] $memory$auto$proc_rom.cc:155:do_switch$3$rdmux[0][4][13]$b$130 [8:3] 2'00 $memory$auto$proc_rom.cc:155:do_switch$3$rdmux[0][4][13]$b$130 [0] }, Y={ $memory$auto$proc_rom.cc:155:do_switch$3$rdmux[0][3][6]$b$85 [31:22] $memory$auto$proc_rom.cc:155:do_switch$3$rdmux[0][3][6]$b$85 [20:15] $memory$auto$proc_rom.cc:155:do_switch$3$rdmux[0][3][6]$b$85 [13:0] }
      New connections: { $memory$auto$proc_rom.cc:155:do_switch$3$rdmux[0][3][6]$b$85 [21] $memory$auto$proc_rom.cc:155:do_switch$3$rdmux[0][3][6]$b$85 [14] } = { $memory$auto$proc_rom.cc:155:do_switch$3$rdmux[0][3][6]$b$85 [16] $memory$auto$proc_rom.cc:155:do_switch$3$rdmux[0][3][6]$b$85 [12] }
    Consolidated identical input bits for $mux cell $memory$auto$proc_rom.cc:155:do_switch$3$rdmux[0][4][12]$125:
      Old ports: A=$memory$auto$proc_rom.cc:155:do_switch$3$rdmux[0][4][12]$a$126, B=$memory$auto$proc_rom.cc:155:do_switch$3$rdmux[0][4][12]$b$127, Y=$memory$auto$proc_rom.cc:155:do_switch$3$rdmux[0][3][6]$a$84
      New ports: A={ $memory$auto$proc_rom.cc:155:do_switch$3$rdmux[0][4][12]$a$126 [27] $memory$auto$proc_rom.cc:155:do_switch$3$rdmux[0][4][12]$a$126 [3] $memory$auto$proc_rom.cc:155:do_switch$3$rdmux[0][4][12]$a$126 [17] $memory$auto$proc_rom.cc:155:do_switch$3$rdmux[0][4][12]$a$126 [3] $memory$auto$proc_rom.cc:155:do_switch$3$rdmux[0][4][12]$a$126 [27] $memory$auto$proc_rom.cc:155:do_switch$3$rdmux[0][4][12]$a$126 [2] $memory$auto$proc_rom.cc:155:do_switch$3$rdmux[0][4][12]$a$126 [17] 1'1 $memory$auto$proc_rom.cc:155:do_switch$3$rdmux[0][4][12]$a$126 [0] 1'1 $memory$auto$proc_rom.cc:155:do_switch$3$rdmux[0][4][12]$a$126 [0] 1'0 $memory$auto$proc_rom.cc:155:do_switch$3$rdmux[0][4][12]$a$126 [0] $memory$auto$proc_rom.cc:155:do_switch$3$rdmux[0][4][12]$a$126 [17:16] $memory$auto$proc_rom.cc:155:do_switch$3$rdmux[0][4][12]$a$126 [9] $memory$auto$proc_rom.cc:155:do_switch$3$rdmux[0][4][12]$a$126 [1] $memory$auto$proc_rom.cc:155:do_switch$3$rdmux[0][4][12]$a$126 [7] $memory$auto$proc_rom.cc:155:do_switch$3$rdmux[0][4][12]$a$126 [3] $memory$auto$proc_rom.cc:155:do_switch$3$rdmux[0][4][12]$a$126 [1] $memory$auto$proc_rom.cc:155:do_switch$3$rdmux[0][4][12]$a$126 [9] $memory$auto$proc_rom.cc:155:do_switch$3$rdmux[0][4][12]$a$126 [7] $memory$auto$proc_rom.cc:155:do_switch$3$rdmux[0][4][12]$a$126 [7:5] 1'0 $memory$auto$proc_rom.cc:155:do_switch$3$rdmux[0][4][12]$a$126 [3:0] }, B={ $memory$auto$proc_rom.cc:155:do_switch$3$rdmux[0][4][12]$b$127 [31] $memory$auto$proc_rom.cc:155:do_switch$3$rdmux[0][4][12]$b$127 [23] $memory$auto$proc_rom.cc:155:do_switch$3$rdmux[0][4][12]$b$127 [0] $memory$auto$proc_rom.cc:155:do_switch$3$rdmux[0][4][12]$b$127 [12] $memory$auto$proc_rom.cc:155:do_switch$3$rdmux[0][4][12]$b$127 [16] $memory$auto$proc_rom.cc:155:do_switch$3$rdmux[0][4][12]$b$127 [4:3] $memory$auto$proc_rom.cc:155:do_switch$3$rdmux[0][4][12]$b$127 [0] $memory$auto$proc_rom.cc:155:do_switch$3$rdmux[0][4][12]$b$127 [23] $memory$auto$proc_rom.cc:155:do_switch$3$rdmux[0][4][12]$b$127 [4] $memory$auto$proc_rom.cc:155:do_switch$3$rdmux[0][4][12]$b$127 [16] $memory$auto$proc_rom.cc:155:do_switch$3$rdmux[0][4][12]$b$127 [9] 1'1 $memory$auto$proc_rom.cc:155:do_switch$3$rdmux[0][4][12]$b$127 [9] $memory$auto$proc_rom.cc:155:do_switch$3$rdmux[0][4][12]$b$127 [16] $memory$auto$proc_rom.cc:155:do_switch$3$rdmux[0][4][12]$b$127 [1] 1'0 $memory$auto$proc_rom.cc:155:do_switch$3$rdmux[0][4][12]$b$127 [12:11] $memory$auto$proc_rom.cc:155:do_switch$3$rdmux[0][4][12]$b$127 [5] $memory$auto$proc_rom.cc:155:do_switch$3$rdmux[0][4][12]$b$127 [9] $memory$auto$proc_rom.cc:155:do_switch$3$rdmux[0][4][12]$b$127 [3] $memory$auto$proc_rom.cc:155:do_switch$3$rdmux[0][4][12]$b$127 [0] $memory$auto$proc_rom.cc:155:do_switch$3$rdmux[0][4][12]$b$127 [6:3] $memory$auto$proc_rom.cc:155:do_switch$3$rdmux[0][4][12]$b$127 [1] $memory$auto$proc_rom.cc:155:do_switch$3$rdmux[0][4][12]$b$127 [1:0] }, Y={ $memory$auto$proc_rom.cc:155:do_switch$3$rdmux[0][3][6]$a$84 [31:20] $memory$auto$proc_rom.cc:155:do_switch$3$rdmux[0][3][6]$a$84 [18:14] $memory$auto$proc_rom.cc:155:do_switch$3$rdmux[0][3][6]$a$84 [12:0] }
      New connections: { $memory$auto$proc_rom.cc:155:do_switch$3$rdmux[0][3][6]$a$84 [19] $memory$auto$proc_rom.cc:155:do_switch$3$rdmux[0][3][6]$a$84 [13] } = { $memory$auto$proc_rom.cc:155:do_switch$3$rdmux[0][3][6]$a$84 [3] $memory$auto$proc_rom.cc:155:do_switch$3$rdmux[0][3][6]$a$84 [10] }
    Consolidated identical input bits for $mux cell $memory$auto$proc_rom.cc:155:do_switch$3$rdmux[0][4][11]$122:
      Old ports: A=$memory$auto$proc_rom.cc:155:do_switch$3$rdmux[0][4][11]$a$123, B=$memory$auto$proc_rom.cc:155:do_switch$3$rdmux[0][4][11]$b$124, Y=$memory$auto$proc_rom.cc:155:do_switch$3$rdmux[0][3][5]$b$82
      New ports: A={ $memory$auto$proc_rom.cc:155:do_switch$3$rdmux[0][4][11]$a$123 [2] 1'0 $memory$auto$proc_rom.cc:155:do_switch$3$rdmux[0][4][11]$a$123 [21] $memory$auto$proc_rom.cc:155:do_switch$3$rdmux[0][4][11]$a$123 [0] $memory$auto$proc_rom.cc:155:do_switch$3$rdmux[0][4][11]$a$123 [27] $memory$auto$proc_rom.cc:155:do_switch$3$rdmux[0][4][11]$a$123 [20] $memory$auto$proc_rom.cc:155:do_switch$3$rdmux[0][4][11]$a$123 [20] $memory$auto$proc_rom.cc:155:do_switch$3$rdmux[0][4][11]$a$123 [2] $memory$auto$proc_rom.cc:155:do_switch$3$rdmux[0][4][11]$a$123 [5] $memory$auto$proc_rom.cc:155:do_switch$3$rdmux[0][4][11]$a$123 [7] $memory$auto$proc_rom.cc:155:do_switch$3$rdmux[0][4][11]$a$123 [21:20] $memory$auto$proc_rom.cc:155:do_switch$3$rdmux[0][4][11]$a$123 [6] $memory$auto$proc_rom.cc:155:do_switch$3$rdmux[0][4][11]$a$123 [4] $memory$auto$proc_rom.cc:155:do_switch$3$rdmux[0][4][11]$a$123 [2] $memory$auto$proc_rom.cc:155:do_switch$3$rdmux[0][4][11]$a$123 [2] 1'0 $memory$auto$proc_rom.cc:155:do_switch$3$rdmux[0][4][11]$a$123 [4] $memory$auto$proc_rom.cc:155:do_switch$3$rdmux[0][4][11]$a$123 [5] $memory$auto$proc_rom.cc:155:do_switch$3$rdmux[0][4][11]$a$123 [6] $memory$auto$proc_rom.cc:155:do_switch$3$rdmux[0][4][11]$a$123 [9] $memory$auto$proc_rom.cc:155:do_switch$3$rdmux[0][4][11]$a$123 [9:2] 1'0 $memory$auto$proc_rom.cc:155:do_switch$3$rdmux[0][4][11]$a$123 [0] }, B={ $memory$auto$proc_rom.cc:155:do_switch$3$rdmux[0][4][11]$b$124 [3] $memory$auto$proc_rom.cc:155:do_switch$3$rdmux[0][4][11]$b$124 [4] $memory$auto$proc_rom.cc:155:do_switch$3$rdmux[0][4][11]$b$124 [7] $memory$auto$proc_rom.cc:155:do_switch$3$rdmux[0][4][11]$b$124 [24] $memory$auto$proc_rom.cc:155:do_switch$3$rdmux[0][4][11]$b$124 [4] $memory$auto$proc_rom.cc:155:do_switch$3$rdmux[0][4][11]$b$124 [4] $memory$auto$proc_rom.cc:155:do_switch$3$rdmux[0][4][11]$b$124 [6] $memory$auto$proc_rom.cc:155:do_switch$3$rdmux[0][4][11]$b$124 [24] 1'0 $memory$auto$proc_rom.cc:155:do_switch$3$rdmux[0][4][11]$b$124 [6] $memory$auto$proc_rom.cc:155:do_switch$3$rdmux[0][4][11]$b$124 [21] $memory$auto$proc_rom.cc:155:do_switch$3$rdmux[0][4][11]$b$124 [11] 1'0 $memory$auto$proc_rom.cc:155:do_switch$3$rdmux[0][4][11]$b$124 [5] $memory$auto$proc_rom.cc:155:do_switch$3$rdmux[0][4][11]$b$124 [11] $memory$auto$proc_rom.cc:155:do_switch$3$rdmux[0][4][11]$b$124 [5] $memory$auto$proc_rom.cc:155:do_switch$3$rdmux[0][4][11]$b$124 [12] 1'1 $memory$auto$proc_rom.cc:155:do_switch$3$rdmux[0][4][11]$b$124 [12:11] $memory$auto$proc_rom.cc:155:do_switch$3$rdmux[0][4][11]$b$124 [0] $memory$auto$proc_rom.cc:155:do_switch$3$rdmux[0][4][11]$b$124 [5:4] $memory$auto$proc_rom.cc:155:do_switch$3$rdmux[0][4][11]$b$124 [7:2] $memory$auto$proc_rom.cc:155:do_switch$3$rdmux[0][4][11]$b$124 [0] $memory$auto$proc_rom.cc:155:do_switch$3$rdmux[0][4][11]$b$124 [0] }, Y={ $memory$auto$proc_rom.cc:155:do_switch$3$rdmux[0][3][5]$b$82 [31:18] $memory$auto$proc_rom.cc:155:do_switch$3$rdmux[0][3][5]$b$82 [16:0] }
      New connections: $memory$auto$proc_rom.cc:155:do_switch$3$rdmux[0][3][5]$b$82 [17] = $memory$auto$proc_rom.cc:155:do_switch$3$rdmux[0][3][5]$b$82 [5]
    Consolidated identical input bits for $mux cell $memory$auto$proc_rom.cc:155:do_switch$3$rdmux[0][4][10]$119:
      Old ports: A=$memory$auto$proc_rom.cc:155:do_switch$3$rdmux[0][4][10]$a$120, B=$memory$auto$proc_rom.cc:155:do_switch$3$rdmux[0][4][10]$b$121, Y=$memory$auto$proc_rom.cc:155:do_switch$3$rdmux[0][3][5]$a$81
      New ports: A={ $memory$auto$proc_rom.cc:155:do_switch$3$rdmux[0][4][10]$a$120 [10] $memory$auto$proc_rom.cc:155:do_switch$3$rdmux[0][4][10]$a$120 [30] $memory$auto$proc_rom.cc:155:do_switch$3$rdmux[0][4][10]$a$120 [3] $memory$auto$proc_rom.cc:155:do_switch$3$rdmux[0][4][10]$a$120 [1] $memory$auto$proc_rom.cc:155:do_switch$3$rdmux[0][4][10]$a$120 [21] $memory$auto$proc_rom.cc:155:do_switch$3$rdmux[0][4][10]$a$120 [10] 1'1 $memory$auto$proc_rom.cc:155:do_switch$3$rdmux[0][4][10]$a$120 [3] $memory$auto$proc_rom.cc:155:do_switch$3$rdmux[0][4][10]$a$120 [21:19] $memory$auto$proc_rom.cc:155:do_switch$3$rdmux[0][4][10]$a$120 [10] $memory$auto$proc_rom.cc:155:do_switch$3$rdmux[0][4][10]$a$120 [12] 1'0 $memory$auto$proc_rom.cc:155:do_switch$3$rdmux[0][4][10]$a$120 [0] $memory$auto$proc_rom.cc:155:do_switch$3$rdmux[0][4][10]$a$120 [12:10] $memory$auto$proc_rom.cc:155:do_switch$3$rdmux[0][4][10]$a$120 [5] $memory$auto$proc_rom.cc:155:do_switch$3$rdmux[0][4][10]$a$120 [8] 2'11 $memory$auto$proc_rom.cc:155:do_switch$3$rdmux[0][4][10]$a$120 [5] $memory$auto$proc_rom.cc:155:do_switch$3$rdmux[0][4][10]$a$120 [0] $memory$auto$proc_rom.cc:155:do_switch$3$rdmux[0][4][10]$a$120 [3:0] }, B={ $memory$auto$proc_rom.cc:155:do_switch$3$rdmux[0][4][10]$b$121 [2] $memory$auto$proc_rom.cc:155:do_switch$3$rdmux[0][4][10]$b$121 [27] $memory$auto$proc_rom.cc:155:do_switch$3$rdmux[0][4][10]$b$121 [10] $memory$auto$proc_rom.cc:155:do_switch$3$rdmux[0][4][10]$b$121 [27] $memory$auto$proc_rom.cc:155:do_switch$3$rdmux[0][4][10]$b$121 [0] $memory$auto$proc_rom.cc:155:do_switch$3$rdmux[0][4][10]$b$121 [19] $memory$auto$proc_rom.cc:155:do_switch$3$rdmux[0][4][10]$b$121 [0] $memory$auto$proc_rom.cc:155:do_switch$3$rdmux[0][4][10]$b$121 [17] $memory$auto$proc_rom.cc:155:do_switch$3$rdmux[0][4][10]$b$121 [21:19] $memory$auto$proc_rom.cc:155:do_switch$3$rdmux[0][4][10]$b$121 [17] $memory$auto$proc_rom.cc:155:do_switch$3$rdmux[0][4][10]$b$121 [17:16] $memory$auto$proc_rom.cc:155:do_switch$3$rdmux[0][4][10]$b$121 [1] $memory$auto$proc_rom.cc:155:do_switch$3$rdmux[0][4][10]$b$121 [3] $memory$auto$proc_rom.cc:155:do_switch$3$rdmux[0][4][10]$b$121 [9] $memory$auto$proc_rom.cc:155:do_switch$3$rdmux[0][4][10]$b$121 [10:9] $memory$auto$proc_rom.cc:155:do_switch$3$rdmux[0][4][10]$b$121 [2] $memory$auto$proc_rom.cc:155:do_switch$3$rdmux[0][4][10]$b$121 [3] $memory$auto$proc_rom.cc:155:do_switch$3$rdmux[0][4][10]$b$121 [1] $memory$auto$proc_rom.cc:155:do_switch$3$rdmux[0][4][10]$b$121 [2] $memory$auto$proc_rom.cc:155:do_switch$3$rdmux[0][4][10]$b$121 [3] $memory$auto$proc_rom.cc:155:do_switch$3$rdmux[0][4][10]$b$121 [3:0] }, Y={ $memory$auto$proc_rom.cc:155:do_switch$3$rdmux[0][3][5]$a$81 [31:29] $memory$auto$proc_rom.cc:155:do_switch$3$rdmux[0][3][5]$a$81 [27:23] $memory$auto$proc_rom.cc:155:do_switch$3$rdmux[0][3][5]$a$81 [21:16] $memory$auto$proc_rom.cc:155:do_switch$3$rdmux[0][3][5]$a$81 [13:0] }
      New connections: { $memory$auto$proc_rom.cc:155:do_switch$3$rdmux[0][3][5]$a$81 [28] $memory$auto$proc_rom.cc:155:do_switch$3$rdmux[0][3][5]$a$81 [22] $memory$auto$proc_rom.cc:155:do_switch$3$rdmux[0][3][5]$a$81 [15:14] } = { $memory$auto$proc_rom.cc:155:do_switch$3$rdmux[0][3][5]$a$81 [20] $memory$auto$proc_rom.cc:155:do_switch$3$rdmux[0][3][5]$a$81 [16] $memory$auto$proc_rom.cc:155:do_switch$3$rdmux[0][3][5]$a$81 [1] $memory$auto$proc_rom.cc:155:do_switch$3$rdmux[0][3][5]$a$81 [3] }
    Consolidated identical input bits for $mux cell $memory$auto$proc_rom.cc:155:do_switch$3$rdmux[0][4][9]$116:
      Old ports: A=$memory$auto$proc_rom.cc:155:do_switch$3$rdmux[0][4][9]$a$117, B=$memory$auto$proc_rom.cc:155:do_switch$3$rdmux[0][4][9]$b$118, Y=$memory$auto$proc_rom.cc:155:do_switch$3$rdmux[0][3][4]$b$79
      New ports: A={ $memory$auto$proc_rom.cc:155:do_switch$3$rdmux[0][4][9]$a$117 [4] $memory$auto$proc_rom.cc:155:do_switch$3$rdmux[0][4][9]$a$117 [10] $memory$auto$proc_rom.cc:155:do_switch$3$rdmux[0][4][9]$a$117 [13] $memory$auto$proc_rom.cc:155:do_switch$3$rdmux[0][4][9]$a$117 [2] $memory$auto$proc_rom.cc:155:do_switch$3$rdmux[0][4][9]$a$117 [27] $memory$auto$proc_rom.cc:155:do_switch$3$rdmux[0][4][9]$a$117 [2] $memory$auto$proc_rom.cc:155:do_switch$3$rdmux[0][4][9]$a$117 [6] $memory$auto$proc_rom.cc:155:do_switch$3$rdmux[0][4][9]$a$117 [4] 2'10 $memory$auto$proc_rom.cc:155:do_switch$3$rdmux[0][4][9]$a$117 [5] $memory$auto$proc_rom.cc:155:do_switch$3$rdmux[0][4][9]$a$117 [2] $memory$auto$proc_rom.cc:155:do_switch$3$rdmux[0][4][9]$a$117 [7] $memory$auto$proc_rom.cc:155:do_switch$3$rdmux[0][4][9]$a$117 [5] $memory$auto$proc_rom.cc:155:do_switch$3$rdmux[0][4][9]$a$117 [2] 1'1 $memory$auto$proc_rom.cc:155:do_switch$3$rdmux[0][4][9]$a$117 [13] $memory$auto$proc_rom.cc:155:do_switch$3$rdmux[0][4][9]$a$117 [11] $memory$auto$proc_rom.cc:155:do_switch$3$rdmux[0][4][9]$a$117 [11:9] $memory$auto$proc_rom.cc:155:do_switch$3$rdmux[0][4][9]$a$117 [6] $memory$auto$proc_rom.cc:155:do_switch$3$rdmux[0][4][9]$a$117 [7:1] 1'0 }, B={ $memory$auto$proc_rom.cc:155:do_switch$3$rdmux[0][4][9]$b$118 [20] $memory$auto$proc_rom.cc:155:do_switch$3$rdmux[0][4][9]$b$118 [1] $memory$auto$proc_rom.cc:155:do_switch$3$rdmux[0][4][9]$b$118 [5] $memory$auto$proc_rom.cc:155:do_switch$3$rdmux[0][4][9]$b$118 [0] $memory$auto$proc_rom.cc:155:do_switch$3$rdmux[0][4][9]$b$118 [21:20] 1'0 $memory$auto$proc_rom.cc:155:do_switch$3$rdmux[0][4][9]$b$118 [15] $memory$auto$proc_rom.cc:155:do_switch$3$rdmux[0][4][9]$b$118 [8] $memory$auto$proc_rom.cc:155:do_switch$3$rdmux[0][4][9]$b$118 [21:20] $memory$auto$proc_rom.cc:155:do_switch$3$rdmux[0][4][9]$b$118 [4] $memory$auto$proc_rom.cc:155:do_switch$3$rdmux[0][4][9]$b$118 [9] $memory$auto$proc_rom.cc:155:do_switch$3$rdmux[0][4][9]$b$118 [12] $memory$auto$proc_rom.cc:155:do_switch$3$rdmux[0][4][9]$b$118 [15] $memory$auto$proc_rom.cc:155:do_switch$3$rdmux[0][4][9]$b$118 [3] $memory$auto$proc_rom.cc:155:do_switch$3$rdmux[0][4][9]$b$118 [13:12] $memory$auto$proc_rom.cc:155:do_switch$3$rdmux[0][4][9]$b$118 [1] $memory$auto$proc_rom.cc:155:do_switch$3$rdmux[0][4][9]$b$118 [5] $memory$auto$proc_rom.cc:155:do_switch$3$rdmux[0][4][9]$b$118 [9:8] $memory$auto$proc_rom.cc:155:do_switch$3$rdmux[0][4][9]$b$118 [5] $memory$auto$proc_rom.cc:155:do_switch$3$rdmux[0][4][9]$b$118 [1] $memory$auto$proc_rom.cc:155:do_switch$3$rdmux[0][4][9]$b$118 [5:3] $memory$auto$proc_rom.cc:155:do_switch$3$rdmux[0][4][9]$b$118 [1] $memory$auto$proc_rom.cc:155:do_switch$3$rdmux[0][4][9]$b$118 [1:0] }, Y={ $memory$auto$proc_rom.cc:155:do_switch$3$rdmux[0][3][4]$b$79 [31:27] $memory$auto$proc_rom.cc:155:do_switch$3$rdmux[0][3][4]$b$79 [25:19] $memory$auto$proc_rom.cc:155:do_switch$3$rdmux[0][3][4]$b$79 [17:0] }
      New connections: { $memory$auto$proc_rom.cc:155:do_switch$3$rdmux[0][3][4]$b$79 [26] $memory$auto$proc_rom.cc:155:do_switch$3$rdmux[0][3][4]$b$79 [18] } = { 1'0 $memory$auto$proc_rom.cc:155:do_switch$3$rdmux[0][3][4]$b$79 [11] }
    Consolidated identical input bits for $mux cell $memory$auto$proc_rom.cc:155:do_switch$3$rdmux[0][4][8]$113:
      Old ports: A=$memory$auto$proc_rom.cc:155:do_switch$3$rdmux[0][4][8]$a$114, B=$memory$auto$proc_rom.cc:155:do_switch$3$rdmux[0][4][8]$b$115, Y=$memory$auto$proc_rom.cc:155:do_switch$3$rdmux[0][3][4]$a$78
      New ports: A={ $memory$auto$proc_rom.cc:155:do_switch$3$rdmux[0][4][8]$a$114 [16] $memory$auto$proc_rom.cc:155:do_switch$3$rdmux[0][4][8]$a$114 [4] $memory$auto$proc_rom.cc:155:do_switch$3$rdmux[0][4][8]$a$114 [22] $memory$auto$proc_rom.cc:155:do_switch$3$rdmux[0][4][8]$a$114 [18] $memory$auto$proc_rom.cc:155:do_switch$3$rdmux[0][4][8]$a$114 [1] $memory$auto$proc_rom.cc:155:do_switch$3$rdmux[0][4][8]$a$114 [6] $memory$auto$proc_rom.cc:155:do_switch$3$rdmux[0][4][8]$a$114 [7] $memory$auto$proc_rom.cc:155:do_switch$3$rdmux[0][4][8]$a$114 [7] $memory$auto$proc_rom.cc:155:do_switch$3$rdmux[0][4][8]$a$114 [22] 1'0 $memory$auto$proc_rom.cc:155:do_switch$3$rdmux[0][4][8]$a$114 [11] $memory$auto$proc_rom.cc:155:do_switch$3$rdmux[0][4][8]$a$114 [18] $memory$auto$proc_rom.cc:155:do_switch$3$rdmux[0][4][8]$a$114 [6] $memory$auto$proc_rom.cc:155:do_switch$3$rdmux[0][4][8]$a$114 [16] $memory$auto$proc_rom.cc:155:do_switch$3$rdmux[0][4][8]$a$114 [6] $memory$auto$proc_rom.cc:155:do_switch$3$rdmux[0][4][8]$a$114 [2] $memory$auto$proc_rom.cc:155:do_switch$3$rdmux[0][4][8]$a$114 [8] $memory$auto$proc_rom.cc:155:do_switch$3$rdmux[0][4][8]$a$114 [11] $memory$auto$proc_rom.cc:155:do_switch$3$rdmux[0][4][8]$a$114 [2] 1'0 $memory$auto$proc_rom.cc:155:do_switch$3$rdmux[0][4][8]$a$114 [8:6] $memory$auto$proc_rom.cc:155:do_switch$3$rdmux[0][4][8]$a$114 [3] $memory$auto$proc_rom.cc:155:do_switch$3$rdmux[0][4][8]$a$114 [4:0] }, B={ $memory$auto$proc_rom.cc:155:do_switch$3$rdmux[0][4][8]$b$115 [0] $memory$auto$proc_rom.cc:155:do_switch$3$rdmux[0][4][8]$b$115 [7] $memory$auto$proc_rom.cc:155:do_switch$3$rdmux[0][4][8]$b$115 [1] $memory$auto$proc_rom.cc:155:do_switch$3$rdmux[0][4][8]$b$115 [10] $memory$auto$proc_rom.cc:155:do_switch$3$rdmux[0][4][8]$b$115 [0] $memory$auto$proc_rom.cc:155:do_switch$3$rdmux[0][4][8]$b$115 [26] $memory$auto$proc_rom.cc:155:do_switch$3$rdmux[0][4][8]$b$115 [2:1] $memory$auto$proc_rom.cc:155:do_switch$3$rdmux[0][4][8]$b$115 [3] $memory$auto$proc_rom.cc:155:do_switch$3$rdmux[0][4][8]$b$115 [19] $memory$auto$proc_rom.cc:155:do_switch$3$rdmux[0][4][8]$b$115 [19] $memory$auto$proc_rom.cc:155:do_switch$3$rdmux[0][4][8]$b$115 [1] $memory$auto$proc_rom.cc:155:do_switch$3$rdmux[0][4][8]$b$115 [12] $memory$auto$proc_rom.cc:155:do_switch$3$rdmux[0][4][8]$b$115 [4] 1'0 $memory$auto$proc_rom.cc:155:do_switch$3$rdmux[0][4][8]$b$115 [13:12] $memory$auto$proc_rom.cc:155:do_switch$3$rdmux[0][4][8]$b$115 [0] $memory$auto$proc_rom.cc:155:do_switch$3$rdmux[0][4][8]$b$115 [10] 1'1 $memory$auto$proc_rom.cc:155:do_switch$3$rdmux[0][4][8]$b$115 [1] $memory$auto$proc_rom.cc:155:do_switch$3$rdmux[0][4][8]$b$115 [7] $memory$auto$proc_rom.cc:155:do_switch$3$rdmux[0][4][8]$b$115 [2:1] $memory$auto$proc_rom.cc:155:do_switch$3$rdmux[0][4][8]$b$115 [4:0] }, Y={ $memory$auto$proc_rom.cc:155:do_switch$3$rdmux[0][3][4]$a$78 [31:25] $memory$auto$proc_rom.cc:155:do_switch$3$rdmux[0][3][4]$a$78 [23:21] $memory$auto$proc_rom.cc:155:do_switch$3$rdmux[0][3][4]$a$78 [19:15] $memory$auto$proc_rom.cc:155:do_switch$3$rdmux[0][3][4]$a$78 [13:0] }
      New connections: { $memory$auto$proc_rom.cc:155:do_switch$3$rdmux[0][3][4]$a$78 [24] $memory$auto$proc_rom.cc:155:do_switch$3$rdmux[0][3][4]$a$78 [20] $memory$auto$proc_rom.cc:155:do_switch$3$rdmux[0][3][4]$a$78 [14] } = { $memory$auto$proc_rom.cc:155:do_switch$3$rdmux[0][3][4]$a$78 [21] $memory$auto$proc_rom.cc:155:do_switch$3$rdmux[0][3][4]$a$78 [16] $memory$auto$proc_rom.cc:155:do_switch$3$rdmux[0][3][4]$a$78 [10] }
    Consolidated identical input bits for $mux cell $memory$auto$proc_rom.cc:155:do_switch$3$rdmux[0][4][7]$110:
      Old ports: A=$memory$auto$proc_rom.cc:155:do_switch$3$rdmux[0][4][7]$a$111, B=$memory$auto$proc_rom.cc:155:do_switch$3$rdmux[0][4][7]$b$112, Y=$memory$auto$proc_rom.cc:155:do_switch$3$rdmux[0][3][3]$b$76
      New ports: A={ $memory$auto$proc_rom.cc:155:do_switch$3$rdmux[0][4][7]$a$111 [16] $memory$auto$proc_rom.cc:155:do_switch$3$rdmux[0][4][7]$a$111 [12] $memory$auto$proc_rom.cc:155:do_switch$3$rdmux[0][4][7]$a$111 [21] $memory$auto$proc_rom.cc:155:do_switch$3$rdmux[0][4][7]$a$111 [21] $memory$auto$proc_rom.cc:155:do_switch$3$rdmux[0][4][7]$a$111 [16] $memory$auto$proc_rom.cc:155:do_switch$3$rdmux[0][4][7]$a$111 [1] 1'0 $memory$auto$proc_rom.cc:155:do_switch$3$rdmux[0][4][7]$a$111 [16] 1'0 $memory$auto$proc_rom.cc:155:do_switch$3$rdmux[0][4][7]$a$111 [22:21] $memory$auto$proc_rom.cc:155:do_switch$3$rdmux[0][4][7]$a$111 [12] 2'11 $memory$auto$proc_rom.cc:155:do_switch$3$rdmux[0][4][7]$a$111 [7] $memory$auto$proc_rom.cc:155:do_switch$3$rdmux[0][4][7]$a$111 [16:14] 1'1 $memory$auto$proc_rom.cc:155:do_switch$3$rdmux[0][4][7]$a$111 [12] $memory$auto$proc_rom.cc:155:do_switch$3$rdmux[0][4][7]$a$111 [0] $memory$auto$proc_rom.cc:155:do_switch$3$rdmux[0][4][7]$a$111 [10] $memory$auto$proc_rom.cc:155:do_switch$3$rdmux[0][4][7]$a$111 [6] $memory$auto$proc_rom.cc:155:do_switch$3$rdmux[0][4][7]$a$111 [7:6] 1'1 $memory$auto$proc_rom.cc:155:do_switch$3$rdmux[0][4][7]$a$111 [1] $memory$auto$proc_rom.cc:155:do_switch$3$rdmux[0][4][7]$a$111 [3] 1'1 $memory$auto$proc_rom.cc:155:do_switch$3$rdmux[0][4][7]$a$111 [1:0] }, B={ $memory$auto$proc_rom.cc:155:do_switch$3$rdmux[0][4][7]$b$112 [31] $memory$auto$proc_rom.cc:155:do_switch$3$rdmux[0][4][7]$b$112 [23] 1'1 $memory$auto$proc_rom.cc:155:do_switch$3$rdmux[0][4][7]$b$112 [20] $memory$auto$proc_rom.cc:155:do_switch$3$rdmux[0][4][7]$b$112 [3] $memory$auto$proc_rom.cc:155:do_switch$3$rdmux[0][4][7]$b$112 [8] $memory$auto$proc_rom.cc:155:do_switch$3$rdmux[0][4][7]$b$112 [2] $memory$auto$proc_rom.cc:155:do_switch$3$rdmux[0][4][7]$b$112 [24:22] 1'0 $memory$auto$proc_rom.cc:155:do_switch$3$rdmux[0][4][7]$b$112 [20] $memory$auto$proc_rom.cc:155:do_switch$3$rdmux[0][4][7]$b$112 [7] 1'0 $memory$auto$proc_rom.cc:155:do_switch$3$rdmux[0][4][7]$b$112 [8] 2'01 $memory$auto$proc_rom.cc:155:do_switch$3$rdmux[0][4][7]$b$112 [14:13] $memory$auto$proc_rom.cc:155:do_switch$3$rdmux[0][4][7]$b$112 [0] $memory$auto$proc_rom.cc:155:do_switch$3$rdmux[0][4][7]$b$112 [7] 1'0 $memory$auto$proc_rom.cc:155:do_switch$3$rdmux[0][4][7]$b$112 [8:7] $memory$auto$proc_rom.cc:155:do_switch$3$rdmux[0][4][7]$b$112 [0] $memory$auto$proc_rom.cc:155:do_switch$3$rdmux[0][4][7]$b$112 [1] $memory$auto$proc_rom.cc:155:do_switch$3$rdmux[0][4][7]$b$112 [2] $memory$auto$proc_rom.cc:155:do_switch$3$rdmux[0][4][7]$b$112 [3:0] }, Y={ $memory$auto$proc_rom.cc:155:do_switch$3$rdmux[0][3][3]$b$76 [31:10] $memory$auto$proc_rom.cc:155:do_switch$3$rdmux[0][3][3]$b$76 [8:0] }
      New connections: $memory$auto$proc_rom.cc:155:do_switch$3$rdmux[0][3][3]$b$76 [9] = $memory$auto$proc_rom.cc:155:do_switch$3$rdmux[0][3][3]$b$76 [0]
    Consolidated identical input bits for $mux cell $memory$auto$proc_rom.cc:155:do_switch$3$rdmux[0][4][6]$107:
      Old ports: A=$memory$auto$proc_rom.cc:155:do_switch$3$rdmux[0][4][6]$a$108, B=$memory$auto$proc_rom.cc:155:do_switch$3$rdmux[0][4][6]$b$109, Y=$memory$auto$proc_rom.cc:155:do_switch$3$rdmux[0][3][3]$a$75
      New ports: A={ $memory$auto$proc_rom.cc:155:do_switch$3$rdmux[0][4][6]$a$108 [6] $memory$auto$proc_rom.cc:155:do_switch$3$rdmux[0][4][6]$a$108 [0] $memory$auto$proc_rom.cc:155:do_switch$3$rdmux[0][4][6]$a$108 [0] $memory$auto$proc_rom.cc:155:do_switch$3$rdmux[0][4][6]$a$108 [8] $memory$auto$proc_rom.cc:155:do_switch$3$rdmux[0][4][6]$a$108 [6] $memory$auto$proc_rom.cc:155:do_switch$3$rdmux[0][4][6]$a$108 [15] $memory$auto$proc_rom.cc:155:do_switch$3$rdmux[0][4][6]$a$108 [24] $memory$auto$proc_rom.cc:155:do_switch$3$rdmux[0][4][6]$a$108 [6] 1'0 $memory$auto$proc_rom.cc:155:do_switch$3$rdmux[0][4][6]$a$108 [1] $memory$auto$proc_rom.cc:155:do_switch$3$rdmux[0][4][6]$a$108 [3] $memory$auto$proc_rom.cc:155:do_switch$3$rdmux[0][4][6]$a$108 [7] $memory$auto$proc_rom.cc:155:do_switch$3$rdmux[0][4][6]$a$108 [17] 1'0 $memory$auto$proc_rom.cc:155:do_switch$3$rdmux[0][4][6]$a$108 [15] $memory$auto$proc_rom.cc:155:do_switch$3$rdmux[0][4][6]$a$108 [9] 1'1 $memory$auto$proc_rom.cc:155:do_switch$3$rdmux[0][4][6]$a$108 [0] $memory$auto$proc_rom.cc:155:do_switch$3$rdmux[0][4][6]$a$108 [6] $memory$auto$proc_rom.cc:155:do_switch$3$rdmux[0][4][6]$a$108 [9:6] $memory$auto$proc_rom.cc:155:do_switch$3$rdmux[0][4][6]$a$108 [2] $memory$auto$proc_rom.cc:155:do_switch$3$rdmux[0][4][6]$a$108 [3:0] }, B={ $memory$auto$proc_rom.cc:155:do_switch$3$rdmux[0][4][6]$b$109 [31] $memory$auto$proc_rom.cc:155:do_switch$3$rdmux[0][4][6]$b$109 [2] $memory$auto$proc_rom.cc:155:do_switch$3$rdmux[0][4][6]$b$109 [5] $memory$auto$proc_rom.cc:155:do_switch$3$rdmux[0][4][6]$b$109 [26] $memory$auto$proc_rom.cc:155:do_switch$3$rdmux[0][4][6]$b$109 [26] $memory$auto$proc_rom.cc:155:do_switch$3$rdmux[0][4][6]$b$109 [2] 1'0 $memory$auto$proc_rom.cc:155:do_switch$3$rdmux[0][4][6]$b$109 [1] $memory$auto$proc_rom.cc:155:do_switch$3$rdmux[0][4][6]$b$109 [21] $memory$auto$proc_rom.cc:155:do_switch$3$rdmux[0][4][6]$b$109 [5] $memory$auto$proc_rom.cc:155:do_switch$3$rdmux[0][4][6]$b$109 [15] $memory$auto$proc_rom.cc:155:do_switch$3$rdmux[0][4][6]$b$109 [15] $memory$auto$proc_rom.cc:155:do_switch$3$rdmux[0][4][6]$b$109 [17] $memory$auto$proc_rom.cc:155:do_switch$3$rdmux[0][4][6]$b$109 [1] $memory$auto$proc_rom.cc:155:do_switch$3$rdmux[0][4][6]$b$109 [15] 1'1 $memory$auto$proc_rom.cc:155:do_switch$3$rdmux[0][4][6]$b$109 [11] $memory$auto$proc_rom.cc:155:do_switch$3$rdmux[0][4][6]$b$109 [3] $memory$auto$proc_rom.cc:155:do_switch$3$rdmux[0][4][6]$b$109 [11] $memory$auto$proc_rom.cc:155:do_switch$3$rdmux[0][4][6]$b$109 [9] $memory$auto$proc_rom.cc:155:do_switch$3$rdmux[0][4][6]$b$109 [1] 1'1 $memory$auto$proc_rom.cc:155:do_switch$3$rdmux[0][4][6]$b$109 [6:5] $memory$auto$proc_rom.cc:155:do_switch$3$rdmux[0][4][6]$b$109 [3:0] }, Y={ $memory$auto$proc_rom.cc:155:do_switch$3$rdmux[0][3][3]$a$75 [31:30] $memory$auto$proc_rom.cc:155:do_switch$3$rdmux[0][3][3]$a$75 [28:24] $memory$auto$proc_rom.cc:155:do_switch$3$rdmux[0][3][3]$a$75 [22:11] $memory$auto$proc_rom.cc:155:do_switch$3$rdmux[0][3][3]$a$75 [9:5] $memory$auto$proc_rom.cc:155:do_switch$3$rdmux[0][3][3]$a$75 [3:0] }
      New connections: { $memory$auto$proc_rom.cc:155:do_switch$3$rdmux[0][3][3]$a$75 [29] $memory$auto$proc_rom.cc:155:do_switch$3$rdmux[0][3][3]$a$75 [23] $memory$auto$proc_rom.cc:155:do_switch$3$rdmux[0][3][3]$a$75 [10] $memory$auto$proc_rom.cc:155:do_switch$3$rdmux[0][3][3]$a$75 [4] } = { $memory$auto$proc_rom.cc:155:do_switch$3$rdmux[0][3][3]$a$75 [18] $memory$auto$proc_rom.cc:155:do_switch$3$rdmux[0][3][3]$a$75 [11] $memory$auto$proc_rom.cc:155:do_switch$3$rdmux[0][3][3]$a$75 [5] $memory$auto$proc_rom.cc:155:do_switch$3$rdmux[0][3][3]$a$75 [3] }
    Consolidated identical input bits for $mux cell $memory$auto$proc_rom.cc:155:do_switch$3$rdmux[0][4][5]$104:
      Old ports: A=$memory$auto$proc_rom.cc:155:do_switch$3$rdmux[0][4][5]$a$105, B=$memory$auto$proc_rom.cc:155:do_switch$3$rdmux[0][4][5]$b$106, Y=$memory$auto$proc_rom.cc:155:do_switch$3$rdmux[0][3][2]$b$73
      New ports: A={ $memory$auto$proc_rom.cc:155:do_switch$3$rdmux[0][4][5]$a$105 [16] 1'1 $memory$auto$proc_rom.cc:155:do_switch$3$rdmux[0][4][5]$a$105 [19] $memory$auto$proc_rom.cc:155:do_switch$3$rdmux[0][4][5]$a$105 [9] $memory$auto$proc_rom.cc:155:do_switch$3$rdmux[0][4][5]$a$105 [18] $memory$auto$proc_rom.cc:155:do_switch$3$rdmux[0][4][5]$a$105 [23] $memory$auto$proc_rom.cc:155:do_switch$3$rdmux[0][4][5]$a$105 [23] 1'1 $memory$auto$proc_rom.cc:155:do_switch$3$rdmux[0][4][5]$a$105 [6] $memory$auto$proc_rom.cc:155:do_switch$3$rdmux[0][4][5]$a$105 [4] $memory$auto$proc_rom.cc:155:do_switch$3$rdmux[0][4][5]$a$105 [19:16] $memory$auto$proc_rom.cc:155:do_switch$3$rdmux[0][4][5]$a$105 [8] $memory$auto$proc_rom.cc:155:do_switch$3$rdmux[0][4][5]$a$105 [13] $memory$auto$proc_rom.cc:155:do_switch$3$rdmux[0][4][5]$a$105 [4] $memory$auto$proc_rom.cc:155:do_switch$3$rdmux[0][4][5]$a$105 [6] $memory$auto$proc_rom.cc:155:do_switch$3$rdmux[0][4][5]$a$105 [10:8] 1'1 $memory$auto$proc_rom.cc:155:do_switch$3$rdmux[0][4][5]$a$105 [6] $memory$auto$proc_rom.cc:155:do_switch$3$rdmux[0][4][5]$a$105 [4] $memory$auto$proc_rom.cc:155:do_switch$3$rdmux[0][4][5]$a$105 [4] $memory$auto$proc_rom.cc:155:do_switch$3$rdmux[0][4][5]$a$105 [2] 1'1 $memory$auto$proc_rom.cc:155:do_switch$3$rdmux[0][4][5]$a$105 [0] }, B={ $memory$auto$proc_rom.cc:155:do_switch$3$rdmux[0][4][5]$b$106 [2] $memory$auto$proc_rom.cc:155:do_switch$3$rdmux[0][4][5]$b$106 [30] $memory$auto$proc_rom.cc:155:do_switch$3$rdmux[0][4][5]$b$106 [7] $memory$auto$proc_rom.cc:155:do_switch$3$rdmux[0][4][5]$b$106 [10] $memory$auto$proc_rom.cc:155:do_switch$3$rdmux[0][4][5]$b$106 [6] $memory$auto$proc_rom.cc:155:do_switch$3$rdmux[0][4][5]$b$106 [10:9] $memory$auto$proc_rom.cc:155:do_switch$3$rdmux[0][4][5]$b$106 [21] $memory$auto$proc_rom.cc:155:do_switch$3$rdmux[0][4][5]$b$106 [21:19] $memory$auto$proc_rom.cc:155:do_switch$3$rdmux[0][4][5]$b$106 [0] 1'0 $memory$auto$proc_rom.cc:155:do_switch$3$rdmux[0][4][5]$b$106 [6] $memory$auto$proc_rom.cc:155:do_switch$3$rdmux[0][4][5]$b$106 [2] 1'1 $memory$auto$proc_rom.cc:155:do_switch$3$rdmux[0][4][5]$b$106 [0] $memory$auto$proc_rom.cc:155:do_switch$3$rdmux[0][4][5]$b$106 [11:9] $memory$auto$proc_rom.cc:155:do_switch$3$rdmux[0][4][5]$b$106 [7] $memory$auto$proc_rom.cc:155:do_switch$3$rdmux[0][4][5]$b$106 [7:4] $memory$auto$proc_rom.cc:155:do_switch$3$rdmux[0][4][5]$b$106 [2] $memory$auto$proc_rom.cc:155:do_switch$3$rdmux[0][4][5]$b$106 [0] $memory$auto$proc_rom.cc:155:do_switch$3$rdmux[0][4][5]$b$106 [0] }, Y={ $memory$auto$proc_rom.cc:155:do_switch$3$rdmux[0][3][2]$b$73 [31:28] $memory$auto$proc_rom.cc:155:do_switch$3$rdmux[0][3][2]$b$73 [26:25] $memory$auto$proc_rom.cc:155:do_switch$3$rdmux[0][3][2]$b$73 [23:15] $memory$auto$proc_rom.cc:155:do_switch$3$rdmux[0][3][2]$b$73 [13:4] $memory$auto$proc_rom.cc:155:do_switch$3$rdmux[0][3][2]$b$73 [2:0] }
      New connections: { $memory$auto$proc_rom.cc:155:do_switch$3$rdmux[0][3][2]$b$73 [27] $memory$auto$proc_rom.cc:155:do_switch$3$rdmux[0][3][2]$b$73 [24] $memory$auto$proc_rom.cc:155:do_switch$3$rdmux[0][3][2]$b$73 [14] $memory$auto$proc_rom.cc:155:do_switch$3$rdmux[0][3][2]$b$73 [3] } = { $memory$auto$proc_rom.cc:155:do_switch$3$rdmux[0][3][2]$b$73 [7] $memory$auto$proc_rom.cc:155:do_switch$3$rdmux[0][3][2]$b$73 [12] $memory$auto$proc_rom.cc:155:do_switch$3$rdmux[0][3][2]$b$73 [8] $memory$auto$proc_rom.cc:155:do_switch$3$rdmux[0][3][2]$b$73 [2] }
    Consolidated identical input bits for $mux cell $memory$auto$proc_rom.cc:155:do_switch$3$rdmux[0][4][4]$101:
      Old ports: A=$memory$auto$proc_rom.cc:155:do_switch$3$rdmux[0][4][4]$a$102, B=$memory$auto$proc_rom.cc:155:do_switch$3$rdmux[0][4][4]$b$103, Y=$memory$auto$proc_rom.cc:155:do_switch$3$rdmux[0][3][2]$a$72
      New ports: A={ 1'0 $memory$auto$proc_rom.cc:155:do_switch$3$rdmux[0][4][4]$a$102 [29] $memory$auto$proc_rom.cc:155:do_switch$3$rdmux[0][4][4]$a$102 [1] $memory$auto$proc_rom.cc:155:do_switch$3$rdmux[0][4][4]$a$102 [5] $memory$auto$proc_rom.cc:155:do_switch$3$rdmux[0][4][4]$a$102 [20] $memory$auto$proc_rom.cc:155:do_switch$3$rdmux[0][4][4]$a$102 [23] $memory$auto$proc_rom.cc:155:do_switch$3$rdmux[0][4][4]$a$102 [13] $memory$auto$proc_rom.cc:155:do_switch$3$rdmux[0][4][4]$a$102 [14] $memory$auto$proc_rom.cc:155:do_switch$3$rdmux[0][4][4]$a$102 [20:19] $memory$auto$proc_rom.cc:155:do_switch$3$rdmux[0][4][4]$a$102 [17] $memory$auto$proc_rom.cc:155:do_switch$3$rdmux[0][4][4]$a$102 [1:0] $memory$auto$proc_rom.cc:155:do_switch$3$rdmux[0][4][4]$a$102 [14:13] 1'0 $memory$auto$proc_rom.cc:155:do_switch$3$rdmux[0][4][4]$a$102 [11] $memory$auto$proc_rom.cc:155:do_switch$3$rdmux[0][4][4]$a$102 [6] $memory$auto$proc_rom.cc:155:do_switch$3$rdmux[0][4][4]$a$102 [6:5] 1'1 $memory$auto$proc_rom.cc:155:do_switch$3$rdmux[0][4][4]$a$102 [6:5] $memory$auto$proc_rom.cc:155:do_switch$3$rdmux[0][4][4]$a$102 [2] $memory$auto$proc_rom.cc:155:do_switch$3$rdmux[0][4][4]$a$102 [0] $memory$auto$proc_rom.cc:155:do_switch$3$rdmux[0][4][4]$a$102 [2:0] }, B={ $memory$auto$proc_rom.cc:155:do_switch$3$rdmux[0][4][4]$b$103 [31] $memory$auto$proc_rom.cc:155:do_switch$3$rdmux[0][4][4]$b$103 [8] $memory$auto$proc_rom.cc:155:do_switch$3$rdmux[0][4][4]$b$103 [25] $memory$auto$proc_rom.cc:155:do_switch$3$rdmux[0][4][4]$b$103 [3] $memory$auto$proc_rom.cc:155:do_switch$3$rdmux[0][4][4]$b$103 [25] 2'01 $memory$auto$proc_rom.cc:155:do_switch$3$rdmux[0][4][4]$b$103 [1] $memory$auto$proc_rom.cc:155:do_switch$3$rdmux[0][4][4]$b$103 [20] $memory$auto$proc_rom.cc:155:do_switch$3$rdmux[0][4][4]$b$103 [1:0] $memory$auto$proc_rom.cc:155:do_switch$3$rdmux[0][4][4]$b$103 [11] $memory$auto$proc_rom.cc:155:do_switch$3$rdmux[0][4][4]$b$103 [15] $memory$auto$proc_rom.cc:155:do_switch$3$rdmux[0][4][4]$b$103 [8] $memory$auto$proc_rom.cc:155:do_switch$3$rdmux[0][4][4]$b$103 [0] $memory$auto$proc_rom.cc:155:do_switch$3$rdmux[0][4][4]$b$103 [12:10] $memory$auto$proc_rom.cc:155:do_switch$3$rdmux[0][4][4]$b$103 [8] $memory$auto$proc_rom.cc:155:do_switch$3$rdmux[0][4][4]$b$103 [8] 1'0 $memory$auto$proc_rom.cc:155:do_switch$3$rdmux[0][4][4]$b$103 [3] $memory$auto$proc_rom.cc:155:do_switch$3$rdmux[0][4][4]$b$103 [5] 1'1 $memory$auto$proc_rom.cc:155:do_switch$3$rdmux[0][4][4]$b$103 [3] 1'0 $memory$auto$proc_rom.cc:155:do_switch$3$rdmux[0][4][4]$b$103 [1:0] }, Y={ $memory$auto$proc_rom.cc:155:do_switch$3$rdmux[0][3][2]$a$72 [31] $memory$auto$proc_rom.cc:155:do_switch$3$rdmux[0][3][2]$a$72 [29] $memory$auto$proc_rom.cc:155:do_switch$3$rdmux[0][3][2]$a$72 [27:25] $memory$auto$proc_rom.cc:155:do_switch$3$rdmux[0][3][2]$a$72 [23:19] $memory$auto$proc_rom.cc:155:do_switch$3$rdmux[0][3][2]$a$72 [17:0] }
      New connections: { $memory$auto$proc_rom.cc:155:do_switch$3$rdmux[0][3][2]$a$72 [30] $memory$auto$proc_rom.cc:155:do_switch$3$rdmux[0][3][2]$a$72 [28] $memory$auto$proc_rom.cc:155:do_switch$3$rdmux[0][3][2]$a$72 [24] $memory$auto$proc_rom.cc:155:do_switch$3$rdmux[0][3][2]$a$72 [18] } = { $memory$auto$proc_rom.cc:155:do_switch$3$rdmux[0][3][2]$a$72 [15] $memory$auto$proc_rom.cc:155:do_switch$3$rdmux[0][3][2]$a$72 [10] $memory$auto$proc_rom.cc:155:do_switch$3$rdmux[0][3][2]$a$72 [15] $memory$auto$proc_rom.cc:155:do_switch$3$rdmux[0][3][2]$a$72 [11] }
    Consolidated identical input bits for $mux cell $memory$auto$proc_rom.cc:155:do_switch$3$rdmux[0][4][3]$98:
      Old ports: A=$memory$auto$proc_rom.cc:155:do_switch$3$rdmux[0][4][3]$a$99, B=$memory$auto$proc_rom.cc:155:do_switch$3$rdmux[0][4][3]$b$100, Y=$memory$auto$proc_rom.cc:155:do_switch$3$rdmux[0][3][1]$b$70
      New ports: A={ $memory$auto$proc_rom.cc:155:do_switch$3$rdmux[0][4][3]$a$99 [5] $memory$auto$proc_rom.cc:155:do_switch$3$rdmux[0][4][3]$a$99 [6] 1'1 $memory$auto$proc_rom.cc:155:do_switch$3$rdmux[0][4][3]$a$99 [2] $memory$auto$proc_rom.cc:155:do_switch$3$rdmux[0][4][3]$a$99 [10] $memory$auto$proc_rom.cc:155:do_switch$3$rdmux[0][4][3]$a$99 [2] $memory$auto$proc_rom.cc:155:do_switch$3$rdmux[0][4][3]$a$99 [6:5] $memory$auto$proc_rom.cc:155:do_switch$3$rdmux[0][4][3]$a$99 [23] $memory$auto$proc_rom.cc:155:do_switch$3$rdmux[0][4][3]$a$99 [5] $memory$auto$proc_rom.cc:155:do_switch$3$rdmux[0][4][3]$a$99 [21] $memory$auto$proc_rom.cc:155:do_switch$3$rdmux[0][4][3]$a$99 [6] $memory$auto$proc_rom.cc:155:do_switch$3$rdmux[0][4][3]$a$99 [3] 2'11 $memory$auto$proc_rom.cc:155:do_switch$3$rdmux[0][4][3]$a$99 [12] $memory$auto$proc_rom.cc:155:do_switch$3$rdmux[0][4][3]$a$99 [14:12] 1'0 $memory$auto$proc_rom.cc:155:do_switch$3$rdmux[0][4][3]$a$99 [10] $memory$auto$proc_rom.cc:155:do_switch$3$rdmux[0][4][3]$a$99 [5] $memory$auto$proc_rom.cc:155:do_switch$3$rdmux[0][4][3]$a$99 [3] $memory$auto$proc_rom.cc:155:do_switch$3$rdmux[0][4][3]$a$99 [6:2] 1'0 $memory$auto$proc_rom.cc:155:do_switch$3$rdmux[0][4][3]$a$99 [0] }, B={ $memory$auto$proc_rom.cc:155:do_switch$3$rdmux[0][4][3]$b$100 [10] $memory$auto$proc_rom.cc:155:do_switch$3$rdmux[0][4][3]$b$100 [30] $memory$auto$proc_rom.cc:155:do_switch$3$rdmux[0][4][3]$b$100 [6] $memory$auto$proc_rom.cc:155:do_switch$3$rdmux[0][4][3]$b$100 [28] $memory$auto$proc_rom.cc:155:do_switch$3$rdmux[0][4][3]$b$100 [1] $memory$auto$proc_rom.cc:155:do_switch$3$rdmux[0][4][3]$b$100 [1] $memory$auto$proc_rom.cc:155:do_switch$3$rdmux[0][4][3]$b$100 [17] $memory$auto$proc_rom.cc:155:do_switch$3$rdmux[0][4][3]$b$100 [8] 1'0 $memory$auto$proc_rom.cc:155:do_switch$3$rdmux[0][4][3]$b$100 [22:21] $memory$auto$proc_rom.cc:155:do_switch$3$rdmux[0][4][3]$b$100 [10] $memory$auto$proc_rom.cc:155:do_switch$3$rdmux[0][4][3]$b$100 [4] $memory$auto$proc_rom.cc:155:do_switch$3$rdmux[0][4][3]$b$100 [17:16] $memory$auto$proc_rom.cc:155:do_switch$3$rdmux[0][4][3]$b$100 [8] 1'0 $memory$auto$proc_rom.cc:155:do_switch$3$rdmux[0][4][3]$b$100 [13] $memory$auto$proc_rom.cc:155:do_switch$3$rdmux[0][4][3]$b$100 [10] $memory$auto$proc_rom.cc:155:do_switch$3$rdmux[0][4][3]$b$100 [4] $memory$auto$proc_rom.cc:155:do_switch$3$rdmux[0][4][3]$b$100 [10] 1'0 $memory$auto$proc_rom.cc:155:do_switch$3$rdmux[0][4][3]$b$100 [8] $memory$auto$proc_rom.cc:155:do_switch$3$rdmux[0][4][3]$b$100 [6] $memory$auto$proc_rom.cc:155:do_switch$3$rdmux[0][4][3]$b$100 [4] $memory$auto$proc_rom.cc:155:do_switch$3$rdmux[0][4][3]$b$100 [4] 1'1 $memory$auto$proc_rom.cc:155:do_switch$3$rdmux[0][4][3]$b$100 [2:1] 1'0 }, Y={ $memory$auto$proc_rom.cc:155:do_switch$3$rdmux[0][3][1]$b$70 [31:20] $memory$auto$proc_rom.cc:155:do_switch$3$rdmux[0][3][1]$b$70 [18:8] $memory$auto$proc_rom.cc:155:do_switch$3$rdmux[0][3][1]$b$70 [6:0] }
      New connections: { $memory$auto$proc_rom.cc:155:do_switch$3$rdmux[0][3][1]$b$70 [19] $memory$auto$proc_rom.cc:155:do_switch$3$rdmux[0][3][1]$b$70 [7] } = { $memory$auto$proc_rom.cc:155:do_switch$3$rdmux[0][3][1]$b$70 [15] $memory$auto$proc_rom.cc:155:do_switch$3$rdmux[0][3][1]$b$70 [1] }
    Consolidated identical input bits for $mux cell $memory$auto$proc_rom.cc:155:do_switch$3$rdmux[0][4][2]$95:
      Old ports: A=$memory$auto$proc_rom.cc:155:do_switch$3$rdmux[0][4][2]$a$96, B=$memory$auto$proc_rom.cc:155:do_switch$3$rdmux[0][4][2]$b$97, Y=$memory$auto$proc_rom.cc:155:do_switch$3$rdmux[0][3][1]$a$69
      New ports: A={ $memory$auto$proc_rom.cc:155:do_switch$3$rdmux[0][4][2]$a$96 [22] $memory$auto$proc_rom.cc:155:do_switch$3$rdmux[0][4][2]$a$96 [4] $memory$auto$proc_rom.cc:155:do_switch$3$rdmux[0][4][2]$a$96 [22] $memory$auto$proc_rom.cc:155:do_switch$3$rdmux[0][4][2]$a$96 [14] 1'1 $memory$auto$proc_rom.cc:155:do_switch$3$rdmux[0][4][2]$a$96 [4] 1'1 $memory$auto$proc_rom.cc:155:do_switch$3$rdmux[0][4][2]$a$96 [5] $memory$auto$proc_rom.cc:155:do_switch$3$rdmux[0][4][2]$a$96 [18] $memory$auto$proc_rom.cc:155:do_switch$3$rdmux[0][4][2]$a$96 [22] $memory$auto$proc_rom.cc:155:do_switch$3$rdmux[0][4][2]$a$96 [3] $memory$auto$proc_rom.cc:155:do_switch$3$rdmux[0][4][2]$a$96 [3] 1'0 $memory$auto$proc_rom.cc:155:do_switch$3$rdmux[0][4][2]$a$96 [18:17] $memory$auto$proc_rom.cc:155:do_switch$3$rdmux[0][4][2]$a$96 [4] $memory$auto$proc_rom.cc:155:do_switch$3$rdmux[0][4][2]$a$96 [4] $memory$auto$proc_rom.cc:155:do_switch$3$rdmux[0][4][2]$a$96 [14] $memory$auto$proc_rom.cc:155:do_switch$3$rdmux[0][4][2]$a$96 [1] $memory$auto$proc_rom.cc:155:do_switch$3$rdmux[0][4][2]$a$96 [1] $memory$auto$proc_rom.cc:155:do_switch$3$rdmux[0][4][2]$a$96 [9] $memory$auto$proc_rom.cc:155:do_switch$3$rdmux[0][4][2]$a$96 [9] $memory$auto$proc_rom.cc:155:do_switch$3$rdmux[0][4][2]$a$96 [5] $memory$auto$proc_rom.cc:155:do_switch$3$rdmux[0][4][2]$a$96 [7:3] 1'1 $memory$auto$proc_rom.cc:155:do_switch$3$rdmux[0][4][2]$a$96 [1] 1'1 }, B={ $memory$auto$proc_rom.cc:155:do_switch$3$rdmux[0][4][2]$b$97 [31:30] $memory$auto$proc_rom.cc:155:do_switch$3$rdmux[0][4][2]$b$97 [23] $memory$auto$proc_rom.cc:155:do_switch$3$rdmux[0][4][2]$b$97 [8] $memory$auto$proc_rom.cc:155:do_switch$3$rdmux[0][4][2]$b$97 [23] $memory$auto$proc_rom.cc:155:do_switch$3$rdmux[0][4][2]$b$97 [1] $memory$auto$proc_rom.cc:155:do_switch$3$rdmux[0][4][2]$b$97 [18] $memory$auto$proc_rom.cc:155:do_switch$3$rdmux[0][4][2]$b$97 [10] $memory$auto$proc_rom.cc:155:do_switch$3$rdmux[0][4][2]$b$97 [23] $memory$auto$proc_rom.cc:155:do_switch$3$rdmux[0][4][2]$b$97 [0] $memory$auto$proc_rom.cc:155:do_switch$3$rdmux[0][4][2]$b$97 [8] $memory$auto$proc_rom.cc:155:do_switch$3$rdmux[0][4][2]$b$97 [18] $memory$auto$proc_rom.cc:155:do_switch$3$rdmux[0][4][2]$b$97 [7] $memory$auto$proc_rom.cc:155:do_switch$3$rdmux[0][4][2]$b$97 [18] $memory$auto$proc_rom.cc:155:do_switch$3$rdmux[0][4][2]$b$97 [8] 1'0 $memory$auto$proc_rom.cc:155:do_switch$3$rdmux[0][4][2]$b$97 [15] $memory$auto$proc_rom.cc:155:do_switch$3$rdmux[0][4][2]$b$97 [9] $memory$auto$proc_rom.cc:155:do_switch$3$rdmux[0][4][2]$b$97 [10] 1'1 $memory$auto$proc_rom.cc:155:do_switch$3$rdmux[0][4][2]$b$97 [10:6] $memory$auto$proc_rom.cc:155:do_switch$3$rdmux[0][4][2]$b$97 [0] $memory$auto$proc_rom.cc:155:do_switch$3$rdmux[0][4][2]$b$97 [0] 1'1 $memory$auto$proc_rom.cc:155:do_switch$3$rdmux[0][4][2]$b$97 [2:0] }, Y={ $memory$auto$proc_rom.cc:155:do_switch$3$rdmux[0][3][1]$a$69 [31:12] $memory$auto$proc_rom.cc:155:do_switch$3$rdmux[0][3][1]$a$69 [10:0] }
      New connections: $memory$auto$proc_rom.cc:155:do_switch$3$rdmux[0][3][1]$a$69 [11] = $memory$auto$proc_rom.cc:155:do_switch$3$rdmux[0][3][1]$a$69 [6]
    Consolidated identical input bits for $mux cell $memory$auto$proc_rom.cc:155:do_switch$3$rdmux[0][4][1]$92:
      Old ports: A=$memory$auto$proc_rom.cc:155:do_switch$3$rdmux[0][4][1]$a$93, B=$memory$auto$proc_rom.cc:155:do_switch$3$rdmux[0][4][1]$b$94, Y=$memory$auto$proc_rom.cc:155:do_switch$3$rdmux[0][3][0]$b$67
      New ports: A={ $memory$auto$proc_rom.cc:155:do_switch$3$rdmux[0][4][1]$a$93 [26] $memory$auto$proc_rom.cc:155:do_switch$3$rdmux[0][4][1]$a$93 [1] $memory$auto$proc_rom.cc:155:do_switch$3$rdmux[0][4][1]$a$93 [2] $memory$auto$proc_rom.cc:155:do_switch$3$rdmux[0][4][1]$a$93 [16] $memory$auto$proc_rom.cc:155:do_switch$3$rdmux[0][4][1]$a$93 [27:26] $memory$auto$proc_rom.cc:155:do_switch$3$rdmux[0][4][1]$a$93 [16] $memory$auto$proc_rom.cc:155:do_switch$3$rdmux[0][4][1]$a$93 [1] $memory$auto$proc_rom.cc:155:do_switch$3$rdmux[0][4][1]$a$93 [8] $memory$auto$proc_rom.cc:155:do_switch$3$rdmux[0][4][1]$a$93 [20] $memory$auto$proc_rom.cc:155:do_switch$3$rdmux[0][4][1]$a$93 [20] $memory$auto$proc_rom.cc:155:do_switch$3$rdmux[0][4][1]$a$93 [12] $memory$auto$proc_rom.cc:155:do_switch$3$rdmux[0][4][1]$a$93 [0] $memory$auto$proc_rom.cc:155:do_switch$3$rdmux[0][4][1]$a$93 [16] 1'0 $memory$auto$proc_rom.cc:155:do_switch$3$rdmux[0][4][1]$a$93 [7] $memory$auto$proc_rom.cc:155:do_switch$3$rdmux[0][4][1]$a$93 [0] $memory$auto$proc_rom.cc:155:do_switch$3$rdmux[0][4][1]$a$93 [12] $memory$auto$proc_rom.cc:155:do_switch$3$rdmux[0][4][1]$a$93 [2] $memory$auto$proc_rom.cc:155:do_switch$3$rdmux[0][4][1]$a$93 [6] $memory$auto$proc_rom.cc:155:do_switch$3$rdmux[0][4][1]$a$93 [1] $memory$auto$proc_rom.cc:155:do_switch$3$rdmux[0][4][1]$a$93 [8:4] $memory$auto$proc_rom.cc:155:do_switch$3$rdmux[0][4][1]$a$93 [2] $memory$auto$proc_rom.cc:155:do_switch$3$rdmux[0][4][1]$a$93 [2:0] }, B={ $memory$auto$proc_rom.cc:155:do_switch$3$rdmux[0][4][1]$b$94 [31] 1'1 $memory$auto$proc_rom.cc:155:do_switch$3$rdmux[0][4][1]$b$94 [13] $memory$auto$proc_rom.cc:155:do_switch$3$rdmux[0][4][1]$b$94 [5] 1'0 $memory$auto$proc_rom.cc:155:do_switch$3$rdmux[0][4][1]$b$94 [26] 1'1 $memory$auto$proc_rom.cc:155:do_switch$3$rdmux[0][4][1]$b$94 [13] $memory$auto$proc_rom.cc:155:do_switch$3$rdmux[0][4][1]$b$94 [5] $memory$auto$proc_rom.cc:155:do_switch$3$rdmux[0][4][1]$b$94 [16] $memory$auto$proc_rom.cc:155:do_switch$3$rdmux[0][4][1]$b$94 [0] 1'1 $memory$auto$proc_rom.cc:155:do_switch$3$rdmux[0][4][1]$b$94 [5] $memory$auto$proc_rom.cc:155:do_switch$3$rdmux[0][4][1]$b$94 [16] $memory$auto$proc_rom.cc:155:do_switch$3$rdmux[0][4][1]$b$94 [13] $memory$auto$proc_rom.cc:155:do_switch$3$rdmux[0][4][1]$b$94 [3] $memory$auto$proc_rom.cc:155:do_switch$3$rdmux[0][4][1]$b$94 [13] $memory$auto$proc_rom.cc:155:do_switch$3$rdmux[0][4][1]$b$94 [11] $memory$auto$proc_rom.cc:155:do_switch$3$rdmux[0][4][1]$b$94 [11] 1'1 $memory$auto$proc_rom.cc:155:do_switch$3$rdmux[0][4][1]$b$94 [3] $memory$auto$proc_rom.cc:155:do_switch$3$rdmux[0][4][1]$b$94 [8] $memory$auto$proc_rom.cc:155:do_switch$3$rdmux[0][4][1]$b$94 [2] $memory$auto$proc_rom.cc:155:do_switch$3$rdmux[0][4][1]$b$94 [5] $memory$auto$proc_rom.cc:155:do_switch$3$rdmux[0][4][1]$b$94 [5] $memory$auto$proc_rom.cc:155:do_switch$3$rdmux[0][4][1]$b$94 [1] $memory$auto$proc_rom.cc:155:do_switch$3$rdmux[0][4][1]$b$94 [3:0] }, Y={ $memory$auto$proc_rom.cc:155:do_switch$3$rdmux[0][3][0]$b$67 [31:25] $memory$auto$proc_rom.cc:155:do_switch$3$rdmux[0][3][0]$b$67 [23:19] $memory$auto$proc_rom.cc:155:do_switch$3$rdmux[0][3][0]$b$67 [17:0] }
      New connections: { $memory$auto$proc_rom.cc:155:do_switch$3$rdmux[0][3][0]$b$67 [24] $memory$auto$proc_rom.cc:155:do_switch$3$rdmux[0][3][0]$b$67 [18] } = { $memory$auto$proc_rom.cc:155:do_switch$3$rdmux[0][3][0]$b$67 [0] 1'1 }
    Consolidated identical input bits for $mux cell $memory$auto$proc_rom.cc:155:do_switch$3$rdmux[0][4][0]$89:
      Old ports: A=$memory$auto$proc_rom.cc:155:do_switch$3$rdmux[0][4][0]$a$90, B=$memory$auto$proc_rom.cc:155:do_switch$3$rdmux[0][4][0]$b$91, Y=$memory$auto$proc_rom.cc:155:do_switch$3$rdmux[0][3][0]$a$66
      New ports: A={ $memory$auto$proc_rom.cc:155:do_switch$3$rdmux[0][4][0]$a$90 [1] $memory$auto$proc_rom.cc:155:do_switch$3$rdmux[0][4][0]$a$90 [5] $memory$auto$proc_rom.cc:155:do_switch$3$rdmux[0][4][0]$a$90 [11] $memory$auto$proc_rom.cc:155:do_switch$3$rdmux[0][4][0]$a$90 [28] 2'10 $memory$auto$proc_rom.cc:155:do_switch$3$rdmux[0][4][0]$a$90 [25] $memory$auto$proc_rom.cc:155:do_switch$3$rdmux[0][4][0]$a$90 [4] $memory$auto$proc_rom.cc:155:do_switch$3$rdmux[0][4][0]$a$90 [4] 1'1 $memory$auto$proc_rom.cc:155:do_switch$3$rdmux[0][4][0]$a$90 [1] 1'0 $memory$auto$proc_rom.cc:155:do_switch$3$rdmux[0][4][0]$a$90 [18] 1'1 $memory$auto$proc_rom.cc:155:do_switch$3$rdmux[0][4][0]$a$90 [3] $memory$auto$proc_rom.cc:155:do_switch$3$rdmux[0][4][0]$a$90 [15] $memory$auto$proc_rom.cc:155:do_switch$3$rdmux[0][4][0]$a$90 [2] $memory$auto$proc_rom.cc:155:do_switch$3$rdmux[0][4][0]$a$90 [12] $memory$auto$proc_rom.cc:155:do_switch$3$rdmux[0][4][0]$a$90 [12:11] $memory$auto$proc_rom.cc:155:do_switch$3$rdmux[0][4][0]$a$90 [1] $memory$auto$proc_rom.cc:155:do_switch$3$rdmux[0][4][0]$a$90 [9] $memory$auto$proc_rom.cc:155:do_switch$3$rdmux[0][4][0]$a$90 [2] 1'1 $memory$auto$proc_rom.cc:155:do_switch$3$rdmux[0][4][0]$a$90 [2] $memory$auto$proc_rom.cc:155:do_switch$3$rdmux[0][4][0]$a$90 [5:1] 1'1 }, B={ $memory$auto$proc_rom.cc:155:do_switch$3$rdmux[0][4][0]$b$91 [31] $memory$auto$proc_rom.cc:155:do_switch$3$rdmux[0][4][0]$b$91 [1] 1'1 $memory$auto$proc_rom.cc:155:do_switch$3$rdmux[0][4][0]$b$91 [25] $memory$auto$proc_rom.cc:155:do_switch$3$rdmux[0][4][0]$b$91 [27] $memory$auto$proc_rom.cc:155:do_switch$3$rdmux[0][4][0]$b$91 [7] $memory$auto$proc_rom.cc:155:do_switch$3$rdmux[0][4][0]$b$91 [25] $memory$auto$proc_rom.cc:155:do_switch$3$rdmux[0][4][0]$b$91 [18] $memory$auto$proc_rom.cc:155:do_switch$3$rdmux[0][4][0]$b$91 [22] $memory$auto$proc_rom.cc:155:do_switch$3$rdmux[0][4][0]$b$91 [3] $memory$auto$proc_rom.cc:155:do_switch$3$rdmux[0][4][0]$b$91 [9] $memory$auto$proc_rom.cc:155:do_switch$3$rdmux[0][4][0]$b$91 [5] $memory$auto$proc_rom.cc:155:do_switch$3$rdmux[0][4][0]$b$91 [18:17] 1'0 $memory$auto$proc_rom.cc:155:do_switch$3$rdmux[0][4][0]$b$91 [10] $memory$auto$proc_rom.cc:155:do_switch$3$rdmux[0][4][0]$b$91 [1] $memory$auto$proc_rom.cc:155:do_switch$3$rdmux[0][4][0]$b$91 [11] $memory$auto$proc_rom.cc:155:do_switch$3$rdmux[0][4][0]$b$91 [1] $memory$auto$proc_rom.cc:155:do_switch$3$rdmux[0][4][0]$b$91 [11:9] $memory$auto$proc_rom.cc:155:do_switch$3$rdmux[0][4][0]$b$91 [3] $memory$auto$proc_rom.cc:155:do_switch$3$rdmux[0][4][0]$b$91 [7] $memory$auto$proc_rom.cc:155:do_switch$3$rdmux[0][4][0]$b$91 [5] $memory$auto$proc_rom.cc:155:do_switch$3$rdmux[0][4][0]$b$91 [5] $memory$auto$proc_rom.cc:155:do_switch$3$rdmux[0][4][0]$b$91 [3] $memory$auto$proc_rom.cc:155:do_switch$3$rdmux[0][4][0]$b$91 [3] 1'0 $memory$auto$proc_rom.cc:155:do_switch$3$rdmux[0][4][0]$b$91 [1:0] }, Y={ $memory$auto$proc_rom.cc:155:do_switch$3$rdmux[0][3][0]$a$66 [31:24] $memory$auto$proc_rom.cc:155:do_switch$3$rdmux[0][3][0]$a$66 [22:0] }
      New connections: $memory$auto$proc_rom.cc:155:do_switch$3$rdmux[0][3][0]$a$66 [23] = $memory$auto$proc_rom.cc:155:do_switch$3$rdmux[0][3][0]$a$66 [5]
  Optimizing cells in module \sweep_128x32_portable.
Performed a total of 112 changes.

8.5. Executing OPT_MERGE pass (detect identical cells).
Finding identical cells in module `\sweep_128x32_portable'.
Computing hashes of 128 cells of `\sweep_128x32_portable'.
Finding duplicate cells in `\sweep_128x32_portable'.
Computing hashes of 66 cells of `\sweep_128x32_portable'.
Finding duplicate cells in `\sweep_128x32_portable'.
<suppressed ~186 debug messages>
Removed a total of 62 cells.

8.6. Executing OPT_SHARE pass.

8.7. Executing OPT_DFF pass (perform DFF optimizations).

8.8. Executing OPT_CLEAN pass (remove unused cells and wires).
Finding unused cells or wires in module \sweep_128x32_portable..
Removed 0 unused cells and 190 unused wires.
<suppressed ~1 debug messages>

8.9. Executing OPT_EXPR pass (perform const folding).
Optimizing module sweep_128x32_portable.

8.10. Rerunning OPT passes. (Maybe there is more to do..)

8.11. Executing OPT_MUXTREE pass (detect dead branches in mux trees).
Running muxtree optimizer on module \sweep_128x32_portable..
  Creating internal representation of mux trees.
  Evaluating internal representation of mux trees.
  Analyzing evaluation results.
Removed 0 multiplexer ports.
<suppressed ~132 debug messages>

8.12. Executing OPT_REDUCE pass (consolidate $*mux and $reduce_* inputs).
  Optimizing cells in module \sweep_128x32_portable.
    Consolidated identical input bits for $mux cell $memory$auto$proc_rom.cc:155:do_switch$3$rdmux[0][5][29]$224:
      Old ports: A={ 1'1 $memory$auto$proc_rom.cc:155:do_switch$3$rdmux[0][5][0]$a$138 [1] 1'0 $memory$auto$proc_rom.cc:155:do_switch$3$rdmux[0][5][0]$a$138 [1] $memory$auto$proc_rom.cc:155:do_switch$3$rdmux[0][5][0]$a$138 [2:1] $memory$auto$proc_rom.cc:155:do_switch$3$rdmux[0][5][0]$a$138 [2] $memory$auto$proc_rom.cc:155:do_switch$3$rdmux[0][5][0]$a$138 [2] 3'110 $memory$auto$proc_rom.cc:155:do_switch$3$rdmux[0][5][0]$a$138 [2:1] 1'0 }, B={ $memory$auto$proc_rom.cc:155:do_switch$3$rdmux[0][5][0]$a$138 [2:1] $memory$auto$proc_rom.cc:155:do_switch$3$rdmux[0][5][0]$a$138 [2] 3'001 $memory$auto$proc_rom.cc:155:do_switch$3$rdmux[0][5][0]$a$138 [1] $memory$auto$proc_rom.cc:155:do_switch$3$rdmux[0][5][0]$a$138 [2:1] 3'011 $memory$auto$proc_rom.cc:155:do_switch$3$rdmux[0][5][0]$a$138 [2:1] }, Y={ $memory$auto$proc_rom.cc:155:do_switch$3$rdmux[0][4][14]$b$133 [29] $memory$auto$proc_rom.cc:155:do_switch$3$rdmux[0][4][14]$b$133 [26] $memory$auto$proc_rom.cc:155:do_switch$3$rdmux[0][4][14]$b$133 [22] $memory$auto$proc_rom.cc:155:do_switch$3$rdmux[0][4][14]$b$133 [20] $memory$auto$proc_rom.cc:155:do_switch$3$rdmux[0][4][14]$b$133 [14:13] $memory$auto$proc_rom.cc:155:do_switch$3$rdmux[0][4][14]$b$133 [11] $memory$auto$proc_rom.cc:155:do_switch$3$rdmux[0][4][14]$b$133 [9] $memory$auto$proc_rom.cc:155:do_switch$3$rdmux[0][4][14]$b$133 [7:4] $memory$auto$proc_rom.cc:155:do_switch$3$rdmux[0][4][14]$b$133 [2:1] }
      New ports: A={ 2'10 $memory$auto$proc_rom.cc:155:do_switch$3$rdmux[0][5][0]$a$138 [1] $memory$auto$proc_rom.cc:155:do_switch$3$rdmux[0][5][0]$a$138 [2:1] $memory$auto$proc_rom.cc:155:do_switch$3$rdmux[0][5][0]$a$138 [2] 3'110 $memory$auto$proc_rom.cc:155:do_switch$3$rdmux[0][5][0]$a$138 [2:1] 1'0 }, B={ $memory$auto$proc_rom.cc:155:do_switch$3$rdmux[0][5][0]$a$138 [2] $memory$auto$proc_rom.cc:155:do_switch$3$rdmux[0][5][0]$a$138 [2] 3'001 $memory$auto$proc_rom.cc:155:do_switch$3$rdmux[0][5][0]$a$138 [1] $memory$auto$proc_rom.cc:155:do_switch$3$rdmux[0][5][0]$a$138 [1] 3'011 $memory$auto$proc_rom.cc:155:do_switch$3$rdmux[0][5][0]$a$138 [2:1] }, Y={ $memory$auto$proc_rom.cc:155:do_switch$3$rdmux[0][4][14]$b$133 [29] $memory$auto$proc_rom.cc:155:do_switch$3$rdmux[0][4][14]$b$133 [22] $memory$auto$proc_rom.cc:155:do_switch$3$rdmux[0][4][14]$b$133 [20] $memory$auto$proc_rom.cc:155:do_switch$3$rdmux[0][4][14]$b$133 [14:13] $memory$auto$proc_rom.cc:155:do_switch$3$rdmux[0][4][14]$b$133 [11] $memory$auto$proc_rom.cc:155:do_switch$3$rdmux[0][4][14]$b$133 [7:4] $memory$auto$proc_rom.cc:155:do_switch$3$rdmux[0][4][14]$b$133 [2:1] }
      New connections: { $memory$auto$proc_rom.cc:155:do_switch$3$rdmux[0][4][14]$b$133 [26] $memory$auto$proc_rom.cc:155:do_switch$3$rdmux[0][4][14]$b$133 [9] } = { $memory$auto$proc_rom.cc:155:do_switch$3$rdmux[0][5][0]$a$138 [1] $memory$auto$proc_rom.cc:155:do_switch$3$rdmux[0][5][0]$a$138 [2] }
    Consolidated identical input bits for $mux cell $memory$auto$proc_rom.cc:155:do_switch$3$rdmux[0][5][24]$209:
      Old ports: A={ 1'1 $memory$auto$proc_rom.cc:155:do_switch$3$rdmux[0][5][0]$a$138 [1] 1'0 $memory$auto$proc_rom.cc:155:do_switch$3$rdmux[0][5][0]$a$138 [2] $memory$auto$proc_rom.cc:155:do_switch$3$rdmux[0][5][0]$a$138 [2:1] 2'01 $memory$auto$proc_rom.cc:155:do_switch$3$rdmux[0][5][0]$a$138 [2:1] $memory$auto$proc_rom.cc:155:do_switch$3$rdmux[0][5][0]$a$138 [1] }, B={ 1'0 $memory$auto$proc_rom.cc:155:do_switch$3$rdmux[0][5][0]$a$138 [1] 1'1 $memory$auto$proc_rom.cc:155:do_switch$3$rdmux[0][5][0]$a$138 [2] 1'0 $memory$auto$proc_rom.cc:155:do_switch$3$rdmux[0][5][0]$a$138 [2] $memory$auto$proc_rom.cc:155:do_switch$3$rdmux[0][5][0]$a$138 [2:1] $memory$auto$proc_rom.cc:155:do_switch$3$rdmux[0][5][0]$a$138 [1] 2'01 }, Y={ $memory$auto$proc_rom.cc:155:do_switch$3$rdmux[0][4][12]$a$126 [27] $memory$auto$proc_rom.cc:155:do_switch$3$rdmux[0][4][12]$a$126 [17:16] $memory$auto$proc_rom.cc:155:do_switch$3$rdmux[0][4][12]$a$126 [9] $memory$auto$proc_rom.cc:155:do_switch$3$rdmux[0][4][12]$a$126 [7:5] $memory$auto$proc_rom.cc:155:do_switch$3$rdmux[0][4][12]$a$126 [3:0] }
      New ports: A={ 2'10 $memory$auto$proc_rom.cc:155:do_switch$3$rdmux[0][5][0]$a$138 [2:1] 2'01 $memory$auto$proc_rom.cc:155:do_switch$3$rdmux[0][5][0]$a$138 [2:1] $memory$auto$proc_rom.cc:155:do_switch$3$rdmux[0][5][0]$a$138 [1] }, B={ 3'010 $memory$auto$proc_rom.cc:155:do_switch$3$rdmux[0][5][0]$a$138 [2] $memory$auto$proc_rom.cc:155:do_switch$3$rdmux[0][5][0]$a$138 [2:1] $memory$auto$proc_rom.cc:155:do_switch$3$rdmux[0][5][0]$a$138 [1] 2'01 }, Y={ $memory$auto$proc_rom.cc:155:do_switch$3$rdmux[0][4][12]$a$126 [27] $memory$auto$proc_rom.cc:155:do_switch$3$rdmux[0][4][12]$a$126 [16] $memory$auto$proc_rom.cc:155:do_switch$3$rdmux[0][4][12]$a$126 [7:5] $memory$auto$proc_rom.cc:155:do_switch$3$rdmux[0][4][12]$a$126 [3:0] }
      New connections: { $memory$auto$proc_rom.cc:155:do_switch$3$rdmux[0][4][12]$a$126 [17] $memory$auto$proc_rom.cc:155:do_switch$3$rdmux[0][4][12]$a$126 [9] } = { $memory$auto$proc_rom.cc:155:do_switch$3$rdmux[0][5][0]$a$138 [1] $memory$auto$proc_rom.cc:155:do_switch$3$rdmux[0][5][0]$a$138 [2] }
    Consolidated identical input bits for $mux cell $memory$auto$proc_rom.cc:155:do_switch$3$rdmux[0][5][23]$206:
      Old ports: A={ $memory$auto$proc_rom.cc:155:do_switch$3$rdmux[0][5][11]$a$171 [4] $memory$auto$proc_rom.cc:155:do_switch$3$rdmux[0][5][11]$a$171 [6] $memory$auto$proc_rom.cc:155:do_switch$3$rdmux[0][5][11]$a$171 [4] 1'1 $memory$auto$proc_rom.cc:155:do_switch$3$rdmux[0][5][11]$a$171 [6] $memory$auto$proc_rom.cc:155:do_switch$3$rdmux[0][5][11]$a$171 [4] 1'1 $memory$auto$proc_rom.cc:155:do_switch$3$rdmux[0][5][11]$a$171 [4] 3'001 }, B={ 1'0 $memory$auto$proc_rom.cc:155:do_switch$3$rdmux[0][5][11]$a$171 [6] 3'100 $memory$auto$proc_rom.cc:155:do_switch$3$rdmux[0][5][11]$a$171 [6] $memory$auto$proc_rom.cc:155:do_switch$3$rdmux[0][5][11]$a$171 [6] $memory$auto$proc_rom.cc:155:do_switch$3$rdmux[0][5][11]$a$171 [4] $memory$auto$proc_rom.cc:155:do_switch$3$rdmux[0][5][11]$a$171 [6] 1'1 $memory$auto$proc_rom.cc:155:do_switch$3$rdmux[0][5][11]$a$171 [4] }, Y={ $memory$auto$proc_rom.cc:155:do_switch$3$rdmux[0][4][11]$b$124 [24] $memory$auto$proc_rom.cc:155:do_switch$3$rdmux[0][4][11]$b$124 [21] $memory$auto$proc_rom.cc:155:do_switch$3$rdmux[0][4][11]$b$124 [12:11] $memory$auto$proc_rom.cc:155:do_switch$3$rdmux[0][4][11]$b$124 [7:2] $memory$auto$proc_rom.cc:155:do_switch$3$rdmux[0][4][11]$b$124 [0] }
      New ports: A={ $memory$auto$proc_rom.cc:155:do_switch$3$rdmux[0][5][11]$a$171 [4] $memory$auto$proc_rom.cc:155:do_switch$3$rdmux[0][5][11]$a$171 [4] 1'1 $memory$auto$proc_rom.cc:155:do_switch$3$rdmux[0][5][11]$a$171 [6] $memory$auto$proc_rom.cc:155:do_switch$3$rdmux[0][5][11]$a$171 [4] 4'1001 }, B={ 4'0100 $memory$auto$proc_rom.cc:155:do_switch$3$rdmux[0][5][11]$a$171 [6] $memory$auto$proc_rom.cc:155:do_switch$3$rdmux[0][5][11]$a$171 [6] $memory$auto$proc_rom.cc:155:do_switch$3$rdmux[0][5][11]$a$171 [6] 1'1 $memory$auto$proc_rom.cc:155:do_switch$3$rdmux[0][5][11]$a$171 [4] }, Y={ $memory$auto$proc_rom.cc:155:do_switch$3$rdmux[0][4][11]$b$124 [24] $memory$auto$proc_rom.cc:155:do_switch$3$rdmux[0][4][11]$b$124 [12:11] $memory$auto$proc_rom.cc:155:do_switch$3$rdmux[0][4][11]$b$124 [7:5] $memory$auto$proc_rom.cc:155:do_switch$3$rdmux[0][4][11]$b$124 [3:2] $memory$auto$proc_rom.cc:155:do_switch$3$rdmux[0][4][11]$b$124 [0] }
      New connections: { $memory$auto$proc_rom.cc:155:do_switch$3$rdmux[0][4][11]$b$124 [21] $memory$auto$proc_rom.cc:155:do_switch$3$rdmux[0][4][11]$b$124 [4] } = { $memory$auto$proc_rom.cc:155:do_switch$3$rdmux[0][5][11]$a$171 [6] $memory$auto$proc_rom.cc:155:do_switch$3$rdmux[0][5][11]$a$171 [4] }
    Consolidated identical input bits for $mux cell $memory$auto$proc_rom.cc:155:do_switch$3$rdmux[0][5][22]$203:
      Old ports: A={ 1'1 $memory$auto$proc_rom.cc:155:do_switch$3$rdmux[0][5][11]$a$171 [4] 1'0 $memory$auto$proc_rom.cc:155:do_switch$3$rdmux[0][5][11]$a$171 [6] 3'100 $memory$auto$proc_rom.cc:155:do_switch$3$rdmux[0][5][11]$a$171 [6] $memory$auto$proc_rom.cc:155:do_switch$3$rdmux[0][5][11]$a$171 [6] $memory$auto$proc_rom.cc:155:do_switch$3$rdmux[0][5][11]$a$171 [4] 1'1 $memory$auto$proc_rom.cc:155:do_switch$3$rdmux[0][5][11]$a$171 [4] }, B={ 1'0 $memory$auto$proc_rom.cc:155:do_switch$3$rdmux[0][5][11]$a$171 [6] $memory$auto$proc_rom.cc:155:do_switch$3$rdmux[0][5][11]$a$171 [6] $memory$auto$proc_rom.cc:155:do_switch$3$rdmux[0][5][11]$a$171 [4] $memory$auto$proc_rom.cc:155:do_switch$3$rdmux[0][5][11]$a$171 [6] $memory$auto$proc_rom.cc:155:do_switch$3$rdmux[0][5][11]$a$171 [4] 2'10 $memory$auto$proc_rom.cc:155:do_switch$3$rdmux[0][5][11]$a$171 [6] 1'0 $memory$auto$proc_rom.cc:155:do_switch$3$rdmux[0][5][11]$a$171 [4] $memory$auto$proc_rom.cc:155:do_switch$3$rdmux[0][5][11]$a$171 [4] }, Y={ $memory$auto$proc_rom.cc:155:do_switch$3$rdmux[0][4][11]$a$123 [27] $memory$auto$proc_rom.cc:155:do_switch$3$rdmux[0][4][11]$a$123 [21:20] $memory$auto$proc_rom.cc:155:do_switch$3$rdmux[0][4][11]$a$123 [9:2] $memory$auto$proc_rom.cc:155:do_switch$3$rdmux[0][4][11]$a$123 [0] }
      New ports: A={ 1'1 $memory$auto$proc_rom.cc:155:do_switch$3$rdmux[0][5][11]$a$171 [4] 1'0 $memory$auto$proc_rom.cc:155:do_switch$3$rdmux[0][5][11]$a$171 [6] 3'100 $memory$auto$proc_rom.cc:155:do_switch$3$rdmux[0][5][11]$a$171 [6] $memory$auto$proc_rom.cc:155:do_switch$3$rdmux[0][5][11]$a$171 [4] 1'1 }, B={ 1'0 $memory$auto$proc_rom.cc:155:do_switch$3$rdmux[0][5][11]$a$171 [6] $memory$auto$proc_rom.cc:155:do_switch$3$rdmux[0][5][11]$a$171 [6] $memory$auto$proc_rom.cc:155:do_switch$3$rdmux[0][5][11]$a$171 [4] $memory$auto$proc_rom.cc:155:do_switch$3$rdmux[0][5][11]$a$171 [6] $memory$auto$proc_rom.cc:155:do_switch$3$rdmux[0][5][11]$a$171 [4] 3'100 $memory$auto$proc_rom.cc:155:do_switch$3$rdmux[0][5][11]$a$171 [4] }, Y={ $memory$auto$proc_rom.cc:155:do_switch$3$rdmux[0][4][11]$a$123 [27] $memory$auto$proc_rom.cc:155:do_switch$3$rdmux[0][4][11]$a$123 [21:20] $memory$auto$proc_rom.cc:155:do_switch$3$rdmux[0][4][11]$a$123 [9:5] $memory$auto$proc_rom.cc:155:do_switch$3$rdmux[0][4][11]$a$123 [3:2] }
      New connections: { $memory$auto$proc_rom.cc:155:do_switch$3$rdmux[0][4][11]$a$123 [4] $memory$auto$proc_rom.cc:155:do_switch$3$rdmux[0][4][11]$a$123 [0] } = { $memory$auto$proc_rom.cc:155:do_switch$3$rdmux[0][5][11]$a$171 [6] $memory$auto$proc_rom.cc:155:do_switch$3$rdmux[0][5][11]$a$171 [4] }
    Consolidated identical input bits for $mux cell $memory$auto$proc_rom.cc:155:do_switch$3$rdmux[0][5][21]$200:
      Old ports: A={ 1'0 $memory$auto$proc_rom.cc:155:do_switch$3$rdmux[0][5][11]$a$171 [4] 1'1 $memory$auto$proc_rom.cc:155:do_switch$3$rdmux[0][5][11]$a$171 [4] $memory$auto$proc_rom.cc:155:do_switch$3$rdmux[0][5][11]$a$171 [6] $memory$auto$proc_rom.cc:155:do_switch$3$rdmux[0][5][11]$a$171 [4] 1'1 $memory$auto$proc_rom.cc:155:do_switch$3$rdmux[0][5][11]$a$171 [6] $memory$auto$proc_rom.cc:155:do_switch$3$rdmux[0][5][11]$a$171 [6] 1'0 $memory$auto$proc_rom.cc:155:do_switch$3$rdmux[0][5][11]$a$171 [4] 1'1 }, B={ $memory$auto$proc_rom.cc:155:do_switch$3$rdmux[0][5][11]$a$171 [4] $memory$auto$proc_rom.cc:155:do_switch$3$rdmux[0][5][11]$a$171 [4] 3'000 $memory$auto$proc_rom.cc:155:do_switch$3$rdmux[0][5][11]$a$171 [6] $memory$auto$proc_rom.cc:155:do_switch$3$rdmux[0][5][11]$a$171 [6] $memory$auto$proc_rom.cc:155:do_switch$3$rdmux[0][5][11]$a$171 [6] 1'1 $memory$auto$proc_rom.cc:155:do_switch$3$rdmux[0][5][11]$a$171 [6] 1'1 $memory$auto$proc_rom.cc:155:do_switch$3$rdmux[0][5][11]$a$171 [4] }, Y={ $memory$auto$proc_rom.cc:155:do_switch$3$rdmux[0][4][10]$b$121 [27] $memory$auto$proc_rom.cc:155:do_switch$3$rdmux[0][4][10]$b$121 [21:19] $memory$auto$proc_rom.cc:155:do_switch$3$rdmux[0][4][10]$b$121 [17:16] $memory$auto$proc_rom.cc:155:do_switch$3$rdmux[0][4][10]$b$121 [10:9] $memory$auto$proc_rom.cc:155:do_switch$3$rdmux[0][4][10]$b$121 [3:0] }
      New ports: A={ 2'01 $memory$auto$proc_rom.cc:155:do_switch$3$rdmux[0][5][11]$a$171 [4] $memory$auto$proc_rom.cc:155:do_switch$3$rdmux[0][5][11]$a$171 [6] $memory$auto$proc_rom.cc:155:do_switch$3$rdmux[0][5][11]$a$171 [4] 1'1 $memory$auto$proc_rom.cc:155:do_switch$3$rdmux[0][5][11]$a$171 [6] 1'0 $memory$auto$proc_rom.cc:155:do_switch$3$rdmux[0][5][11]$a$171 [4] 1'1 }, B={ $memory$auto$proc_rom.cc:155:do_switch$3$rdmux[0][5][11]$a$171 [4] 3'000 $memory$auto$proc_rom.cc:155:do_switch$3$rdmux[0][5][11]$a$171 [6] $memory$auto$proc_rom.cc:155:do_switch$3$rdmux[0][5][11]$a$171 [6] 1'1 $memory$auto$proc_rom.cc:155:do_switch$3$rdmux[0][5][11]$a$171 [6] 1'1 $memory$auto$proc_rom.cc:155:do_switch$3$rdmux[0][5][11]$a$171 [4] }, Y={ $memory$auto$proc_rom.cc:155:do_switch$3$rdmux[0][4][10]$b$121 [27] $memory$auto$proc_rom.cc:155:do_switch$3$rdmux[0][4][10]$b$121 [20:19] $memory$auto$proc_rom.cc:155:do_switch$3$rdmux[0][4][10]$b$121 [17:16] $memory$auto$proc_rom.cc:155:do_switch$3$rdmux[0][4][10]$b$121 [10] $memory$auto$proc_rom.cc:155:do_switch$3$rdmux[0][4][10]$b$121 [3:0] }
      New connections: { $memory$auto$proc_rom.cc:155:do_switch$3$rdmux[0][4][10]$b$121 [21] $memory$auto$proc_rom.cc:155:do_switch$3$rdmux[0][4][10]$b$121 [9] } = { $memory$auto$proc_rom.cc:155:do_switch$3$rdmux[0][5][11]$a$171 [4] $memory$auto$proc_rom.cc:155:do_switch$3$rdmux[0][5][11]$a$171 [6] }
    Consolidated identical input bits for $mux cell $memory$auto$proc_rom.cc:155:do_switch$3$rdmux[0][5][15]$182:
      Old ports: A={ $memory$auto$proc_rom.cc:155:do_switch$3$rdmux[0][5][11]$a$171 [4] 1'1 $memory$auto$proc_rom.cc:155:do_switch$3$rdmux[0][5][11]$a$171 [4] $memory$auto$proc_rom.cc:155:do_switch$3$rdmux[0][5][11]$a$171 [4] 2'00 $memory$auto$proc_rom.cc:155:do_switch$3$rdmux[0][5][11]$a$171 [6] $memory$auto$proc_rom.cc:155:do_switch$3$rdmux[0][5][11]$a$171 [6] $memory$auto$proc_rom.cc:155:do_switch$3$rdmux[0][5][11]$a$171 [6] 2'11 $memory$auto$proc_rom.cc:155:do_switch$3$rdmux[0][5][11]$a$171 [6] $memory$auto$proc_rom.cc:155:do_switch$3$rdmux[0][5][11]$a$171 [4] }, B={ $memory$auto$proc_rom.cc:155:do_switch$3$rdmux[0][5][11]$a$171 [4] 2'00 $memory$auto$proc_rom.cc:155:do_switch$3$rdmux[0][5][11]$a$171 [6] 1'1 $memory$auto$proc_rom.cc:155:do_switch$3$rdmux[0][5][11]$a$171 [6] $memory$auto$proc_rom.cc:155:do_switch$3$rdmux[0][5][11]$a$171 [6] 2'01 $memory$auto$proc_rom.cc:155:do_switch$3$rdmux[0][5][11]$a$171 [6] $memory$auto$proc_rom.cc:155:do_switch$3$rdmux[0][5][11]$a$171 [4] $memory$auto$proc_rom.cc:155:do_switch$3$rdmux[0][5][11]$a$171 [4] 1'1 }, Y={ $memory$auto$proc_rom.cc:155:do_switch$3$rdmux[0][4][7]$b$112 [31] $memory$auto$proc_rom.cc:155:do_switch$3$rdmux[0][4][7]$b$112 [24:22] $memory$auto$proc_rom.cc:155:do_switch$3$rdmux[0][4][7]$b$112 [20] $memory$auto$proc_rom.cc:155:do_switch$3$rdmux[0][4][7]$b$112 [14:13] $memory$auto$proc_rom.cc:155:do_switch$3$rdmux[0][4][7]$b$112 [8:7] $memory$auto$proc_rom.cc:155:do_switch$3$rdmux[0][4][7]$b$112 [3:0] }
      New ports: A={ 1'1 $memory$auto$proc_rom.cc:155:do_switch$3$rdmux[0][5][11]$a$171 [4] $memory$auto$proc_rom.cc:155:do_switch$3$rdmux[0][5][11]$a$171 [4] 2'00 $memory$auto$proc_rom.cc:155:do_switch$3$rdmux[0][5][11]$a$171 [6] $memory$auto$proc_rom.cc:155:do_switch$3$rdmux[0][5][11]$a$171 [6] 2'11 $memory$auto$proc_rom.cc:155:do_switch$3$rdmux[0][5][11]$a$171 [6] $memory$auto$proc_rom.cc:155:do_switch$3$rdmux[0][5][11]$a$171 [4] }, B={ 2'00 $memory$auto$proc_rom.cc:155:do_switch$3$rdmux[0][5][11]$a$171 [6] 1'1 $memory$auto$proc_rom.cc:155:do_switch$3$rdmux[0][5][11]$a$171 [6] 2'01 $memory$auto$proc_rom.cc:155:do_switch$3$rdmux[0][5][11]$a$171 [6] $memory$auto$proc_rom.cc:155:do_switch$3$rdmux[0][5][11]$a$171 [4] $memory$auto$proc_rom.cc:155:do_switch$3$rdmux[0][5][11]$a$171 [4] 1'1 }, Y={ $memory$auto$proc_rom.cc:155:do_switch$3$rdmux[0][4][7]$b$112 [24:22] $memory$auto$proc_rom.cc:155:do_switch$3$rdmux[0][4][7]$b$112 [20] $memory$auto$proc_rom.cc:155:do_switch$3$rdmux[0][4][7]$b$112 [14] $memory$auto$proc_rom.cc:155:do_switch$3$rdmux[0][4][7]$b$112 [8:7] $memory$auto$proc_rom.cc:155:do_switch$3$rdmux[0][4][7]$b$112 [3:0] }
      New connections: { $memory$auto$proc_rom.cc:155:do_switch$3$rdmux[0][4][7]$b$112 [31] $memory$auto$proc_rom.cc:155:do_switch$3$rdmux[0][4][7]$b$112 [13] } = { $memory$auto$proc_rom.cc:155:do_switch$3$rdmux[0][5][11]$a$171 [4] $memory$auto$proc_rom.cc:155:do_switch$3$rdmux[0][5][11]$a$171 [6] }
    Consolidated identical input bits for $mux cell $memory$auto$proc_rom.cc:155:do_switch$3$rdmux[0][5][10]$167:
      Old ports: A={ $memory$auto$proc_rom.cc:155:do_switch$3$rdmux[0][5][0]$a$138 [2] $memory$auto$proc_rom.cc:155:do_switch$3$rdmux[0][5][0]$a$138 [2:1] 1'0 $memory$auto$proc_rom.cc:155:do_switch$3$rdmux[0][5][0]$a$138 [2] $memory$auto$proc_rom.cc:155:do_switch$3$rdmux[0][5][0]$a$138 [2:1] $memory$auto$proc_rom.cc:155:do_switch$3$rdmux[0][5][0]$a$138 [1] 2'11 $memory$auto$proc_rom.cc:155:do_switch$3$rdmux[0][5][0]$a$138 [1] 2'00 }, B={ $memory$auto$proc_rom.cc:155:do_switch$3$rdmux[0][5][0]$a$138 [2] 2'00 $memory$auto$proc_rom.cc:155:do_switch$3$rdmux[0][5][0]$a$138 [2:1] 1'1 $memory$auto$proc_rom.cc:155:do_switch$3$rdmux[0][5][0]$a$138 [1] 1'1 $memory$auto$proc_rom.cc:155:do_switch$3$rdmux[0][5][0]$a$138 [1] $memory$auto$proc_rom.cc:155:do_switch$3$rdmux[0][5][0]$a$138 [2] $memory$auto$proc_rom.cc:155:do_switch$3$rdmux[0][5][0]$a$138 [2:1] 1'1 }, Y={ $memory$auto$proc_rom.cc:155:do_switch$3$rdmux[0][4][5]$a$105 [23] $memory$auto$proc_rom.cc:155:do_switch$3$rdmux[0][4][5]$a$105 [19:16] $memory$auto$proc_rom.cc:155:do_switch$3$rdmux[0][4][5]$a$105 [13] $memory$auto$proc_rom.cc:155:do_switch$3$rdmux[0][4][5]$a$105 [10:8] $memory$auto$proc_rom.cc:155:do_switch$3$rdmux[0][4][5]$a$105 [6] $memory$auto$proc_rom.cc:155:do_switch$3$rdmux[0][4][5]$a$105 [4] $memory$auto$proc_rom.cc:155:do_switch$3$rdmux[0][4][5]$a$105 [2] $memory$auto$proc_rom.cc:155:do_switch$3$rdmux[0][4][5]$a$105 [0] }
      New ports: A={ $memory$auto$proc_rom.cc:155:do_switch$3$rdmux[0][5][0]$a$138 [2:1] 1'0 $memory$auto$proc_rom.cc:155:do_switch$3$rdmux[0][5][0]$a$138 [2] $memory$auto$proc_rom.cc:155:do_switch$3$rdmux[0][5][0]$a$138 [2:1] 2'11 $memory$auto$proc_rom.cc:155:do_switch$3$rdmux[0][5][0]$a$138 [1] 2'00 }, B={ 2'00 $memory$auto$proc_rom.cc:155:do_switch$3$rdmux[0][5][0]$a$138 [2:1] 2'11 $memory$auto$proc_rom.cc:155:do_switch$3$rdmux[0][5][0]$a$138 [1] $memory$auto$proc_rom.cc:155:do_switch$3$rdmux[0][5][0]$a$138 [2] $memory$auto$proc_rom.cc:155:do_switch$3$rdmux[0][5][0]$a$138 [2:1] 1'1 }, Y={ $memory$auto$proc_rom.cc:155:do_switch$3$rdmux[0][4][5]$a$105 [19:16] $memory$auto$proc_rom.cc:155:do_switch$3$rdmux[0][4][5]$a$105 [13] $memory$auto$proc_rom.cc:155:do_switch$3$rdmux[0][4][5]$a$105 [9:8] $memory$auto$proc_rom.cc:155:do_switch$3$rdmux[0][4][5]$a$105 [6] $memory$auto$proc_rom.cc:155:do_switch$3$rdmux[0][4][5]$a$105 [4] $memory$auto$proc_rom.cc:155:do_switch$3$rdmux[0][4][5]$a$105 [2] $memory$auto$proc_rom.cc:155:do_switch$3$rdmux[0][4][5]$a$105 [0] }
      New connections: { $memory$auto$proc_rom.cc:155:do_switch$3$rdmux[0][4][5]$a$105 [23] $memory$auto$proc_rom.cc:155:do_switch$3$rdmux[0][4][5]$a$105 [10] } = $memory$auto$proc_rom.cc:155:do_switch$3$rdmux[0][5][0]$a$138 [2:1]
    Consolidated identical input bits for $mux cell $memory$auto$proc_rom.cc:155:do_switch$3$rdmux[0][5][8]$161:
      Old ports: A={ 3'010 $memory$auto$proc_rom.cc:155:do_switch$3$rdmux[0][5][11]$a$171 [4] $memory$auto$proc_rom.cc:155:do_switch$3$rdmux[0][5][11]$a$171 [6] $memory$auto$proc_rom.cc:155:do_switch$3$rdmux[0][5][11]$a$171 [6] $memory$auto$proc_rom.cc:155:do_switch$3$rdmux[0][5][11]$a$171 [6] $memory$auto$proc_rom.cc:155:do_switch$3$rdmux[0][5][11]$a$171 [6] $memory$auto$proc_rom.cc:155:do_switch$3$rdmux[0][5][11]$a$171 [4] 1'1 $memory$auto$proc_rom.cc:155:do_switch$3$rdmux[0][5][11]$a$171 [4] 1'0 $memory$auto$proc_rom.cc:155:do_switch$3$rdmux[0][5][11]$a$171 [4] }, B={ $memory$auto$proc_rom.cc:155:do_switch$3$rdmux[0][5][11]$a$171 [6] $memory$auto$proc_rom.cc:155:do_switch$3$rdmux[0][5][11]$a$171 [4] 2'10 $memory$auto$proc_rom.cc:155:do_switch$3$rdmux[0][5][11]$a$171 [4] $memory$auto$proc_rom.cc:155:do_switch$3$rdmux[0][5][11]$a$171 [6] 2'10 $memory$auto$proc_rom.cc:155:do_switch$3$rdmux[0][5][11]$a$171 [6] 1'0 $memory$auto$proc_rom.cc:155:do_switch$3$rdmux[0][5][11]$a$171 [4] $memory$auto$proc_rom.cc:155:do_switch$3$rdmux[0][5][11]$a$171 [4] 1'1 }, Y={ $memory$auto$proc_rom.cc:155:do_switch$3$rdmux[0][4][4]$a$102 [29] $memory$auto$proc_rom.cc:155:do_switch$3$rdmux[0][4][4]$a$102 [23] $memory$auto$proc_rom.cc:155:do_switch$3$rdmux[0][4][4]$a$102 [20:19] $memory$auto$proc_rom.cc:155:do_switch$3$rdmux[0][4][4]$a$102 [17] $memory$auto$proc_rom.cc:155:do_switch$3$rdmux[0][4][4]$a$102 [14:13] $memory$auto$proc_rom.cc:155:do_switch$3$rdmux[0][4][4]$a$102 [11] $memory$auto$proc_rom.cc:155:do_switch$3$rdmux[0][4][4]$a$102 [6:5] $memory$auto$proc_rom.cc:155:do_switch$3$rdmux[0][4][4]$a$102 [2:0] }
      New ports: A={ 3'010 $memory$auto$proc_rom.cc:155:do_switch$3$rdmux[0][5][11]$a$171 [4] $memory$auto$proc_rom.cc:155:do_switch$3$rdmux[0][5][11]$a$171 [6] $memory$auto$proc_rom.cc:155:do_switch$3$rdmux[0][5][11]$a$171 [6] $memory$auto$proc_rom.cc:155:do_switch$3$rdmux[0][5][11]$a$171 [6] $memory$auto$proc_rom.cc:155:do_switch$3$rdmux[0][5][11]$a$171 [4] 2'10 $memory$auto$proc_rom.cc:155:do_switch$3$rdmux[0][5][11]$a$171 [4] }, B={ $memory$auto$proc_rom.cc:155:do_switch$3$rdmux[0][5][11]$a$171 [6] $memory$auto$proc_rom.cc:155:do_switch$3$rdmux[0][5][11]$a$171 [4] 2'10 $memory$auto$proc_rom.cc:155:do_switch$3$rdmux[0][5][11]$a$171 [4] 2'10 $memory$auto$proc_rom.cc:155:do_switch$3$rdmux[0][5][11]$a$171 [6] 1'0 $memory$auto$proc_rom.cc:155:do_switch$3$rdmux[0][5][11]$a$171 [4] 1'1 }, Y={ $memory$auto$proc_rom.cc:155:do_switch$3$rdmux[0][4][4]$a$102 [29] $memory$auto$proc_rom.cc:155:do_switch$3$rdmux[0][4][4]$a$102 [23] $memory$auto$proc_rom.cc:155:do_switch$3$rdmux[0][4][4]$a$102 [20:19] $memory$auto$proc_rom.cc:155:do_switch$3$rdmux[0][4][4]$a$102 [17] $memory$auto$proc_rom.cc:155:do_switch$3$rdmux[0][4][4]$a$102 [13] $memory$auto$proc_rom.cc:155:do_switch$3$rdmux[0][4][4]$a$102 [11] $memory$auto$proc_rom.cc:155:do_switch$3$rdmux[0][4][4]$a$102 [6:5] $memory$auto$proc_rom.cc:155:do_switch$3$rdmux[0][4][4]$a$102 [1:0] }
      New connections: { $memory$auto$proc_rom.cc:155:do_switch$3$rdmux[0][4][4]$a$102 [14] $memory$auto$proc_rom.cc:155:do_switch$3$rdmux[0][4][4]$a$102 [2] } = { $memory$auto$proc_rom.cc:155:do_switch$3$rdmux[0][5][11]$a$171 [6] $memory$auto$proc_rom.cc:155:do_switch$3$rdmux[0][5][11]$a$171 [4] }
    Consolidated identical input bits for $mux cell $memory$auto$proc_rom.cc:155:do_switch$3$rdmux[0][5][7]$158:
      Old ports: A={ $memory$auto$proc_rom.cc:155:do_switch$3$rdmux[0][5][11]$a$171 [6] $memory$auto$proc_rom.cc:155:do_switch$3$rdmux[0][5][11]$a$171 [6] $memory$auto$proc_rom.cc:155:do_switch$3$rdmux[0][5][11]$a$171 [4] 4'1001 $memory$auto$proc_rom.cc:155:do_switch$3$rdmux[0][5][11]$a$171 [4] $memory$auto$proc_rom.cc:155:do_switch$3$rdmux[0][5][11]$a$171 [4] 1'1 $memory$auto$proc_rom.cc:155:do_switch$3$rdmux[0][5][11]$a$171 [6] $memory$auto$proc_rom.cc:155:do_switch$3$rdmux[0][5][11]$a$171 [4] 1'0 }, B={ 1'0 $memory$auto$proc_rom.cc:155:do_switch$3$rdmux[0][5][11]$a$171 [6] $memory$auto$proc_rom.cc:155:do_switch$3$rdmux[0][5][11]$a$171 [6] $memory$auto$proc_rom.cc:155:do_switch$3$rdmux[0][5][11]$a$171 [4] $memory$auto$proc_rom.cc:155:do_switch$3$rdmux[0][5][11]$a$171 [4] $memory$auto$proc_rom.cc:155:do_switch$3$rdmux[0][5][11]$a$171 [6] $memory$auto$proc_rom.cc:155:do_switch$3$rdmux[0][5][11]$a$171 [6] 4'1001 $memory$auto$proc_rom.cc:155:do_switch$3$rdmux[0][5][11]$a$171 [4] 1'1 }, Y={ $memory$auto$proc_rom.cc:155:do_switch$3$rdmux[0][4][3]$b$100 [30] $memory$auto$proc_rom.cc:155:do_switch$3$rdmux[0][4][3]$b$100 [28] $memory$auto$proc_rom.cc:155:do_switch$3$rdmux[0][4][3]$b$100 [22:21] $memory$auto$proc_rom.cc:155:do_switch$3$rdmux[0][4][3]$b$100 [17:16] $memory$auto$proc_rom.cc:155:do_switch$3$rdmux[0][4][3]$b$100 [13] $memory$auto$proc_rom.cc:155:do_switch$3$rdmux[0][4][3]$b$100 [10] $memory$auto$proc_rom.cc:155:do_switch$3$rdmux[0][4][3]$b$100 [8] $memory$auto$proc_rom.cc:155:do_switch$3$rdmux[0][4][3]$b$100 [6] $memory$auto$proc_rom.cc:155:do_switch$3$rdmux[0][4][3]$b$100 [4] $memory$auto$proc_rom.cc:155:do_switch$3$rdmux[0][4][3]$b$100 [2:1] }
      New ports: A={ $memory$auto$proc_rom.cc:155:do_switch$3$rdmux[0][5][11]$a$171 [6] $memory$auto$proc_rom.cc:155:do_switch$3$rdmux[0][5][11]$a$171 [4] 4'1001 $memory$auto$proc_rom.cc:155:do_switch$3$rdmux[0][5][11]$a$171 [4] $memory$auto$proc_rom.cc:155:do_switch$3$rdmux[0][5][11]$a$171 [4] 1'1 $memory$auto$proc_rom.cc:155:do_switch$3$rdmux[0][5][11]$a$171 [6] 1'0 }, B={ 1'0 $memory$auto$proc_rom.cc:155:do_switch$3$rdmux[0][5][11]$a$171 [6] $memory$auto$proc_rom.cc:155:do_switch$3$rdmux[0][5][11]$a$171 [4] $memory$auto$proc_rom.cc:155:do_switch$3$rdmux[0][5][11]$a$171 [4] $memory$auto$proc_rom.cc:155:do_switch$3$rdmux[0][5][11]$a$171 [6] $memory$auto$proc_rom.cc:155:do_switch$3$rdmux[0][5][11]$a$171 [6] 5'10011 }, Y={ $memory$auto$proc_rom.cc:155:do_switch$3$rdmux[0][4][3]$b$100 [30] $memory$auto$proc_rom.cc:155:do_switch$3$rdmux[0][4][3]$b$100 [22:21] $memory$auto$proc_rom.cc:155:do_switch$3$rdmux[0][4][3]$b$100 [17:16] $memory$auto$proc_rom.cc:155:do_switch$3$rdmux[0][4][3]$b$100 [13] $memory$auto$proc_rom.cc:155:do_switch$3$rdmux[0][4][3]$b$100 [10] $memory$auto$proc_rom.cc:155:do_switch$3$rdmux[0][4][3]$b$100 [8] $memory$auto$proc_rom.cc:155:do_switch$3$rdmux[0][4][3]$b$100 [6] $memory$auto$proc_rom.cc:155:do_switch$3$rdmux[0][4][3]$b$100 [4] $memory$auto$proc_rom.cc:155:do_switch$3$rdmux[0][4][3]$b$100 [1] }
      New connections: { $memory$auto$proc_rom.cc:155:do_switch$3$rdmux[0][4][3]$b$100 [28] $memory$auto$proc_rom.cc:155:do_switch$3$rdmux[0][4][3]$b$100 [2] } = { $memory$auto$proc_rom.cc:155:do_switch$3$rdmux[0][5][11]$a$171 [6] $memory$auto$proc_rom.cc:155:do_switch$3$rdmux[0][5][11]$a$171 [4] }
    Consolidated identical input bits for $mux cell $memory$auto$proc_rom.cc:155:do_switch$3$rdmux[0][5][3]$146:
      Old ports: A={ 1'0 $memory$auto$proc_rom.cc:155:do_switch$3$rdmux[0][5][11]$a$171 [6] $memory$auto$proc_rom.cc:155:do_switch$3$rdmux[0][5][11]$a$171 [6] 1'1 $memory$auto$proc_rom.cc:155:do_switch$3$rdmux[0][5][11]$a$171 [4] $memory$auto$proc_rom.cc:155:do_switch$3$rdmux[0][5][11]$a$171 [6] 1'1 $memory$auto$proc_rom.cc:155:do_switch$3$rdmux[0][5][11]$a$171 [4] $memory$auto$proc_rom.cc:155:do_switch$3$rdmux[0][5][11]$a$171 [4] 2'10 }, B={ $memory$auto$proc_rom.cc:155:do_switch$3$rdmux[0][5][11]$a$171 [4] 1'1 $memory$auto$proc_rom.cc:155:do_switch$3$rdmux[0][5][11]$a$171 [6] 1'0 $memory$auto$proc_rom.cc:155:do_switch$3$rdmux[0][5][11]$a$171 [6] 1'0 $memory$auto$proc_rom.cc:155:do_switch$3$rdmux[0][5][11]$a$171 [6] 2'10 $memory$auto$proc_rom.cc:155:do_switch$3$rdmux[0][5][11]$a$171 [4] 1'1 }, Y={ $memory$auto$proc_rom.cc:155:do_switch$3$rdmux[0][4][1]$b$94 [31] $memory$auto$proc_rom.cc:155:do_switch$3$rdmux[0][4][1]$b$94 [26] $memory$auto$proc_rom.cc:155:do_switch$3$rdmux[0][4][1]$b$94 [16] $memory$auto$proc_rom.cc:155:do_switch$3$rdmux[0][4][1]$b$94 [13] $memory$auto$proc_rom.cc:155:do_switch$3$rdmux[0][4][1]$b$94 [11] $memory$auto$proc_rom.cc:155:do_switch$3$rdmux[0][4][1]$b$94 [8] $memory$auto$proc_rom.cc:155:do_switch$3$rdmux[0][4][1]$b$94 [5] $memory$auto$proc_rom.cc:155:do_switch$3$rdmux[0][4][1]$b$94 [3:0] }
      New ports: A={ 1'0 $memory$auto$proc_rom.cc:155:do_switch$3$rdmux[0][5][11]$a$171 [6] 1'1 $memory$auto$proc_rom.cc:155:do_switch$3$rdmux[0][5][11]$a$171 [4] $memory$auto$proc_rom.cc:155:do_switch$3$rdmux[0][5][11]$a$171 [6] 1'1 $memory$auto$proc_rom.cc:155:do_switch$3$rdmux[0][5][11]$a$171 [4] $memory$auto$proc_rom.cc:155:do_switch$3$rdmux[0][5][11]$a$171 [4] 2'10 }, B={ $memory$auto$proc_rom.cc:155:do_switch$3$rdmux[0][5][11]$a$171 [4] 2'10 $memory$auto$proc_rom.cc:155:do_switch$3$rdmux[0][5][11]$a$171 [6] 1'0 $memory$auto$proc_rom.cc:155:do_switch$3$rdmux[0][5][11]$a$171 [6] 2'10 $memory$auto$proc_rom.cc:155:do_switch$3$rdmux[0][5][11]$a$171 [4] 1'1 }, Y={ $memory$auto$proc_rom.cc:155:do_switch$3$rdmux[0][4][1]$b$94 [31] $memory$auto$proc_rom.cc:155:do_switch$3$rdmux[0][4][1]$b$94 [26] $memory$auto$proc_rom.cc:155:do_switch$3$rdmux[0][4][1]$b$94 [13] $memory$auto$proc_rom.cc:155:do_switch$3$rdmux[0][4][1]$b$94 [11] $memory$auto$proc_rom.cc:155:do_switch$3$rdmux[0][4][1]$b$94 [8] $memory$auto$proc_rom.cc:155:do_switch$3$rdmux[0][4][1]$b$94 [5] $memory$auto$proc_rom.cc:155:do_switch$3$rdmux[0][4][1]$b$94 [3:0] }
      New connections: $memory$auto$proc_rom.cc:155:do_switch$3$rdmux[0][4][1]$b$94 [16] = $memory$auto$proc_rom.cc:155:do_switch$3$rdmux[0][5][11]$a$171 [6]
    Consolidated identical input bits for $mux cell $memory$auto$proc_rom.cc:155:do_switch$3$rdmux[0][5][2]$143:
      Old ports: A={ 2'10 $memory$auto$proc_rom.cc:155:do_switch$3$rdmux[0][5][11]$a$171 [6] $memory$auto$proc_rom.cc:155:do_switch$3$rdmux[0][5][11]$a$171 [4] 1'1 $memory$auto$proc_rom.cc:155:do_switch$3$rdmux[0][5][11]$a$171 [6] $memory$auto$proc_rom.cc:155:do_switch$3$rdmux[0][5][11]$a$171 [6] $memory$auto$proc_rom.cc:155:do_switch$3$rdmux[0][5][11]$a$171 [4] 1'0 $memory$auto$proc_rom.cc:155:do_switch$3$rdmux[0][5][11]$a$171 [4] $memory$auto$proc_rom.cc:155:do_switch$3$rdmux[0][5][11]$a$171 [6] $memory$auto$proc_rom.cc:155:do_switch$3$rdmux[0][5][11]$a$171 [4] 1'1 }, B={ $memory$auto$proc_rom.cc:155:do_switch$3$rdmux[0][5][11]$a$171 [6] 1'1 $memory$auto$proc_rom.cc:155:do_switch$3$rdmux[0][5][11]$a$171 [6] 3'001 $memory$auto$proc_rom.cc:155:do_switch$3$rdmux[0][5][11]$a$171 [4] $memory$auto$proc_rom.cc:155:do_switch$3$rdmux[0][5][11]$a$171 [6] $memory$auto$proc_rom.cc:155:do_switch$3$rdmux[0][5][11]$a$171 [6] $memory$auto$proc_rom.cc:155:do_switch$3$rdmux[0][5][11]$a$171 [4] 2'01 $memory$auto$proc_rom.cc:155:do_switch$3$rdmux[0][5][11]$a$171 [4] }, Y={ $memory$auto$proc_rom.cc:155:do_switch$3$rdmux[0][4][1]$a$93 [27:26] $memory$auto$proc_rom.cc:155:do_switch$3$rdmux[0][4][1]$a$93 [20] $memory$auto$proc_rom.cc:155:do_switch$3$rdmux[0][4][1]$a$93 [16] $memory$auto$proc_rom.cc:155:do_switch$3$rdmux[0][4][1]$a$93 [12] $memory$auto$proc_rom.cc:155:do_switch$3$rdmux[0][4][1]$a$93 [8:4] $memory$auto$proc_rom.cc:155:do_switch$3$rdmux[0][4][1]$a$93 [2:0] }
      New ports: A={ 2'10 $memory$auto$proc_rom.cc:155:do_switch$3$rdmux[0][5][11]$a$171 [4] 1'1 $memory$auto$proc_rom.cc:155:do_switch$3$rdmux[0][5][11]$a$171 [6] $memory$auto$proc_rom.cc:155:do_switch$3$rdmux[0][5][11]$a$171 [6] $memory$auto$proc_rom.cc:155:do_switch$3$rdmux[0][5][11]$a$171 [4] 1'0 $memory$auto$proc_rom.cc:155:do_switch$3$rdmux[0][5][11]$a$171 [6] $memory$auto$proc_rom.cc:155:do_switch$3$rdmux[0][5][11]$a$171 [4] 1'1 }, B={ $memory$auto$proc_rom.cc:155:do_switch$3$rdmux[0][5][11]$a$171 [6] 4'1001 $memory$auto$proc_rom.cc:155:do_switch$3$rdmux[0][5][11]$a$171 [4] $memory$auto$proc_rom.cc:155:do_switch$3$rdmux[0][5][11]$a$171 [6] $memory$auto$proc_rom.cc:155:do_switch$3$rdmux[0][5][11]$a$171 [6] 2'01 $memory$auto$proc_rom.cc:155:do_switch$3$rdmux[0][5][11]$a$171 [4] }, Y={ $memory$auto$proc_rom.cc:155:do_switch$3$rdmux[0][4][1]$a$93 [27:26] $memory$auto$proc_rom.cc:155:do_switch$3$rdmux[0][4][1]$a$93 [16] $memory$auto$proc_rom.cc:155:do_switch$3$rdmux[0][4][1]$a$93 [12] $memory$auto$proc_rom.cc:155:do_switch$3$rdmux[0][4][1]$a$93 [8:5] $memory$auto$proc_rom.cc:155:do_switch$3$rdmux[0][4][1]$a$93 [2:0] }
      New connections: { $memory$auto$proc_rom.cc:155:do_switch$3$rdmux[0][4][1]$a$93 [20] $memory$auto$proc_rom.cc:155:do_switch$3$rdmux[0][4][1]$a$93 [4] } = { $memory$auto$proc_rom.cc:155:do_switch$3$rdmux[0][5][11]$a$171 [6] $memory$auto$proc_rom.cc:155:do_switch$3$rdmux[0][5][11]$a$171 [4] }
    Consolidated identical input bits for $mux cell $memory$auto$proc_rom.cc:155:do_switch$3$rdmux[0][5][1]$140:
      Old ports: A={ 1'1 $memory$auto$proc_rom.cc:155:do_switch$3$rdmux[0][5][0]$a$138 [1] 2'10 $memory$auto$proc_rom.cc:155:do_switch$3$rdmux[0][5][0]$a$138 [1] $memory$auto$proc_rom.cc:155:do_switch$3$rdmux[0][5][0]$a$138 [2] 1'0 $memory$auto$proc_rom.cc:155:do_switch$3$rdmux[0][5][0]$a$138 [2] 1'1 $memory$auto$proc_rom.cc:155:do_switch$3$rdmux[0][5][0]$a$138 [1] $memory$auto$proc_rom.cc:155:do_switch$3$rdmux[0][5][0]$a$138 [2] $memory$auto$proc_rom.cc:155:do_switch$3$rdmux[0][5][0]$a$138 [2] 1'0 $memory$auto$proc_rom.cc:155:do_switch$3$rdmux[0][5][0]$a$138 [1] }, B={ $memory$auto$proc_rom.cc:155:do_switch$3$rdmux[0][5][0]$a$138 [2] $memory$auto$proc_rom.cc:155:do_switch$3$rdmux[0][5][0]$a$138 [2] 1'0 $memory$auto$proc_rom.cc:155:do_switch$3$rdmux[0][5][0]$a$138 [2] 1'1 $memory$auto$proc_rom.cc:155:do_switch$3$rdmux[0][5][0]$a$138 [2] 2'11 $memory$auto$proc_rom.cc:155:do_switch$3$rdmux[0][5][0]$a$138 [1] 1'0 $memory$auto$proc_rom.cc:155:do_switch$3$rdmux[0][5][0]$a$138 [1] 1'0 $memory$auto$proc_rom.cc:155:do_switch$3$rdmux[0][5][0]$a$138 [1] $memory$auto$proc_rom.cc:155:do_switch$3$rdmux[0][5][0]$a$138 [1] }, Y={ $memory$auto$proc_rom.cc:155:do_switch$3$rdmux[0][4][0]$b$91 [31] $memory$auto$proc_rom.cc:155:do_switch$3$rdmux[0][4][0]$b$91 [27] $memory$auto$proc_rom.cc:155:do_switch$3$rdmux[0][4][0]$b$91 [25] $memory$auto$proc_rom.cc:155:do_switch$3$rdmux[0][4][0]$b$91 [22] $memory$auto$proc_rom.cc:155:do_switch$3$rdmux[0][4][0]$b$91 [18:17] $memory$auto$proc_rom.cc:155:do_switch$3$rdmux[0][4][0]$b$91 [11:9] $memory$auto$proc_rom.cc:155:do_switch$3$rdmux[0][4][0]$b$91 [7] $memory$auto$proc_rom.cc:155:do_switch$3$rdmux[0][4][0]$b$91 [5] $memory$auto$proc_rom.cc:155:do_switch$3$rdmux[0][4][0]$b$91 [3] $memory$auto$proc_rom.cc:155:do_switch$3$rdmux[0][4][0]$b$91 [1:0] }
      New ports: A={ 1'1 $memory$auto$proc_rom.cc:155:do_switch$3$rdmux[0][5][0]$a$138 [1] 2'10 $memory$auto$proc_rom.cc:155:do_switch$3$rdmux[0][5][0]$a$138 [1] 1'0 $memory$auto$proc_rom.cc:155:do_switch$3$rdmux[0][5][0]$a$138 [2] 1'1 $memory$auto$proc_rom.cc:155:do_switch$3$rdmux[0][5][0]$a$138 [1] $memory$auto$proc_rom.cc:155:do_switch$3$rdmux[0][5][0]$a$138 [2] $memory$auto$proc_rom.cc:155:do_switch$3$rdmux[0][5][0]$a$138 [2] 1'0 }, B={ $memory$auto$proc_rom.cc:155:do_switch$3$rdmux[0][5][0]$a$138 [2] $memory$auto$proc_rom.cc:155:do_switch$3$rdmux[0][5][0]$a$138 [2] 1'0 $memory$auto$proc_rom.cc:155:do_switch$3$rdmux[0][5][0]$a$138 [2] 3'111 $memory$auto$proc_rom.cc:155:do_switch$3$rdmux[0][5][0]$a$138 [1] 1'0 $memory$auto$proc_rom.cc:155:do_switch$3$rdmux[0][5][0]$a$138 [1] 1'0 $memory$auto$proc_rom.cc:155:do_switch$3$rdmux[0][5][0]$a$138 [1] }, Y={ $memory$auto$proc_rom.cc:155:do_switch$3$rdmux[0][4][0]$b$91 [31] $memory$auto$proc_rom.cc:155:do_switch$3$rdmux[0][4][0]$b$91 [27] $memory$auto$proc_rom.cc:155:do_switch$3$rdmux[0][4][0]$b$91 [25] $memory$auto$proc_rom.cc:155:do_switch$3$rdmux[0][4][0]$b$91 [22] $memory$auto$proc_rom.cc:155:do_switch$3$rdmux[0][4][0]$b$91 [18] $memory$auto$proc_rom.cc:155:do_switch$3$rdmux[0][4][0]$b$91 [11:9] $memory$auto$proc_rom.cc:155:do_switch$3$rdmux[0][4][0]$b$91 [7] $memory$auto$proc_rom.cc:155:do_switch$3$rdmux[0][4][0]$b$91 [5] $memory$auto$proc_rom.cc:155:do_switch$3$rdmux[0][4][0]$b$91 [3] $memory$auto$proc_rom.cc:155:do_switch$3$rdmux[0][4][0]$b$91 [1] }
      New connections: { $memory$auto$proc_rom.cc:155:do_switch$3$rdmux[0][4][0]$b$91 [17] $memory$auto$proc_rom.cc:155:do_switch$3$rdmux[0][4][0]$b$91 [0] } = $memory$auto$proc_rom.cc:155:do_switch$3$rdmux[0][5][0]$a$138 [2:1]
    Consolidated identical input bits for $mux cell $memory$auto$proc_rom.cc:155:do_switch$3$rdmux[0][5][0]$137:
      Old ports: A={ $memory$auto$proc_rom.cc:155:do_switch$3$rdmux[0][5][0]$a$138 [2:1] 3'010 $memory$auto$proc_rom.cc:155:do_switch$3$rdmux[0][5][0]$a$138 [1] $memory$auto$proc_rom.cc:155:do_switch$3$rdmux[0][5][0]$a$138 [2] 2'10 $memory$auto$proc_rom.cc:155:do_switch$3$rdmux[0][5][0]$a$138 [1] $memory$auto$proc_rom.cc:155:do_switch$3$rdmux[0][5][0]$a$138 [2:1] }, B={ 1'1 $memory$auto$proc_rom.cc:155:do_switch$3$rdmux[0][5][0]$a$138 [1] 1'1 $memory$auto$proc_rom.cc:155:do_switch$3$rdmux[0][5][0]$a$138 [2] $memory$auto$proc_rom.cc:155:do_switch$3$rdmux[0][5][0]$a$138 [2] 3'100 $memory$auto$proc_rom.cc:155:do_switch$3$rdmux[0][5][0]$a$138 [1] $memory$auto$proc_rom.cc:155:do_switch$3$rdmux[0][5][0]$a$138 [2:1] 1'0 }, Y={ $memory$auto$proc_rom.cc:155:do_switch$3$rdmux[0][4][0]$a$90 [28] $memory$auto$proc_rom.cc:155:do_switch$3$rdmux[0][4][0]$a$90 [25] $memory$auto$proc_rom.cc:155:do_switch$3$rdmux[0][4][0]$a$90 [18] $memory$auto$proc_rom.cc:155:do_switch$3$rdmux[0][4][0]$a$90 [15] $memory$auto$proc_rom.cc:155:do_switch$3$rdmux[0][4][0]$a$90 [12:11] $memory$auto$proc_rom.cc:155:do_switch$3$rdmux[0][4][0]$a$90 [9] $memory$auto$proc_rom.cc:155:do_switch$3$rdmux[0][4][0]$a$90 [5:1] }
      New ports: A={ $memory$auto$proc_rom.cc:155:do_switch$3$rdmux[0][5][0]$a$138 [2] 3'010 $memory$auto$proc_rom.cc:155:do_switch$3$rdmux[0][5][0]$a$138 [1] $memory$auto$proc_rom.cc:155:do_switch$3$rdmux[0][5][0]$a$138 [2] 2'10 $memory$auto$proc_rom.cc:155:do_switch$3$rdmux[0][5][0]$a$138 [1] $memory$auto$proc_rom.cc:155:do_switch$3$rdmux[0][5][0]$a$138 [2:1] }, B={ 2'11 $memory$auto$proc_rom.cc:155:do_switch$3$rdmux[0][5][0]$a$138 [2] $memory$auto$proc_rom.cc:155:do_switch$3$rdmux[0][5][0]$a$138 [2] 3'100 $memory$auto$proc_rom.cc:155:do_switch$3$rdmux[0][5][0]$a$138 [1] $memory$auto$proc_rom.cc:155:do_switch$3$rdmux[0][5][0]$a$138 [2:1] 1'0 }, Y={ $memory$auto$proc_rom.cc:155:do_switch$3$rdmux[0][4][0]$a$90 [28] $memory$auto$proc_rom.cc:155:do_switch$3$rdmux[0][4][0]$a$90 [18] $memory$auto$proc_rom.cc:155:do_switch$3$rdmux[0][4][0]$a$90 [15] $memory$auto$proc_rom.cc:155:do_switch$3$rdmux[0][4][0]$a$90 [12:11] $memory$auto$proc_rom.cc:155:do_switch$3$rdmux[0][4][0]$a$90 [9] $memory$auto$proc_rom.cc:155:do_switch$3$rdmux[0][4][0]$a$90 [5:1] }
      New connections: $memory$auto$proc_rom.cc:155:do_switch$3$rdmux[0][4][0]$a$90 [25] = $memory$auto$proc_rom.cc:155:do_switch$3$rdmux[0][5][0]$a$138 [1]
  Optimizing cells in module \sweep_128x32_portable.
    Consolidated identical input bits for $mux cell $memory$auto$proc_rom.cc:155:do_switch$3$rdmux[0][4][1]$92:
      Old ports: A={ $memory$auto$proc_rom.cc:155:do_switch$3$rdmux[0][4][1]$a$93 [26] $memory$auto$proc_rom.cc:155:do_switch$3$rdmux[0][4][1]$a$93 [1] $memory$auto$proc_rom.cc:155:do_switch$3$rdmux[0][4][1]$a$93 [2] $memory$auto$proc_rom.cc:155:do_switch$3$rdmux[0][4][1]$a$93 [16] $memory$auto$proc_rom.cc:155:do_switch$3$rdmux[0][4][1]$a$93 [27:26] $memory$auto$proc_rom.cc:155:do_switch$3$rdmux[0][4][1]$a$93 [16] $memory$auto$proc_rom.cc:155:do_switch$3$rdmux[0][4][1]$a$93 [1] $memory$auto$proc_rom.cc:155:do_switch$3$rdmux[0][4][1]$a$93 [8] $memory$auto$proc_rom.cc:155:do_switch$3$rdmux[0][4][1]$a$93 [20] $memory$auto$proc_rom.cc:155:do_switch$3$rdmux[0][4][1]$a$93 [20] $memory$auto$proc_rom.cc:155:do_switch$3$rdmux[0][4][1]$a$93 [12] $memory$auto$proc_rom.cc:155:do_switch$3$rdmux[0][4][1]$a$93 [0] $memory$auto$proc_rom.cc:155:do_switch$3$rdmux[0][4][1]$a$93 [16] 1'0 $memory$auto$proc_rom.cc:155:do_switch$3$rdmux[0][4][1]$a$93 [7] $memory$auto$proc_rom.cc:155:do_switch$3$rdmux[0][4][1]$a$93 [0] $memory$auto$proc_rom.cc:155:do_switch$3$rdmux[0][4][1]$a$93 [12] $memory$auto$proc_rom.cc:155:do_switch$3$rdmux[0][4][1]$a$93 [2] $memory$auto$proc_rom.cc:155:do_switch$3$rdmux[0][4][1]$a$93 [6] $memory$auto$proc_rom.cc:155:do_switch$3$rdmux[0][4][1]$a$93 [1] $memory$auto$proc_rom.cc:155:do_switch$3$rdmux[0][4][1]$a$93 [8:4] $memory$auto$proc_rom.cc:155:do_switch$3$rdmux[0][4][1]$a$93 [2] $memory$auto$proc_rom.cc:155:do_switch$3$rdmux[0][4][1]$a$93 [2:0] }, B={ $memory$auto$proc_rom.cc:155:do_switch$3$rdmux[0][4][1]$b$94 [31] 1'1 $memory$auto$proc_rom.cc:155:do_switch$3$rdmux[0][4][1]$b$94 [13] $memory$auto$proc_rom.cc:155:do_switch$3$rdmux[0][4][1]$b$94 [5] 1'0 $memory$auto$proc_rom.cc:155:do_switch$3$rdmux[0][4][1]$b$94 [26] 1'1 $memory$auto$proc_rom.cc:155:do_switch$3$rdmux[0][4][1]$b$94 [13] $memory$auto$proc_rom.cc:155:do_switch$3$rdmux[0][4][1]$b$94 [5] $memory$auto$proc_rom.cc:155:do_switch$3$rdmux[0][4][1]$b$94 [16] $memory$auto$proc_rom.cc:155:do_switch$3$rdmux[0][4][1]$b$94 [0] 1'1 $memory$auto$proc_rom.cc:155:do_switch$3$rdmux[0][4][1]$b$94 [5] $memory$auto$proc_rom.cc:155:do_switch$3$rdmux[0][4][1]$b$94 [16] $memory$auto$proc_rom.cc:155:do_switch$3$rdmux[0][4][1]$b$94 [13] $memory$auto$proc_rom.cc:155:do_switch$3$rdmux[0][4][1]$b$94 [3] $memory$auto$proc_rom.cc:155:do_switch$3$rdmux[0][4][1]$b$94 [13] $memory$auto$proc_rom.cc:155:do_switch$3$rdmux[0][4][1]$b$94 [11] $memory$auto$proc_rom.cc:155:do_switch$3$rdmux[0][4][1]$b$94 [11] 1'1 $memory$auto$proc_rom.cc:155:do_switch$3$rdmux[0][4][1]$b$94 [3] $memory$auto$proc_rom.cc:155:do_switch$3$rdmux[0][4][1]$b$94 [8] $memory$auto$proc_rom.cc:155:do_switch$3$rdmux[0][4][1]$b$94 [2] $memory$auto$proc_rom.cc:155:do_switch$3$rdmux[0][4][1]$b$94 [5] $memory$auto$proc_rom.cc:155:do_switch$3$rdmux[0][4][1]$b$94 [5] $memory$auto$proc_rom.cc:155:do_switch$3$rdmux[0][4][1]$b$94 [1] $memory$auto$proc_rom.cc:155:do_switch$3$rdmux[0][4][1]$b$94 [3:0] }, Y={ $memory$auto$proc_rom.cc:155:do_switch$3$rdmux[0][3][0]$b$67 [31:25] $memory$auto$proc_rom.cc:155:do_switch$3$rdmux[0][3][0]$b$67 [23:19] $memory$auto$proc_rom.cc:155:do_switch$3$rdmux[0][3][0]$b$67 [17:0] }
      New ports: A={ $memory$auto$proc_rom.cc:155:do_switch$3$rdmux[0][4][1]$a$93 [26] $memory$auto$proc_rom.cc:155:do_switch$3$rdmux[0][4][1]$a$93 [1] $memory$auto$proc_rom.cc:155:do_switch$3$rdmux[0][4][1]$a$93 [2] $memory$auto$proc_rom.cc:155:do_switch$3$rdmux[0][4][1]$a$93 [16] $memory$auto$proc_rom.cc:155:do_switch$3$rdmux[0][4][1]$a$93 [27:26] $memory$auto$proc_rom.cc:155:do_switch$3$rdmux[0][4][1]$a$93 [16] $memory$auto$proc_rom.cc:155:do_switch$3$rdmux[0][4][1]$a$93 [1] $memory$auto$proc_rom.cc:155:do_switch$3$rdmux[0][4][1]$a$93 [8] $memory$auto$proc_rom.cc:155:do_switch$3$rdmux[0][5][11]$a$171 [6] $memory$auto$proc_rom.cc:155:do_switch$3$rdmux[0][4][1]$a$93 [12] $memory$auto$proc_rom.cc:155:do_switch$3$rdmux[0][4][1]$a$93 [0] $memory$auto$proc_rom.cc:155:do_switch$3$rdmux[0][4][1]$a$93 [16] 1'0 $memory$auto$proc_rom.cc:155:do_switch$3$rdmux[0][4][1]$a$93 [7] $memory$auto$proc_rom.cc:155:do_switch$3$rdmux[0][4][1]$a$93 [0] $memory$auto$proc_rom.cc:155:do_switch$3$rdmux[0][4][1]$a$93 [12] $memory$auto$proc_rom.cc:155:do_switch$3$rdmux[0][4][1]$a$93 [2] $memory$auto$proc_rom.cc:155:do_switch$3$rdmux[0][4][1]$a$93 [6] $memory$auto$proc_rom.cc:155:do_switch$3$rdmux[0][4][1]$a$93 [1] $memory$auto$proc_rom.cc:155:do_switch$3$rdmux[0][4][1]$a$93 [8:5] $memory$auto$proc_rom.cc:155:do_switch$3$rdmux[0][5][11]$a$171 [4] $memory$auto$proc_rom.cc:155:do_switch$3$rdmux[0][4][1]$a$93 [2] $memory$auto$proc_rom.cc:155:do_switch$3$rdmux[0][4][1]$a$93 [2:0] }, B={ $memory$auto$proc_rom.cc:155:do_switch$3$rdmux[0][4][1]$b$94 [31] 1'1 $memory$auto$proc_rom.cc:155:do_switch$3$rdmux[0][4][1]$b$94 [13] $memory$auto$proc_rom.cc:155:do_switch$3$rdmux[0][4][1]$b$94 [5] 1'0 $memory$auto$proc_rom.cc:155:do_switch$3$rdmux[0][4][1]$b$94 [26] 1'1 $memory$auto$proc_rom.cc:155:do_switch$3$rdmux[0][4][1]$b$94 [13] $memory$auto$proc_rom.cc:155:do_switch$3$rdmux[0][4][1]$b$94 [5] $memory$auto$proc_rom.cc:155:do_switch$3$rdmux[0][4][1]$b$94 [0] 1'1 $memory$auto$proc_rom.cc:155:do_switch$3$rdmux[0][4][1]$b$94 [5] $memory$auto$proc_rom.cc:155:do_switch$3$rdmux[0][5][11]$a$171 [6] $memory$auto$proc_rom.cc:155:do_switch$3$rdmux[0][4][1]$b$94 [13] $memory$auto$proc_rom.cc:155:do_switch$3$rdmux[0][4][1]$b$94 [3] $memory$auto$proc_rom.cc:155:do_switch$3$rdmux[0][4][1]$b$94 [13] $memory$auto$proc_rom.cc:155:do_switch$3$rdmux[0][4][1]$b$94 [11] $memory$auto$proc_rom.cc:155:do_switch$3$rdmux[0][4][1]$b$94 [11] 1'1 $memory$auto$proc_rom.cc:155:do_switch$3$rdmux[0][4][1]$b$94 [3] $memory$auto$proc_rom.cc:155:do_switch$3$rdmux[0][4][1]$b$94 [8] $memory$auto$proc_rom.cc:155:do_switch$3$rdmux[0][4][1]$b$94 [2] $memory$auto$proc_rom.cc:155:do_switch$3$rdmux[0][4][1]$b$94 [5] $memory$auto$proc_rom.cc:155:do_switch$3$rdmux[0][4][1]$b$94 [5] $memory$auto$proc_rom.cc:155:do_switch$3$rdmux[0][4][1]$b$94 [1] $memory$auto$proc_rom.cc:155:do_switch$3$rdmux[0][4][1]$b$94 [3:0] }, Y={ $memory$auto$proc_rom.cc:155:do_switch$3$rdmux[0][3][0]$b$67 [31:25] $memory$auto$proc_rom.cc:155:do_switch$3$rdmux[0][3][0]$b$67 [23:22] $memory$auto$proc_rom.cc:155:do_switch$3$rdmux[0][3][0]$b$67 [20:19] $memory$auto$proc_rom.cc:155:do_switch$3$rdmux[0][3][0]$b$67 [17:0] }
      New connections: $memory$auto$proc_rom.cc:155:do_switch$3$rdmux[0][3][0]$b$67 [21] = $memory$auto$proc_rom.cc:155:do_switch$3$rdmux[0][5][11]$a$171 [6]
  Optimizing cells in module \sweep_128x32_portable.
Performed a total of 14 changes.

8.13. Executing OPT_MERGE pass (detect identical cells).
Finding identical cells in module `\sweep_128x32_portable'.
Computing hashes of 66 cells of `\sweep_128x32_portable'.
Finding duplicate cells in `\sweep_128x32_portable'.
Removed a total of 0 cells.

8.14. Executing OPT_SHARE pass.

8.15. Executing OPT_DFF pass (perform DFF optimizations).

8.16. Executing OPT_CLEAN pass (remove unused cells and wires).
Finding unused cells or wires in module \sweep_128x32_portable..
Removed 0 unused cells and 2 unused wires.
<suppressed ~1 debug messages>

8.17. Executing OPT_EXPR pass (perform const folding).
Optimizing module sweep_128x32_portable.

8.18. Rerunning OPT passes. (Maybe there is more to do..)

8.19. Executing OPT_MUXTREE pass (detect dead branches in mux trees).
Running muxtree optimizer on module \sweep_128x32_portable..
  Creating internal representation of mux trees.
  Evaluating internal representation of mux trees.
  Analyzing evaluation results.
Removed 0 multiplexer ports.
<suppressed ~118 debug messages>

8.20. Executing OPT_REDUCE pass (consolidate $*mux and $reduce_* inputs).
  Optimizing cells in module \sweep_128x32_portable.
Performed a total of 0 changes.

8.21. Executing OPT_MERGE pass (detect identical cells).
Finding identical cells in module `\sweep_128x32_portable'.
Computing hashes of 66 cells of `\sweep_128x32_portable'.
Finding duplicate cells in `\sweep_128x32_portable'.
Removed a total of 0 cells.

8.22. Executing OPT_SHARE pass.

8.23. Executing OPT_DFF pass (perform DFF optimizations).

8.24. Executing OPT_CLEAN pass (remove unused cells and wires).
Finding unused cells or wires in module \sweep_128x32_portable..

8.25. Executing OPT_EXPR pass (perform const folding).
Optimizing module sweep_128x32_portable.

8.26. Finished fast OPT passes. (There is nothing left to do.)

9. Executing TECHMAP pass (map to technology primitives).

9.1. Executing Verilog-2005 frontend: /home/rithwik/klayout_cf/yosys/bin/../share/yosys/techmap.v
Parsing Verilog input from `/home/rithwik/klayout_cf/yosys/bin/../share/yosys/techmap.v' to AST representation.
Generating RTLIL representation for module `\_90_simplemap_bool_ops'.
Generating RTLIL representation for module `\_90_simplemap_reduce_ops'.
Generating RTLIL representation for module `\_90_simplemap_logic_ops'.
Generating RTLIL representation for module `\_90_simplemap_compare_ops'.
Generating RTLIL representation for module `\_90_simplemap_various'.
Generating RTLIL representation for module `\_90_simplemap_registers'.
Generating RTLIL representation for module `\_90_shift_ops_shr_shl_sshl_sshr'.
Generating RTLIL representation for module `\_90_shift_shiftx'.
Generating RTLIL representation for module `\_90_fa'.
Generating RTLIL representation for module `\_90_lcu_brent_kung'.
Generating RTLIL representation for module `\_90_alu'.
Generating RTLIL representation for module `\_90_macc'.
Generating RTLIL representation for module `\_90_alumacc'.
Generating RTLIL representation for module `$__div_mod_u'.
Generating RTLIL representation for module `$__div_mod_trunc'.
Generating RTLIL representation for module `\_90_div'.
Generating RTLIL representation for module `\_90_mod'.
Generating RTLIL representation for module `$__div_mod_floor'.
Generating RTLIL representation for module `\_90_divfloor'.
Generating RTLIL representation for module `\_90_modfloor'.
Generating RTLIL representation for module `\_90_pow'.
Generating RTLIL representation for module `\_90_demux'.
Generating RTLIL representation for module `\_90_lut'.
Generating RTLIL representation for module `$connect'.
Generating RTLIL representation for module `$input_port'.
Successfully finished Verilog frontend.

9.2. Continuing TECHMAP pass.
Using extmapper simplemap for cells of type $dffe.
Using extmapper simplemap for cells of type $mux.
No more expansions possible.
<suppressed ~143 debug messages>

10. Executing OPT pass (performing simple optimizations).

10.1. Executing OPT_EXPR pass (perform const folding).
Optimizing module sweep_128x32_portable.
<suppressed ~214 debug messages>

10.2. Executing OPT_MERGE pass (detect identical cells).
Finding identical cells in module `\sweep_128x32_portable'.
Computing hashes of 1308 cells of `\sweep_128x32_portable'.
Finding duplicate cells in `\sweep_128x32_portable'.
Computing hashes of 988 cells of `\sweep_128x32_portable'.
Finding duplicate cells in `\sweep_128x32_portable'.
Computing hashes of 823 cells of `\sweep_128x32_portable'.
Finding duplicate cells in `\sweep_128x32_portable'.
Computing hashes of 751 cells of `\sweep_128x32_portable'.
Finding duplicate cells in `\sweep_128x32_portable'.
<suppressed ~1671 debug messages>
Removed a total of 557 cells.

10.3. Executing OPT_MUXTREE pass (detect dead branches in mux trees).
Running muxtree optimizer on module \sweep_128x32_portable..
  Creating internal representation of mux trees.
  No muxes found in this module.
Removed 0 multiplexer ports.

10.4. Executing OPT_REDUCE pass (consolidate $*mux and $reduce_* inputs).
  Optimizing cells in module \sweep_128x32_portable.
Performed a total of 0 changes.

10.5. Executing OPT_MERGE pass (detect identical cells).
Finding identical cells in module `\sweep_128x32_portable'.
Computing hashes of 751 cells of `\sweep_128x32_portable'.
Finding duplicate cells in `\sweep_128x32_portable'.
Removed a total of 0 cells.

10.6. Executing OPT_SHARE pass.

10.7. Executing OPT_DFF pass (perform DFF optimizations).

10.8. Executing OPT_CLEAN pass (remove unused cells and wires).
Finding unused cells or wires in module \sweep_128x32_portable..
Removed 0 unused cells and 29 unused wires.
<suppressed ~1 debug messages>

10.9. Executing OPT_EXPR pass (perform const folding).
Optimizing module sweep_128x32_portable.
<suppressed ~11 debug messages>

10.10. Rerunning OPT passes. (Maybe there is more to do..)

10.11. Executing OPT_MUXTREE pass (detect dead branches in mux trees).
Running muxtree optimizer on module \sweep_128x32_portable..
  Creating internal representation of mux trees.
  No muxes found in this module.
Removed 0 multiplexer ports.

10.12. Executing OPT_REDUCE pass (consolidate $*mux and $reduce_* inputs).
  Optimizing cells in module \sweep_128x32_portable.
Performed a total of 0 changes.

10.13. Executing OPT_MERGE pass (detect identical cells).
Finding identical cells in module `\sweep_128x32_portable'.
Computing hashes of 740 cells of `\sweep_128x32_portable'.
Finding duplicate cells in `\sweep_128x32_portable'.
Computing hashes of 731 cells of `\sweep_128x32_portable'.
Finding duplicate cells in `\sweep_128x32_portable'.
<suppressed ~27 debug messages>
Removed a total of 9 cells.

10.14. Executing OPT_SHARE pass.

10.15. Executing OPT_DFF pass (perform DFF optimizations).

10.16. Executing OPT_CLEAN pass (remove unused cells and wires).
Finding unused cells or wires in module \sweep_128x32_portable..
Removed 0 unused cells and 2 unused wires.
<suppressed ~1 debug messages>

10.17. Executing OPT_EXPR pass (perform const folding).
Optimizing module sweep_128x32_portable.

10.18. Rerunning OPT passes. (Maybe there is more to do..)

10.19. Executing OPT_MUXTREE pass (detect dead branches in mux trees).
Running muxtree optimizer on module \sweep_128x32_portable..
  Creating internal representation of mux trees.
  No muxes found in this module.
Removed 0 multiplexer ports.

10.20. Executing OPT_REDUCE pass (consolidate $*mux and $reduce_* inputs).
  Optimizing cells in module \sweep_128x32_portable.
Performed a total of 0 changes.

10.21. Executing OPT_MERGE pass (detect identical cells).
Finding identical cells in module `\sweep_128x32_portable'.
Computing hashes of 731 cells of `\sweep_128x32_portable'.
Finding duplicate cells in `\sweep_128x32_portable'.
Removed a total of 0 cells.

10.22. Executing OPT_SHARE pass.

10.23. Executing OPT_DFF pass (perform DFF optimizations).

10.24. Executing OPT_CLEAN pass (remove unused cells and wires).
Finding unused cells or wires in module \sweep_128x32_portable..

10.25. Executing OPT_EXPR pass (perform const folding).
Optimizing module sweep_128x32_portable.

10.26. Finished fast OPT passes. (There is nothing left to do.)

11. Executing SIMPLEMAP pass (map simple cells to gate primitives).

12. Executing DFFLIBMAP pass (mapping DFF cells to sequential cells from liberty file).
  cell sky130_fd_sc_hd__dfxtp_1 (noninv, pins=3, area=20.02) is a direct match for cell type $_DFF_P_.
  cell sky130_fd_sc_hd__dfrtn_1 (noninv, pins=4, area=25.02) is a direct match for cell type $_DFF_NN0_.
  cell sky130_fd_sc_hd__dfrtp_1 (noninv, pins=4, area=25.02) is a direct match for cell type $_DFF_PN0_.
  cell sky130_fd_sc_hd__dfstp_2 (noninv, pins=4, area=26.28) is a direct match for cell type $_DFF_PN1_.
  cell sky130_fd_sc_hd__edfxtp_1 (noninv, pins=4, area=30.03) is a direct match for cell type $_DFFE_PP_.
  cell sky130_fd_sc_hd__dfbbn_1 (noninv, pins=6, area=32.53) is a direct match for cell type $_DFFSR_NNN_.
  cell sky130_fd_sc_hd__dfbbp_1 (noninv, pins=6, area=32.53) is a direct match for cell type $_DFFSR_PNN_.
  final dff cell mappings:
    unmapped dff cell: $_DFF_N_
    \sky130_fd_sc_hd__dfxtp_1 _DFF_P_ (.CLK( C), .D( D), .Q( Q));
    \sky130_fd_sc_hd__dfrtn_1 _DFF_NN0_ (.CLK_N( C), .D( D), .Q( Q), .RESET_B( R));
    unmapped dff cell: $_DFF_NN1_
    unmapped dff cell: $_DFF_NP0_
    unmapped dff cell: $_DFF_NP1_
    \sky130_fd_sc_hd__dfrtp_1 _DFF_PN0_ (.CLK( C), .D( D), .Q( Q), .RESET_B( R));
    \sky130_fd_sc_hd__dfstp_2 _DFF_PN1_ (.CLK( C), .D( D), .Q( Q), .SET_B( R));
    unmapped dff cell: $_DFF_PP0_
    unmapped dff cell: $_DFF_PP1_
    unmapped dff cell: $_DFFE_NN_
    unmapped dff cell: $_DFFE_NP_
    unmapped dff cell: $_DFFE_PN_
    \sky130_fd_sc_hd__edfxtp_1 _DFFE_PP_ (.CLK( C), .D( D), .DE( E), .Q( Q));
    \sky130_fd_sc_hd__dfbbn_1 _DFFSR_NNN_ (.CLK_N( C), .D( D), .Q( Q), .Q_N(~Q), .RESET_B( R), .SET_B( S));
    unmapped dff cell: $_DFFSR_NNP_
    unmapped dff cell: $_DFFSR_NPN_
    unmapped dff cell: $_DFFSR_NPP_
    \sky130_fd_sc_hd__dfbbp_1 _DFFSR_PNN_ (.CLK( C), .D( D), .Q( Q), .Q_N(~Q), .RESET_B( R), .SET_B( S));
    unmapped dff cell: $_DFFSR_PNP_
    unmapped dff cell: $_DFFSR_PPN_
    unmapped dff cell: $_DFFSR_PPP_

12.1. Executing DFFLEGALIZE pass (convert FFs to types supported by the target).
<suppressed ~24 debug messages>
Mapping DFF cells in module `\sweep_128x32_portable':
  mapped 32 $_DFFE_PP_ cells to \sky130_fd_sc_hd__edfxtp_1 cells.

13. Executing ABC pass (technology mapping using ABC).

13.1. Extracting gate netlist of module `\sweep_128x32_portable' to `<abc-temp-dir>/input.blif'..
ABC: using cached merged SCL: /tmp/yosys-liberty-scl-cache/yosys_merged_4f302412.scl (1 files)

13.1.1. Executed ABC.
Extracted 699 gates and 708 wires to a netlist network with 7 inputs and 32 outputs.
Running ABC script: <abc-temp-dir>/abc.script
ABC: UC Berkeley, ABC 1.01 (compiled Aug 11 2026 16:35:14)
ABC: abc 01> empty
ABC: abc 01> source <abc-temp-dir>/abc.script
ABC: + read_blif <abc-temp-dir>/input.blif 
ABC: + read_scl /tmp/yosys-liberty-scl-cache/yosys_merged_4f302412.scl 
ABC: Warning: Detected 9 multi-output cells (for example, "sky130_fd_sc_hd__fa_1").
ABC: + strash 
ABC: + &get -n 
ABC: + &fraig -x 
ABC: + &put 
ABC: + scorr 
ABC: Warning: The network is combinational (run "fraig" or "fraig_sweep").
ABC: + dc2 
ABC: + dretime 
ABC: + strash 
ABC: + &get -n 
ABC: + &dch -f 
ABC: + &nf 
ABC: + &put 
ABC: + write_blif <abc-temp-dir>/output.blif 
ABC: 
ABC: YOSYS_ABC_DONE 

13.1.2. Re-integrating ABC results.
ABC RESULTS:   sky130_fd_sc_hd__a211o_1 cells:        3
ABC RESULTS:   sky130_fd_sc_hd__a211oi_1 cells:       16
ABC RESULTS:   sky130_fd_sc_hd__a21boi_0 cells:        4
ABC RESULTS:   sky130_fd_sc_hd__a21o_1 cells:       10
ABC RESULTS:   sky130_fd_sc_hd__a21oi_1 cells:       96
ABC RESULTS:   sky130_fd_sc_hd__a221o_1 cells:        4
ABC RESULTS:   sky130_fd_sc_hd__a221oi_1 cells:       11
ABC RESULTS:   sky130_fd_sc_hd__a22o_1 cells:        2
ABC RESULTS:   sky130_fd_sc_hd__a22oi_1 cells:        9
ABC RESULTS:   sky130_fd_sc_hd__a2bb2oi_1 cells:        2
ABC RESULTS:   sky130_fd_sc_hd__a311o_1 cells:        3
ABC RESULTS:   sky130_fd_sc_hd__a311oi_1 cells:       10
ABC RESULTS:   sky130_fd_sc_hd__a31o_1 cells:        2
ABC RESULTS:   sky130_fd_sc_hd__a31oi_1 cells:       22
ABC RESULTS:   sky130_fd_sc_hd__a32o_1 cells:        2
ABC RESULTS:   sky130_fd_sc_hd__a32oi_1 cells:        8
ABC RESULTS:   sky130_fd_sc_hd__a41oi_1 cells:        2
ABC RESULTS:   sky130_fd_sc_hd__and2_0 cells:        4
ABC RESULTS:   sky130_fd_sc_hd__and3_1 cells:        2
ABC RESULTS:   sky130_fd_sc_hd__and3b_1 cells:        2
ABC RESULTS:   sky130_fd_sc_hd__clkinv_1 cells:        6
ABC RESULTS:   sky130_fd_sc_hd__lpflow_inputiso1p_1 cells:        3
ABC RESULTS:   sky130_fd_sc_hd__lpflow_isobufsrc_1 cells:       10
ABC RESULTS:   sky130_fd_sc_hd__mux2_1 cells:        1
ABC RESULTS:   sky130_fd_sc_hd__mux2i_1 cells:        1
ABC RESULTS:   sky130_fd_sc_hd__mux4_2 cells:        2
ABC RESULTS:   sky130_fd_sc_hd__nand2_1 cells:       91
ABC RESULTS:   sky130_fd_sc_hd__nand2b_1 cells:       10
ABC RESULTS:   sky130_fd_sc_hd__nand3_1 cells:       21
ABC RESULTS:   sky130_fd_sc_hd__nand3b_1 cells:        2
ABC RESULTS:   sky130_fd_sc_hd__nand4_1 cells:        2
ABC RESULTS:   sky130_fd_sc_hd__nand4b_1 cells:        1
ABC RESULTS:   sky130_fd_sc_hd__nor2_1 cells:       66
ABC RESULTS:   sky130_fd_sc_hd__nor3_1 cells:       13
ABC RESULTS:   sky130_fd_sc_hd__nor3b_1 cells:        6
ABC RESULTS:   sky130_fd_sc_hd__nor4_1 cells:        1
ABC RESULTS:   sky130_fd_sc_hd__o2111ai_1 cells:        2
ABC RESULTS:   sky130_fd_sc_hd__o211a_1 cells:        1
ABC RESULTS:   sky130_fd_sc_hd__o211ai_1 cells:       20
ABC RESULTS:   sky130_fd_sc_hd__o21a_1 cells:        2
ABC RESULTS:   sky130_fd_sc_hd__o21ai_0 cells:       86
ABC RESULTS:   sky130_fd_sc_hd__o21ba_1 cells:        2
ABC RESULTS:   sky130_fd_sc_hd__o21bai_1 cells:        4
ABC RESULTS:   sky130_fd_sc_hd__o221a_1 cells:        1
ABC RESULTS:   sky130_fd_sc_hd__o221ai_1 cells:       15
ABC RESULTS:   sky130_fd_sc_hd__o22a_1 cells:        3
ABC RESULTS:   sky130_fd_sc_hd__o22ai_1 cells:       12
ABC RESULTS:   sky130_fd_sc_hd__o311a_1 cells:        3
ABC RESULTS:   sky130_fd_sc_hd__o311ai_0 cells:        8
ABC RESULTS:   sky130_fd_sc_hd__o31a_1 cells:        1
ABC RESULTS:   sky130_fd_sc_hd__o31ai_1 cells:       12
ABC RESULTS:   sky130_fd_sc_hd__o32a_1 cells:        6
ABC RESULTS:   sky130_fd_sc_hd__o32ai_1 cells:        6
ABC RESULTS:   sky130_fd_sc_hd__or3_1 cells:        6
ABC RESULTS:   sky130_fd_sc_hd__or4_1 cells:        1
ABC RESULTS:   sky130_fd_sc_hd__xnor2_1 cells:        3
ABC RESULTS:   sky130_fd_sc_hd__xor2_1 cells:        3
ABC RESULTS:        internal signals:      669
ABC RESULTS:           input signals:        7
ABC RESULTS:          output signals:       32
Removing temp directory.
Removing global temp directory.

14. Executing SETUNDEF pass (replace undef values with defined constants).

15. Executing OPT_CLEAN pass (remove unused cells and wires).
Finding unused cells or wires in module \sweep_128x32_portable..
Removed 0 unused cells and 70 unused wires.
<suppressed ~1 debug messages>

16. Executing CHECK pass (checking for obvious problems).
Checking module sweep_128x32_portable...
Found and reported 0 problems.

17. Printing statistics.

=== sweep_128x32_portable ===

        +----------Local Count, excluding submodules.
        |        +-Local Area, excluding submodules.
        |        | 
      620        - wires
      688        - wire bits
        4        - public wires
       41        - public wire bits
        4        - ports
       41        - port bits
      679 4.77E+03 cells
        3   26.275   sky130_fd_sc_hd__a211o_1
       16  120.115   sky130_fd_sc_hd__a211oi_1
        4   30.029   sky130_fd_sc_hd__a21boi_0
       10   75.072   sky130_fd_sc_hd__a21o_1
       96  480.461   sky130_fd_sc_hd__a21oi_1
        4   40.038   sky130_fd_sc_hd__a221o_1
       11   96.342   sky130_fd_sc_hd__a221oi_1
        2   17.517   sky130_fd_sc_hd__a22o_1
        9   67.565   sky130_fd_sc_hd__a22oi_1
        2   17.517   sky130_fd_sc_hd__a2bb2oi_1
        3   30.029   sky130_fd_sc_hd__a311o_1
       10   87.584   sky130_fd_sc_hd__a311oi_1
        2   17.517   sky130_fd_sc_hd__a31o_1
       22  137.632   sky130_fd_sc_hd__a31oi_1
        2   20.019   sky130_fd_sc_hd__a32o_1
        8   70.067   sky130_fd_sc_hd__a32oi_1
        2   17.517   sky130_fd_sc_hd__a41oi_1
        4   25.024   sky130_fd_sc_hd__and2_0
        2   12.512   sky130_fd_sc_hd__and3_1
        2   17.517   sky130_fd_sc_hd__and3b_1
        6   22.522   sky130_fd_sc_hd__clkinv_1
       32  960.922   sky130_fd_sc_hd__edfxtp_1
        3   18.768   sky130_fd_sc_hd__lpflow_inputiso1p_1
       10    62.56   sky130_fd_sc_hd__lpflow_isobufsrc_1
        1   11.261   sky130_fd_sc_hd__mux2_1
        1    10.01   sky130_fd_sc_hd__mux2i_1
        2   45.043   sky130_fd_sc_hd__mux4_2
       91  341.578   sky130_fd_sc_hd__nand2_1
       10    62.56   sky130_fd_sc_hd__nand2b_1
       21  105.101   sky130_fd_sc_hd__nand3_1
        2   15.014   sky130_fd_sc_hd__nand3b_1
        2   12.512   sky130_fd_sc_hd__nand4_1
        1    8.758   sky130_fd_sc_hd__nand4b_1
       66  247.738   sky130_fd_sc_hd__nor2_1
       13   65.062   sky130_fd_sc_hd__nor3_1
        6   45.043   sky130_fd_sc_hd__nor3b_1
        1    6.256   sky130_fd_sc_hd__nor4_1
        2   17.517   sky130_fd_sc_hd__o2111ai_1
        1    10.01   sky130_fd_sc_hd__o211a_1
       20  150.144   sky130_fd_sc_hd__o211ai_1
        2   15.014   sky130_fd_sc_hd__o21a_1
       86  430.413   sky130_fd_sc_hd__o21ai_0
        2   20.019   sky130_fd_sc_hd__o21ba_1
        4   30.029   sky130_fd_sc_hd__o21bai_1
        1   11.261   sky130_fd_sc_hd__o221a_1
       15  131.376   sky130_fd_sc_hd__o221ai_1
        3   26.275   sky130_fd_sc_hd__o22a_1
       12   75.072   sky130_fd_sc_hd__o22ai_1
        3   30.029   sky130_fd_sc_hd__o311a_1
        8   70.067   sky130_fd_sc_hd__o311ai_0
        1    8.758   sky130_fd_sc_hd__o31a_1
       12   90.086   sky130_fd_sc_hd__o31ai_1
        6   60.058   sky130_fd_sc_hd__o32a_1
        6    52.55   sky130_fd_sc_hd__o32ai_1
        6   37.536   sky130_fd_sc_hd__or3_1
        1    7.507   sky130_fd_sc_hd__or4_1
        3   26.275   sky130_fd_sc_hd__xnor2_1
        3   26.275   sky130_fd_sc_hd__xor2_1

   Chip area for module '\sweep_128x32_portable': 4773.328000
     of which used for sequential elements: 960.921600 (20.13%)

18. Executing Verilog backend.
Dumping module `\sweep_128x32_portable'.

End of script. Logfile hash: 58c9bf9306, time: 0.44s, user: 0.26s, system: 0.01s, MEM: 54.16 MB peak
Yosys 0.68+ (git sha1 36d0660ff-dirty, Release, GNU /home/conda/feedstock_root/build_artifacts/yosys_1786465780695/_build_env/bin/x86_64-conda-linux-gnu-c++ 14.4.0) [github.com/conda-forge/yosys-feedstock at main]
Time spent: 41% 1x abc (0 sec), 11% 1x stat (0 sec), ...
